
> long-horizon-runtime@0.1.0 verify
> npm test && npm run typecheck:core && npm run check:architecture && npm run fixtures


> long-horizon-runtime@0.1.0 test
> npm run build && node --test dist/tests/*.test.js


> long-horizon-runtime@0.1.0 build
> tsc -p tsconfig.json && node scripts/record-build.mjs

✔ agent setup preserves files, creates private identity/config and reopens without a model (131.12625ms)
✔ status and invalid initialization options do not create files (13.300209ms)
✔ separate directories get distinct IDs and moving a directory preserves its identity (334.008083ms)
✔ initialization can finish after a process stops between identity and config publication (228.216208ms)
✔ missing identity uses explicit repair with the existing config; missing completed config is not reset (259.596166ms)
✔ completed layout repairs missing directories only with explicit repair and preserves existing state (170.953709ms)
✔ unknown data without identity is not assigned a new ID (5.472334ms)
✔ config identity mismatch, unsupported versions and malformed documents are preserved (220.59375ms)
✔ metadata symlinks and external hard links cannot be used for setup (192.044125ms)
✔ managed directory links and writable/public metadata are rejected without changing permissions (140.369541ms)
✔ engine overlap and nested agent registration are rejected (159.082166ms)
✔ CLI first call, status, version and invalid commands expose readiness without claiming runtime execution (566.171833ms)
✔ separate CLI processes initializing concurrently settle on exactly one identity (578.1195ms)
✔ two agent stores reuse existing adapters while separating identical work/memory IDs and preserving reopen (1094.972375ms)
✔ agent work files cannot traverse into engine or another agent and remain separate (775.614292ms)
✔ copying another agents database is detected by its durable owner before runtime access (533.964333ms)
✔ unowned existing databases are not silently adopted (345.794667ms)
✔ symlink database and sidecar destinations cannot overwrite another file (230.194291ms)
✔ configured but not yet connected backend is not replaced by SQLite (207.227209ms)
✔ artifact I/O: metrics snapshots are independent and reset does not modify stored artifacts (62.705958ms)
✔ artifact I/O: first put counts its missing existence probe, exact UTF-8 hashes, and two atomic file writes (64.602833ms)
✔ artifact I/O: duplicate put verifies the existing body and performs no file writes (70.652709ms)
✔ artifact I/O: put repairs a corrupt existing object after counting the failed verification (191.956042ms)
✔ artifact I/O: get and exists each perform independent metadata, body, and integrity work under concurrent reads (70.639167ms)
✔ artifact I/O: tenant and label denials count API calls without opening or hashing files (69.514292ms)
✔ artifact I/O: missing json counts failed opens without claiming unread body bytes (72.682458ms)
✔ artifact I/O: missing blob counts failed opens without claiming unread body bytes (59.9685ms)
✔ artifact I/O: invalid metadata is a verification failure after a successful metadata read (82.320625ms)
✔ artifact I/O: a metadata reference mismatch stops before body read or hashing (64.436958ms)
✔ artifact I/O: same-size tampering hashes the read body (92.142667ms)
✔ artifact I/O: length mismatch preserves the existing hash short circuit (73.933959ms)
✔ artifact I/O: a body symlink remains unreadable and contributes no target bytes (82.209334ms)
✔ content, metadata and permissions survive artifact store restart (76.862167ms)
✔ same bytes under different tenant/labels never share an accessible reference (180.239ms)
✔ corrupt bytes, missing originals, path traversal and symlink substitution are rejected (139.999ms)
✔ artifact stored before failed state commit is reused after reopening, without dangling references (217.913ms)
✔ execution intent and unadopted result persist independently of evidence acceptance (289.075917ms)
✔ sqlite: board transitions, receipts and event cursors persist together and duplicates do not add events (1074.44075ms)
✔ sqlite: an event burst coalesces only after a complete current request scan (1082.368834ms)
✔ sqlite: missing event history under an established root is rejected rather than silently skipped (689.449625ms)
✔ sqlite: an owned worker killed after commit leaves one event and the same command receipt (360.586083ms)
✔ file-journal: board transitions, receipts and event cursors persist together and duplicates do not add events (4499.849583ms)
✔ file-journal: an event burst coalesces only after a complete current request scan (6161.88075ms)
✔ file-journal: missing event history under an established root is rejected rather than silently skipped (4379.124959ms)
✔ file-journal: an owned worker killed after commit leaves one event and the same command receipt (444.514042ms)
✔ sqlite: a pre-event database declares a rescan boundary and recovers current offers without fabricating past events (675.028583ms)
✔ event pagination applies its byte limit to the final cursor including a digit boundary (0.46425ms)
✔ board funding sqlite/documents: allocated public-data role reads, accepts, reasons, answers and settles (6769.531125ms)
✔ board funding sqlite/observations: allocated public-data role reads, accepts, reasons, answers and settles (5339.513625ms)
✔ board funding file-journal/documents: allocated public-data role reads, accepts, reasons, answers and settles (150168.900042ms)
✔ board funding file-journal/observations: allocated public-data role reads, accepts, reasons, answers and settles (136258.584584ms)
✔ board funding sqlite: offered work rejects other-board preparation (563.225333ms)
✔ board funding sqlite: offered work rejects other-request preparation (563.967334ms)
✔ board funding sqlite: offered work rejects broad-read preparation (537.880042ms)
✔ board funding sqlite: offered work rejects other-entity preparation (533.294875ms)
✔ board funding sqlite: offered work rejects ordinary-tool preparation (556.166209ms)
✔ board funding sqlite: offered work rejects publish preparation (550.600792ms)
✔ board funding sqlite: profile withdrawal after preparation blocks dispatch and returns unused funds (611.090875ms)
✔ board funding sqlite: worker-authority withdrawal after preparation blocks dispatch and returns unused funds (565.947333ms)
✔ board funding sqlite: sponsor-authority withdrawal after preparation blocks dispatch and returns unused funds (633.687042ms)
✔ board funding sqlite: insufficient duration is rejected before creating a child (462.407916ms)
✔ board funding sqlite: a competing acceptance drains the prepared allocation without discharging the request (931.709291ms)
✔ board funding sqlite: duplicate allocation across reopen keeps one grant and returns only numeric references (558.615459ms)
✔ board funding sqlite: a source-privileged worker does not hide the shared request metadata from its sponsor (1586.713083ms)
✔ board funding sqlite: altered child goal cannot use a valid request and profile reference (493.298041ms)
✔ board funding sqlite: allocation rejects caller-selected policy fields and foreign sponsor ownership (464.886042ms)
✔ board funding file-journal: offered work rejects other-board preparation (3840.275875ms)
✔ board funding file-journal: offered work rejects other-request preparation (3887.657166ms)
✔ board funding file-journal: offered work rejects broad-read preparation (4352.741ms)
✔ board funding file-journal: offered work rejects other-entity preparation (5007.957875ms)
✔ board funding file-journal: offered work rejects ordinary-tool preparation (4189.041584ms)
✔ board funding file-journal: offered work rejects publish preparation (4935.22425ms)
✔ board funding file-journal: profile withdrawal after preparation blocks dispatch and returns unused funds (6902.57375ms)
✔ board funding file-journal: worker-authority withdrawal after preparation blocks dispatch and returns unused funds (5174.050833ms)
✔ board funding file-journal: sponsor-authority withdrawal after preparation blocks dispatch and returns unused funds (6812.800625ms)
✔ board funding file-journal: insufficient duration is rejected before creating a child (3564.847ms)
✔ board funding file-journal: a competing acceptance drains the prepared allocation without discharging the request (13664.26675ms)
✔ board funding file-journal: duplicate allocation across reopen keeps one grant and returns only numeric references (5122.788375ms)
✔ board funding file-journal: a source-privileged worker does not hide the shared request metadata from its sponsor (33106.457917ms)
✔ board funding file-journal: altered child goal cannot use a valid request and profile reference (1962.778334ms)
✔ board funding file-journal: allocation rejects caller-selected policy fields and foreign sponsor ownership (921.182542ms)
✔ board funding sqlite: private answers stay hidden without falsely revoking their worker allocation (2861.7635ms)
✔ board funding sqlite: a private question stays unavailable despite public coordination metadata handling (364.076583ms)
✔ board funding sqlite: request cancellation before acceptance returns the allocation without completing the goal (432.611625ms)
✔ board funding sqlite: an applied acceptance with a lost reply restores the same funded obligation after reopen (1330.24ms)
✔ board funding sqlite: a profile change during the final actor lookup cannot authorize a stale preparation (336.67375ms)
✔ board funding file-journal: private answers stay hidden without falsely revoking their worker allocation (14340.175667ms)
✔ board funding file-journal: a private question stays unavailable despite public coordination metadata handling (594.3745ms)
✔ board funding file-journal: request cancellation before acceptance returns the allocation without completing the goal (960.503625ms)
✔ board funding file-journal: an applied acceptance with a lost reply restores the same funded obligation after reopen (4081.657167ms)
✔ board funding file-journal: a profile change during the final actor lookup cannot authorize a stale preparation (531.252625ms)
✔ sqlite/documents: two runtimes request, accept, answer and confirm without treating discussion as goal completion (5158.300625ms)
✔ sqlite/observations: two runtimes request, accept, answer and confirm without treating discussion as goal completion (3672.394166ms)
✔ sqlite: lost offer response restores one obligation from the applied receipt without inventing a result (688.199042ms)
✔ sqlite: a missing projection is restored and generic wait or resolve cannot forge coordination (642.647791ms)
✔ sqlite: requester can cancel a waiting request and cancellation is waived rather than satisfied (1074.07725ms)
✔ sqlite: decline does not create an obligation for a recipient who never accepted (604.591958ms)
✔ sqlite: expiry is actionable review and retains the original pending obligation (792.331292ms)
✔ sqlite: confirmed answer retraction invalidates the previous completion projection (2933.873709ms)
✔ sqlite: loss of an applied request receipt cannot silently discharge the response (651.105166ms)
✔ sqlite: lost acceptance response recovers the assignee obligation and leaves work executable (1701.675083ms)
✔ sqlite: an expired assignee can decline instead of falsely satisfying the answer (1405.23675ms)
✔ sqlite: coordination waits do not become questions for a human (553.793375ms)
✔ sqlite: withdrawal of current authority denies a retained coordination projection (541.6435ms)
✔ sqlite: request tool contracts reject caller-selected owner, command and action (736.975459ms)
✔ sqlite: even satisfied goal facts wait for requester confirmation (2623.871667ms)
✔ file-journal/documents: two runtimes request, accept, answer and confirm without treating discussion as goal completion (110302.013875ms)
✔ file-journal/observations: two runtimes request, accept, answer and confirm without treating discussion as goal completion (84993.988083ms)
✔ file-journal: lost offer response restores one obligation from the applied receipt without inventing a result (2629.319083ms)
✔ file-journal: a missing projection is restored and generic wait or resolve cannot forge coordination (5503.660167ms)
✔ file-journal: requester can cancel a waiting request and cancellation is waived rather than satisfied (16467.815542ms)
✔ file-journal: decline does not create an obligation for a recipient who never accepted (5881.920917ms)
✔ file-journal: expiry is actionable review and retains the original pending obligation (6176.711ms)
✔ file-journal: confirmed answer retraction invalidates the previous completion projection (77904.043791ms)
✔ file-journal: loss of an applied request receipt cannot silently discharge the response (3309.691166ms)
✔ file-journal: lost acceptance response recovers the assignee obligation and leaves work executable (27267.978875ms)
✔ file-journal: an expired assignee can decline instead of falsely satisfying the answer (23012.106542ms)
✔ file-journal: coordination waits do not become questions for a human (3287.831166ms)
✔ file-journal: withdrawal of current authority denies a retained coordination projection (4036.885167ms)
✔ file-journal: request tool contracts reject caller-selected owner, command and action (7139.730666ms)
✔ file-journal: even satisfied goal facts wait for requester confirmation (22055.588625ms)
✔ sqlite/documents: runtime board read retains custody through history, compact and reopen (1581.182333ms)
✔ sqlite/observations: runtime board read retains custody through history, compact and reopen (1193.242041ms)
✔ sqlite: mutual work references terminate and a revoked member invalidates the whole closure (601.241125ms)
✔ sqlite: private memory custody crosses a shared post without exposing the memory body (559.091542ms)
✔ sqlite: page content and consumer identity cannot be substituted in a result (431.755792ms)
✔ sqlite: memory and authenticated collection inputs share the board closure without recursive full validation (1475.536208ms)
✔ sqlite: cancellation ends a board-tool wait before an unavailable repository responds (219.231916ms)
✔ sqlite: a later goal retains original input custody until copied data is quarantined (491.484125ms)
✔ sqlite: changed post blocks retained board context and quarantines copied state (583.206042ms)
✔ sqlite: changed source blocks retained board context and quarantines copied state (534.249125ms)
✔ sqlite: changed raw blocks retained board context and quarantines copied state (542.79175ms)
✔ sqlite: changed receipt blocks retained board context and quarantines copied state (518.57325ms)
✔ sqlite: changed role blocks retained board context and quarantines copied state (615.249542ms)
✔ sqlite: changed authority blocks retained board context and quarantines copied state (559.895833ms)
✔ sqlite: changed labels blocks retained board context and quarantines copied state (535.626958ms)
✔ sqlite: changed generation blocks retained board context and quarantines copied state (449.274458ms)
✔ sqlite: changed validator blocks retained board context and quarantines copied state (412.052625ms)
✔ file-journal/documents: runtime board read retains custody through history, compact and reopen (14433.005417ms)
✔ file-journal/observations: runtime board read retains custody through history, compact and reopen (11925.72125ms)
✔ file-journal: mutual work references terminate and a revoked member invalidates the whole closure (9680.849792ms)
✔ file-journal: private memory custody crosses a shared post without exposing the memory body (9283.883916ms)
✔ file-journal: page content and consumer identity cannot be substituted in a result (4164.083541ms)
✔ file-journal: memory and authenticated collection inputs share the board closure without recursive full validation (28092.090417ms)
✔ file-journal: cancellation ends a board-tool wait before an unavailable repository responds (391.695917ms)
✔ file-journal: a later goal retains original input custody until copied data is quarantined (3677.693084ms)
✔ file-journal: changed post blocks retained board context and quarantines copied state (1679.272083ms)
✔ file-journal: changed source blocks retained board context and quarantines copied state (1715.090208ms)
✔ file-journal: changed raw blocks retained board context and quarantines copied state (1662.8855ms)
✔ file-journal: changed receipt blocks retained board context and quarantines copied state (1379.083833ms)
✔ file-journal: changed role blocks retained board context and quarantines copied state (1952.787917ms)
✔ file-journal: changed authority blocks retained board context and quarantines copied state (1656.793333ms)
✔ file-journal: changed labels blocks retained board context and quarantines copied state (2587.146459ms)
✔ file-journal: changed generation blocks retained board context and quarantines copied state (2278.051667ms)
✔ file-journal: changed validator blocks retained board context and quarantines copied state (1756.507625ms)
✔ sqlite/documents: discover and finish a request using observed IDs and revisions, then retain history across compact and reopen (6861.604625ms)
✔ sqlite/observations: discover and finish a request using observed IDs and revisions, then retain history across compact and reopen (5576.303917ms)
✔ sqlite: duplicate wake is a no-op with zero model, tool and chat delivery activity (788.0045ms)
✔ sqlite: an unprocessed event rejects stale context and a pending offer blocks completion even after metadata is read (901.907709ms)
✔ sqlite: a missed wake and a lost checkpoint reply resume with one durable notification (600.53275ms)
✔ sqlite: notifications and cursor require their original checkpoint and survive compact without omissions (614.224917ms)
✔ sqlite: request metadata cannot be forged and current authority is rechecked after artifact reads (817.111959ms)
✔ sqlite: another owner cannot register or close a subscription; revoked access prevents wake (661.973541ms)
✔ sqlite: expiry before a poll creates no actionable offer and unchanged waiting does not call a model (968.778334ms)
✔ sqlite: pause preserves the cursor, resume reads missed events, and cancellation closes the inbox (688.017709ms)
✔ sqlite: metadata pagination is bounded and rejects stale cursors and caller-selected ownership (618.730708ms)
✔ sqlite: goal revision closes its old inbox and a new host subscription rescans current offers (589.961833ms)
✔ sqlite: completed work closes its subscription and a later offer does not reopen it (598.83975ms)
✔ sqlite: a data access change closes old generation subscriptions and removes their context references (565.807458ms)
✔ sqlite: repeated metadata observations do not manufacture progress or independent evidence (814.281292ms)
✔ sqlite: authority withdrawn during the final metadata check prevents cursor advancement (602.276416ms)
✔ sqlite: a refresh that exceeds its time budget leaves the cursor and inbox uncommitted (535.26ms)
✔ sqlite: an incoming offer invalidates a reserved model context before any model invocation (536.372208ms)
✔ sqlite: an active nonparticipant role sees no request metadata and receives no offer notification (299.032792ms)
✔ file-journal/documents: discover and finish a request using observed IDs and revisions, then retain history across compact and reopen (142723.754042ms)
✔ file-journal/observations: discover and finish a request using observed IDs and revisions, then retain history across compact and reopen (134330.078708ms)
✔ file-journal: duplicate wake is a no-op with zero model, tool and chat delivery activity (4811.706958ms)
✔ file-journal: an unprocessed event rejects stale context and a pending offer blocks completion even after metadata is read (7482.141ms)
✔ file-journal: a missed wake and a lost checkpoint reply resume with one durable notification (2701.415083ms)
✔ file-journal: notifications and cursor require their original checkpoint and survive compact without omissions (3684.008ms)
✔ file-journal: request metadata cannot be forged and current authority is rechecked after artifact reads (4426.625917ms)
✔ file-journal: another owner cannot register or close a subscription; revoked access prevents wake (3568.266666ms)
✔ file-journal: expiry before a poll creates no actionable offer and unchanged waiting does not call a model (8450.656041ms)
✔ file-journal: pause preserves the cursor, resume reads missed events, and cancellation closes the inbox (3582.519083ms)
✔ file-journal: metadata pagination is bounded and rejects stale cursors and caller-selected ownership (4028.364459ms)
✔ file-journal: goal revision closes its old inbox and a new host subscription rescans current offers (2696.373791ms)
✔ file-journal: completed work closes its subscription and a later offer does not reopen it (3244.973708ms)
✔ file-journal: a data access change closes old generation subscriptions and removes their context references (3690.637708ms)
✔ file-journal: repeated metadata observations do not manufacture progress or independent evidence (6657.706708ms)
✔ file-journal: authority withdrawn during the final metadata check prevents cursor advancement (2616.366125ms)
✔ file-journal: a refresh that exceeds its time budget leaves the cursor and inbox uncommitted (2351.73ms)
✔ file-journal: an incoming offer invalidates a reserved model context before any model invocation (5233.020334ms)
✔ file-journal: an active nonparticipant role sees no request metadata and receives no offer notification (813.046667ms)
✔ sqlite: board publish and retract run through the broker and retain mechanical receipts (835.606583ms)
✔ sqlite: applied board command survives response loss and cannot be overwritten by the late result (313.736875ms)
✔ sqlite: saved unknown result stays immutable after durable receipt reconciliation (198.672958ms)
✔ sqlite: a late valid result is reconciled without adopting its expired execution (406.339166ms)
✔ sqlite: an expired absent command is closed and a delayed original commit cannot publish (274.144083ms)
✔ sqlite: stale revision is reconciled as closed without changing posts (240.807958ms)
✔ sqlite: proof deletion denies context, reopens obligation and does not fabricate replacement (217.322333ms)
✔ sqlite: retained receipt requires a reader and current role authority (261.993708ms)
✔ sqlite: authority withdrawn during receipt proof I/O invalidates that same read (179.673542ms)
✔ sqlite: removing the stored receipt invalidates an intact result artifact (261.8215ms)
✔ sqlite: a forged post outcome or another attempt receipt cannot be adopted (178.515167ms)
✔ sqlite: policy revoked immediately before storage prevents publication (197.331083ms)
✔ sqlite: tool schemas exclude actor, command identity and foreign source work (107.254042ms)
✔ sqlite: a narrower session publish grant is not widened by the directory (269.865791ms)
✔ sqlite: a narrower session namespace grant is not widened by the directory (198.858417ms)
✔ sqlite: a no-op closure cannot smuggle a board mutation (128.063708ms)
✔ sqlite: closure duplicate and changed digest have stable distinct outcomes (144.558ms)
✔ sqlite: previously unread quotes are rejected and a retained current read permits publication (763.33975ms)
✔ sqlite: compact source checks reject omitted or altered effect outcomes (311.832541ms)
✔ sqlite: a SIGKILL at the storage-worker boundary retains the runtime command receipt (328.854667ms)
✔ file-journal: board publish and retract run through the broker and retain mechanical receipts (4554.926916ms)
✔ file-journal: applied board command survives response loss and cannot be overwritten by the late result (1663.969333ms)
✔ file-journal: saved unknown result stays immutable after durable receipt reconciliation (1616.935958ms)
✔ file-journal: a late valid result is reconciled without adopting its expired execution (1723.930292ms)
✔ file-journal: an expired absent command is closed and a delayed original commit cannot publish (1431.957792ms)
✔ file-journal: stale revision is reconciled as closed without changing posts (1416.99125ms)
✔ file-journal: proof deletion denies context, reopens obligation and does not fabricate replacement (1740.482667ms)
✔ file-journal: retained receipt requires a reader and current role authority (1563.943084ms)
✔ file-journal: authority withdrawn during receipt proof I/O invalidates that same read (1401.897833ms)
✔ file-journal: removing the stored receipt invalidates an intact result artifact (1203.26025ms)
✔ file-journal: a forged post outcome or another attempt receipt cannot be adopted (824.10025ms)
✔ file-journal: policy revoked immediately before storage prevents publication (690.877542ms)
✔ file-journal: tool schemas exclude actor, command identity and foreign source work (311.55025ms)
✔ file-journal: a narrower session publish grant is not widened by the directory (609.170125ms)
✔ file-journal: a narrower session namespace grant is not widened by the directory (668.850875ms)
✔ file-journal: a no-op closure cannot smuggle a board mutation (145.144958ms)
✔ file-journal: closure duplicate and changed digest have stable distinct outcomes (210.645334ms)
✔ file-journal: previously unread quotes are rejected and a retained current read permits publication (8606.349709ms)
✔ file-journal: compact source checks reject omitted or altered effect outcomes (1739.0805ms)
✔ file-journal: a SIGKILL at the storage-worker boundary retains the runtime command receipt (1210.977333ms)
✔ sqlite/documents: bounded discussion pages resume after reopening with no new evidence (558.088584ms)
✔ sqlite/observations: bounded discussion pages resume after reopening with no new evidence (308.1805ms)
✔ sqlite: uncited hypotheses persist as unverified and never supply independent facts or request answers (278.350792ms)
✔ sqlite: quoted coverage remains partial or unknown instead of becoming complete (333.6965ms)
✔ sqlite: UTF-8 output limits retain complete posts and require a larger page for an oversized item (331.776625ms)
✔ sqlite: pages exclude other entity details and reject stale, foreign, and unavailable cursor positions (210.181792ms)
✔ sqlite: page authority includes the consuming work and rejects invalid limits before reading (155.27575ms)
✔ sqlite: a bounded first page reuses source reads and stops before unrelated later sources (203.646916ms)
✔ sqlite: a consuming work change during a page read prevents returning the stale page (210.834375ms)
✔ sqlite: removing citations does not bypass the author's retained memory dependencies (209.071042ms)
✔ file-journal/documents: bounded discussion pages resume after reopening with no new evidence (814.562917ms)
✔ file-journal/observations: bounded discussion pages resume after reopening with no new evidence (812.705792ms)
✔ file-journal: uncited hypotheses persist as unverified and never supply independent facts or request answers (840.508583ms)
✔ file-journal: quoted coverage remains partial or unknown instead of becoming complete (809.989ms)
✔ file-journal: UTF-8 output limits retain complete posts and require a larger page for an oversized item (606.727792ms)
✔ file-journal: pages exclude other entity details and reject stale, foreign, and unavailable cursor positions (860.968584ms)
✔ file-journal: page authority includes the consuming work and rejects invalid limits before reading (492.617833ms)
✔ file-journal: a bounded first page reuses source reads and stops before unrelated later sources (983.859583ms)
✔ file-journal: a consuming work change during a page read prevents returning the stale page (438.243ms)
✔ file-journal: removing citations does not bypass the author's retained memory dependencies (859.776542ms)
✔ sqlite/documents: two persistent roles share citations without publishing private memory or inflating sources (268.888916ms)
✔ sqlite/observations: two persistent roles share citations without publishing private memory or inflating sources (241.181208ms)
✔ sqlite: direct source sharing requires source ownership; quotes require a currently visible post (189.156667ms)
✔ sqlite: retract-post removes the claim and its quoted descendants from current views (355.915334ms)
✔ sqlite: restrict-source removes the claim and its quoted descendants from current views (356.857666ms)
✔ sqlite: change-goal removes the claim and its quoted descendants from current views (308.913583ms)
✔ sqlite: delete-original removes the claim and its quoted descendants from current views (248.102958ms)
✔ sqlite: expire removes the claim and its quoted descendants from current views (262.558416ms)
✔ sqlite: an entity with the same key in a different time scope stays separate (244.222458ms)
✔ sqlite: publishing a question does not assign it; acceptance, response and requester confirmation remain distinct (302.940625ms)
✔ sqlite: repeated replies and explicit cyclic waits are bounded; deadlines do not reset on reopen (338.5345ms)
✔ sqlite: exact command retry survives a lost reply; reused IDs with changed content and concurrent edits fail (236.649ms)
✔ sqlite: authority changing during a source read cannot publish or return the delayed content (207.518291ms)
✔ sqlite: a derived claim retains ancestry without becoming another independent fact source (217.958042ms)
✔ sqlite: repeated quotes share one source read within a view and a later view revalidates it (306.118125ms)
✔ sqlite: unlabelled prose inherits the author's work labels and current exchange policy (336.82525ms)
✔ sqlite: a fulfilled dependency remains attached and its later retraction invalidates dependent confirmation (385.772834ms)
✔ sqlite: reply depth, total posts, total requests and repeated causes have separate limits (361.4425ms)
✔ sqlite: an advancing clock permits ordinary writes and blocks a post expiring during the final boundary check (271.842166ms)
✔ sqlite: a paused assignee cannot have its submitted answer confirmed (330.714208ms)
✔ sqlite: an actual worker SIGKILL after durable publication preserves one post and one command receipt (340.034375ms)
✔ file-journal/documents: two persistent roles share citations without publishing private memory or inflating sources (858.893958ms)
✔ file-journal/observations: two persistent roles share citations without publishing private memory or inflating sources (919.282625ms)
✔ file-journal: direct source sharing requires source ownership; quotes require a currently visible post (334.633541ms)
✔ file-journal: retract-post removes the claim and its quoted descendants from current views (483.881417ms)
✔ file-journal: restrict-source removes the claim and its quoted descendants from current views (530.595166ms)
✔ file-journal: change-goal removes the claim and its quoted descendants from current views (526.456667ms)
✔ file-journal: delete-original removes the claim and its quoted descendants from current views (542.051375ms)
✔ file-journal: expire removes the claim and its quoted descendants from current views (470.496708ms)
✔ file-journal: an entity with the same key in a different time scope stays separate (269.0735ms)
✔ file-journal: publishing a question does not assign it; acceptance, response and requester confirmation remain distinct (1032.05975ms)
✔ file-journal: repeated replies and explicit cyclic waits are bounded; deadlines do not reset on reopen (1076.016417ms)
✔ file-journal: exact command retry survives a lost reply; reused IDs with changed content and concurrent edits fail (291.954542ms)
✔ file-journal: authority changing during a source read cannot publish or return the delayed content (320.861041ms)
✔ file-journal: a derived claim retains ancestry without becoming another independent fact source (278.008542ms)
✔ file-journal: repeated quotes share one source read within a view and a later view revalidates it (656.62725ms)
✔ file-journal: unlabelled prose inherits the author's work labels and current exchange policy (342.090458ms)
✔ file-journal: a fulfilled dependency remains attached and its later retraction invalidates dependent confirmation (988.027584ms)
✔ file-journal: reply depth, total posts, total requests and repeated causes have separate limits (463.064583ms)
✔ file-journal: an advancing clock permits ordinary writes and blocks a post expiring during the final boundary check (278.850334ms)
✔ file-journal: a paused assignee cannot have its submitted answer confirmed (793.174208ms)
✔ file-journal: an actual worker SIGKILL after durable publication preserves one post and one command receipt (356.740625ms)
✔ file board journal detects missing revisions and changed content instead of returning a partial history (353.128125ms)
✔ budget crash sqlite: SIGKILL after durable child-genesis resumes one grant without Tool or Planner entry (469.130667ms)
✔ budget crash sqlite: SIGKILL after durable parent-grant resumes one grant without Tool or Planner entry (513.436583ms)
✔ budget crash sqlite: SIGKILL after durable child-activation resumes one grant without Tool or Planner entry (503.8605ms)
✔ budget crash sqlite: SIGKILL after parent-draining retains consumed usage and cancels unsent tool once (914.86ms)
✔ budget crash sqlite: SIGKILL after child-fence retains consumed usage and cancels unsent tool once (888.105042ms)
✔ budget crash sqlite: SIGKILL after parent-settlement retains consumed usage and cancels unsent tool once (921.789ms)
✔ budget crash sqlite: SIGKILL after parent-draining retains consumed usage and cancels unsent model once (1083.970375ms)
✔ budget crash sqlite: SIGKILL after child-fence retains consumed usage and cancels unsent model once (1073.616083ms)
✔ budget crash sqlite: SIGKILL after parent-settlement retains consumed usage and cancels unsent model once (1023.26225ms)
✔ budget crash file-journal: SIGKILL after durable child-genesis resumes one grant without Tool or Planner entry (1154.806542ms)
✔ budget crash file-journal: SIGKILL after durable parent-grant resumes one grant without Tool or Planner entry (1576.889833ms)
✔ budget crash file-journal: SIGKILL after durable child-activation resumes one grant without Tool or Planner entry (1129.905292ms)
✔ budget crash file-journal: SIGKILL after parent-draining retains consumed usage and cancels unsent tool once (5951.992375ms)
✔ budget crash file-journal: SIGKILL after child-fence retains consumed usage and cancels unsent tool once (5218.19375ms)
✔ budget crash file-journal: SIGKILL after parent-settlement retains consumed usage and cancels unsent tool once (4471.760667ms)
✔ budget crash file-journal: SIGKILL after parent-draining retains consumed usage and cancels unsent model once (4650.1535ms)
✔ budget crash file-journal: SIGKILL after child-fence retains consumed usage and cancels unsent model once (4887.442708ms)
✔ budget crash file-journal: SIGKILL after parent-settlement retains consumed usage and cancels unsent model once (5358.864333ms)
✔ budget runtime sqlite: child execution settles once across duplicate creation, reconciliation and reopen without copying evidence (255.534083ms)
✔ budget runtime sqlite: parent remaining calls execute while escrow prevents parent and sibling over-allocation (217.510667ms)
✔ budget runtime sqlite: concurrent sibling grants cannot oversubscribe one parent's remaining budget (87.906125ms)
✔ budget runtime sqlite: a child's last logical tool call is consumed by an actual dispatch and cannot be minted by a new task ID (189.740708ms)
✔ budget runtime sqlite: actual model dispatch and reported tokens remain charged when its plan is rejected (290.158125ms)
✔ budget runtime sqlite: a child token cap below the estimated reservation prevents durable model allocation and transport (178.997208ms)
✔ budget runtime sqlite: revoking an unsent tool reservation fences the child and returns only unused escrow (131.657083ms)
✔ budget runtime sqlite: revoking an unsent model reservation fences the child and returns only unused escrow (274.320416ms)
✔ budget runtime sqlite: revoke retains an active model's unknown usage, then late accounting settles once without adopting its plan (272.815541ms)
✔ budget runtime sqlite: unknown write effects keep the grant outstanding after revoke and restart (300.445791ms)
✔ budget runtime sqlite: reported model overage is charged to the parent without clamping and prevents further funding (301.387875ms)
✔ budget runtime sqlite: reducing limits preserves committed charges and child deadlines while blocking new grants (244.623583ms)
✔ budget runtime sqlite: pending genesis cannot execute before funding (144.149375ms)
✔ budget runtime sqlite: pending genesis cannot execute before funding and parent cancellation wins activation (82.549541ms)
✔ budget runtime sqlite: child funding rejects broader authority, altered duplicate commands and work ID reattachment (88.108791ms)
✔ budget runtime sqlite: grant commit ACK loss resumes the same grant and child without another allocation (111.892417ms)
✔ budget runtime sqlite: activation commit ACK loss resumes the same grant and child without another allocation (73.355958ms)
✔ budget runtime sqlite: revocation during child activation installs a fence that the stale activation cannot overwrite (117.497ms)
✔ budget runtime sqlite: revoke after tool dispatch and before entry prevents transport while keeping the logical dispatch charge (312.999125ms)
✔ budget runtime sqlite: revoke after model dispatch and before entry prevents transport while keeping the logical dispatch charge (351.211375ms)
✔ budget runtime sqlite: actual replan adoption spends the child's delegated replan allowance once (491.12875ms)
✔ budget runtime sqlite: nested child execution reconciles through both grants without double charging or copying originals (372.772917ms)
✔ budget runtime sqlite: an unfunded pending child cannot turn resume or a new goal into execution authority (107.034083ms)
✔ budget runtime sqlite: a parent goal change fences a child's previously reserved tool before entry (128.64375ms)
✔ budget runtime sqlite: a parent policy change fences a child's previously reserved tool before entry (153.219625ms)
✔ budget runtime sqlite: a parent deadline change fences a child's previously reserved tool before entry (182.846167ms)
✔ budget runtime sqlite: a partially reported model response retains known tokens and unknown reservation after revoke and reopen (327.632666ms)
✔ budget runtime sqlite: sibling overage received during a tool dispatch ACK delay prevents its actual entry despite stale parent accounting (552.424541ms)
✔ budget runtime sqlite: sibling overage received during a model dispatch ACK delay prevents its actual entry despite stale parent accounting (560.992708ms)
✔ budget runtime file-journal: child execution settles once across duplicate creation, reconciliation and reopen without copying evidence (2879.99025ms)
✔ budget runtime file-journal: parent remaining calls execute while escrow prevents parent and sibling over-allocation (2502.965ms)
✔ budget runtime file-journal: concurrent sibling grants cannot oversubscribe one parent's remaining budget (827.813ms)
✔ budget runtime file-journal: a child's last logical tool call is consumed by an actual dispatch and cannot be minted by a new task ID (3193.570875ms)
✔ budget runtime file-journal: actual model dispatch and reported tokens remain charged when its plan is rejected (2066.393125ms)
✔ budget runtime file-journal: a child token cap below the estimated reservation prevents durable model allocation and transport (873.493041ms)
✔ budget runtime file-journal: revoking an unsent tool reservation fences the child and returns only unused escrow (1626.187791ms)
✔ budget runtime file-journal: revoking an unsent model reservation fences the child and returns only unused escrow (1307.057292ms)
✔ budget runtime file-journal: revoke retains an active model's unknown usage, then late accounting settles once without adopting its plan (1780.654458ms)
✔ budget runtime file-journal: unknown write effects keep the grant outstanding after revoke and restart (2100.466041ms)
✔ budget runtime file-journal: reported model overage is charged to the parent without clamping and prevents further funding (1787.63975ms)
✔ budget runtime file-journal: reducing limits preserves committed charges and child deadlines while blocking new grants (2154.881458ms)
✔ budget runtime file-journal: pending genesis cannot execute before funding (1532.978958ms)
✔ budget runtime file-journal: pending genesis cannot execute before funding and parent cancellation wins activation (251.9025ms)
✔ budget runtime file-journal: child funding rejects broader authority, altered duplicate commands and work ID reattachment (688.875208ms)
✔ budget runtime file-journal: grant commit ACK loss resumes the same grant and child without another allocation (614.166208ms)
✔ budget runtime file-journal: activation commit ACK loss resumes the same grant and child without another allocation (290.84725ms)
✔ budget runtime file-journal: revocation during child activation installs a fence that the stale activation cannot overwrite (444.378542ms)
✔ budget runtime file-journal: revoke after tool dispatch and before entry prevents transport while keeping the logical dispatch charge (2157.61875ms)
✔ budget runtime file-journal: revoke after model dispatch and before entry prevents transport while keeping the logical dispatch charge (1577.702792ms)
✔ budget runtime file-journal: actual replan adoption spends the child's delegated replan allowance once (4711.736917ms)
✔ budget runtime file-journal: nested child execution reconciles through both grants without double charging or copying originals (5495.520333ms)
✔ budget runtime file-journal: an unfunded pending child cannot turn resume or a new goal into execution authority (800.4465ms)
✔ budget runtime file-journal: a parent goal change fences a child's previously reserved tool before entry (2245.603292ms)
✔ budget runtime file-journal: a parent policy change fences a child's previously reserved tool before entry (2065.79375ms)
✔ budget runtime file-journal: a parent deadline change fences a child's previously reserved tool before entry (2185.618ms)
✔ budget runtime file-journal: a partially reported model response retains known tokens and unknown reservation after revoke and reopen (2637.315542ms)
✔ budget runtime file-journal: sibling overage received during a tool dispatch ACK delay prevents its actual entry despite stale parent accounting (5019.9185ms)
✔ budget runtime file-journal: sibling overage received during a model dispatch ACK delay prevents its actual entry despite stale parent accounting (2616.9985ms)
✔ budget role sqlite: independently permitted role executes and returns unused resources without copying private data (247.786416ms)
✔ budget role sqlite: allocation permit prepares work but execution waits for the host execution permit (170.614875ms)
✔ budget role sqlite: missing mandate cannot create a cross-role grant (44.085125ms)
✔ budget role sqlite: missing authority cannot create a cross-role grant (61.211875ms)
✔ budget role sqlite: missing router cannot create a cross-role grant (55.5775ms)
✔ budget role sqlite: changed tenant cannot reuse an authority reference (69.454583ms)
✔ budget role sqlite: changed principal cannot reuse an authority reference (71.682167ms)
✔ budget role sqlite: changed scope cannot reuse an authority reference (61.227292ms)
✔ budget role sqlite: changed policy cannot reuse an authority reference (66.716583ms)
✔ budget role sqlite: changed revision cannot reuse an authority reference (73.309333ms)
✔ budget role sqlite: changed limits cannot reuse an authority reference (63.522459ms)
✔ budget role sqlite: one mandate cannot allocate twice through different child identities or command IDs (86.932083ms)
✔ budget role sqlite: genesis reply loss resumes the original allocation after reopen (239.036125ms)
✔ budget role sqlite: grant reply loss resumes the original allocation after reopen (240.081667ms)
✔ budget role sqlite: activation reply loss resumes the original allocation after reopen (254.955167ms)
✔ budget role sqlite: authority withdrawal after tool dispatch prevents actual entry (192.851083ms)
✔ budget role sqlite: authority withdrawal after model dispatch prevents actual entry (275.75325ms)
✔ budget role sqlite: parent change during permission lookup invalidates the child reservation (121.882917ms)
✔ budget role sqlite: missing child runtime retains escrow and recovery later refunds exactly once (128.224041ms)
✔ budget role sqlite: unknown write effect prevents refund after revocation and reopen (200.858208ms)
✔ budget role sqlite: child runtime receives model cancellation and late usage settles without adopting a plan (342.806292ms)
✔ budget role sqlite: child revision change during final proof lookup prevents settlement (112.181459ms)
✔ budget role sqlite: removed route cannot validate old state or release funds (127.059625ms)
✔ budget role sqlite: changed child goal blocks further authority without changing recorded usage (248.879084ms)
✔ budget role file-journal: independently permitted role executes and returns unused resources without copying private data (3342.954375ms)
✔ budget role file-journal: allocation permit prepares work but execution waits for the host execution permit (1569.168042ms)
✔ budget role file-journal: missing mandate cannot create a cross-role grant (108.4715ms)
✔ budget role file-journal: missing authority cannot create a cross-role grant (153.140292ms)
✔ budget role file-journal: missing router cannot create a cross-role grant (152.116125ms)
✔ budget role file-journal: changed tenant cannot reuse an authority reference (138.58025ms)
✔ budget role file-journal: changed principal cannot reuse an authority reference (152.905083ms)
✔ budget role file-journal: changed scope cannot reuse an authority reference (147.096583ms)
✔ budget role file-journal: changed policy cannot reuse an authority reference (140.798375ms)
✔ budget role file-journal: changed revision cannot reuse an authority reference (160.189ms)
✔ budget role file-journal: changed limits cannot reuse an authority reference (146.987709ms)
✔ budget role file-journal: one mandate cannot allocate twice through different child identities or command IDs (991.0805ms)
✔ budget role file-journal: genesis reply loss resumes the original allocation after reopen (1889.999292ms)
✔ budget role file-journal: grant reply loss resumes the original allocation after reopen (2771.655125ms)
✔ budget role file-journal: activation reply loss resumes the original allocation after reopen (2491.3305ms)
✔ budget role file-journal: authority withdrawal after tool dispatch prevents actual entry (1281.083084ms)
✔ budget role file-journal: authority withdrawal after model dispatch prevents actual entry (2069.971334ms)
✔ budget role file-journal: parent change during permission lookup invalidates the child reservation (1714.522833ms)
✔ budget role file-journal: missing child runtime retains escrow and recovery later refunds exactly once (818.149709ms)
✔ budget role file-journal: unknown write effect prevents refund after revocation and reopen (1332.417375ms)
✔ budget role file-journal: child runtime receives model cancellation and late usage settles without adopting a plan (916.513583ms)
✔ budget role file-journal: child revision change during final proof lookup prevents settlement (424.101542ms)
✔ budget role file-journal: removed route cannot validate old state or release funds (237.26175ms)
✔ budget role file-journal: changed child goal blocks further authority without changing recorded usage (1087.051208ms)
✔ budget role sqlite: nested ordinary children use their own role session when the sponsor settles the tree (253.242167ms)
✔ budget role sqlite: context compact and restore preserve the stored funding authority and usage (230.029041ms)
✔ budget role sqlite: route withdrawal inside authority lookup blocks a reserved tool before dispatch (82.59025ms)
✔ budget role file-journal: nested ordinary children use their own role session when the sponsor settles the tree (1362.268541ms)
✔ budget role file-journal: context compact and restore preserve the stored funding authority and usage (800.896125ms)
✔ budget role file-journal: route withdrawal inside authority lookup blocks a reserved tool before dispatch (562.755333ms)
✔ budget role sqlite: an authority lookup that ignores cancellation times out before adapter entry (131.032791ms)
✔ budget role sqlite: changing the authority adapter while it answers invalidates the old permit (87.102041ms)
✔ budget role file-journal: an authority lookup that ignores cancellation times out before adapter entry (465.788083ms)
✔ budget role file-journal: changing the authority adapter while it answers invalidates the old permit (426.926667ms)
✔ budget role sqlite: temporary authority failure holds an active allocation and resumes without regranting (157.734833ms)
✔ budget role file-journal: temporary authority failure holds an active allocation and resumes without regranting (909.609ms)
✔ budget exposure: own usage and reservations add each dimension without charging elapsed time or unknown counts as tokens (0.654375ms)
✔ budget exposure: active and draining escrow count once even when the same child usage has already been observed (0.205917ms)
✔ budget exposure: usage above allocation and outstanding reservations remain visible in independent dimensions (0.064709ms)
✔ budget exposure: settling replaces escrow with accounted plus reserved amounts and repeated reads cannot refund twice (0.081125ms)
✔ budget exposure: unknown and partially reported model usage keeps reserved tokens even on a settled summary (1.345958ms)
✔ budget exposure: a lower parent limit preserves actual costs and reports each excess without negative remaining values (0.149958ms)
✔ budget exposure: separate grants sum but duplicate IDs and duplicate child funding records are rejected (0.668542ms)
✔ budget exposure: zero-funded grants remain explicit and cannot hide a later reported expense (0.075458ms)
✔ budget exposure: max-safe totals are exact and overflow in local, grant, aggregate or combined arithmetic fails closed (0.295ms)
✔ budget exposure: fractional, negative, nonfinite, unsafe and missing values never become zero (0.512042ms)
✔ budget exposure: grant schema keeps authority identity strict and requires a state revision for observed or settled accounting (0.466ms)
✔ budget exposure: parent links preserve pending, active and draining as different stored phases without conferring allocation authority (0.421959ms)
✔ budget exposure: empty and absent grant lists are equivalent while malformed and over-cap lists are rejected (28.995542ms)
✔ budget exposure: projections and strict schema copies share no mutable vectors with the ledger (0.112709ms)
✔ budget authority: strict mandate identity retains issuer, reference, rule and child goal revision (0.562416ms)
✔ budget authority: a second grant for one mandate remains duplicate even after its issuer revision changes (0.190667ms)
✔ CLI resumes across processes, keeps conversation/work identities and separates disconnect, pause and cancel (3782.188875ms)
✔ CLI human output is reception plus result, with no internal events or ANSI: documents-simple (771.020708ms)
✔ CLI human output is reception plus result, with no internal events or ANSI: observations-simple (781.094666ms)
✔ CLI goal changes require an explicit revision and failures have no success JSON on stdout (960.730167ms)
✔ CLI checkpoint is a derived reference and an old resume file does not reverse a paused work (2169.938541ms)
✔ checkpoint v2: v1 retains its exact serialized shape and rejects v2 fields (4.03625ms)
✔ checkpoint v2: an initial head preserves historical refs before any fresh observation (2.073584ms)
✔ checkpoint v2: fresh observation and input intent each require their retained reservation (0.403625ms)
✔ checkpoint v2: root identity, lifetime and bounded counters cannot be reset or enlarged (0.44575ms)
✔ checkpoint v2: a child binds its own task and policy basis to the immutable claim (0.937709ms)
✔ checkpoint v2: child actions use local indexes and cannot prepend the parent prefix or skip intent accounting (0.31275ms)
✔ checkpoint v2: inherited conditions must be observed before a successor can issue an input (0.209709ms)
✔ checkpoint v2: only verification may get a fresh read deadline after the root input deadline (0.174541ms)
✔ checkpoint v2: completing a suffix requires every own input and every condition to be confirmed (0.456791ms)
✔ checkpoint v2: zero-input completion requires a fully applied parent and fresh inheritance verification (0.69025ms)
✔ checkpoint v2: strict parsing detaches the lineage and claim without silently accepting extra capabilities (0.202291ms)
✔ sqlite: source loss during the awaited knowledge check is caught by the second resolution before input (1500.145917ms)
✔ sqlite: source-head changing inside final input authorization prevents the successor input (1353.013708ms)
✔ sqlite: reconciliation-proof changing inside final input authorization prevents the successor input (1569.172625ms)
✔ sqlite: pause changing inside final input authorization prevents the successor input (1451.323167ms)
✔ sqlite: goal changing inside final input authorization prevents the successor input (1483.833458ms)
✔ sqlite: losing a parent proof after a successful child result blocks adoption, proof consumption and compaction (2396.653666ms)
✔ sqlite: a child acquires a fresh epoch and rechecks conditions without replaying the old field input (1802.236834ms)
✔ file-journal: source loss during the awaited knowledge check is caught by the second resolution before input (14257.2285ms)
✔ file-journal: source-head changing inside final input authorization prevents the successor input (13837.163916ms)
✔ file-journal: reconciliation-proof changing inside final input authorization prevents the successor input (23521.42425ms)
✔ file-journal: pause changing inside final input authorization prevents the successor input (7889.452708ms)
✔ file-journal: goal changing inside final input authorization prevents the successor input (8505.00275ms)
✔ file-journal: losing a parent proof after a successful child result blocks adoption, proof consumption and compaction (30664.524791ms)
✔ file-journal: a child acquires a fresh epoch and rechecks conditions without replaying the old field input (11594.155791ms)
✔ continuation context sqlite: contract-seeded claim and latest parent originals survive five compactions and reopen (1552.446166ms)
✔ continuation context sqlite: a final v2 child preserves historical, entry and inherited observations through compact and reopen (1339.635833ms)
✔ continuation context sqlite: missing v2 entry reference invalidates an unchanged final child (1121.880791ms)
✔ continuation context sqlite: missing v2 inherited reference invalidates an unchanged final child (1182.772041ms)
✔ continuation context sqlite: v2 child rejects a forged canonical claim, unrelated initial basis and foreign observation owner (1216.311291ms)
✔ continuation context sqlite: v2 inherited observation loss during model_context staging prevents return (961.875917ms)
✔ continuation context sqlite: v2 inherited observation loss during runtime_resume staging prevents return (984.003625ms)
✔ continuation context sqlite: late malformed parent receive cannot rewrite a claimed source (870.608917ms)
✔ continuation context sqlite: missing head fences an otherwise unchanged claim (916.914958ms)
✔ continuation context sqlite: missing result fences an otherwise unchanged claim (932.021916ms)
✔ continuation context sqlite: missing observation fences an otherwise unchanged claim (1148.345542ms)
✔ continuation context sqlite: corrupt parent data and invalid bounded decode never produce a resume (814.634084ms)
✔ continuation context sqlite: original loss during model_context storage is checked before return (927.1785ms)
✔ continuation context sqlite: original loss during runtime_resume storage is checked before return (1318.509834ms)
✔ continuation context sqlite: visibility hides a claim while obligations remain and undeclared raw fields are discarded (1350.897709ms)
✔ continuation context sqlite: unavailable continuation proof readers fail closed even without reconciliation records (1188.558625ms)
✔ continuation context file-journal: contract-seeded claim and latest parent originals survive five compactions and reopen (10937.125792ms)
✔ continuation context file-journal: a final v2 child preserves historical, entry and inherited observations through compact and reopen (8151.478625ms)
✔ continuation context file-journal: missing v2 entry reference invalidates an unchanged final child (5149.539916ms)
✔ continuation context file-journal: missing v2 inherited reference invalidates an unchanged final child (5280.127958ms)
✔ continuation context file-journal: v2 child rejects a forged canonical claim, unrelated initial basis and foreign observation owner (4850.026625ms)
✔ continuation context file-journal: v2 inherited observation loss during model_context staging prevents return (5067.748125ms)
✔ continuation context file-journal: v2 inherited observation loss during runtime_resume staging prevents return (5293.352709ms)
✔ continuation context file-journal: late malformed parent receive cannot rewrite a claimed source (2300.741375ms)
✔ continuation context file-journal: missing head fences an otherwise unchanged claim (2654.149291ms)
✔ continuation context file-journal: missing result fences an otherwise unchanged claim (2243.411792ms)
✔ continuation context file-journal: missing observation fences an otherwise unchanged claim (2631.906ms)
✔ continuation context file-journal: corrupt parent data and invalid bounded decode never produce a resume (2508.960125ms)
✔ continuation context file-journal: original loss during model_context storage is checked before return (3278.278083ms)
✔ continuation context file-journal: original loss during runtime_resume storage is checked before return (2277.9305ms)
✔ continuation context file-journal: visibility hides a claim while obligations remain and undeclared raw fields are discarded (2458.621792ms)
✔ continuation context file-journal: unavailable continuation proof readers fail closed even without reconciliation records (2578.141625ms)
✔ computer continuation contract: optional fields leave legacy state, context and task digests unchanged (7.737291ms)
✔ computer continuation contract: control metadata cannot carry raw actions, offsets or two resume mechanisms (0.722042ms)
✔ computer continuation contract: counters, depth and mode cannot revive the action window or exceed inherited limits (12.425083ms)
✔ computer continuation planning: exact parent and proof participate in task identity, including historical plans (11.834625ms)
✔ computer continuation tools: proof metadata is mandatory and refresh cannot install an invalid or cacheable adapter (6.389583ms)
✔ computer continuation tools: resume is required exactly for marked tools and verify needs no write permission (3.305ms)
✔ computer continuation transition: claim and a new reserved attempt plus budget must be committed together (0.595709ms)
✔ computer continuation transition: a claimed parent cannot be replaced, removed or assigned a second sibling (0.857292ms)
✔ computer continuation transition: source result, checkpoint and task identity stay immutable while the child progresses (1.053542ms)
✔ computer continuation transition: an unknown parent requires the exact settled proof and source basis (0.422583ms)
✔ computer continuation transition: a later generation inherits root limits and cannot reset counters, depth or the action deadline (0.473291ms)
✔ memory: continuation CAS admits one sibling, preserves its receipt on retry and rejects history edits atomically (4.740834ms)
✔ sqlite: continuation CAS admits one sibling, preserves its receipt on retry and rejects history edits atomically (84.020167ms)
✔ file-journal: continuation CAS admits one sibling, preserves its receipt on retry and rejects history edits atomically (429.079708ms)
✔ sqlite: SIGKILL after continuation reservation preserves one claim and executes only the existing child after restart (2225.091375ms)
✔ sqlite: SIGKILL after child observation reservation preserves spent lineage budget without replaying an unreceived observation (1515.463458ms)
✔ sqlite: SIGKILL after child Save reconciles its durable receipt and verifies depth two without repeating applied input (5179.012417ms)
✔ file-journal: SIGKILL after continuation reservation preserves one claim and executes only the existing child after restart (22695.298375ms)
✔ file-journal: SIGKILL after child observation reservation preserves spent lineage budget without replaying an unreceived observation (10981.469708ms)
✔ file-journal: SIGKILL after child Save reconciles its durable receipt and verifies depth two without repeating applied input (55590.393375ms)
✔ sqlite: an applied-unknown prefix is reconciled once and only the two remaining inputs run (3728.501125ms)
✔ sqlite: an unknown saved input is verified after the old action deadline without saving twice (2112.14975ms)
✔ sqlite: a known not-applied input may be retried once while its applied prefix remains immutable (2055.743459ms)
✔ sqlite: a later value supersedes the same field's earlier condition at the continuation frontier (2153.689666ms)
✔ sqlite: changed inherited conditions stop a successor without repeating or extending the applied prefix (2054.242459ms)
✔ sqlite: concurrent reservations create at most one successor and consume one work reservation (1921.950625ms)
✔ sqlite: lineage observation and input budgets stay spent across failed successors (2606.708208ms)
✔ sqlite: a new successor cannot reset the original action deadline (973.680834ms)
✔ file-journal: an applied-unknown prefix is reconciled once and only the two remaining inputs run (40806.446042ms)
✔ file-journal: an unknown saved input is verified after the old action deadline without saving twice (17174.47675ms)
✔ file-journal: a known not-applied input may be retried once while its applied prefix remains immutable (13882.196917ms)
✔ file-journal: a later value supersedes the same field's earlier condition at the continuation frontier (12067.911875ms)
✔ file-journal: changed inherited conditions stop a successor without repeating or extending the applied prefix (16805.834875ms)
✔ file-journal: concurrent reservations create at most one successor and consume one work reservation (13126.490958ms)
✔ file-journal: lineage observation and input budgets stay spent across failed successors (15927.222125ms)
✔ file-journal: a new successor cannot reset the original action deadline (2453.389625ms)
✔ sqlite: structurally valid continue and verify plans fail before acceptance or cost (117.485125ms)
✔ sqlite: a stored continuation plan cannot create a new attempt or budget reservation (127.742375ms)
✔ sqlite: a stored continuation reservation cannot dispatch or enter through execute (110.916667ms)
✔ sqlite: even an existing dispatch receipt cannot invoke a continuation adapter or its reuse hook (99.746709ms)
✔ file-journal: structurally valid continue and verify plans fail before acceptance or cost (141.297667ms)
✔ file-journal: a stored continuation plan cannot create a new attempt or budget reservation (199.976084ms)
✔ file-journal: a stored continuation reservation cannot dispatch or enter through execute (305.859875ms)
✔ file-journal: even an existing dispatch receipt cannot invoke a continuation adapter or its reuse hook (296.789417ms)
✔ sqlite: continuation prepare pins only the unperformed suffix and preserves canonical state and driver input (848.090625ms)
✔ sqlite: continuation prepare refuses legacy checkpoint counters without upgrading or resetting the original deadline (726.09525ms)
✔ sqlite: continuation preparation rechecks canonical state after original checkpoint I/O (794.6865ms)
✔ sqlite: continuation resolve authenticates the canonical reservation receipt and never inspects the child's checkpoint (726.117708ms)
✔ sqlite: invalid claim graph is rejected before recursive original reads and raw proof checks never call knowledge (729.759417ms)
✔ sqlite: missing originals install a durable blocking obligation, cancel reservations, and recover without rewriting claims (768.665042ms)
✔ file-journal: continuation prepare pins only the unperformed suffix and preserves canonical state and driver input (2327.309542ms)
✔ file-journal: continuation prepare refuses legacy checkpoint counters without upgrading or resetting the original deadline (2548.899959ms)
✔ file-journal: continuation preparation rechecks canonical state after original checkpoint I/O (2103.023584ms)
✔ file-journal: continuation resolve authenticates the canonical reservation receipt and never inspects the child's checkpoint (2543.062458ms)
✔ file-journal: invalid claim graph is rejected before recursive original reads and raw proof checks never call knowledge (2777.638959ms)
✔ file-journal: missing originals install a durable blocking obligation, cancel reservations, and recover without rewriting claims (3848.057417ms)
✔ computer input assurance: omission keeps the old tool shape without silently adding a default to its digest (5.769958ms)
✔ computer input assurance: renderer semantics are pinned for all four tools and cannot be changed through the original driver (1.775708ms)
✔ computer input assurance: unknown profiles and proof-free declarations are rejected before any adapter call (16.906834ms)
✔ computer input assurance: a profile declaration grants neither tool permission nor arbitrary browser commands (10.134833ms)
✔ sqlite: replacing input assurance after dispatch invalidates the pinned attempt before driver entry (188.115834ms)
✔ file-journal: replacing input assurance after dispatch invalidates the pinned attempt before driver entry (382.874666ms)
✔ computer operation contract: identity binds the requested input without copying the observed screen or mutable lease (1.726875ms)
✔ computer operation contract: every routing and action component distinguishes an otherwise reused operation id (0.314875ms)
✔ computer operation contract: strict identity retains the bounded typed-action boundary (0.562583ms)
✔ computer operation contract: receipts record a decision and never treat an unknown response as a negative effect (0.590083ms)
✔ computer operation contract: lookup cannot claim found without a receipt or turn an absent proof into not_applied (0.8105ms)
✔ SIGKILL after durable Save permits exact original receipt lookup in a new epoch without replaying input (170.022959ms)
✔ SIGKILL before Save leaves an absent receipt unknown rather than inventing a not-applied receipt (137.800458ms)
✔ sqlite: lost receive ACK preserves the committed reconciliation response and settles without another lookup (1039.841834ms)
✔ sqlite: pause during an actual driver lookup fences its late receipt while retaining the read charge and effect obligation (733.260542ms)
✔ sqlite: goal during an actual driver lookup fences its late receipt while retaining the read charge and effect obligation (790.9665ms)
✔ file-journal: lost receive ACK preserves the committed reconciliation response and settles without another lookup (3775.839875ms)
✔ file-journal: pause during an actual driver lookup fences its late receipt while retaining the read charge and effect obligation (2816.234209ms)
✔ file-journal: goal during an actual driver lookup fences its late receipt while retaining the read charge and effect obligation (3550.346542ms)
✔ reconciliation context sqlite: reserved metadata and original refs survive compaction and repository reopen (1170.954667ms)
✔ reconciliation context sqlite: settled metadata and original refs survive compaction and repository reopen (1631.800375ms)
✔ reconciliation context sqlite: missing proof rejects source reuse, compaction and restore (1252.054334ms)
✔ reconciliation context sqlite: corrupt proof rejects source reuse, compaction and restore (1066.375125ms)
✔ reconciliation context sqlite: proof loss during model_context staging is rejected before return (1070.757958ms)
✔ reconciliation context sqlite: proof loss during runtime_resume staging is rejected before return (1038.742ms)
✔ reconciliation context sqlite: lifecycle and read permission changes hide the index and prevent resume without dropping the pending obligation (1136.954875ms)
✔ reconciliation context sqlite: a runtime without an effect proof reader rejects settled metadata (1091.498625ms)
✔ reconciliation context file-journal: reserved metadata and original refs survive compaction and repository reopen (5067.619459ms)
✔ reconciliation context file-journal: settled metadata and original refs survive compaction and repository reopen (9985.545709ms)
✔ reconciliation context file-journal: missing proof rejects source reuse, compaction and restore (4033.090041ms)
✔ reconciliation context file-journal: corrupt proof rejects source reuse, compaction and restore (6371.89925ms)
✔ reconciliation context file-journal: proof loss during model_context staging is rejected before return (4733.018167ms)
✔ reconciliation context file-journal: proof loss during runtime_resume staging is rejected before return (3182.789833ms)
✔ reconciliation context file-journal: lifecycle and read permission changes hide the index and prevent resume without dropping the pending obligation (3822.118042ms)
✔ reconciliation context file-journal: a runtime without an effect proof reader rejects settled metadata (4147.973583ms)
✔ computer reconciliation contract: optional index preserves legacy states and contexts without adding empty metadata (6.457375ms)
✔ computer reconciliation contract: metadata remains strict and bounded without accepting raw action or duplicate ids (20.67475ms)
✔ computer reconciliation contract: received and settled require different proof stages and a timed response (0.845916ms)
✔ computer reconciliation contract: lookup outcome does not erase an earlier applied prefix or invent a known absence (0.529875ms)
✔ computer reconciliation transition: intent identity and the first response, proof, and timestamps cannot be replaced (2.585542ms)
✔ computer reconciliation transition: new records cannot skip dispatch and existing records cannot disappear or restart (0.588542ms)
✔ computer reconciliation transition: known claims remain historical even when the proof is invalidated (0.637084ms)
✔ computer reconciliation transition: original task identity, result, and checkpoint remain fixed across late updates (1.065666ms)
✔ memory: reconciliation CAS retains original results, rejects rollback atomically, and preserves historical receipts (11.242375ms)
✔ sqlite: reconciliation CAS retains original results, rejects rollback atomically, and preserves historical receipts (107.540583ms)
✔ file-journal: reconciliation CAS retains original results, rejects rollback atomically, and preserves historical receipts (536.899416ms)
✔ sqlite: receipt identity and driver mismatches cannot close an effect and retain the measured read (1768.949125ms)
✔ sqlite: a lease acquisition that ignores abort cannot hold cancellation or enter lookup later (789.543334ms)
✔ sqlite: a reconciled expired input keeps its intent head and null result when the original runner returns late (672.739209ms)
✔ sqlite: revoking a parent grant refunds an unused query and prevents a fresh lookup allowance (878.810209ms)
✔ file-journal: receipt identity and driver mismatches cannot close an effect and retain the measured read (6222.815125ms)
✔ file-journal: a lease acquisition that ignores abort cannot hold cancellation or enter lookup later (2737.154ms)
✔ file-journal: a reconciled expired input keeps its intent head and null result when the original runner returns late (2271.774291ms)
✔ file-journal: revoking a parent grant refunds an unused query and prevents a fresh lookup allowance (3024.321209ms)
✔ reconciliation outbox sqlite: current proof permits one result send and delivery obligation settlement (1345.232125ms)
✔ reconciliation outbox sqlite: narrowed tool authority preserves proof validation while channel restrictions still apply (2519.322417ms)
✔ reconciliation outbox sqlite: proof loss at the same revision prevents any result transport (1145.087791ms)
✔ reconciliation outbox sqlite: proof loss defers lookup of an already sent uncertain result (1163.944084ms)
✔ reconciliation outbox sqlite: proof loss after the send claim is checked before entering the sink (1125.998959ms)
✔ reconciliation outbox sqlite: proof loss in the pre-lookup artifact await prevents receipt lookup (1173.778875ms)
✔ reconciliation outbox sqlite: proof loss during send keeps the delivery unadopted without resending (1237.866792ms)
✔ reconciliation outbox sqlite: proof loss during receipt lookup cannot close the delivery obligation (1250.890708ms)
✔ reconciliation outbox sqlite: the commit guard rechecks proof after awaited artifact validation (1183.068417ms)
✔ reconciliation outbox file-journal: current proof permits one result send and delivery obligation settlement (5039.039666ms)
✔ reconciliation outbox file-journal: narrowed tool authority preserves proof validation while channel restrictions still apply (12110.608292ms)
✔ reconciliation outbox file-journal: proof loss at the same revision prevents any result transport (4278.839375ms)
✔ reconciliation outbox file-journal: proof loss defers lookup of an already sent uncertain result (4953.071916ms)
✔ reconciliation outbox file-journal: proof loss after the send claim is checked before entering the sink (4897.992416ms)
✔ reconciliation outbox file-journal: proof loss in the pre-lookup artifact await prevents receipt lookup (7709.170417ms)
✔ reconciliation outbox file-journal: proof loss during send keeps the delivery unadopted without resending (5283.689875ms)
✔ reconciliation outbox file-journal: proof loss during receipt lookup cannot close the delivery obligation (7925.04025ms)
✔ reconciliation outbox file-journal: the commit guard rechecks proof after awaited artifact validation (5586.808875ms)
✔ sqlite: first verified effect settlement clears the no-progress gate and permits a read-only verification without creating evidence itself (4946.080167ms)
✔ sqlite: duplicate settle and replay of the same reconciliation command add no progress, lookup or budget use (2085.666833ms)
✔ sqlite: re-proving the same source operation after proof-read invalidation cannot earn a second progress credit (2328.838209ms)
✔ file-journal: first verified effect settlement clears the no-progress gate and permits a read-only verification without creating evidence itself (57494.053166ms)
✔ file-journal: duplicate settle and replay of the same reconciliation command add no progress, lookup or budget use (18114.343375ms)
✔ file-journal: re-proving the same source operation after proof-read invalidation cannot earn a second progress credit (21180.439375ms)
✔ sqlite: reserve command receipt is required to authenticate an otherwise intact reconciliation proof (1013.7585ms)
✔ sqlite: dispatch command receipt is required to authenticate an otherwise intact reconciliation proof (1100.394167ms)
✔ sqlite: receive command receipt is required to authenticate an otherwise intact reconciliation proof (1073.122458ms)
✔ sqlite: settle command receipt is required to authenticate an otherwise intact reconciliation proof (1149.995167ms)
✔ sqlite: concurrent identical reserve, execute, and settle calls retain one intent, one lookup charge, and one proof (974.98975ms)
✔ file-journal: reserve command receipt is required to authenticate an otherwise intact reconciliation proof (4414.737958ms)
✔ file-journal: dispatch command receipt is required to authenticate an otherwise intact reconciliation proof (4151.0795ms)
✔ file-journal: receive command receipt is required to authenticate an otherwise intact reconciliation proof (3521.850084ms)
✔ file-journal: settle command receipt is required to authenticate an otherwise intact reconciliation proof (3509.897583ms)
✔ file-journal: concurrent identical reserve, execute, and settle calls retain one intent, one lookup charge, and one proof (3611.275458ms)
✔ sqlite: SIGKILL after reconciliation reservation preserves its owner and refunds only on expiry before an explicit new command (1410.145875ms)
✔ sqlite: SIGKILL during dispatched lookup retains unknown usage and never reissues that command across expiry (1252.623459ms)
✔ sqlite: SIGKILL after received reconciliation settles the stored timely response after lease expiry with no new lookup or input (1190.615666ms)
✔ sqlite: SIGKILL after settlement reopens a current separate proof and duplicate commands remain read-only (1195.195833ms)
✔ file-journal: SIGKILL after reconciliation reservation preserves its owner and refunds only on expiry before an explicit new command (3914.430625ms)
✔ file-journal: SIGKILL during dispatched lookup retains unknown usage and never reissues that command across expiry (4585.254542ms)
✔ file-journal: SIGKILL after received reconciliation settles the stored timely response after lease expiry with no new lookup or input (4205.254667ms)
✔ file-journal: SIGKILL after settlement reopens a current separate proof and duplicate commands remain read-only (6654.973083ms)
✔ sqlite: screen result depends on the live reconciliation proof even when the state revision and previous cursor are unchanged (1368.066042ms)
✔ sqlite: proof loss during diagnostics projection withholds an already prepared result before returning a cursor (1232.27175ms)
✔ sqlite: a reader without the effect verifier cannot treat stored settled metadata as current proof (1212.204916ms)
✔ file-journal: screen result depends on the live reconciliation proof even when the state revision and previous cursor are unchanged (7835.2965ms)
✔ file-journal: proof loss during diagnostics projection withholds an already prepared result before returning a cursor (6327.708666ms)
✔ file-journal: a reader without the effect verifier cannot treat stored settled metadata as current proof (5987.827167ms)
✔ sqlite: explicit reconciliation records a read response and separate effect proof without adopting or changing the original input (1170.899625ms)
✔ sqlite: recorded not-applied receipts resolve only the unknown step and preserve a prior applied prefix (1693.904875ms)
✔ sqlite: a missing driver receipt remains unresolved and repeating the same request neither repeats input nor lookup (612.920542ms)
✔ sqlite: duplicate command and execution charge one lookup while changed payload conflicts (995.702417ms)
✔ sqlite: exhausted lookup budget refuses reservation without a driver call or a stored intent (718.035875ms)
✔ sqlite: receipt lookup requires current read authority but does not require permission to issue another input (869.704459ms)
✔ sqlite: an expired unused reconciliation reservation is released and the same request never dispatches later (683.506125ms)
✔ sqlite: loss of a settled proof reopens the effect obligation while preserving the old receipt, claim, and original head (994.735042ms)
✔ file-journal: explicit reconciliation records a read response and separate effect proof without adopting or changing the original input (3903.763833ms)
✔ file-journal: recorded not-applied receipts resolve only the unknown step and preserve a prior applied prefix (7972.924583ms)
✔ file-journal: a missing driver receipt remains unresolved and repeating the same request neither repeats input nor lookup (3490.98625ms)
✔ file-journal: duplicate command and execution charge one lookup while changed payload conflicts (5120.0365ms)
✔ file-journal: exhausted lookup budget refuses reservation without a driver call or a stored intent (3952.80025ms)
✔ file-journal: receipt lookup requires current read authority but does not require permission to issue another input (5432.296208ms)
✔ file-journal: an expired unused reconciliation reservation is released and the same request never dispatches later (3708.806875ms)
✔ file-journal: loss of a settled proof reopens the effect obligation while preserving the old receipt, claim, and original head (4957.016375ms)
✔ computer context sqlite: five compactions and restart preserve running input metadata (579.441291ms)
✔ computer context sqlite: five compactions and restart preserve unknown input metadata (465.736833ms)
✔ computer context file-journal: five compactions and restart preserve running input metadata (1472.946459ms)
✔ computer context file-journal: five compactions and restart preserve unknown input metadata (1181.847292ms)
✔ computer context sqlite: deleted head blocks compaction, source fence and restore (178.825083ms)
✔ computer context sqlite: modified head blocks compaction, source fence and restore (184.11725ms)
✔ computer context file-journal: deleted head blocks compaction, source fence and restore (381.899209ms)
✔ computer context file-journal: modified head blocks compaction, source fence and restore (587.871375ms)
✔ computer context sqlite: mandatory input metadata cannot be evicted, altered or reassigned to a later goal (164.86575ms)
✔ computer context file-journal: mandatory input metadata cannot be evicted, altered or reassigned to a later goal (453.0785ms)
✔ computer context sqlite: head loss during model_context staging is checked before return (186.918417ms)
✔ computer context sqlite: head loss during runtime_resume staging is checked before return (211.823334ms)
✔ computer context file-journal: head loss during model_context staging is checked before return (410.956666ms)
✔ computer context file-journal: head loss during runtime_resume staging is checked before return (465.156709ms)
✔ computer context sqlite: current knowledge, source lifecycle and read permissions still fence metadata (223.878416ms)
✔ computer context file-journal: current knowledge, source lifecycle and read permissions still fence metadata (579.6205ms)
✔ computer contracts: tool inputs cannot select a driver address, add hidden actions or exceed a short batch (19.597625ms)
✔ computer contracts: malformed observations cannot acquire trustworthy refs or silently omit their usage (3.48625ms)
✔ computer contracts: a name match is insufficient when another hidden target shares that name (0.246166ms)
✔ computer contracts: a truncated view cannot prove a unique target or element condition (0.200208ms)
✔ computer contracts: byte limits count UTF-8 bytes and successful validation detaches the source (0.263625ms)
✔ computer contracts: observations cannot move backwards or switch sessions behind the same task (0.22ms)
✔ computer contracts: conditions require explicit own values and never use prototype facts or coercion (0.078042ms)
✔ computer contracts: intent, application and observation verification cannot be collapsed into complete (5.182208ms)
✔ sqlite: a failed observation artifact write retains the driver's measured call (164.477958ms)
✔ sqlite: intent persistence failure proves no driver entry and keeps the failed step diagnostic (440.585ms)
✔ sqlite: cancellation before driver entry settles no-input and proof revoked=false fences adoption (456.166791ms)
✔ sqlite: cancellation before driver entry settles no-input and proof revoked=true fences adoption (518.264584ms)
✔ sqlite: a failure cannot downgrade the committed unknown effect or measured usage prefix (725.388917ms)
✔ sqlite: removing the proof provider at the receive commit fence cannot accept a no-effect result (535.061709ms)
✔ sqlite: provider removal between no-effect validation and adoption cannot skip the captured proof fence (532.020625ms)
✔ sqlite: completion must match the checkpoint and only explicitly confirmed facts become evidence (861.868375ms)
✔ sqlite: losing the checkpoint original between receive and adopt prevents completion (834.048666ms)
✔ sqlite: losing the observation original between receive and adopt prevents completion (975.802042ms)
✔ sqlite: diagnostic reads recheck retained knowledge before and after original IO (825.705042ms)
✔ file-journal: a failed observation artifact write retains the driver's measured call (285.89425ms)
✔ file-journal: intent persistence failure proves no driver entry and keeps the failed step diagnostic (1415.354084ms)
✔ file-journal: cancellation before driver entry settles no-input and proof revoked=false fences adoption (1957.986458ms)
✔ file-journal: cancellation before driver entry settles no-input and proof revoked=true fences adoption (1447.879208ms)
✔ file-journal: a failure cannot downgrade the committed unknown effect or measured usage prefix (3701.065625ms)
✔ file-journal: removing the proof provider at the receive commit fence cannot accept a no-effect result (2272.226042ms)
✔ file-journal: provider removal between no-effect validation and adoption cannot skip the captured proof fence (2631.446583ms)
✔ file-journal: completion must match the checkpoint and only explicitly confirmed facts become evidence (3427.694709ms)
✔ file-journal: losing the checkpoint original between receive and adopt prevents completion (3168.371125ms)
✔ file-journal: losing the observation original between receive and adopt prevents completion (2903.848291ms)
✔ file-journal: diagnostic reads recheck retained knowledge before and after original IO (3334.934583ms)
✔ sqlite: SIGKILL after Save leaves committed intent unknown across recovery, goal change and cancellation without replay (969.4285ms)
✔ sqlite: SIGKILL after received result permits one adoption and rejects an old-epoch observation for a new input (1251.200209ms)
✔ file-journal: SIGKILL after Save leaves committed intent unknown across recovery, goal change and cancellation without replay (2698.196791ms)
✔ file-journal: SIGKILL after received result permits one adoption and rejects an old-epoch observation for a new input (5475.96275ms)
✔ sqlite: registered computer tools observe, apply, prove and adopt a completed synthetic note (975.342666ms)
✔ sqlite: rerendered or restarted observations stop before the first input (855.442375ms)
✔ sqlite: a copied observation from another work remains foreign even when its artifact bytes are present (421.213417ms)
✔ sqlite: ambiguous and partial observations cannot select a target for the batch (1088.78225ms)
✔ sqlite: step two not-applied preserves the confirmed first input without claiming batch completion (804.675417ms)
✔ sqlite: applied-unknown save creates a reconciliation block and neither execute replay nor replanning adds an input (745.705583ms)
✔ sqlite: goal, policy and cancellation changes across an awaited response prevent the next input (1438.917875ms)
✔ sqlite: late readiness is observed through bounded waits before subsequent note inputs (1298.324292ms)
✔ sqlite: another runtime revoking writes during the driver's own input delay prevents every input (551.805375ms)
✔ sqlite: false or too-late conditions consume one deadline and cannot reset time or continue to Save (1321.928208ms)
✔ sqlite: stored successful result can be read and adopted after reopening without replaying app input (893.011875ms)
✔ sqlite: strict action contracts reject injected script fields while document text has no command authority (844.636292ms)
✔ file-journal: registered computer tools observe, apply, prove and adopt a completed synthetic note (3428.182708ms)
✔ file-journal: rerendered or restarted observations stop before the first input (3511.141ms)
✔ file-journal: a copied observation from another work remains foreign even when its artifact bytes are present (1461.54025ms)
✔ file-journal: ambiguous and partial observations cannot select a target for the batch (5647.226791ms)
✔ file-journal: step two not-applied preserves the confirmed first input without claiming batch completion (2872.486834ms)
✔ file-journal: applied-unknown save creates a reconciliation block and neither execute replay nor replanning adds an input (3084.81975ms)
✔ file-journal: goal, policy and cancellation changes across an awaited response prevent the next input (7214.3455ms)
✔ file-journal: late readiness is observed through bounded waits before subsequent note inputs (5123.077ms)
✔ file-journal: another runtime revoking writes during the driver's own input delay prevents every input (2262.752834ms)
✔ file-journal: false or too-late conditions consume one deadline and cannot reset time or continue to Save (7258.998667ms)
✔ file-journal: stored successful result can be read and adopted after reopening without replaying app input (4617.660083ms)
✔ file-journal: strict action contracts reject injected script fields while document text has no command authority (2785.198041ms)
✔ context compiler sqlite/documents-complex: five published working sets retain counterevidence and rediscover an early original (1518.226917ms)
✔ context compiler sqlite/observations-complex: five published working sets retain counterevidence and rediscover an early original (1469.065875ms)
✔ context compiler file-journal/documents-complex: five published working sets retain counterevidence and rediscover an early original (8915.142083ms)
✔ context compiler file-journal/observations-complex: five published working sets retain counterevidence and rediscover an early original (7798.550125ms)
✔ context compiler sqlite: five compactions preserve canonical unknown effect and timed response obligations (467.940333ms)
✔ context compiler file-journal: five compactions preserve canonical unknown effect and timed response obligations (2459.885917ms)
✔ context compiler sqlite: selected schemas reduce the actual structured transport request and preserve precise byte accounting (175.778459ms)
ℹ {"backend":"sqlite","baselinePacketBytes":4700,"baselineToolBytes":516593,"packetBytes":2471,"toolBytes":33733,"envelopeBytes":36282,"requestBytes":41589,"selectedToolCount":13,"catalogTotal":81}
✔ context compiler file-journal: selected schemas reduce the actual structured transport request and preserve precise byte accounting (296.587209ms)
ℹ {"backend":"file-journal","baselinePacketBytes":4700,"baselineToolBytes":516593,"packetBytes":2471,"toolBytes":33733,"envelopeBytes":36282,"requestBytes":41589,"selectedToolCount":13,"catalogTotal":81}
✔ context compiler sqlite: an oversized mandatory goal fails before candidate storage or transport (97.776791ms)
✔ context compiler file-journal: an oversized mandatory goal fails before candidate storage or transport (224.825542ms)
✔ context copy: a canonical two-level invocation copy cannot restore guidance body after its catalog version is replaced (67.025209ms)
✔ context copy: two nested call results stop exposing a tool body when original tool permission is revoked (24.504375ms)
✔ context dispatch sqlite: persisted reservation does not send removed registration (268.840084ms)
✔ context dispatch sqlite: persisted reservation does not send replacement version (270.537ms)
✔ context dispatch sqlite: persisted reservation does not send changed input schema under the same ID and version (239.002917ms)
✔ context dispatch sqlite: persisted reservation does not send changed allowed labels under the same ID and version (266.646291ms)
✔ context dispatch sqlite: persisted reservation does not send changed allowed destination under the same ID and version (265.052875ms)
✔ context dispatch file-journal: persisted reservation does not send removed registration (747.6465ms)
✔ context dispatch file-journal: persisted reservation does not send replacement version (739.226333ms)
✔ context dispatch file-journal: persisted reservation does not send changed input schema under the same ID and version (705.089958ms)
✔ context dispatch file-journal: persisted reservation does not send changed allowed labels under the same ID and version (759.498666ms)
✔ context dispatch file-journal: persisted reservation does not send changed allowed destination under the same ID and version (725.3215ms)
✔ context dispatch sqlite: persisted guidance required-rules change is checked before transport (309.585875ms)
✔ context dispatch sqlite: persisted guidance version change is checked before transport (327.557292ms)
✔ context dispatch file-journal: persisted guidance required-rules change is checked before transport (1319.456792ms)
✔ context dispatch file-journal: persisted guidance version change is checked before transport (1227.207292ms)
✔ context dispatch sqlite: unchanged tool and trusted guidance contracts resume the stored request once (300.812292ms)
✔ context dispatch file-journal: unchanged tool and trusted guidance contracts resume the stored request once (1113.903875ms)
✔ context guidance: trusted required rules, exact version and hash survive published body eviction (59.573875ms)
✔ context guidance: a manifest without required rules keeps the full original and fails a smaller input budget (20.512667ms)
✔ context guidance: result-provided rules cannot replace an absent trusted manifest rule set (15.230166ms)
✔ context guidance: current label revocation prevents a previously published original from reappearing (14.153542ms)
✔ context guidance: a missing original cannot be recovered from its copied tool result or prior frame (16.733709ms)
✔ context guidance: replacing the catalog version does not expose the superseded loaded body (18.387042ms)
✔ context guidance: replacing trusted bytes under the same version rejects the old manifest and body (9.706084ms)
✔ context guidance: a stored result with a mismatched attemptId is rejected (8.089666ms)
✔ context guidance: a stored result with a mismatched resultId is rejected (9.731125ms)
✔ context guidance: the actual dispatch receipt must match the adopted attempt task digest (8.78875ms)
✔ sqlite/model_call_reserved: publishing requires the derived blob, later loss permits commits and regeneration while original loss blocks both (200.576708ms)
✔ sqlite/context_compacted: publishing requires the derived blob, later loss permits commits and regeneration while original loss blocks both (164.318625ms)
✔ sqlite: publishing detects a context head reference conflict before committing (139.256291ms)
✔ sqlite: a blocked context candidate cannot be newly published even when its bytes remain (126.887708ms)
✔ sqlite/retract: lifecycle retires the context head and access removal also blocks its retained artifact (151.6465ms)
✔ sqlite/correct: lifecycle retires the context head and access removal also blocks its retained artifact (139.028375ms)
✔ sqlite/restrict: lifecycle retires the context head and access removal also blocks its retained artifact (175.157166ms)
✔ sqlite/delete: lifecycle retires the context head and access removal also blocks its retained artifact (137.00475ms)
✔ sqlite/dependency_changed: lifecycle retires the context head and access removal also blocks its retained artifact (130.979917ms)
✔ file-journal/model_call_reserved: publishing requires the derived blob, later loss permits commits and regeneration while original loss blocks both (363.837125ms)
✔ file-journal/context_compacted: publishing requires the derived blob, later loss permits commits and regeneration while original loss blocks both (304.787542ms)
✔ file-journal: publishing detects a context head reference conflict before committing (121.971042ms)
✔ file-journal: a blocked context candidate cannot be newly published even when its bytes remain (161.948333ms)
✔ file-journal/retract: lifecycle retires the context head and access removal also blocks its retained artifact (193.077541ms)
✔ file-journal/correct: lifecycle retires the context head and access removal also blocks its retained artifact (224.05175ms)
✔ file-journal/restrict: lifecycle retires the context head and access removal also blocks its retained artifact (276.66875ms)
✔ file-journal/delete: lifecycle retires the context head and access removal also blocks its retained artifact (343.325917ms)
✔ file-journal/dependency_changed: lifecycle retires the context head and access removal also blocks its retained artifact (316.729ms)
✔ sqlite: source deletion during the context head exists check prevents reservation and head publication (422.18275ms)
✔ sqlite: source deletion inside repository commit retires the published head and cancels the model reservation before returning (429.00375ms)
✔ sqlite: losing the prior frame does not turn an old catalog request into a conflict with the current task version (464.765834ms)
✔ file-journal: source deletion during the context head exists check prevents reservation and head publication (5120.932875ms)
✔ file-journal: source deletion inside repository commit retires the published head and cancels the model reservation before returning (4349.821459ms)
✔ file-journal: losing the prior frame does not turn an old catalog request into a conflict with the current task version (1388.031042ms)
✔ required full and reference information survives optional content pressure (2.157375ms)
✔ a full value cheaper than its required reference satisfies the minimum without overflow (0.180083ms)
✔ a required reference cap rejects contradictory bounds and never substitutes a cheaper full payload (0.76325ms)
✔ optional reference caps consume only reference bytes and remain omitted when that representation does not fit (0.427458ms)
✔ a reference cap overrides full residency and new use without counting references as full reloads (1.292375ms)
✔ high and low watermarks retain compact mode until the lower boundary is crossed (0.181292ms)
✔ mere inclusion is not actual use and an idle full value does not automatically reload (0.343333ms)
✔ a new actual use marker refreshes usage and reloads the same digest once (0.233375ms)
✔ minimum residency delays idle eviction for two cycles while the hard budget still wins (0.177833ms)
✔ five changing working sets preserve old counterevidence, pending and unknown references (0.641375ms)
✔ removed authority and changed digests cannot be revived by resident or use history (0.39975ms)
✔ decisions are stable by minimum, priority, real use, recency, residence and key (0.178458ms)
✔ recently evicted content waits through cooldown unless actual use or a minimum requires it (0.109417ms)
✔ memo storage is bounded and prioritizes selected residents without changing decisions (0.585417ms)
✔ inputs and previous memo stay immutable and byte sums match selected representations (0.120875ms)
✔ duplicate keys, malformed items, invalid budgets and inconsistent memo are rejected (1.014834ms)
✔ context store stages an immutable frame without publishing it and reads the installed basis N from revision N+1 (66.072375ms)
✔ context store sqlite: derived frame and installed head survive separate reopened instances (131.535292ms)
✔ context store file-journal: derived frame and installed head survive separate reopened instances (323.924708ms)
✔ context store regenerates a missing derived frame without editing the authoritative head (42.045166ms)
✔ context store regenerates a corrupt derived frame without editing the authoritative head (64.338833ms)
✔ context store regenerates a invalid-json derived frame without editing the authoritative head (82.681584ms)
✔ context store regenerates a invalid-schema derived frame without editing the authoritative head (81.731958ms)
✔ context store excludes a foreign-work previous head or frame (93.106167ms)
✔ context store excludes a foreign-tenant previous head or frame (43.766667ms)
✔ context store excludes a cycle previous head or frame (44.656625ms)
✔ context store excludes a basis previous head or frame (59.310416ms)
✔ context store excludes a unpublished previous head or frame (55.905083ms)
✔ context store excludes a policy previous head or frame (39.833ms)
✔ context store excludes a goal previous head or frame (48.237166ms)
✔ context store excludes a generation previous head or frame (39.658542ms)
✔ context store excludes a blocked previous head or frame (53.986ms)
✔ context store excludes a underlabelled previous head or frame (89.044334ms)
✔ context store checks stale frame basis and forbidden packet policy before writing any candidate (10.773166ms)
✔ context store previous rejects goal changes during artifact I/O (45.015875ms)
✔ context store previous rejects policy changes during artifact I/O (59.145625ms)
✔ context store previous rejects generation changes during artifact I/O (58.91575ms)
✔ context store previous rejects source changes during artifact I/O (59.94975ms)
✔ context store put rejects goal changes during artifact I/O (53.957542ms)
✔ context store put rejects policy changes during artifact I/O (45.813167ms)
✔ context store put rejects generation changes during artifact I/O (57.993959ms)
✔ context store put rejects source changes during artifact I/O (46.001ms)
✔ context store readback rejects goal changes during artifact I/O (53.758209ms)
✔ context store readback rejects policy changes during artifact I/O (57.212333ms)
✔ context store readback rejects generation changes during artifact I/O (57.934833ms)
✔ context store readback rejects source changes during artifact I/O (59.799625ms)
✔ context store never turns state or source failure during a missing-frame read into successful regeneration (51.838167ms)
✔ context store refuses unavailable knowledge even when there is no previous head (6.125333ms)
✔ context store leaves the previous head intact when candidate storage fails (54.812833ms)
✔ context store rejects a relabelled put receipt or altered readback bytes and never publishes a head (49.056625ms)
✔ context store applies byte limits before writing or loading a derived frame (59.881041ms)
✔ canonical state has explicit nulls, bounded revisions and no provider/SQL objects (2.823875ms)
✔ goal validation cannot silently drop unknown authorization fields or empty completion rules (0.158791ms)
✔ partial result is distinct from complete result and API errors are not evidence of absence (0.527792ms)
✔ plan and context explicitly bind state and goal revisions (0.613709ms)
✔ invalid provider content is not included in validation error text (0.128875ms)
✔ a late counterexample prevents a previously delivered answer from being displayed as the current result (549.784708ms)
✔ a public snapshot retries a goal change during artifact verification (527.944584ms)
✔ conversation view keeps message selection and public status on the same revision (415.31525ms)
✔ cancelled work displays its status rather than its historical delivered result (398.767625ms)
✔ request acceptance is atomic, duplicate input is stable and each conversation can bind several works (17.411875ms)
✔ failed acceptance commit creates neither a work nor a reception acknowledgment (56.43375ms)
✔ analysis, response preparation, delivery and completion are distinct; retransmission never collects evidence again (26.243834ms)
✔ analysis-only completion does not pretend that its result was prepared or delivered (8.366458ms)
✔ pending questions are grouped once and resolving a question cannot waive required result delivery (6.134292ms)
✔ independent dispatchers claim once and receipt reconciliation after restart does not send again (63.824208ms)
✔ ambiguous delivery with no idempotency stays unknown, including repeated and timed-out lookup (11.492334ms)
✔ idempotent absent receipt permits only a bounded later retry and permanent failure stays visible (4.870583ms)
✔ goal before delivery prevents an obsolete or unauthorized result from being sent (7.354958ms)
✔ cancel before delivery prevents an obsolete or unauthorized result from being sent (7.019708ms)
✔ labels before delivery prevents an obsolete or unauthorized result from being sent (6.371458ms)
✔ destination before delivery prevents an obsolete or unauthorized result from being sent (5.728167ms)
✔ pause preserves pending delivery and resume can complete it without another source call (8.861416ms)
✔ late confirmed delivery is historical and cannot satisfy a revised goal (6.346209ms)
✔ an uncertain old-goal delivery retains its uncertainty when superseded by a new goal (7.674666ms)
✔ SIGKILL between channel commit and outbox settlement recovers from two reopened databases without another send (220.092125ms)
✔ a never-dispatched response can be prepared after permission restoration, and large questions retain their full artifact (15.186833ms)
✔ sqlite/documents-simple: delete blocks derived copies and pending result; restart preserves tombstone and cancellation works after bytes are absent (395.945166ms)
✔ sqlite/observations-simple: delete blocks derived copies and pending result; restart preserves tombstone and cancellation works after bytes are absent (387.46125ms)
✔ file-journal/documents-simple: delete blocks derived copies and pending result; restart preserves tombstone and cancellation works after bytes are absent (1890.123333ms)
✔ file-journal/observations-simple: delete blocks derived copies and pending result; restart preserves tombstone and cancellation works after bytes are absent (1269.770625ms)
✔ sqlite: lifecycle ownership, concurrent generation and command identity are enforced (186.891291ms)
✔ sqlite: a question prepared before access removal is superseded without sending its text (218.767084ms)
✔ sqlite: data removal preserves an already dispatched write as an unresolved effect (195.034709ms)
✔ sqlite: tool reply is revalidated after lifecycle change during artifact storage (202.273083ms)
✔ sqlite: model reply is revalidated after lifecycle change during artifact storage (301.569834ms)
✔ sqlite: validity retraction allows labelled historical inspection and correction uses a new immutable evidence ID (162.674875ms)
✔ sqlite: a stored core.calls.get copy cannot expose deleted source content (251.300959ms)
✔ sqlite: evidence read rechecks a lifecycle change during artifact I/O (165.869ms)
✔ sqlite: original read rechecks a lifecycle change during artifact I/O (165.775459ms)
✔ sqlite: result read rechecks a lifecycle change during artifact I/O (145.097125ms)
✔ sqlite: old dispatched tool reply after deletion is stored only as a sanitized failure (177.077916ms)
✔ sqlite: late model reply after deletion retains measured usage without retaining forbidden proposal text (286.9065ms)
✔ file-journal: lifecycle ownership, concurrent generation and command identity are enforced (714.825166ms)
✔ file-journal: a question prepared before access removal is superseded without sending its text (1158.22525ms)
✔ file-journal: data removal preserves an already dispatched write as an unresolved effect (1203.911333ms)
✔ file-journal: tool reply is revalidated after lifecycle change during artifact storage (684.39275ms)
✔ file-journal: model reply is revalidated after lifecycle change during artifact storage (990.12825ms)
✔ file-journal: validity retraction allows labelled historical inspection and correction uses a new immutable evidence ID (788.664625ms)
✔ file-journal: a stored core.calls.get copy cannot expose deleted source content (1217.209333ms)
✔ file-journal: evidence read rechecks a lifecycle change during artifact I/O (577.721792ms)
✔ file-journal: original read rechecks a lifecycle change during artifact I/O (451.298458ms)
✔ file-journal: result read rechecks a lifecycle change during artifact I/O (531.617792ms)
✔ file-journal: old dispatched tool reply after deletion is stored only as a sanitized failure (812.194333ms)
✔ file-journal: late model reply after deletion retains measured usage without retaining forbidden proposal text (826.682291ms)
✔ sqlite: restricted work reaches neither external estimator nor model even without an evidence body (77.931459ms)
✔ sqlite: authorized internal model retains the floor through a forced compact and stored request (110.760166ms)
✔ sqlite: disclosure revoked during source assembly stops the estimator before it receives prose (68.951583ms)
✔ sqlite: revoked model disclosure cancels a stored request before adapter entry (71.51975ms)
✔ sqlite: disclosure revoked during stored model input read stops the final transport (94.130458ms)
✔ sqlite: tool access labels cannot authorize restricted task inputs to an external tool (93.001708ms)
✔ sqlite: read permission narrowing does not relabel old task prose as public (82.933833ms)
✔ sqlite: authorized internal tool receives one invocation after current disclosure check (65.97475ms)
✔ sqlite: changed disclosure during asynchronous tool preflight stops adapter entry (90.945875ms)
✔ sqlite: denied channel cannot receive even a queued acknowledgement from restricted work (61.801417ms)
✔ sqlite: disclosure revocation preserves unknown delivery and prevents full-body lookup (101.206709ms)
✔ sqlite: still-authorized unknown delivery uses lookup without resending (105.5525ms)
✔ sqlite: policy changed during artifact check stops an unknown question lookup (145.003ms)
✔ sqlite: child budget cannot omit or expand parent disclosure policy (67.210834ms)
✔ sqlite: child read-scope narrowing inherits the parent prose floor and blocks model export (76.089875ms)
✔ sqlite: legacy parent cannot classify copied work prose by creating a boundary-enabled child (56.459583ms)
✔ sqlite: floor and active policy cannot be removed by a direct state commit (49.06125ms)
✔ sqlite: classifying a preexisting legacy work requires explicit migration (58.08125ms)
✔ file-journal: restricted work reaches neither external estimator nor model even without an evidence body (124.636667ms)
✔ file-journal: authorized internal model retains the floor through a forced compact and stored request (408.23625ms)
✔ file-journal: disclosure revoked during source assembly stops the estimator before it receives prose (167.968541ms)
✔ file-journal: revoked model disclosure cancels a stored request before adapter entry (378.732542ms)
✔ file-journal: disclosure revoked during stored model input read stops the final transport (290.796875ms)
✔ file-journal: tool access labels cannot authorize restricted task inputs to an external tool (341.640625ms)
✔ file-journal: read permission narrowing does not relabel old task prose as public (256.208375ms)
✔ file-journal: authorized internal tool receives one invocation after current disclosure check (280.140917ms)
✔ file-journal: changed disclosure during asynchronous tool preflight stops adapter entry (494.69225ms)
✔ file-journal: denied channel cannot receive even a queued acknowledgement from restricted work (413.998792ms)
✔ file-journal: disclosure revocation preserves unknown delivery and prevents full-body lookup (461.176875ms)
✔ file-journal: still-authorized unknown delivery uses lookup without resending (513.791959ms)
✔ file-journal: policy changed during artifact check stops an unknown question lookup (822.967375ms)
✔ file-journal: child budget cannot omit or expand parent disclosure policy (232.905625ms)
✔ file-journal: child read-scope narrowing inherits the parent prose floor and blocks model export (439.217208ms)
✔ file-journal: legacy parent cannot classify copied work prose by creating a boundary-enabled child (117.596ms)
✔ file-journal: floor and active policy cannot be removed by a direct state commit (103.873625ms)
✔ file-journal: classifying a preexisting legacy work requires explicit migration (102.831167ms)
✔ memory state adapter applies the same floor transition guard as persistent adapters (0.592708ms)
✔ direct structured adapter denies estimation and transport using the retained context floor (1.218417ms)
✔ disclosure comparison: twelve A/B/C transport cases use two fixture families and reopened persistent stores (7930.731417ms)
✔ disclosure comparison: independent scoring rejects injected outbound originals even with rewritten measurement claims (150.8505ms)
✔ disclosure comparison: empty release, missing raw checks and advisory authority cannot become passing zero-leak samples (1430.774708ms)
✔ disclosure comparison: same-lineage and renamed copies retain root dependency while missing roots cannot independently complete (1.37225ms)
✔ disclosure comparison: tool and A2A data cannot add policy authority to a strict model proposal or mutate stored work (1.526583ms)
✔ destination rules combine read authority, destination, surface and labels (0.744833ms)
✔ duplicate destinations and rules with arbitrary output keys or ambiguous mappings are rejected (3.013083ms)
✔ child policies cannot remove destination restrictions or increase release budgets (0.105875ms)
✔ sqlite: release keeps only finite mapped facts and preserves immutable internal source proof (100.972208ms)
✔ sqlite: retry and reopen reuse the recorded release without resetting its budget (129.729125ms)
✔ sqlite: lineage aliases count repeated copies as the same source (106.781666ms)
✔ sqlite: release does not accept data-supplied policy, an unknown field value, or missing evidence (114.861375ms)
✔ sqlite: restrict invalidates a stored release and preserves prior disclosure usage (106.443ms)
✔ sqlite: retract invalidates a stored release and preserves prior disclosure usage (115.650875ms)
✔ sqlite: supersede invalidates a stored release and preserves prior disclosure usage (127.329292ms)
✔ sqlite: delete invalidates a stored release and preserves prior disclosure usage (118.370708ms)
✔ sqlite: policy invalidates a stored release and preserves prior disclosure usage (103.292042ms)
✔ sqlite: goal invalidates a stored release and preserves prior disclosure usage (132.928167ms)
✔ sqlite: current read restrictions and wrong actor prevent release and later read (109.12225ms)
✔ sqlite: policy revocation during original read prevents publication (112.673917ms)
✔ sqlite: raw source gates cover every export surface without reclassifying the source (108.038375ms)
✔ sqlite: accumulated bytes and request identity remain binding (129.995917ms)
✔ sqlite: concurrent release publication does not overspend a one-release budget (158.628541ms)
✔ sqlite: release proof and cumulative history cannot be deleted or rewritten (96.387375ms)
✔ file-journal: release keeps only finite mapped facts and preserves immutable internal source proof (286.72575ms)
✔ file-journal: retry and reopen reuse the recorded release without resetting its budget (715.6585ms)
✔ file-journal: lineage aliases count repeated copies as the same source (430.379791ms)
✔ file-journal: release does not accept data-supplied policy, an unknown field value, or missing evidence (202.812917ms)
✔ file-journal: restrict invalidates a stored release and preserves prior disclosure usage (216.07775ms)
✔ file-journal: retract invalidates a stored release and preserves prior disclosure usage (456.842458ms)
✔ file-journal: supersede invalidates a stored release and preserves prior disclosure usage (271.488625ms)
✔ file-journal: delete invalidates a stored release and preserves prior disclosure usage (303.976916ms)
✔ file-journal: policy invalidates a stored release and preserves prior disclosure usage (266.333417ms)
✔ file-journal: goal invalidates a stored release and preserves prior disclosure usage (213.750209ms)
✔ file-journal: current read restrictions and wrong actor prevent release and later read (274.153167ms)
✔ file-journal: policy revocation during original read prevents publication (128.778125ms)
✔ file-journal: raw source gates cover every export surface without reclassifying the source (431.997458ms)
✔ file-journal: accumulated bytes and request identity remain binding (371.797583ms)
✔ file-journal: concurrent release publication does not overspend a one-release budget (235.226875ms)
✔ file-journal: release proof and cumulative history cannot be deleted or rewritten (267.599ms)
✔ sqlite: a generic artifact reference cannot bypass its connected evidence restriction (95.624625ms)
✔ sqlite: changed or unavailable memory dependencies stop release and raw views (96.348042ms)
✔ sqlite: a new lineage on derived evidence does not create a new independent root (97.3285ms)
✔ sqlite: a lost commit response cannot erase a disclosure or give its budget back (105.774167ms)
✔ sqlite: an unclassified new work cannot opt in with an empty label floor (102.927458ms)
✔ file-journal: a generic artifact reference cannot bypass its connected evidence restriction (147.7715ms)
✔ file-journal: changed or unavailable memory dependencies stop release and raw views (315.037292ms)
✔ file-journal: a new lineage on derived evidence does not create a new independent root (386.740291ms)
✔ file-journal: a lost commit response cannot erase a disclosure or give its budget back (523.154292ms)
✔ file-journal: an unclassified new work cannot opt in with an empty label floor (144.119708ms)
✔ sqlite: every released transport entry rechecks source authority and receiver binding (116.752333ms)
✔ sqlite: revocation during released source validation prevents receiver entry (107.955625ms)
✔ sqlite: a receiver exception is an unknown outcome with retained release usage and no source-bearing error (89.821792ms)
✔ file-journal: every released transport entry rechecks source authority and receiver binding (676.275916ms)
✔ file-journal: revocation during released source validation prevents receiver entry (529.582792ms)
✔ file-journal: a receiver exception is an unknown outcome with retained release usage and no source-bearing error (448.241958ms)
✔ sqlite: initial model disclosure denial returns a durable blocked workflow and checkpoint (159.46925ms)
✔ sqlite: revoked reserved model is accounted as unused and resumes with one fresh call after reopen (369.149292ms)
✔ sqlite: disclosure changes inside dispatch preflight settle a known-unused reservation instead of escaping (162.184ms)
✔ sqlite: required result channel denial persists blocked state and can resume delivery from checkpoint (177.612042ms)
✔ sqlite: completed analysis keeps its terminal state while unavailable channel yields an undelivered response (153.993709ms)
✔ sqlite: an unsuccessful resume under unchanged channel policy blocks again without becoming runnable (165.946916ms)
✔ sqlite: simultaneous cancel and disclosure revocation preserve user control and unused accounting (113.244833ms)
✔ sqlite: simultaneous pause and disclosure revocation preserve user control and unused accounting (121.390292ms)
✔ file-journal: initial model disclosure denial returns a durable blocked workflow and checkpoint (1147.072ms)
✔ file-journal: revoked reserved model is accounted as unused and resumes with one fresh call after reopen (3919.091542ms)
✔ file-journal: disclosure changes inside dispatch preflight settle a known-unused reservation instead of escaping (1270.701375ms)
✔ file-journal: required result channel denial persists blocked state and can resume delivery from checkpoint (2334.292333ms)
✔ file-journal: completed analysis keeps its terminal state while unavailable channel yields an undelivered response (2335.102333ms)
✔ file-journal: an unsuccessful resume under unchanged channel policy blocks again without becoming runnable (1028.781459ms)
✔ file-journal: simultaneous cancel and disclosure revocation preserve user control and unused accounting (1323.775125ms)
✔ file-journal: simultaneous pause and disclosure revocation preserve user control and unused accounting (958.837792ms)
✔ inject all local ports without a database or channel SDK: documents-simple (7.021708ms)
✔ inject all local ports without a database or channel SDK: observations-simple (0.739917ms)
✔ scripted planner honors cancellation and cannot mutate caller state (0.349292ms)
✔ fake sink exposes delivery uncertainty and deduplicates only matching content (0.110209ms)
✔ sqlite: injected invalid retained proof blocks every pending ack, question and failure before transport (154.517958ms)
✔ sqlite: retained failed proof blocks receipt lookup and settlement for uncertain ack, question and failure (101.783792ms)
✔ sqlite: settled-to-failed transition during send cannot adopt an already returned channel receipt (318.919917ms)
✔ sqlite: failed-only retained proof is checked again at the final delivery commit after an artifact await (274.88075ms)
✔ file-journal: injected invalid retained proof blocks every pending ack, question and failure before transport (1213.848584ms)
✔ file-journal: retained failed proof blocks receipt lookup and settlement for uncertain ack, question and failure (362.05225ms)
✔ file-journal: settled-to-failed transition during send cannot adopt an already returned channel receipt (1292.8225ms)
✔ file-journal: failed-only retained proof is checked again at the final delivery commit after an artifact await (1680.973917ms)
✔ effect proofs: a legacy work uses neither the optional checker nor any refresh mutation (19.472792ms)
✔ effect proofs: settled claims require a checker and checker failures stay unavailable (10.039792ms)
✔ effect proofs: missing checker reopens the original obligation and cancels ordinary reservations once without rewriting proof history (6.572291ms)
✔ effect proofs: expired reserved lookup releases only an undispatched reservation and preserves measured uncertainty (4.522917ms)
✔ effect proofs: expired running lookup releases only an undispatched reservation and preserves measured uncertainty (4.040708ms)
✔ effect proofs: lifecycle deletion reopens a settled effect and quarantines all linked references without changing received facts or timestamps (6.210667ms)
✔ effect proofs: a committed tool dispatch with missing proof authority cannot silently bypass the broker (7.703125ms)
✔ effect proofs: a committed tool dispatch with invalid proof authority cannot silently bypass the broker (5.669209ms)
✔ effect proofs: a committed tool dispatch with valid proof authority cannot silently bypass the broker (6.247458ms)
✔ effect proofs: a reuse await that loses proof validity is checked before implementation entry (5.059542ms)
✔ effect proofs: invalid proof prevents new model reservation before compiling input (3.953875ms)
✔ effect proofs: losing proof during model input read prevents actual planner entry and still settles the dispatched call (12.749334ms)
✔ effect proofs: loss during adoption artifact checks rejects a stored model proposal while preserving usage (6.2265ms)
✔ effect proofs: a valid checker permits one model invocation and adoption with the historical proof unchanged (8.062708ms)
✔ effect proofs: proof loss during result body storage prevents response publication (5.645375ms)
✔ effect proofs: a same-revision snapshot suppresses an existing result when its proof becomes unavailable during the read (4.606875ms)
✔ sqlite: work resource bodies and metadata use canonical effect proof with a narrowed caller and fail without a checker (410.756792ms)
✔ sqlite: proof invalidation during original or stored result I/O cannot return the already read body (421.527917ms)
✔ sqlite: disclosure release, saved payload, raw read and receiver entry all retain current source effect proof (417.734875ms)
✔ sqlite: private, derived and cached shared memory cannot outlive the original work effect proof (472.557083ms)
✔ sqlite: source proof authentication does not recursively validate memory copied into that same work (1166.572875ms)
✔ sqlite: a failed historical effect proof stays required after refresh and reopen until the same source is explicitly proved again (1608.6165ms)
✔ file-journal: work resource bodies and metadata use canonical effect proof with a narrowed caller and fail without a checker (1167.19025ms)
✔ file-journal: proof invalidation during original or stored result I/O cannot return the already read body (963.661083ms)
✔ file-journal: disclosure release, saved payload, raw read and receiver entry all retain current source effect proof (1423.333875ms)
✔ file-journal: private, derived and cached shared memory cannot outlive the original work effect proof (1820.62975ms)
✔ file-journal: source proof authentication does not recursively validate memory copied into that same work (9030.077667ms)
✔ file-journal: a failed historical effect proof stays required after refresh and reopen until the same source is explicitly proved again (10932.991083ms)
✔ evaluation build: none checks source and executed output together (86.583167ms)
✔ evaluation build: source checks source and executed output together (71.446959ms)
✔ evaluation build: compiled checks source and executed output together (114.908417ms)
✔ evaluation build: missing checks source and executed output together (75.759291ms)
✔ evaluation build: runtime checks source and executed output together (76.873167ms)
✔ evaluation build: orphan checks source and executed output together (74.21725ms)
✔ evaluation build: a source change during case selection cannot relabel older compiled execution (138.973792ms)
✔ sqlite: readonly evaluation replay authenticates full receipt history, old originals and the current resume packet after reopen (233.67775ms)
✔ sqlite: version, pins and independently recomputed score are required without writes (215.394667ms)
✔ sqlite: receipt omission, duplicates, absent receipts and changed stored states fail closed (172.31425ms)
✔ sqlite: altered oracle and expected outcome cannot be blessed by recomputing sample and score hashes (207.610791ms)
✔ sqlite: rehashing an altered or dropped intermediate completion cannot bypass receipt-state binding (212.027459ms)
✔ sqlite: repeated readonly observations and explicit status-only measurement preserve historical receipt validation (219.755375ms)
✔ sqlite: omitted historical artifacts and conflicting refs are detected independently of the supplied list (180.267291ms)
✔ sqlite: deleted original is unavailable even with intact state, score and resume blob (159.092083ms)
✔ sqlite: corrupt original is unavailable even with intact state, score and resume blob (163.740125ms)
✔ sqlite: historical_deleted original is unavailable even with intact state, score and resume blob (220.751084ms)
✔ sqlite: wrong owner and the current actor's narrower label policy cannot replay source bytes (175.311084ms)
✔ sqlite: a currently indexed original cannot override a durable lifecycle tombstone (214.999ms)
✔ sqlite: foreign, body-altered and lost resume packets fail without regeneration (286.785709ms)
✔ sqlite: canonical changes during original I/O prevent a successful replay result (170.969125ms)
✔ sqlite: a receipt changed after initial validation is caught at the final read boundary (183.705625ms)
✔ sqlite: caller mutation cannot replace the in-flight sample and current actor revocation is detected (202.8705ms)
✔ file-journal: readonly evaluation replay authenticates full receipt history, old originals and the current resume packet after reopen (606.444875ms)
✔ file-journal: version, pins and independently recomputed score are required without writes (375.801958ms)
✔ file-journal: receipt omission, duplicates, absent receipts and changed stored states fail closed (506.060459ms)
✔ file-journal: altered oracle and expected outcome cannot be blessed by recomputing sample and score hashes (407.745041ms)
✔ file-journal: rehashing an altered or dropped intermediate completion cannot bypass receipt-state binding (860.06175ms)
✔ file-journal: repeated readonly observations and explicit status-only measurement preserve historical receipt validation (575.952583ms)
✔ file-journal: omitted historical artifacts and conflicting refs are detected independently of the supplied list (535.554625ms)
✔ file-journal: deleted original is unavailable even with intact state, score and resume blob (458.414291ms)
✔ file-journal: corrupt original is unavailable even with intact state, score and resume blob (513.83075ms)
✔ file-journal: historical_deleted original is unavailable even with intact state, score and resume blob (512.308084ms)
✔ file-journal: wrong owner and the current actor's narrower label policy cannot replay source bytes (592.575625ms)
✔ file-journal: a currently indexed original cannot override a durable lifecycle tombstone (637.08575ms)
✔ file-journal: foreign, body-altered and lost resume packets fail without regeneration (1149.931666ms)
✔ file-journal: canonical changes during original I/O prevent a successful replay result (733.987667ms)
✔ file-journal: a receipt changed after initial validation is caught at the final read boundary (630.952125ms)
✔ file-journal: caller mutation cannot replace the in-flight sample and current actor revocation is detected (871.808875ms)
✔ forgotten evidence is rediscovered by ID, source, locator or facts without returning fact bodies (27.475917ms)
✔ hidden, retracted, superseded and parent-retracted evidence never contributes cards or hasMore (12.478ms)
✔ Korean NFC and NFD clues and English case variants find the same current evidence (8.131416ms)
✔ the evidence discovery tool preserves bounded current-card and partial-call semantics (7.379917ms)
✔ locator truncation preserves the exact evidence ID and reports partial coverage without inventing more matches (5.444125ms)
✔ different owners, tenants and narrower caller labels cannot inspect evidence discovery cards (6.741083ms)
✔ retained knowledge failure at validation 1 blocks cards before return (7.1205ms)
✔ retained knowledge failure at validation 2 blocks cards before return (5.290875ms)
✔ a work retaining knowledge cannot discover derived evidence without its current validator (6.145042ms)
✔ a goal change while the final source-state read waits prevents returning earlier-scope cards (5.484417ms)
✔ caller permission narrowing during the knowledge gate is detected even without a work revision change (5.05825ms)
✔ strict discovery arguments reject extra authority, excessive query length and invalid limits (5.744708ms)
✔ instructions in source facts remain data and discovery changes no facts, goal, plan or authority (5.214625ms)
✔ pre-aborted discovery uses the common read wrapper without reading the work (5.332583ms)
✔ current and historical views enforce own access, tenant, scope and artifact labels while omitted access stays available (1.393792ms)
✔ two generations of derived evidence lose current validity when an ancestor is retracted or superseded, while history stays readable (0.142708ms)
✔ ancestor restriction, deletion, missing reference or revoked labels blocks current and historical descendants (0.085375ms)
✔ a correction remains a monotonic supersession after retraction, restriction, deletion or permission loss (0.135625ms)
✔ supersession uses the full valid version chain and is independent of record ordering (0.067209ms)
✔ foreign tenant, scope, source, lineage and invalid time cannot suppress a valid original (0.177084ms)
✔ a replacement does not depend on a superseded body being current or present in a selected view (0.064042ms)
✔ cyclic, missing and ambiguous derived references fail closed without removing independent evidence (0.053458ms)
✔ deep derived chains are evaluated without recursive call-stack growth and do not become independent sources (8.319917ms)
✔ record intake accepts parents and descendants in either order and preserves caller objects (3.5595ms)
✔ record intake requires inherited labels on both derivation and replacement edges (0.570333ms)
✔ record intake requires artifact labels to cover the evidence and rejects artifacts outside policy (0.429584ms)
✔ new records inherit transitive dependency labels even if a legacy intermediate record was under-labelled (0.374875ms)
✔ shared ancestry across multiple parents is not mistaken for a cycle (0.133209ms)
✔ derived intake refuses historical or inaccessible ancestors and checks validity after the whole incoming batch (0.376542ms)
✔ replacement intake permits an accessible retracted target but never an inaccessible historical target (0.143125ms)
✔ record intake rejects missing references and invalid tenant, scope, source, lineage or time on replacements (0.284375ms)
✔ record intake rejects self, indirect and mixed cycles before accepting partial lineage (0.125708ms)
✔ omitted and explicit available access are idempotently equivalent but content or access changes cannot overwrite an ID (0.542709ms)
✔ tool-result validation preserves effect, error and artifact guards while using the shared record intake (0.22325ms)
✔ evaluation: fixture truth distinguishes acknowledgement, first original, delivered useful answer and verified completion (4.519458ms)
✔ evaluation: a runtime completed flag cannot replace the fixed expected facts (0.562375ms)
✔ evaluation: absent expected facts do not count as verified evidence or a useful answer (0.252458ms)
✔ evaluation: early delivered answers remain false completion even if the final state later becomes correct (0.495459ms)
✔ evaluation: a correct result before a declared late-evidence release fails the fixed timeline oracle (0.295583ms)
✔ evaluation: wrong source identity cannot satisfy an original named by the fixture oracle (0.197875ms)
✔ evaluation: wrong lineage identity cannot satisfy an original named by the fixture oracle (0.195167ms)
✔ evaluation: wrong observation time cannot satisfy an original named by the fixture oracle (0.396834ms)
✔ evaluation: wrong tenant cannot satisfy an original named by the fixture oracle (0.27325ms)
✔ evaluation: wrong scope cannot satisfy an original named by the fixture oracle (0.248417ms)
✔ evaluation: restricted label cannot satisfy an original named by the fixture oracle (0.198125ms)
✔ evaluation: restricted access cannot satisfy an original named by the fixture oracle (0.159541ms)
✔ evaluation: retracted source cannot satisfy an original named by the fixture oracle (0.168542ms)
✔ evaluation: copied source cannot satisfy an original named by the fixture oracle (0.269709ms)
✔ evaluation: partial coverage cannot satisfy an original named by the fixture oracle (0.171958ms)
✔ evaluation: two required records from one lineage cannot satisfy a two-source criterion even with matching facts (0.223292ms)
✔ evaluation: duplicate source IDs, current forbidden evidence and unresolved counterevidence fail independently (0.511875ms)
✔ evaluation: a pinned replacement must remain readable, accepted, original and complete without resurrecting its withdrawn predecessor (0.976792ms)
✔ evaluation: hypothesis status and current original support are checked against the pinned final hypothesis (0.308541ms)
✔ evaluation: answer delivery requires authorized routing and explicit required evidence references (0.583292ms)
✔ evaluation: waiting with an unknown delivery reports no useful answer latency and preserves its delivery obligation (0.158417ms)
✔ evaluation: run errors and mismatched final control remain failures even for an expected blocked case (0.194ms)
✔ evaluation: completed states with pending obligations or an undelivered required response are false completion (0.683291ms)
✔ evaluation: status-only observation of an existing completed work is not a new completion or answer (0.272708ms)
✔ evaluation: cumulative costs cannot disappear and unknown model usage cannot become fabricated zero after resume (0.306375ms)
✔ evaluation: a real late usage report may resolve unknown reservations while preserving known and additional charges (0.233375ms)
✔ evaluation: a gate failure before dispatch costs zero, while a dispatched call denied before invocation remains charged (0.473959ms)
✔ evaluation: observations and source queries can repeat without duplicating intervention or context accounting (0.2325ms)
✔ evaluation: context cost comes from unique persisted model calls and remains distinct from reported token usage (0.61425ms)
✔ evaluation summary: contract success, all-case completion and eligible completion use different explicit denominators (5.228542ms)
✔ evaluation summary: nearest-rank p50/p95 include answer samples only and report the sample count (0.838875ms)
✔ evaluation summary: supplied scores join by case ID and cannot silently replace missing or duplicate cases (0.626209ms)
✔ sqlite: two local callers join one real execution and preserve owner, lease, deadline and one budget charge (182.979541ms)
✔ sqlite: cancelling the initiating caller and another joined caller detaches only their waits (169.950125ms)
✔ sqlite: an already aborted caller cannot create an execution (76.428875ms)
✔ sqlite: another facade observes durable running and settled states without claiming local promise ownership (153.039042ms)
✔ sqlite: a different owner and an expired reservation remain explicit waits without lease renewal or automatic recovery (80.831542ms)
✔ sqlite: reopening a dispatched write never replays it and explicit recovery retains the unknown effect obligation (94.732ms)
✔ sqlite: reopening after a stored result reports received without executing or adopting it again (141.254584ms)
✔ sqlite: state changes during receipt lookup are reread before the facade decides to execute (86.942834ms)
✔ sqlite: a reporting read error after successful execution is shared as an error and retry only observes the durable result (170.720542ms)
✔ file-journal: two local callers join one real execution and preserve owner, lease, deadline and one budget charge (547.003042ms)
✔ file-journal: cancelling the initiating caller and another joined caller detaches only their waits (497.940542ms)
✔ file-journal: an already aborted caller cannot create an execution (201.012666ms)
✔ file-journal: another facade observes durable running and settled states without claiming local promise ownership (515.158333ms)
✔ file-journal: a different owner and an expired reservation remain explicit waits without lease renewal or automatic recovery (406.653334ms)
✔ file-journal: reopening a dispatched write never replays it and explicit recovery retains the unknown effect obligation (807.98975ms)
✔ file-journal: reopening after a stored result reports received without executing or adopting it again (441.553709ms)
✔ file-journal: state changes during receipt lookup are reread before the facade decides to execute (220.257ms)
✔ file-journal: a reporting read error after successful execution is shared as an error and retry only observes the durable result (568.928542ms)
✔ execution mode CLI sqlite: fast reception survives process exit and repeated status is read-only (1169.289125ms)
✔ execution mode CLI sqlite: mode command is durable and idempotent while stale revisions do not change state (1334.6705ms)
✔ execution mode CLI sqlite: a pending mode change is visible after exit and preserves the reserved attempt (1351.735709ms)
✔ execution mode CLI sqlite: enum, both revisions and an explicit nonblank reason are required (1292.19375ms)
✔ execution mode CLI sqlite: irrelevant mode options are rejected before opening a profile (652.534416ms)
✔ execution mode CLI sqlite documents-simple: changing mode preserves the goal, original source and completed work (1570.987959ms)
✔ execution mode CLI sqlite observations-simple: changing mode preserves the goal, original source and completed work (1981.104375ms)
✔ execution mode CLI file-journal: fast reception survives process exit and repeated status is read-only (1794.80125ms)
✔ execution mode CLI file-journal: mode command is durable and idempotent while stale revisions do not change state (1741.909958ms)
✔ execution mode CLI file-journal: a pending mode change is visible after exit and preserves the reserved attempt (2355.8225ms)
✔ execution mode CLI file-journal: enum, both revisions and an explicit nonblank reason are required (1737.602125ms)
✔ execution mode CLI file-journal: irrelevant mode options are rejected before opening a profile (662.23775ms)
✔ execution mode CLI file-journal documents-simple: changing mode preserves the goal, original source and completed work (3708.193125ms)
✔ execution mode CLI file-journal observations-simple: changing mode preserves the goal, original source and completed work (3588.961ms)
✔ sqlite/documents-simple/auto: one necessary plan and observation complete with no extra investigation (474.028709ms)
✔ sqlite/documents-simple/fast: one necessary plan and observation complete with no extra investigation (378.632208ms)
✔ sqlite/documents-simple/deep: one necessary plan and observation complete with no extra investigation (392.192834ms)
✔ sqlite/observations-simple/auto: one necessary plan and observation complete with no extra investigation (384.620916ms)
✔ sqlite/observations-simple/fast: one necessary plan and observation complete with no extra investigation (355.089541ms)
✔ sqlite/observations-simple/deep: one necessary plan and observation complete with no extra investigation (376.9025ms)
✔ sqlite/documents-complex/auto: complex scope is either validated for investigation or rejected without false completion (511.103666ms)
✔ sqlite/documents-complex/fast: complex scope is either validated for investigation or rejected without false completion (219.616041ms)
✔ sqlite/documents-complex/deep: complex scope is either validated for investigation or rejected without false completion (560.284542ms)
✔ sqlite/observations-complex/auto: complex scope is either validated for investigation or rejected without false completion (424.884708ms)
✔ sqlite/observations-complex/fast: complex scope is either validated for investigation or rejected without false completion (205.761084ms)
✔ sqlite/observations-complex/deep: complex scope is either validated for investigation or rejected without false completion (479.086ms)
✔ sqlite: mode commands enforce owner and both revisions, remain idempotent, and preserve goal and costs (98.761541ms)
✔ sqlite: lowering to fast after two paid reads cannot reset usage or oversubscribe the next reservation (248.827917ms)
✔ sqlite: explicit model cap and fast cap include reservations and do not reopen paid capacity (522.037ms)
✔ sqlite: a running model keeps its pending mode request and late reply accounting until the next safe boundary (354.031291ms)
✔ sqlite: a pending mode survives reserved model restart without invalidating its stored input (428.757666ms)
✔ sqlite: cancel overrides a pending mode without discarding late measured model costs (239.154709ms)
✔ sqlite: deep to fast retains original goal, completed tasks, checkpoint and result reuse after reopen (367.085583ms)
✔ sqlite: fast keeps mandatory review of existing hypotheses and cannot replace it with premature completion (843.7565ms)
✔ sqlite: legacy model reservations keep their version-one basis when a pending mode first materializes control (297.776208ms)
✔ sqlite: a newer mode wins a pending-mode boundary CAS race (141.810459ms)
✔ sqlite: a newer cancel wins a pending-mode boundary CAS race (139.426292ms)
✔ sqlite: cancellation during model backoff publication returns current control without failing the workflow (206.279042ms)
✔ sqlite: auto mode change and reopen preserve a partial collection's original goal and explicit resume chain (841.348334ms)
✔ file-journal/documents-simple/auto: one necessary plan and observation complete with no extra investigation (2285.895666ms)
✔ file-journal/documents-simple/fast: one necessary plan and observation complete with no extra investigation (1804.896666ms)
✔ file-journal/documents-simple/deep: one necessary plan and observation complete with no extra investigation (3135.070792ms)
✔ file-journal/observations-simple/auto: one necessary plan and observation complete with no extra investigation (3139.502ms)
✔ file-journal/observations-simple/fast: one necessary plan and observation complete with no extra investigation (3423.450166ms)
✔ file-journal/observations-simple/deep: one necessary plan and observation complete with no extra investigation (2388.533459ms)
✔ file-journal/documents-complex/auto: complex scope is either validated for investigation or rejected without false completion (5221.531041ms)
✔ file-journal/documents-complex/fast: complex scope is either validated for investigation or rejected without false completion (1032.416334ms)
✔ file-journal/documents-complex/deep: complex scope is either validated for investigation or rejected without false completion (5415.34525ms)
✔ file-journal/observations-complex/auto: complex scope is either validated for investigation or rejected without false completion (4710.426583ms)
✔ file-journal/observations-complex/fast: complex scope is either validated for investigation or rejected without false completion (757.18725ms)
✔ file-journal/observations-complex/deep: complex scope is either validated for investigation or rejected without false completion (3544.059209ms)
✔ file-journal: mode commands enforce owner and both revisions, remain idempotent, and preserve goal and costs (275.328083ms)
✔ file-journal: lowering to fast after two paid reads cannot reset usage or oversubscribe the next reservation (1063.1945ms)
✔ file-journal: explicit model cap and fast cap include reservations and do not reopen paid capacity (1471.138708ms)
✔ file-journal: a running model keeps its pending mode request and late reply accounting until the next safe boundary (1362.986417ms)
✔ file-journal: a pending mode survives reserved model restart without invalidating its stored input (1185.977167ms)
✔ file-journal: cancel overrides a pending mode without discarding late measured model costs (455.963916ms)
✔ file-journal: deep to fast retains original goal, completed tasks, checkpoint and result reuse after reopen (1225.7215ms)
✔ file-journal: fast keeps mandatory review of existing hypotheses and cannot replace it with premature completion (1392.178125ms)
✔ file-journal: legacy model reservations keep their version-one basis when a pending mode first materializes control (765.963958ms)
✔ file-journal: a newer mode wins a pending-mode boundary CAS race (506.609792ms)
✔ file-journal: a newer cancel wins a pending-mode boundary CAS race (964.010584ms)
✔ file-journal: cancellation during model backoff publication returns current control without failing the workflow (1041.785417ms)
✔ file-journal: auto mode change and reopen preserve a partial collection's original goal and explicit resume chain (5504.033375ms)
✔ local versioned defaults select direct auto/fast and investigate deep without allocating work (1.696334ms)
✔ new controls snapshot caller policy and never expose the default policy for mutation (0.176708ms)
✔ legacy goals supply initial mode while a saved control overrides it without mutating state (2.841167ms)
✔ effective fast limits are absolute work caps and retain token/time limits (0.307375ms)
✔ auto starts direct while retaining the user work limits before evidence or strategy expansion (0.635041ms)
✔ explicit work caps beat mode policy and mode changes cannot grant a fresh allowance (0.229666ms)
✔ investigate strategies retain explicit work limits and pending mode requests have no effect yet (0.378583ms)
✔ fast allows completed history plus one pending task and counts only current adopted successes (1.849917ms)
✔ fast rejects an oversized pending graph or hypotheses without mutating or silently escalating (0.278708ms)
✔ fast preserves and reviews existing hypotheses while rejecting new optional hypotheses (0.185166ms)
✔ policy-specific scope limits are used instead of hard coded local defaults (0.142084ms)
✔ auto expands only validated plan scope and preserves investigate strategy on smaller subsequent plans (0.163417ms)
✔ deep permits a simple or empty plan without manufacturing tasks or hypotheses (0.091583ms)
✔ automatic expansion requires available relevant new evidence and an unmet criterion (0.397834ms)
✔ irrelevant, inaccessible, retracted and another-scope facts cannot justify expansion (0.605042ms)
✔ current counterevidence justifies investigation even if it has already been assessed (0.090709ms)
✔ current hypotheses allow review but sufficiently assessed completed goals do not expand (0.123334ms)
✔ permission failure, empty responses and exhausted budgets are not independent escalation evidence (0.093958ms)
✔ pending obligations, active calls, terminal states and explicit modes suppress automatic expansion (0.229334ms)
✔ delivery waiting does not manufacture completion or suppress investigation of unmet criteria (0.062791ms)
✔ a reserved, running or received model prevents expansion until its existing call is settled (0.17425ms)
✔ policy contracts reject unknown fields, unsafe counts and blank versions while allowing explicit zero caps (0.583792ms)
✔ control contracts enforce current mode strategy and preserve distinct pending requests (0.334041ms)
✔ documents-simple: validated plan executes to verified completion without additional planner calls (26.557292ms)
✔ observations-simple: validated plan executes to verified completion without additional planner calls (12.785834ms)
✔ invalid plans fail before budget or execution: stale, cyclic, missing deps, schema, effects, permission and IDs (6.169125ms)
✔ plan commands deduplicate after later state changes; task IDs cannot hide changed inputs (6.208458ms)
✔ discarded unexecuted task ID still cannot acquire a different contract (5.163917ms)
✔ scripted planner proposal enters the real validator and executor only when control requests a plan (6.336792ms)
✔ dependencies execute in order; partial observations require another source, not false completion (9.423334ms)
✔ empty queue is replan; wake conditions, tool budget, deadline and cancellation produce distinct controls (5.914458ms)
✔ only authorized current-goal commands mutate state; duplicate cancellation is stable (3.789208ms)
✔ competing executors cannot both reserve or replay dispatch (6.201583ms)
✔ late tool result after cancel is recorded without adopting or reversing the command (4.94475ms)
✔ late tool result after goal is recorded without adopting or reversing the command (5.972917ms)
✔ expired dispatched read has bounded retry or explicit unknown effect (5.017417ms)
✔ expired dispatched write has bounded retry or explicit unknown effect (4.106042ms)
✔ invalid result identity, labels, references and output cannot become accepted evidence (31.55675ms)
✔ stored received result resumes in reopened SQLite and artifact stores without invoking tool again (170.553542ms)
✔ tool JSON schema validation compiles once, rejects unsupported schema and preserves inputs (2.726875ms)
✔ successful dependency chain follows DAG order even when task array is reversed (7.465833ms)
✔ pause before dispatch releases reservation; resume and repeated old pause do not cancel new execution (5.004333ms)
✔ tool failures retry only within attempt budget and repeated empty replans exhaust their own budget (7.40925ms)
✔ unconfirmed write is unknown and cannot satisfy the goal or be retried by a renamed task (4.986167ms)
✔ lease timeout yields even for a tool that ignores cancellation; late result cannot finish the goal (24.973375ms)
✔ permission revocation after reservation is rechecked before dispatch and durably blocks execution (4.225ms)
✔ memory: waiting execution wakes only for expired lease or received result (7.874458ms)
✔ sqlite: waiting execution wakes only for expired lease or received result (145.143542ms)
✔ baseline documents-complex (2.822125ms)
✔ baseline documents-simple (0.239791ms)
✔ baseline observations-complex (0.319375ms)
✔ baseline observations-simple (0.144ms)
✔ both domains use the same schema and include simple/complex baselines (0.370792ms)
✔ fixture oracle rejects missing references and duplicated evidence IDs (0.85675ms)
✔ repetition and permutation cannot create independent sources (0.174375ms)
✔ completed facts do not discharge an unrelated pending obligation (0.083625ms)
✔ sqlite: goal change rejects a mode changed by another channel without modifying goal, control or receipts (235.16325ms)
✔ sqlite: goal control is rechecked after a commit CAS conflict and cannot overwrite the winning mode (189.794666ms)
✔ sqlite: unrelated commit contention retries the same goal request while incrementing control exactly once (276.1485ms)
✔ sqlite: successful goal replay remains idempotent after a later mode change and restart (266.95575ms)
✔ sqlite: goal mutation requires a positive safe control revision and strict fields before any receipt or state change (205.5415ms)
✔ sqlite: a legacy goal without stored execution control still requires its explicit initial revision (226.261042ms)
✔ sqlite: CLI goal changes require both explicit revisions, reject stale control and replay the saved receipt (1345.939459ms)
✔ sqlite: Web strict goal input carries control revision through HTTP and rejects a newer channel mode (258.782667ms)
✔ file-journal: goal change rejects a mode changed by another channel without modifying goal, control or receipts (1293.5495ms)
✔ file-journal: goal control is rechecked after a commit CAS conflict and cannot overwrite the winning mode (751.09725ms)
✔ file-journal: unrelated commit contention retries the same goal request while incrementing control exactly once (614.481708ms)
✔ file-journal: successful goal replay remains idempotent after a later mode change and restart (507.169167ms)
✔ file-journal: goal mutation requires a positive safe control revision and strict fields before any receipt or state change (521.868042ms)
✔ file-journal: a legacy goal without stored execution control still requires its explicit initial revision (471.22175ms)
✔ file-journal: CLI goal changes require both explicit revisions, reject stale control and replay the saved receipt (1790.357625ms)
✔ file-journal: Web strict goal input carries control revision through HTTP and rejects a newer channel mode (705.568ms)
✔ Web goal schema accepts only an explicit positive safe numeric control revision (0.3045ms)
✔ sqlite: valid original guidance remains readable through two historical copies and records actual file probe bytes (457.538042ms)
✔ sqlite: body-edited without refresh invalidates original guidance history and two stored copies (363.147791ms)
✔ sqlite: body-deleted without refresh invalidates original guidance history and two stored copies (387.964459ms)
✔ sqlite: catalog-rules-changed without refresh invalidates original guidance history and two stored copies (840.0155ms)
✔ file-journal: valid original guidance remains readable through two historical copies and records actual file probe bytes (2407.298541ms)
✔ file-journal: body-edited without refresh invalidates original guidance history and two stored copies (1830.590917ms)
✔ file-journal: body-deleted without refresh invalidates original guidance history and two stored copies (1555.871791ms)
✔ file-journal: catalog-rules-changed without refresh invalidates original guidance history and two stored copies (2365.857209ms)
✔ guidance refresh stages every provider page and only then replaces the complete snapshot (10.857042ms)
✔ guidance failure listing leaves the previous snapshot usable (0.791208ms)
✔ guidance mixed listing leaves the previous snapshot usable (0.476875ms)
✔ guidance duplicate listing leaves the previous snapshot usable (0.47575ms)
✔ guidance cycle listing leaves the previous snapshot usable (0.370209ms)
✔ guidance page-bound listing leaves the previous snapshot usable (0.271333ms)
✔ guidance entry-bound listing leaves the previous snapshot usable (0.418ms)
✔ guidance byte-bound listing leaves the previous snapshot usable (0.289875ms)
✔ guidance abort and late completion cannot replace a published listing (0.670084ms)
✔ guidance concurrent refresh rejects an earlier listing and a complete empty snapshot retires entries (0.635042ms)
✔ legacy list/load remains compatible and missing source validation disables body reuse (1.58875ms)
✔ guidance pages reach beyond 20 and preserve item and whole UTF-8 page bounds (6.529333ms)
✔ guidance cursor binds kind, owner, permission and snapshot and hides unauthorized counts (1.303166ms)
✔ hot guidance reuses only body/artifact while rules, selection reason and method are current (0.711291ms)
✔ guidance body cache cannot bypass current tenant, label or work-kind restrictions (0.713625ms)
✔ guidance cache obeys entry/byte bounds, evicts unused bodies and isolates artifact stores (0.625ms)
✔ a body larger than the cache byte budget is read and decoded on every load (0.380625ms)
✔ a pending hot load cannot exceed cache bounds when another body evicts its old entry (0.382625ms)
✔ a cold legacy-source load rechecks its manifest after artifact persistence (0.375625ms)
✔ source changes during an artifact check are caught by the final probe (0.397708ms)
✔ manifest refresh during final validation rejects a hot result from the previous rules (0.334125ms)
✔ load cancellation cannot publish a cache entry after an ignored-signal provider returns (0.299625ms)
✔ file guidance reports actual cold/hot original I/O separately from put/decode reuse (22.232042ms)
ℹ {"coldOriginalReads":2,"hotOriginalReads":1,"coldOriginalBytes":48,"hotOriginalBytes":24,"source":{"catalogReads":7,"catalogBytes":2702,"bodyReads":3,"bodyBytes":72,"readCalls":1,"validateCalls":2},"catalog":{"sourceReadCalls":1,"sourceReadBytes":24,"sourceValidateCalls":2,"artifactPutCalls":1,"artifactCheckCalls":1,"bodyDecodes":1,"cacheHits":1,"cacheMisses":1,"cachedBodies":1,"cachedBytes":24},"artifactPuts":1,"artifactChecks":1}
✔ file guidance cache never bypasses a deleted original source (30.106417ms)
✔ file guidance cache never bypasses a modified original source (29.622083ms)
✔ file guidance cache never bypasses a manifest original source (30.101583ms)
✔ file guidance refresh observes a new catalog, preserves same-body cache and rejects invalid replacements (39.104833ms)
✔ guidance resources documents-simple: cold and hot runtime loads retain provenance and report original I/O separately (46.404ms)
ℹ {"family":"documents-simple","coldOriginalBytes":58,"hotOriginalBytes":29,"coldMetrics":{"sourceReadCalls":1,"sourceReadBytes":29,"sourceValidateCalls":1,"artifactPutCalls":1,"artifactCheckCalls":0,"bodyDecodes":1,"cacheHits":0,"cacheMisses":1,"cachedBodies":1,"cachedBytes":29},"hotMetrics":{"sourceReadCalls":1,"sourceReadBytes":29,"sourceValidateCalls":2,"artifactPutCalls":1,"artifactCheckCalls":1,"bodyDecodes":1,"cacheHits":1,"cacheMisses":1,"cachedBodies":1,"cachedBytes":29}}
✔ guidance resources documents-simple: policy revocation during a hot validation suppresses the cached body (10.322ms)
✔ guidance resources documents-simple: a goal change while the source read waits cannot return the previous selection (7.1325ms)
✔ guidance resources documents-simple: a refreshed version cannot be replaced by an in-flight older load (9.772459ms)
✔ guidance resources documents-simple: cancellation reaches a pending source and returns no late body (5.400917ms)
✔ guidance resources observations-simple: cold and hot runtime loads retain provenance and report original I/O separately (13.335125ms)
ℹ {"family":"observations-simple","coldOriginalBytes":58,"hotOriginalBytes":29,"coldMetrics":{"sourceReadCalls":1,"sourceReadBytes":29,"sourceValidateCalls":1,"artifactPutCalls":1,"artifactCheckCalls":0,"bodyDecodes":1,"cacheHits":0,"cacheMisses":1,"cachedBodies":1,"cachedBytes":29},"hotMetrics":{"sourceReadCalls":1,"sourceReadBytes":29,"sourceValidateCalls":2,"artifactPutCalls":1,"artifactCheckCalls":1,"bodyDecodes":1,"cacheHits":1,"cacheMisses":1,"cachedBodies":1,"cachedBytes":29}}
✔ guidance resources observations-simple: policy revocation during a hot validation suppresses the cached body (6.459083ms)
✔ guidance resources observations-simple: a goal change while the source read waits cannot return the previous selection (5.786375ms)
✔ guidance resources observations-simple: a refreshed version cannot be replaced by an in-flight older load (5.586208ms)
✔ guidance resources observations-simple: cancellation reaches a pending source and returns no late body (6.648917ms)
✔ guidance resources: paginated cards respect the complete output byte budget and never read guidance bodies (11.664833ms)
✔ guidance resources: cursors cannot cross kind, caller labels, owner or a refreshed listing (5.025833ms)
✔ guidance resources: legacy discovery keeps its original shape and current method in both work families (15.177208ms)
✔ guidance resources: optional paging fields are strict and pre-aborted discovery performs no original reads (8.129917ms)
✔ legacy current validation reads original bytes and a fresh listing and accounts for each cost (7.132958ms)
✔ legacy cold load compares a fresh manifest without duplicating the original read (1.001666ms)
✔ a cancelled current probe makes no original read and a failed fresh listing is not accepted (0.753417ms)
✔ sqlite: context compilation refuses delete in an original guidance source (250.939542ms)
✔ sqlite: context compilation refuses modify in an original guidance source (223.918541ms)
✔ sqlite: context compilation refuses rules in an original guidance source (225.542ms)
✔ sqlite: restarted stored model input cannot send a deleted original guide (332.295916ms)
✔ sqlite: restarted stored model input cannot send a modifyd original guide (308.520167ms)
✔ sqlite: policy during original-source validation stops transport and settles zero usage (326.031917ms)
✔ sqlite: goal during original-source validation stops transport and settles zero usage (325.221292ms)
✔ sqlite: cancel during original-source validation stops transport and settles zero usage (342.640208ms)
✔ sqlite: manifest refresh after the source probe is caught after final state lookup (285.200125ms)
✔ sqlite: an ignored-signal original probe is stopped by the remaining model lease (488.986167ms)
✔ sqlite: stored guidance loss during source probe blocks transport and prevents settlement until repair (338.616542ms)
✔ sqlite: unchanged original guidance sends the exact stored request once after restart (358.908208ms)
✔ file-journal: context compilation refuses delete in an original guidance source (753.070417ms)
✔ file-journal: context compilation refuses modify in an original guidance source (764.218542ms)
✔ file-journal: context compilation refuses rules in an original guidance source (974.814ms)
✔ file-journal: restarted stored model input cannot send a deleted original guide (1767.92625ms)
✔ file-journal: restarted stored model input cannot send a modifyd original guide (1537.625291ms)
✔ file-journal: policy during original-source validation stops transport and settles zero usage (1380.310625ms)
✔ file-journal: goal during original-source validation stops transport and settles zero usage (1076.02725ms)
✔ file-journal: cancel during original-source validation stops transport and settles zero usage (1102.815792ms)
✔ file-journal: manifest refresh after the source probe is caught after final state lookup (1649.080667ms)
✔ file-journal: an ignored-signal original probe is stopped by the remaining model lease (1703.188958ms)
✔ file-journal: stored guidance loss during source probe blocks transport and prevents settlement until repair (1965.667292ms)
✔ file-journal: unchanged original guidance sends the exact stored request once after restart (1639.960583ms)
✔ a diamond validates every edge, inspects a shared source once and guards every captured node (1.242958ms)
✔ a reference cycle is finite while an invalid member still rejects the whole closure (0.2715ms)
✔ a pin encountered after visiting a node is still checked (0.14975ms)
✔ conflicting pending pins fail before dispatch, including across duplicate roots (0.094042ms)
✔ captured source or authority changes during another read invalidate the result (0.244209ms)
✔ application invariants can reject a semantic cycle before guard I/O without changing generic cycle handling (0.090292ms)
✔ expiry of an earlier node during a later guard is checked again before return (0.178ms)
✔ already expired nodes cannot be inputs (0.1225ms)
✔ node, edge and byte budgets stop excessive reads before dispatching the next node (0.203333ms)
✔ a long chain uses an iterative queue and visits every source exactly once (3.105958ms)
✔ pre-aborted validation never invokes a reader (0.114125ms)
✔ cancellation ends a blocked validation and contains a late reader rejection (3.228958ms)
✔ the elapsed deadline bounds a reader that ignores cancellation (20.394666ms)
✔ logical clock deadline changes and backwards clock readings cannot extend validation (0.325875ms)
✔ reader exceptions, unknown providers and malformed replies return fixed errors without source data (0.201ms)
✔ registration captures the callback and rejects duplicate providers and invalid limits (0.2135ms)
✔ overlapping validations keep separate snapshots, queues and cancellation (0.159667ms)
✔ provider and key jointly identify a node (0.081375ms)
✔ web adapter: rejected current authority sends no browser input (4.260459ms)
✔ web adapter: cancellation while authority is awaited sends no input (0.217333ms)
✔ web adapter: loss after dispatch is unknown and duplicate operation never sends again (0.252959ms)
✔ web adapter: same operation id with changed action is unknown without another transport (1.075958ms)
✔ web adapter: concurrent duplicate joins the original operation (0.298709ms)
✔ web adapter: malformed or wrong operation response is uncertain (0.679667ms)
✔ web adapter: observation from another document cannot become a current view (0.329542ms)
✔ web adapter: observation bounds apply after the remote response (0.086125ms)
✔ web adapter: missing receipt remains unknown and lookup does not send act (0.299875ms)
✔ web adapter: lookup rejects another work and altered receipt identity (0.460833ms)
✔ web adapter: navigation outside the registered loopback document is rejected before evaluation (0.139333ms)
✔ web transport: abort stops waiting but does not claim to retract a sent renderer command (2.031958ms)
✔ web adapter: caller mutations during authorization cannot change the pinned DOM command (0.212166ms)
✔ web adapter: read authorization cannot change the receipt identity or work being looked up (0.110208ms)
✔ invocation copies: two real canonical copies expose the still-authorized original without executing it again (42.727042ms)
✔ invocation copies: retaining only calls.get permission does not restore a revoked source tool (17.824708ms)
✔ invocation copies: current guidance version replacement blocks the copied earlier guide (22.591083ms)
✔ invocation copies: same-version manifest replacement and new guidance labels also block nested bodies (13.892208ms)
✔ invocation copies: catalog target permission is rechecked through both copies (14.202875ms)
✔ invocation copies: catalog target version is rechecked through both copies (17.564ms)
✔ invocation copies: catalog target definition is rechecked through both copies (17.809875ms)
✔ invocation copies: a missing canonical source receipt is rejected (10.692084ms)
✔ invocation copies: a foreign-owner canonical source receipt is rejected (12.690125ms)
✔ invocation copies: a foreign-tenant canonical source receipt is rejected (11.712042ms)
✔ invocation copies: a foreign-work canonical source receipt is rejected (10.8945ms)
✔ invocation copies: a input-digest canonical source receipt is rejected (12.231917ms)
✔ invocation copies: missing source artifacts invalidate copied bodies even when copy artifacts remain readable (11.268375ms)
✔ invocation copies: a modified copied body must still equal its canonical source result (13.5665ms)
✔ invocation copies: source knowledge is validated and propagated even if an older copy omitted its dependency metadata (11.388291ms)
✔ invocation copies: permission changes during a source receipt read prevent returning the already-read copy (12.325833ms)
✔ invocation copies: a canonical input cycle is rejected before following the same receipt twice (9.908583ms)
✔ invocation copies: the 64-node source boundary accepts 63 copies and rejects one further copy (759.879375ms)
✔ sqlite: two invocation copies recheck remove registry change after source artifact read (353.921875ms)
✔ sqlite: two invocation copies recheck labels registry change after source artifact read (353.490708ms)
✔ sqlite: two invocation copies recheck description registry change after source artifact read (313.045459ms)
✔ sqlite: two invocation copies recheck unrelated registry change after source artifact read (288.816041ms)
✔ sqlite: an executed third calls.get stores no private body when source is removed during its read (339.1435ms)
✔ sqlite: catalog target pin is rechecked after final asynchronous state validation (335.769917ms)
✔ sqlite: a same-version guidance manifest change cannot survive copied body verification (358.959792ms)
✔ file-journal: two invocation copies recheck remove registry change after source artifact read (2088.629125ms)
✔ file-journal: two invocation copies recheck labels registry change after source artifact read (2610.990167ms)
✔ file-journal: two invocation copies recheck description registry change after source artifact read (2305.331792ms)
✔ file-journal: two invocation copies recheck unrelated registry change after source artifact read (1621.927291ms)
✔ file-journal: an executed third calls.get stores no private body when source is removed during its read (2906.355583ms)
✔ file-journal: catalog target pin is rechecked after final asynchronous state validation (2786.773709ms)
✔ file-journal: a same-version guidance manifest change cannot survive copied body verification (2365.7585ms)
✔ file journal: exception at candidate_synced preserves the publication boundary and retry identity (165.346292ms)
✔ file journal: actual SIGKILL at candidate_synced reopens a whole commit or no commit (280.038375ms)
✔ file journal: exception at published preserves the publication boundary and retry identity (181.980208ms)
✔ file journal: actual SIGKILL at published reopens a whole commit or no commit (228.692791ms)
✔ file journal: exception at directory_synced preserves the publication boundary and retry identity (162.946708ms)
✔ file journal: actual SIGKILL at directory_synced reopens a whole commit or no commit (160.871ms)
✔ file journal: a reader and duplicate retry observe a whole published record while its writer is pending (165.193334ms)
✔ file journal: directory sync failure prevents reads and duplicate acknowledgements without rolling back publication (72.820833ms)
✔ file journal: listing retries the first record when publication follows its initial ENOENT (98.606708ms)
✔ file journal: checksum corruption blocks reads and subsequent commits without overwriting the damaged record (53.208625ms)
✔ file journal: an intact record checksum does not hide a broken previous-hash link (68.094583ms)
✔ file journal: deleting a middle revision rejects the incomplete prefix (126.065458ms)
✔ file journal: changing store identity is rejected by an open instance and by replay after reopening (66.726833ms)
✔ file journal: a missing format header does not initialize a populated store as empty (47.908333ms)
✔ file journal: existing root, work and record symlinks are rejected without following their contents (142.03625ms)
✔ file journal: group or other permissions on the root and records are rejected (92.994542ms)
✔ file journal: an observed root or work directory replacement cannot reset the open repository (112.61075ms)
✔ file journal: record size limits reject both publication and oversized persisted input (76.074125ms)
✔ file journal: closed instances reject every repository operation while reopening retains data (46.571333ms)
✔ file journal: revision zero is invalid layout and cannot be silently ignored (83.505792ms)
✔ sqlite: a memory-only service rejects an unsupported retained input in a nested source work (128.338833ms)
✔ sqlite: a memory tool cancels a blocked custody read before the source responds (127.599625ms)
✔ sqlite: custody-free reads keep their original I/O path and a W to M to W custody cycle remains finite (105.061875ms)
✔ sqlite: external K revise blocks direct, derived and cached M before W is refreshed (130.443541ms)
✔ sqlite: external K retract blocks direct, derived and cached M before W is refreshed (151.075875ms)
✔ sqlite: external K expire blocks direct, derived and cached M before W is refreshed (142.661334ms)
✔ sqlite: external K generation blocks direct, derived and cached M before W is refreshed (124.25575ms)
✔ sqlite: a shared reader uses current M authority without impersonating its owner's private K actor (131.03575ms)
✔ sqlite: custody does not reconstruct an unconfirmed reviewer-only permission (114.888583ms)
✔ sqlite: custody entry and byte limits fail closed before reading unbounded knowledge records (1059.793167ms)
✔ sqlite: a derivedFrom cycle remains invalid even when its work custody graph is finite (116.153417ms)
✔ sqlite: external memory changed during closure collection cannot survive the stable snapshot (104.5365ms)
✔ file-journal: a memory-only service rejects an unsupported retained input in a nested source work (844.859875ms)
✔ file-journal: a memory tool cancels a blocked custody read before the source responds (651.682209ms)
✔ file-journal: custody-free reads keep their original I/O path and a W to M to W custody cycle remains finite (545.611042ms)
✔ file-journal: external K revise blocks direct, derived and cached M before W is refreshed (1103.982459ms)
✔ file-journal: external K retract blocks direct, derived and cached M before W is refreshed (957.068334ms)
✔ file-journal: external K expire blocks direct, derived and cached M before W is refreshed (675.799333ms)
✔ file-journal: external K generation blocks direct, derived and cached M before W is refreshed (1502.485917ms)
✔ file-journal: a shared reader uses current M authority without impersonating its owner's private K actor (914.128292ms)
✔ file-journal: custody does not reconstruct an unconfirmed reviewer-only permission (454.281958ms)
✔ file-journal: custody entry and byte limits fail closed before reading unbounded knowledge records (653.860916ms)
✔ file-journal: a derivedFrom cycle remains invalid even when its work custody graph is finite (858.796583ms)
✔ file-journal: external memory changed during closure collection cannot survive the stable snapshot (763.2465ms)
✔ sqlite: same-work recall survives dispatch, receipt and unrelated revision bookkeeping (300.996584ms)
✔ sqlite: cross-work memory copy keeps custody across a goal change and blocks a prepared result after source deletion (581.0755ms)
✔ sqlite: source deletion after a cross-goal copied memory cancels a reserved effect before invocation (354.008916ms)
✔ sqlite: stored model input contains recalled bodies while hiding internal custody metadata (460.799458ms)
✔ sqlite: reopening without a knowledge validator blocks retained originals and reserved effects (462.582959ms)
✔ sqlite: deleting another work's source while adopt commit waits quarantines the copied evidence before return (408.823125ms)
✔ file-journal: same-work recall survives dispatch, receipt and unrelated revision bookkeeping (2284.049292ms)
✔ file-journal: cross-work memory copy keeps custody across a goal change and blocks a prepared result after source deletion (10574.571958ms)
✔ file-journal: source deletion after a cross-goal copied memory cancels a reserved effect before invocation (6759.515917ms)
✔ file-journal: stored model input contains recalled bodies while hiding internal custody metadata (6531.002208ms)
✔ file-journal: reopening without a knowledge validator blocks retained originals and reserved effects (2470.859791ms)
✔ file-journal: deleting another work's source while adopt commit waits quarantines the copied evidence before return (2299.135958ms)
✔ memory tools expose read cards, internal dependencies and schema-valid results (sqlite) (135.057583ms)
✔ memory tool authority intersects destination, caller and fresh trusted identity (sqlite) (98.151708ms)
✔ memory reads constrain IDs and searches to the current goal scope (sqlite) (134.377667ms)
✔ memory tools expose read cards, internal dependencies and schema-valid results (file-journal) (678.933292ms)
✔ memory tool authority intersects destination, caller and fresh trusted identity (file-journal) (372.345416ms)
✔ memory reads constrain IDs and searches to the current goal scope (file-journal) (474.848125ms)
✔ memory tools report bounded references without bodies, including multibyte oversized references (128.88625ms)
✔ memory search distinguishes result truncation and index errors from complete absence (133.781542ms)
✔ memory tools discard a copied card when trusted-owner changes during a repository wait (94.149041ms)
✔ memory tools discard a copied card when work-owner changes during a repository wait (104.938292ms)
✔ memory tools discard a copied card when caller-labels changes during a repository wait (119.847625ms)
✔ memory tools discard a copied card when work-labels changes during a repository wait (127.006292ms)
✔ memory tools discard a copied card when goal changes during a repository wait (119.974458ms)
✔ memory tools discard a copied card when generation changes during a repository wait (107.141709ms)
✔ memory tools discard a copied card when cancel changes during a repository wait (128.396834ms)
✔ each fresh trusted actor lookup must match the work owner, including the final return check (104.224292ms)
✔ dependency validation uses current source, record and caller permissions without a stale service cache (103.259ms)
✔ memory adapters do not mutate the caller policy and normalize invalid input and pre-abort (92.749792ms)
✔ knowledge exact lookup precedes index, Korean/English and conditional search use current sources (sqlite) (103.540291ms)
✔ knowledge exact lookup precedes index, Korean/English and conditional search use current sources (file-journal) (295.072875ms)
✔ private memory needs explicit submission and another reviewer of the exact content revision (131.846167ms)
✔ source retracted prevents direct, cached lexical and dependency reuse (119.804709ms)
✔ source restricted prevents direct, cached lexical and dependency reuse (148.358ms)
✔ source deleted prevents direct, cached lexical and dependency reuse (152.239959ms)
✔ source corrected prevents direct, cached lexical and dependency reuse (112.094334ms)
✔ source policy prevents direct, cached lexical and dependency reuse (121.898875ms)
✔ source generation prevents direct, cached lexical and dependency reuse (130.325958ms)
✔ ancestor changes and derived memories retain source identity without inflating independent provenance (123.741083ms)
✔ review CAS prevents a reviewed draft from being silently replaced or shared after editing (125.067208ms)
✔ source or actor changes while source reads wait cannot return stale memory content (110.937458ms)
✔ a delayed candidate cache fill rechecks namespace authority before returning cards or counts (102.987792ms)
✔ index errors remain distinct from absence and rebuild never resurrects deleted or expired content (150.971625ms)
✔ SQLite reopen retains memory, review, cursor and receipts; competing writers use revision CAS (99.693542ms)
✔ source and knowledge stores close and reopen with reviewed memory and index intact (157.982708ms)
✔ bounded results report truncation only after current visibility filtering (102.120584ms)
✔ deletion while a repeated source check waits is noticed before returning the memory card (128.685334ms)
✔ source deletion after the second source snapshot cannot return its old card (117.180375ms)
✔ batch dependency fences notice an earlier card source changing while a later card is checked (130.698917ms)
✔ retracted memory can subsequently be deleted while preserving the revision and idempotency rules (117.136583ms)
✔ a pruned limited search stays partial when an unread matching candidate remains (113.887125ms)
✔ unrelated work revisions preserve semantic dependencies while changed source content does not (125.426042ms)
✔ dependency contracts reject forged fields, unsafe revisions, malformed hashes and duplicate references (110.461542ms)
✔ continuously changing coherent-read revisions stop after a bounded number of fences (132.01325ms)
✔ local evaluation: 192 pinned cases retain two families, two stores, three modes and sixteen variants without duplicate IDs (14.37975ms)
✔ local evaluation sqlite/document_comparison: simple actual workflow and read-only replay preserve one model, one tool and one delivered answer (680.392625ms)
✔ local evaluation sqlite/observation_review: simple actual workflow and read-only replay preserve one model, one tool and one delivered answer (593.079625ms)
✔ local evaluation sqlite: complex original amendments change the hypothesis and require later model assessments (1238.857ms)
✔ local evaluation sqlite: fast limits reject a complex plan without claiming goal completion or invoking its tool (777.761333ms)
✔ local evaluation sqlite: stored_model_resume actually crosses reopen with a received response and does not invoke it again (663.833208ms)
✔ local evaluation sqlite: stored_tool_resume actually crosses reopen with a received response and does not invoke it again (683.649916ms)
✔ local evaluation sqlite: forced compact is persisted before reopen and subsequent model calls assess later originals (1318.926709ms)
✔ local evaluation sqlite: next-day reply preserves a real wait interval with no model or tool entries (954.198125ms)
✔ local evaluation sqlite: status-only keeps its recorded state unchanged with no execution or transport (165.73225ms)
✔ local evaluation sqlite: source_missing reaches the intended failure boundary and stays incomplete (771.280584ms)
✔ local evaluation sqlite: partial_result reaches the intended failure boundary and stays incomplete (1495.58525ms)
✔ local evaluation sqlite: tool_errors reaches the intended failure boundary and stays incomplete (564.120333ms)
✔ local evaluation sqlite: model_errors reaches the intended failure boundary and stays incomplete (765.014667ms)
✔ local evaluation sqlite: permission_revoked reaches the intended failure boundary and stays incomplete (502.369459ms)
✔ local evaluation sqlite: cancellation occurs after model entry and preserves its reported usage without a tool or answer (410.153625ms)
✔ local evaluation sqlite: requested mode change is first pending during the entered call and later applied (613.956041ms)
✔ local evaluation sqlite: unknown result delivery produces lookup rather than a duplicate send or false completion (644.109167ms)
✔ local evaluation sqlite/document_comparison: late counterevidence is actually observed before final judgment (1341.026416ms)
✔ local evaluation sqlite/observation_review: late counterevidence is actually observed before final judgment (1536.805625ms)
✔ local evaluation file-journal/document_comparison: simple actual workflow and read-only replay preserve one model, one tool and one delivered answer (3151.78775ms)
✔ local evaluation file-journal/observation_review: simple actual workflow and read-only replay preserve one model, one tool and one delivered answer (2593.244416ms)
✔ local evaluation file-journal: complex original amendments change the hypothesis and require later model assessments (10730.71025ms)
✔ local evaluation file-journal: fast limits reject a complex plan without claiming goal completion or invoking its tool (5751.852666ms)
✔ local evaluation file-journal: stored_model_resume actually crosses reopen with a received response and does not invoke it again (3418.062583ms)
✔ local evaluation file-journal: stored_tool_resume actually crosses reopen with a received response and does not invoke it again (3910.819875ms)
✔ local evaluation file-journal: forced compact is persisted before reopen and subsequent model calls assess later originals (9249.889834ms)
✔ local evaluation file-journal: next-day reply preserves a real wait interval with no model or tool entries (5065.203667ms)
✔ local evaluation file-journal: status-only keeps its recorded state unchanged with no execution or transport (725.973667ms)
✔ local evaluation file-journal: source_missing reaches the intended failure boundary and stays incomplete (6132.99625ms)
✔ local evaluation file-journal: partial_result reaches the intended failure boundary and stays incomplete (8255.959375ms)
✔ local evaluation file-journal: tool_errors reaches the intended failure boundary and stays incomplete (6601.583917ms)
✔ local evaluation file-journal: model_errors reaches the intended failure boundary and stays incomplete (7650.197666ms)
✔ local evaluation file-journal: permission_revoked reaches the intended failure boundary and stays incomplete (3214.569791ms)
✔ local evaluation file-journal: cancellation occurs after model entry and preserves its reported usage without a tool or answer (2846.362542ms)
✔ local evaluation file-journal: requested mode change is first pending during the entered call and later applied (5782.609833ms)
✔ local evaluation file-journal: unknown result delivery produces lookup rather than a duplicate send or false completion (5325.432125ms)
✔ local evaluation file-journal/document_comparison: late counterevidence is actually observed before final judgment (12371.864291ms)
✔ local evaluation file-journal/observation_review: late counterevidence is actually observed before final judgment (13619.088041ms)
✔ sqlite: local memory tools and workspace checkpoints remain usable after profile reopen (869.317375ms)
✔ sqlite: workspace initialization failure closes state, channel and knowledge stores (159.60125ms)
✔ file-journal: local memory tools and workspace checkpoints remain usable after profile reopen (5415.70725ms)
✔ file-journal: workspace initialization failure closes state, channel and knowledge stores (192.293083ms)
✔ composition without optional memory or workspace keeps the prior tool configuration usable (186.869ms)
✔ profile close still closes databases after a workspace close failure (165.832209ms)
✔ sqlite: accepted work, request replay, and queries stay separate from fixture execution (493.771833ms)
✔ sqlite: document question is atomic, actionable, and does not interpret reply text (628.527125ms)
✔ sqlite: current ownership, route, and disclosure gates apply to reads and mutations (215.923625ms)
✔ sqlite: web attachment observes an existing CLI primary without re-sending or changing it (469.599667ms)
✔ sqlite: goal and mode commands preserve optimistic revisions and durable idempotency (483.057ms)
✔ sqlite: pause does not wait behind an active run and a replay cannot start another run (596.2575ms)
✔ sqlite: cancel does not wait behind an active run and a replay cannot start another run (275.947292ms)
✔ sqlite: an unfinished durable run is not repeated by the same request after restart (564.463791ms)
✔ sqlite: a goal changed while the old run intent is acknowledged never receives that run's plan (643.350875ms)
✔ sqlite: workflow entry rejects a stale pinned goal before recovery or execution (211.873625ms)
✔ sqlite: paged lists recheck every returned card and omit a card revoked while another is read (1019.440459ms)
✔ sqlite: at most four distinct works execute concurrently and draining admits no new mutations (1223.101708ms)
✔ file-journal: accepted work, request replay, and queries stay separate from fixture execution (3122.998792ms)
✔ file-journal: document question is atomic, actionable, and does not interpret reply text (3888.874167ms)
✔ file-journal: current ownership, route, and disclosure gates apply to reads and mutations (513.755916ms)
✔ file-journal: web attachment observes an existing CLI primary without re-sending or changing it (1542.924917ms)
✔ file-journal: goal and mode commands preserve optimistic revisions and durable idempotency (1829.071167ms)
✔ file-journal: pause does not wait behind an active run and a replay cannot start another run (1783.900084ms)
✔ file-journal: cancel does not wait behind an active run and a replay cannot start another run (827.046917ms)
✔ file-journal: an unfinished durable run is not repeated by the same request after restart (1709.062375ms)
✔ file-journal: a goal changed while the old run intent is acknowledged never receives that run's plan (2951.702333ms)
✔ file-journal: workflow entry rejects a stale pinned goal before recovery or execution (722.18225ms)
✔ file-journal: paged lists recheck every returned card and omit a card revoked while another is read (9651.832083ms)
✔ file-journal: at most four distinct works execute concurrently and draining admits no new mutations (6320.594791ms)
✔ sqlite: MCP collection SIGKILL at intent resumes with a new owner and preserves the committed budget and items (1504.983125ms)
✔ sqlite: MCP collection SIGKILL at partial resumes with a new owner and preserves the committed budget and items (1400.833584ms)
✔ sqlite: MCP collection SIGKILL at page resumes with a new owner and preserves the committed budget and items (1455.743667ms)
✔ file-journal: MCP collection SIGKILL at intent resumes with a new owner and preserves the committed budget and items (9781.726583ms)
✔ file-journal: MCP collection SIGKILL at partial resumes with a new owner and preserves the committed budget and items (4808.800292ms)
✔ file-journal: MCP collection SIGKILL at page resumes with a new owner and preserves the committed budget and items (6449.902541ms)
✔ sqlite: MCP collection documents preserves individual raw pages and verifies offline (660.848917ms)
✔ sqlite: MCP collection documents resumes only partial items with original success unchanged (1457.563208ms)
✔ sqlite: MCP collection observations preserves individual raw pages and verifies offline (669.008333ms)
✔ sqlite: MCP collection observations resumes only partial items with original success unchanged (1421.125417ms)
✔ sqlite: MCP empty page is preserved and losing its original rejects the result (1071.914625ms)
✔ sqlite: MCP collection rejects snapshot-change after keeping its first page (658.286833ms)
✔ sqlite: MCP collection rejects cursor-loop after keeping its first page (636.329583ms)
✔ sqlite: MCP error does not become EOF or automatic retry (587.092334ms)
✔ sqlite: MCP rate-limit does not become EOF or automatic retry (595.943541ms)
✔ sqlite: MCP accepted raw response substitution blocks parent resume before sending (507.809625ms)
✔ sqlite: MCP changed query cannot reuse a partial parent (478.901375ms)
✔ sqlite: MCP authority change before-send prevents page acceptance (273.742292ms)
✔ sqlite: MCP authority change after-reply prevents page acceptance (269.069375ms)
✔ file-journal: MCP collection documents preserves individual raw pages and verifies offline (1804.353541ms)
✔ file-journal: MCP collection documents resumes only partial items with original success unchanged (4625.732334ms)
✔ file-journal: MCP collection observations preserves individual raw pages and verifies offline (3590.998666ms)
✔ file-journal: MCP collection observations resumes only partial items with original success unchanged (10710.95675ms)
✔ file-journal: MCP empty page is preserved and losing its original rejects the result (4274.002666ms)
✔ file-journal: MCP collection rejects snapshot-change after keeping its first page (3171.691417ms)
✔ file-journal: MCP collection rejects cursor-loop after keeping its first page (3538.84375ms)
✔ file-journal: MCP error does not become EOF or automatic retry (3855.981083ms)
✔ file-journal: MCP rate-limit does not become EOF or automatic retry (3300.950125ms)
✔ file-journal: MCP accepted raw response substitution blocks parent resume before sending (2099.397459ms)
✔ file-journal: MCP changed query cannot reuse a partial parent (3142.379166ms)
✔ file-journal: MCP authority change before-send prevents page acceptance (1277.359083ms)
✔ file-journal: MCP authority change after-reply prevents page acceptance (1218.393292ms)
✔ sqlite: full documents coverage gates partial facts and survives exact-manifest resume and restoration (1378.258584ms)
✔ sqlite: full observations coverage gates partial facts and survives exact-manifest resume and restoration (1681.832125ms)
✔ file-journal: full documents coverage gates partial facts and survives exact-manifest resume and restoration (9150.880459ms)
✔ file-journal: full observations coverage gates partial facts and survives exact-manifest resume and restoration (9581.592584ms)
✔ MCP coverage: successful EOF without an approved manifest cannot discharge the full-query condition (754.136792ms)
✔ MCP coverage: missing-raw invalidates completion, public result and delivery (731.805292ms)
✔ MCP coverage: wrong-summary invalidates completion, public result and delivery (581.179916ms)
✔ sqlite: SIGKILL at raw-receipt-complete settles the original response offline before explicit continuation (943.461292ms)
✔ sqlite: SIGKILL at raw-receipt-nonfinal settles the original response offline before explicit continuation (1294.715ms)
✔ sqlite: SIGKILL at raw-receipt-deferral settles the original response offline before explicit continuation (1333.616583ms)
✔ file-journal: SIGKILL at raw-receipt-complete settles the original response offline before explicit continuation (4767.357667ms)
✔ file-journal: SIGKILL at raw-receipt-nonfinal settles the original response offline before explicit continuation (6407.367208ms)
✔ file-journal: SIGKILL at raw-receipt-deferral settles the original response offline before explicit continuation (7836.697959ms)
✔ stored MCP response: missing-response cannot be silently treated as absent or retransmitted (570.9835ms)
✔ stored MCP response: changed-policy cannot be silently treated as absent or retransmitted (561.289167ms)
✔ stored MCP response: callback-replaced cannot be silently treated as absent or retransmitted (578.70225ms)
✔ stored MCP response: concurrent restorers commit one original-head settlement without additional budget (2433.821625ms)
✔ stored MCP response: next workflow step repairs a crash after expiration was committed (653.6855ms)
✔ sqlite: MCP family 0 stores an original, adopts facts and revalidates offline (292.676667ms)
✔ sqlite: MCP family 1 stores an original, adopts facts and revalidates offline (289.684208ms)
✔ sqlite: MCP partial records do not satisfy complete coverage (265.766292ms)
✔ sqlite: MCP error retains no result evidence (270.796209ms)
✔ sqlite: MCP invalid retains no result evidence (297.3045ms)
✔ sqlite: MCP changed projected facts and different attempt proof are rejected (282.87725ms)
✔ sqlite: MCP raw body corruption prevents adoption after restart (297.201667ms)
✔ sqlite: MCP received result survives reopen and does not recall a stopped server (290.511083ms)
✔ sqlite: MCP request intent prevents a hidden second call for the same attempt (222.920416ms)
✔ sqlite: MCP repeated reads keep one independent source lineage (423.234875ms)
✔ sqlite: MCP pause during adapter wait blocks the wire call (170.063625ms)
✔ sqlite: MCP expand-labels during adapter wait blocks the wire call (183.419958ms)
✔ sqlite: MCP cancel after a real reply prevents raw publication and adoption (183.9605ms)
✔ sqlite: MCP restrict-labels after a real reply prevents raw publication and adoption (182.932ms)
✔ file-journal: MCP family 0 stores an original, adopts facts and revalidates offline (660.219125ms)
✔ file-journal: MCP family 1 stores an original, adopts facts and revalidates offline (776.033125ms)
✔ file-journal: MCP partial records do not satisfy complete coverage (783.751833ms)
✔ file-journal: MCP error retains no result evidence (872.939333ms)
✔ file-journal: MCP invalid retains no result evidence (783.802292ms)
✔ file-journal: MCP changed projected facts and different attempt proof are rejected (608.176083ms)
✔ file-journal: MCP raw body corruption prevents adoption after restart (702.536917ms)
✔ file-journal: MCP received result survives reopen and does not recall a stopped server (880.527958ms)
✔ file-journal: MCP request intent prevents a hidden second call for the same attempt (776.909958ms)
✔ file-journal: MCP repeated reads keep one independent source lineage (1499.716875ms)
✔ file-journal: MCP pause during adapter wait blocks the wire call (431.896ms)
✔ file-journal: MCP expand-labels during adapter wait blocks the wire call (400.829125ms)
✔ file-journal: MCP cancel after a real reply prevents raw publication and adoption (642.108542ms)
✔ file-journal: MCP restrict-labels after a real reply prevents raw publication and adoption (865.922041ms)
✔ sqlite: MCP whole wait survives SIGKILL and reopens without resetting its due time or consuming an early successor (1843.438792ms)
✔ sqlite: MCP item wait survives SIGKILL and reopens without resetting its due time or consuming an early successor (1951.276958ms)
✔ file-journal: MCP whole wait survives SIGKILL and reopens without resetting its due time or consuming an early successor (14252.052291ms)
✔ file-journal: MCP item wait survives SIGKILL and reopens without resetting its due time or consuming an early successor (14465.7305ms)
✔ sqlite: MCP wait documents normal records retain lineage and bind the stored-response recovery contract (571.5345ms)
✔ sqlite: MCP whole wait documents binds fixed origin and protects its original error proof (507.288125ms)
✔ sqlite: MCP item wait documents retries the unfinished item with original success unchanged (1036.019542ms)
✔ sqlite: MCP wait observations normal records retain lineage and bind the stored-response recovery contract (747.723958ms)
✔ sqlite: MCP whole wait observations binds fixed origin and protects its original error proof (491.64775ms)
✔ sqlite: MCP item wait observations retries the unfinished item with original success unchanged (1438.36775ms)
✔ file-journal: MCP wait documents normal records retain lineage and bind the stored-response recovery contract (2378.138ms)
✔ file-journal: MCP whole wait documents binds fixed origin and protects its original error proof (1876.678958ms)
✔ file-journal: MCP item wait documents retries the unfinished item with original success unchanged (7010.119792ms)
✔ file-journal: MCP wait observations normal records retain lineage and bind the stored-response recovery contract (4319.33075ms)
✔ file-journal: MCP whole wait observations binds fixed origin and protects its original error proof (2583.210792ms)
✔ file-journal: MCP item wait observations retries the unfinished item with original success unchanged (9402.216792ms)
✔ MCP wait rejects zero without inventing a retry barrier (498.791208ms)
✔ MCP wait rejects negative without inventing a retry barrier (419.802417ms)
✔ MCP wait rejects fraction without inventing a retry barrier (416.878333ms)
✔ MCP wait rejects string without inventing a retry barrier (425.063291ms)
✔ MCP wait rejects null without inventing a retry barrier (443.920208ms)
✔ MCP wait rejects over-limit without inventing a retry barrier (470.961584ms)
✔ MCP wait rejects unsafe without inventing a retry barrier (503.852708ms)
✔ MCP wait rejects missing without inventing a retry barrier (429.178041ms)
✔ MCP wait rejects wrong-request without inventing a retry barrier (474.853833ms)
✔ MCP wait rejects wrong-cursor without inventing a retry barrier (393.90925ms)
✔ MCP wait rejects false-error without inventing a retry barrier (471.88375ms)
✔ MCP wait rejects success-hint without inventing a retry barrier (474.764625ms)
✔ MCP wait rejects forbidden-hint without inventing a retry barrier (445.145917ms)
✔ MCP wait rejects a second conflicting metadata hint after preserving one actual response (427.714958ms)
✔ MCP wait enforces the approved host delay cap even when the remote schema permits the value (416.732417ms)
✔ MCP wait original checkpoint rejects completed-phase before a fresh same-query reservation (560.279ms)
✔ MCP wait original checkpoint rejects fake-successor before a fresh same-query reservation (1965.895417ms)
✔ MCP wait original checkpoint rejects missing-item-clock-and-query before a fresh same-query reservation (2063.338ms)
✔ MCP client: invalid host process configuration is rejected without starting a child (2.054916ms)
✔ MCP client: real pinned stdio discovery and repeated reads each make one fresh call (119.749792ms)
✔ MCP client: staged paginated listing is bounded and only the approved subset can be called (95.651292ms)
✔ MCP client: partial, mismatched and cycling listings never publish a callable session (462.915375ms)
✔ MCP client: list change during discovery rejects the mixed view; explicit discovery can recover (102.146166ms)
✔ MCP client: caller mutation and rejected authorization cannot change the registered request (97.436584ms)
✔ MCP client: cancellation while authorization is pending sends zero calls (91.375333ms)
✔ MCP client: active-call admission rejects overflow without invoking its authority callback (99.646459ms)
✔ MCP client: actual serialized request and oversized response are bounded (101.0085ms)
✔ MCP client: post-dispatch list change invalidates the result and never repeats the call (100.992333ms)
✔ MCP client: lost delayed response preserves sent uncertainty and releases the owned process (104.755167ms)
✔ MCP client: uncertain exit preserves a sent call and explicit concurrent close rechecks once (97.666708ms)
✔ MCP client: crashed peer requires explicit new discovery and old session is never revived (175.432167ms)
✔ MCP client: ambient default environment is blanked; only explicit host variables are forwarded (29.943208ms)
✔ cancel during input artifact read prevents transport invocation and releases the known unused token reservation (28.263792ms)
✔ goal during input artifact read prevents transport invocation and releases the known unused token reservation (10.160167ms)
✔ destination during input artifact read prevents transport invocation and releases the known unused token reservation (8.20575ms)
✔ labels during input artifact read prevents transport invocation and releases the known unused token reservation (6.799292ms)
✔ cancelling an active model sends its signal, yields promptly and settles late usage once without adopting the old plan (8.549625ms)
✔ input byte limit rejects before a durable reservation or transport call (4.714666ms)
✔ token budget rejects before a durable reservation or transport call (6.196375ms)
✔ model call budget rejects before a durable reservation or transport call (3.834625ms)
✔ model context capacity and destination policy reject input without invoking the planner (9.108125ms)
✔ concurrent reservations have one winner and duplicate execution performs one dispatch and one transport call (8.623125ms)
✔ a replacement owner waits for a reserved lease, then releases it and creates a fresh intent without repeating a transport call (9.120708ms)
✔ a recovered running lease retains uncertain cost and accepts only late accounting, never its expired plan (5.724917ms)
✔ a reply without usage keeps its reservation and prevents a further model call after rejection (5.285084ms)
✔ verified facts remain visible while hypothesis review prevents response readiness and preparation (29.683833ms)
✔ reserved, running and stored model replies cannot produce a result; accepted review resumes preparation (35.120666ms)
✔ pending model work suppresses question preparation while preserving existing obligation blockers (12.345208ms)
✔ an already prepared result is withheld during review and can be prepared again after accepted model assessment (17.109916ms)
✔ documents-simple: one model plan executes to completion with usage and no extra hypothesis call (39.572167ms)
✔ observations-simple: one model plan executes to completion with usage and no extra hypothesis call (12.564959ms)
✔ late counterevidence revises the hypothesis and only the changed graph consumes a replan (57.982625ms)
✔ strict structured transport adapter feeds the same validator and execution loop without a provider SDK (11.9765ms)
✔ invalid or truncated responses cannot replace an executable plan or fabricate zero usage (7.045334ms)
✔ rejected model plans still charge exactly one call and preserve their raw response for an authorized read (6.918541ms)
✔ bookkeeping changes do not stale a response but goal and evidence changes do (13.50925ms)
✔ received model result resumes after SQLite and artifact reopen with no additional model call (318.695083ms)
✔ a new scope archives the old hypothesis in prior events and permits a fresh plan (11.050709ms)
✔ unsupported hypotheses and erased counterevidence are rejected without changing the current assessment (7.152875ms)
✔ validator feedback reaches the next model proposal and invalid plans never dispatch their tools (13.444833ms)
✔ permission revocation during reply storage preserves usage but never downgrades the model body (5.501458ms)
✔ sqlite/documents-simple: same model/tool/evidence/conversation workflow resumes on persistent state without a new model call for the stored reply (564.85075ms)
✔ sqlite/documents-complex: same model/tool/evidence/conversation workflow resumes on persistent state without a new model call for the stored reply (1237.170459ms)
✔ sqlite/observations-simple: same model/tool/evidence/conversation workflow resumes on persistent state without a new model call for the stored reply (605.611792ms)
✔ sqlite/observations-complex: same model/tool/evidence/conversation workflow resumes on persistent state without a new model call for the stored reply (830.604625ms)
✔ file-journal/documents-simple: same model/tool/evidence/conversation workflow resumes on persistent state without a new model call for the stored reply (2383.77175ms)
✔ file-journal/documents-complex: same model/tool/evidence/conversation workflow resumes on persistent state without a new model call for the stored reply (8782.073791ms)
✔ file-journal/observations-simple: same model/tool/evidence/conversation workflow resumes on persistent state without a new model call for the stored reply (3923.3195ms)
✔ file-journal/observations-complex: same model/tool/evidence/conversation workflow resumes on persistent state without a new model call for the stored reply (5021.694208ms)
✔ checkpoint record: empty paged root round-trips metadata once without raw reads (5.935792ms)
✔ checkpoint record: empty batch root round-trips metadata once without raw reads (0.960417ms)
✔ checkpoint record: multiple normal pages store references rather than repeating large bodies (10.350917ms)
✔ checkpoint record: partial batch resumes only unfinished items and preserves original successes (7.1345ms)
✔ checkpoint record: rejected source calls survive explicit resume and consume the operation call limit (1.59425ms)
✔ checkpoint record: a crashed intent becomes one unknown call and is never silently replayed (2.800542ms)
✔ checkpoint record: complete orphan resume performs no new page read or call (1.332458ms)
✔ read waits contract: only retryable unfinished items can advertise a bounded absolute barrier (0.855ms)
✔ read waits record: deferral consumes a call but preserves the collection and requires its original response (2.071541ms)
✔ read waits record: parent claim and historical dispatch cannot move before the recorded barrier (3.363666ms)
✔ read waits record: item barriers use the maximum and a whole-call deferral cannot erase retained successes (3.285833ms)
✔ checkpoint record: explicit stop changes only stop metadata and appends its exact base reference (1.271292ms)
✔ checkpoint record: unchanged fields and inherited dependencies cannot be dropped from an intent (2.553583ms)
✔ checkpoint record: start rejects retained history, source artifacts, and non-root identity (0.344375ms)
✔ checkpoint record: intent, settlement, and resume reject invalid request identity or time transitions (1.224375ms)
✔ checkpoint record: wrong logical digest, wrong base, extra keys, and failed source reads are rejected (1.204667ms)
✔ checkpoint record: accepted encode defers new raw body, source-ref, and dependency authentication to decode (3.03775ms)
✔ checkpoint record: conflicting artifact metadata and dropped inherited references are never encoded (0.575125ms)
✔ checkpoint record: logical checkpoint and referenced response byte limits are enforced before source I/O (0.463458ms)
✔ checkpoint record: record schema rejects more than 16 MiB of otherwise bounded root metadata (52.234ms)
✔ checkpoint store: real v2 start/intent/settle records load the logical v1 result and preserve original bytes (171.895125ms)
✔ checkpoint store: a legacy snapshot can anchor a v2 orphan resume without reissuing any raw page request (203.59425ms)
✔ checkpoint store: missing base is detected through the actual file adapter (143.94225ms)
✔ checkpoint store: tampered base is detected through the actual file adapter (169.630375ms)
✔ checkpoint store: missing raw is detected through the actual file adapter (133.176208ms)
✔ checkpoint store: tampered raw is detected through the actual file adapter (172.934583ms)
✔ checkpoint store: a base reference with tenant cannot use an otherwise readable head (208.842083ms)
✔ checkpoint store: a base reference with labels cannot use an otherwise readable head (196.676583ms)
✔ checkpoint store: a base reference with missing-index cannot use an otherwise readable head (164.244958ms)
✔ checkpoint store: a valid artifact hash cannot authenticate a forged logical digest (208.759833ms)
✔ checkpoint store: returned byte/page/checkpoint mutations cannot poison a reader cache (134.676042ms)
✔ checkpoint store: shared materialization rechecks every original and a new file instance decodes cold (140.207334ms)
✔ checkpoint store: shared materialization cannot hide a revoked or unindexed original (125.749459ms)
✔ checkpoint store: shared materialization evicts at 64-heads (2256.09375ms)
✔ checkpoint store: shared materialization evicts at 16-MiB-logical-bytes (372.341916ms)
✔ checkpoint store: eviction during a shared materialization await preserves the logical byte budget (465.818958ms)
✔ checkpoint store: an in-flight head mutation cannot seed a different artifact materialization (126.693042ms)
✔ checkpoint store: caller ref mutation cannot redirect cached-reference revalidation (133.057875ms)
✔ checkpoint store: policy snapshots and exact index entries cannot be widened or aliased by callers (158.663167ms)
✔ checkpoint store: cached originals require real exists checks and new readers cannot inherit a deleted source (143.186833ms)
✔ checkpoint store: raw source cache stays within 16 MiB and evicted sources are fetched again (379.6495ms)
✔ checkpoint store: cycles and oversized records are rejected before decoding any logical history (0.710042ms)
✔ checkpoint store: a record chain stops at 10000 records before requesting the next dependency (204.346542ms)
✔ checkpoint store: a record chain stops at 64 MiB without caching the entire traversal (36.934333ms)
✔ checkpoint store: a materialized base retains its chain byte cost for the next event (69.679083ms)
✔ checkpoint store sqlite: a legacy committed root resumes through v2 records into an authenticated public result (454.306208ms)
✔ checkpoint store file-journal: a legacy committed root resumes through v2 records into an authenticated public result (2881.165416ms)
✔ read checkpoint sqlite: a complete checkpoint survives outer-result loss and resumes without another fetch (569.010833ms)
✔ read checkpoint sqlite: projection preserves original evidence and charges only the successor's raw response (702.419958ms)
✔ read checkpoint sqlite: missing proof and altered payload are denied while ordinary failures remain valid (740.915667ms)
✔ read checkpoint sqlite: an indexed forged merged page cannot replace its accepted raw response (707.085042ms)
✔ read checkpoint sqlite: an unchanged original body cannot authorize a changed request identity (806.598125ms)
✔ read checkpoint sqlite: losing raw-response blocks result history and copied history (831.361ms)
✔ read checkpoint sqlite: losing source-artifact blocks result history and copied history (832.580292ms)
✔ read checkpoint sqlite: severing the parent's exclusive successor claim rejects the child (664.2435ms)
✔ read checkpoint file-journal: a complete checkpoint survives outer-result loss and resumes without another fetch (2177.556833ms)
✔ read checkpoint file-journal: projection preserves original evidence and charges only the successor's raw response (3581.487666ms)
✔ read checkpoint file-journal: missing proof and altered payload are denied while ordinary failures remain valid (4280.511292ms)
✔ read checkpoint file-journal: an indexed forged merged page cannot replace its accepted raw response (4568.862833ms)
✔ read checkpoint file-journal: an unchanged original body cannot authorize a changed request identity (3909.270375ms)
✔ read checkpoint file-journal: losing raw-response blocks result history and copied history (3512.491917ms)
✔ read checkpoint file-journal: losing source-artifact blocks result history and copied history (5115.482333ms)
✔ read checkpoint file-journal: severing the parent's exclusive successor claim rejects the child (4797.59025ms)
✔ read collection context: only visible current goal and scope tips survive; complete unadopted tips remain resumable (5.076583ms)
✔ read collection context: the common packet removes denied head metadata from both execution and resume projections (3.543333ms)
✔ read collection context sqlite: five compactions and reopen retain partial resume metadata without page bodies (626.226042ms)
✔ read collection context sqlite: five compactions and reopen retain complete orphan resume metadata without page bodies (543.49925ms)
✔ read collection context file-journal: five compactions and reopen retain partial resume metadata without page bodies (2441.016209ms)
✔ read collection context file-journal: five compactions and reopen retain complete orphan resume metadata without page bodies (1699.146459ms)
✔ read collection context sqlite: lost derived frame regenerates while lost original raw response blocks context and recovery (292.774416ms)
✔ read collection context file-journal: lost derived frame regenerates while lost original raw response blocks context and recovery (776.094792ms)
✔ read collection context sqlite: source gate rejects omitted, altered, and canonically inconsistent resume metadata (209.32775ms)
✔ read collection context file-journal: source gate rejects omitted, altered, and canonically inconsistent resume metadata (653.645209ms)
✔ read collection context sqlite: resume metadata is mandatory input and cannot be evicted to satisfy a smaller byte budget (203.941625ms)
✔ read collection context file-journal: resume metadata is mandatory input and cannot be evicted to satisfy a smaller byte budget (518.836708ms)
✔ read collection context sqlite: source lifecycle change during checkpoint read prevents staged frame publication (184.763ms)
✔ read collection context file-journal: source lifecycle change during checkpoint read prevents staged frame publication (612.379709ms)
✔ read collection context sqlite: contract change during derived resume put is checked before return (285.877708ms)
✔ read collection context sqlite: original change during derived resume put is checked before return (280.644375ms)
✔ read collection context file-journal: contract change during derived resume put is checked before return (934.740958ms)
✔ read collection context file-journal: original change during derived resume put is checked before return (866.963292ms)
✔ read collection context sqlite: completed adopted output retains original proof requirements after leaving the resume list (259.876958ms)
✔ read collection context file-journal: completed adopted output retains original proof requirements after leaving the resume list (1542.081583ms)
✔ read collection context sqlite: raw loss during frame staging suppresses completed adopted copies (262.876875ms)
✔ read collection context file-journal: raw loss during frame staging suppresses completed adopted copies (1449.2005ms)
✔ collection I/O sqlite documents-simple: 4 pages retain semantics across reads, copying and reopening (1276.447542ms)
ℹ {"adapter":"sqlite","family":"documents-simple","pages":4,"sourceCalls":4,"resultSignature":"ca3cbf4a810188e565397de9b01c666596d3bfd519841b869c91c2e4ca1eaa0c","stages":[{"name":"collect","get":114,"exists":202,"put":14,"returnedBodyBytes":171997,"stateReads":210,"receipts":30,"commits":14,"physicalBodyBytes":485558},{"name":"checkpointRead","get":13,"exists":12,"put":0,"returnedBodyBytes":18362,"stateReads":5,"receipts":1,"commits":0,"physicalBodyBytes":35757},{"name":"callsGet","get":41,"exists":96,"put":1,"returnedBodyBytes":84792,"stateReads":45,"receipts":10,"commits":5,"physicalBodyBytes":314778},{"name":"contextPrepare","get":70,"exists":50,"put":1,"returnedBodyBytes":188989,"stateReads":37,"receipts":7,"commits":0,"physicalBodyBytes":288275},{"name":"reopenAndPrepare","get":83,"exists":62,"put":1,"returnedBodyBytes":207351,"stateReads":42,"receipts":8,"commits":0,"physicalBodyBytes":324032}]}
✔ collection I/O sqlite documents-simple: 8 pages retain semantics across reads, copying and reopening (2045.601042ms)
ℹ {"adapter":"sqlite","family":"documents-simple","pages":8,"sourceCalls":8,"resultSignature":"c223661cc27ac8f18d90094013769634188fab210c6fa1531b423635c1ef5c84","stages":[{"name":"collect","get":318,"exists":590,"put":26,"returnedBodyBytes":470387,"stateReads":354,"receipts":46,"commits":22,"physicalBodyBytes":1357149},{"name":"checkpointRead","get":25,"exists":24,"put":0,"returnedBodyBytes":35235,"stateReads":5,"receipts":1,"commits":0,"physicalBodyBytes":69502},{"name":"callsGet","get":77,"exists":180,"put":1,"returnedBodyBytes":162709,"stateReads":45,"receipts":10,"commits":5,"physicalBodyBytes":606344},{"name":"contextPrepare","get":130,"exists":98,"put":1,"returnedBodyBytes":354351,"stateReads":37,"receipts":7,"commits":0,"physicalBodyBytes":548423},{"name":"reopenAndPrepare","get":155,"exists":122,"put":1,"returnedBodyBytes":389586,"stateReads":42,"receipts":8,"commits":0,"physicalBodyBytes":617925}]}
✔ collection I/O sqlite documents-simple: 16 pages retain semantics across reads, copying and reopening (3764.020417ms)
ℹ {"adapter":"sqlite","family":"documents-simple","pages":16,"sourceCalls":16,"resultSignature":"ab9d2af3b8ec8ae6983b1b42f01fae55eaa9771ae3f0271537f2a91d7e4ef676","stages":[{"name":"collect","get":1014,"exists":1942,"put":50,"returnedBodyBytes":1473478,"stateReads":642,"receipts":78,"commits":38,"physicalBodyBytes":4319151},{"name":"checkpointRead","get":49,"exists":48,"put":0,"returnedBodyBytes":69080,"stateReads":5,"receipts":1,"commits":0,"physicalBodyBytes":137191},{"name":"callsGet","get":149,"exists":348,"put":1,"returnedBodyBytes":318994,"stateReads":45,"receipts":10,"commits":5,"physicalBodyBytes":1191167},{"name":"contextPrepare","get":250,"exists":194,"put":1,"returnedBodyBytes":686038,"stateReads":37,"receipts":7,"commits":0,"physicalBodyBytes":1070236},{"name":"reopenAndPrepare","get":299,"exists":242,"put":1,"returnedBodyBytes":755118,"stateReads":42,"receipts":8,"commits":0,"physicalBodyBytes":1207427}]}
✔ collection I/O sqlite observations-simple: 4 pages retain semantics across reads, copying and reopening (1195.361375ms)
ℹ {"adapter":"sqlite","family":"observations-simple","pages":4,"sourceCalls":4,"resultSignature":"a6a1b857443999b7a5f4b1945b1768f00b1f58af8a2d1b7fce08ea4816c57ae5","stages":[{"name":"collect","get":114,"exists":202,"put":14,"returnedBodyBytes":172551,"stateReads":210,"receipts":30,"commits":14,"physicalBodyBytes":487152},{"name":"checkpointRead","get":13,"exists":12,"put":0,"returnedBodyBytes":18412,"stateReads":5,"receipts":1,"commits":0,"physicalBodyBytes":35857},{"name":"callsGet","get":41,"exists":96,"put":1,"returnedBodyBytes":85070,"stateReads":45,"receipts":10,"commits":5,"physicalBodyBytes":315854},{"name":"contextPrepare","get":70,"exists":50,"put":1,"returnedBodyBytes":189654,"stateReads":37,"receipts":7,"commits":0,"physicalBodyBytes":289268},{"name":"reopenAndPrepare","get":83,"exists":62,"put":1,"returnedBodyBytes":208066,"stateReads":42,"receipts":8,"commits":0,"physicalBodyBytes":325125}]}
✔ collection I/O sqlite observations-simple: 8 pages retain semantics across reads, copying and reopening (1887.232667ms)
ℹ {"adapter":"sqlite","family":"observations-simple","pages":8,"sourceCalls":8,"resultSignature":"3e066d9f43cd916245766040a04be753e4d813303fafe0d6c5edfead4c0113c9","stages":[{"name":"collect","get":318,"exists":590,"put":26,"returnedBodyBytes":471661,"stateReads":354,"receipts":46,"commits":22,"physicalBodyBytes":1360871},{"name":"checkpointRead","get":25,"exists":24,"put":0,"returnedBodyBytes":35317,"stateReads":5,"receipts":1,"commits":0,"physicalBodyBytes":69666},{"name":"callsGet","get":77,"exists":180,"put":1,"returnedBodyBytes":163211,"stateReads":45,"receipts":10,"commits":5,"physicalBodyBytes":608316},{"name":"contextPrepare","get":130,"exists":98,"put":1,"returnedBodyBytes":355572,"stateReads":37,"receipts":7,"commits":0,"physicalBodyBytes":550228},{"name":"reopenAndPrepare","get":155,"exists":122,"put":1,"returnedBodyBytes":390889,"stateReads":42,"receipts":8,"commits":0,"physicalBodyBytes":619894}]}
✔ collection I/O sqlite observations-simple: 16 pages retain semantics across reads, copying and reopening (3648.975417ms)
ℹ {"adapter":"sqlite","family":"observations-simple","pages":16,"sourceCalls":16,"resultSignature":"efdaf769faccd802339a9b0a1fb7bb1c170d5d2cfcd84df6499f8eceb676f508","stages":[{"name":"collect","get":1014,"exists":1942,"put":50,"returnedBodyBytes":1476960,"stateReads":642,"receipts":78,"commits":38,"physicalBodyBytes":4329433},{"name":"checkpointRead","get":49,"exists":48,"put":0,"returnedBodyBytes":69226,"stateReads":5,"receipts":1,"commits":0,"physicalBodyBytes":137483},{"name":"callsGet","get":149,"exists":348,"put":1,"returnedBodyBytes":319944,"stateReads":45,"receipts":10,"commits":5,"physicalBodyBytes":1194931},{"name":"contextPrepare","get":250,"exists":194,"put":1,"returnedBodyBytes":688371,"stateReads":37,"receipts":7,"commits":0,"physicalBodyBytes":1073665},{"name":"reopenAndPrepare","get":299,"exists":242,"put":1,"returnedBodyBytes":757597,"stateReads":42,"receipts":8,"commits":0,"physicalBodyBytes":1211148}]}
✔ collection I/O file-journal documents-simple: 4 pages retain semantics across reads, copying and reopening (4058.926375ms)
ℹ {"adapter":"file-journal","family":"documents-simple","pages":4,"sourceCalls":4,"resultSignature":"ca3cbf4a810188e565397de9b01c666596d3bfd519841b869c91c2e4ca1eaa0c","stages":[{"name":"collect","get":114,"exists":202,"put":14,"returnedBodyBytes":171997,"stateReads":210,"receipts":30,"commits":14,"physicalBodyBytes":485558},{"name":"checkpointRead","get":13,"exists":12,"put":0,"returnedBodyBytes":18362,"stateReads":5,"receipts":1,"commits":0,"physicalBodyBytes":35757},{"name":"callsGet","get":41,"exists":96,"put":1,"returnedBodyBytes":84792,"stateReads":45,"receipts":10,"commits":5,"physicalBodyBytes":314778},{"name":"contextPrepare","get":70,"exists":50,"put":1,"returnedBodyBytes":188989,"stateReads":37,"receipts":7,"commits":0,"physicalBodyBytes":288275},{"name":"reopenAndPrepare","get":83,"exists":62,"put":1,"returnedBodyBytes":207351,"stateReads":42,"receipts":8,"commits":0,"physicalBodyBytes":324032}]}
✔ collection I/O file-journal documents-simple: 8 pages retain semantics across reads, copying and reopening (8958.582833ms)
ℹ {"adapter":"file-journal","family":"documents-simple","pages":8,"sourceCalls":8,"resultSignature":"c223661cc27ac8f18d90094013769634188fab210c6fa1531b423635c1ef5c84","stages":[{"name":"collect","get":318,"exists":590,"put":26,"returnedBodyBytes":470387,"stateReads":354,"receipts":46,"commits":22,"physicalBodyBytes":1357149},{"name":"checkpointRead","get":25,"exists":24,"put":0,"returnedBodyBytes":35235,"stateReads":5,"receipts":1,"commits":0,"physicalBodyBytes":69502},{"name":"callsGet","get":77,"exists":180,"put":1,"returnedBodyBytes":162709,"stateReads":45,"receipts":10,"commits":5,"physicalBodyBytes":606344},{"name":"contextPrepare","get":130,"exists":98,"put":1,"returnedBodyBytes":354351,"stateReads":37,"receipts":7,"commits":0,"physicalBodyBytes":548423},{"name":"reopenAndPrepare","get":155,"exists":122,"put":1,"returnedBodyBytes":389586,"stateReads":42,"receipts":8,"commits":0,"physicalBodyBytes":617925}]}
✔ collection I/O file-journal documents-simple: 16 pages retain semantics across reads, copying and reopening (14097.6955ms)
ℹ {"adapter":"file-journal","family":"documents-simple","pages":16,"sourceCalls":16,"resultSignature":"ab9d2af3b8ec8ae6983b1b42f01fae55eaa9771ae3f0271537f2a91d7e4ef676","stages":[{"name":"collect","get":1014,"exists":1942,"put":50,"returnedBodyBytes":1473478,"stateReads":642,"receipts":78,"commits":38,"physicalBodyBytes":4319151},{"name":"checkpointRead","get":49,"exists":48,"put":0,"returnedBodyBytes":69080,"stateReads":5,"receipts":1,"commits":0,"physicalBodyBytes":137191},{"name":"callsGet","get":149,"exists":348,"put":1,"returnedBodyBytes":318994,"stateReads":45,"receipts":10,"commits":5,"physicalBodyBytes":1191167},{"name":"contextPrepare","get":250,"exists":194,"put":1,"returnedBodyBytes":686038,"stateReads":37,"receipts":7,"commits":0,"physicalBodyBytes":1070236},{"name":"reopenAndPrepare","get":299,"exists":242,"put":1,"returnedBodyBytes":755118,"stateReads":42,"receipts":8,"commits":0,"physicalBodyBytes":1207427}]}
✔ collection I/O file-journal observations-simple: 4 pages retain semantics across reads, copying and reopening (6141.467541ms)
ℹ {"adapter":"file-journal","family":"observations-simple","pages":4,"sourceCalls":4,"resultSignature":"a6a1b857443999b7a5f4b1945b1768f00b1f58af8a2d1b7fce08ea4816c57ae5","stages":[{"name":"collect","get":114,"exists":202,"put":14,"returnedBodyBytes":172551,"stateReads":210,"receipts":30,"commits":14,"physicalBodyBytes":487152},{"name":"checkpointRead","get":13,"exists":12,"put":0,"returnedBodyBytes":18412,"stateReads":5,"receipts":1,"commits":0,"physicalBodyBytes":35857},{"name":"callsGet","get":41,"exists":96,"put":1,"returnedBodyBytes":85070,"stateReads":45,"receipts":10,"commits":5,"physicalBodyBytes":315854},{"name":"contextPrepare","get":70,"exists":50,"put":1,"returnedBodyBytes":189654,"stateReads":37,"receipts":7,"commits":0,"physicalBodyBytes":289268},{"name":"reopenAndPrepare","get":83,"exists":62,"put":1,"returnedBodyBytes":208066,"stateReads":42,"receipts":8,"commits":0,"physicalBodyBytes":325125}]}
✔ collection I/O file-journal observations-simple: 8 pages retain semantics across reads, copying and reopening (7041.46925ms)
ℹ {"adapter":"file-journal","family":"observations-simple","pages":8,"sourceCalls":8,"resultSignature":"3e066d9f43cd916245766040a04be753e4d813303fafe0d6c5edfead4c0113c9","stages":[{"name":"collect","get":318,"exists":590,"put":26,"returnedBodyBytes":471661,"stateReads":354,"receipts":46,"commits":22,"physicalBodyBytes":1360871},{"name":"checkpointRead","get":25,"exists":24,"put":0,"returnedBodyBytes":35317,"stateReads":5,"receipts":1,"commits":0,"physicalBodyBytes":69666},{"name":"callsGet","get":77,"exists":180,"put":1,"returnedBodyBytes":163211,"stateReads":45,"receipts":10,"commits":5,"physicalBodyBytes":608316},{"name":"contextPrepare","get":130,"exists":98,"put":1,"returnedBodyBytes":355572,"stateReads":37,"receipts":7,"commits":0,"physicalBodyBytes":550228},{"name":"reopenAndPrepare","get":155,"exists":122,"put":1,"returnedBodyBytes":390889,"stateReads":42,"receipts":8,"commits":0,"physicalBodyBytes":619894}]}
✔ collection I/O file-journal observations-simple: 16 pages retain semantics across reads, copying and reopening (11362.376084ms)
ℹ {"adapter":"file-journal","family":"observations-simple","pages":16,"sourceCalls":16,"resultSignature":"efdaf769faccd802339a9b0a1fb7bb1c170d5d2cfcd84df6499f8eceb676f508","stages":[{"name":"collect","get":1014,"exists":1942,"put":50,"returnedBodyBytes":1476960,"stateReads":642,"receipts":78,"commits":38,"physicalBodyBytes":4329433},{"name":"checkpointRead","get":49,"exists":48,"put":0,"returnedBodyBytes":69226,"stateReads":5,"receipts":1,"commits":0,"physicalBodyBytes":137483},{"name":"callsGet","get":149,"exists":348,"put":1,"returnedBodyBytes":319944,"stateReads":45,"receipts":10,"commits":5,"physicalBodyBytes":1194931},{"name":"contextPrepare","get":250,"exists":194,"put":1,"returnedBodyBytes":688371,"stateReads":37,"receipts":7,"commits":0,"physicalBodyBytes":1073665},{"name":"reopenAndPrepare","get":299,"exists":242,"put":1,"returnedBodyBytes":757597,"stateReads":42,"receipts":8,"commits":0,"physicalBodyBytes":1211148}]}
✔ read collection: bounded batch keeps original observations and input objects independent (4.112958ms)
✔ read collection: explicit retries request every unfinished key and advance only when the original page is complete (2.265834ms)
✔ read collection: extra cannot satisfy a trusted batch manifest (0.326625ms)
✔ read collection: missing cannot satisfy a trusted batch manifest (0.10725ms)
✔ read collection: wrong-digest cannot satisfy a trusted batch manifest (0.140208ms)
✔ read collection: duplicate-expected cannot satisfy a trusted batch manifest (0.1265ms)
✔ read collection: duplicate-item cannot satisfy a trusted batch manifest (0.10425ms)
✔ read collection: retry rejects successful-item instead of overwriting successful observations (0.566042ms)
✔ read collection: retry rejects missing-unfinished instead of overwriting successful observations (0.392167ms)
✔ read collection: retry rejects changed-digest instead of overwriting successful observations (0.3875ms)
✔ read collection: pending retry binds snapshot to its original source page (0.3015ms)
✔ read collection: pending retry binds cursor to its original source page (0.352084ms)
✔ read collection: pending retry binds nextCursor to its original source page (0.296125ms)
✔ read collection: pending retry binds totalItems to its original source page (0.215917ms)
✔ read collection: pending retry binds exhausted to its original source page (0.593208ms)
✔ read collection: pending retry binds requestId to its original source page (0.198125ms)
✔ read collection: an explicit retry cannot omit a key in the request or reuse the last request identity (0.221917ms)
✔ read collection: accepted request history survives replaced pending IDs and is checked on restore (0.439708ms)
✔ read collection: a nonretryable error preserves the pending observations but forbids resume (0.134459ms)
✔ read collection: retries consume the operation call limit without advancing page count (0.248625ms)
✔ read collection: declared totals count unique logical items and may become known on the final page (0.213916ms)
✔ read collection: a known total stays binding when a later response omits it (0.52125ms)
✔ read collection: repeated IDs cannot create another item even with a different digest (0.151209ms)
✔ read collection: cursor loops and snapshot changes are rejected across finalized pages (0.325375ms)
✔ read collection: empty pages may progress with new cursors and a complete empty collection is valid (0.145917ms)
✔ read collection: page, item and batch bounds stop further requests without truncation (0.209375ms)
✔ read collection: response and checkpoint limits use exact UTF-8 byte lengths (0.242209ms)
✔ read collection: each raw retry is byte-bounded while the merged logical page uses the checkpoint bound (0.192541ms)
✔ read collection: restored projection corruption is rejected before producing a request (0.164709ms)
✔ read collection: restored cursor-chain corruption is rejected before producing a request (0.116042ms)
✔ read collection: restored calls corruption is rejected before producing a request (0.114916ms)
✔ read collection: restored completed-pending corruption is rejected before producing a request (0.110333ms)
✔ read collection: restored manifest corruption is rejected before producing a request (0.122125ms)
✔ read collection: strict schemas reject false completion, fabricated not-run output and invalid budgets (0.51625ms)
✔ read collection: usage overflow and dependency overflow fail without dropping earlier accounting or custody (1.406792ms)
✔ durable collections sqlite: a process crash after intent becomes an unknown call on explicit resume (690.795958ms)
✔ durable collections sqlite: a batch retries only unfinished manifest items after reopening (690.667875ms)
✔ durable collections sqlite: source failures consume the persisted call budget across explicit retries (947.044834ms)
✔ durable collections sqlite: a source that answers after cancellation cannot commit its late page (236.803917ms)
✔ durable collections sqlite: policy revocation while the source waits suppresses the response (271.7985ms)
✔ durable collections file-journal: a process crash after intent becomes an unknown call on explicit resume (3782.627459ms)
✔ durable collections file-journal: a batch retries only unfinished manifest items after reopening (3966.424916ms)
✔ durable collections file-journal: source failures consume the persisted call budget across explicit retries (5229.558333ms)
✔ durable collections file-journal: a source that answers after cancellation cannot commit its late page (1349.884708ms)
✔ durable collections file-journal: policy revocation while the source waits suppresses the response (1030.268167ms)
✔ durable collections: query cannot resume a checkpoint under a changed contract (469.77275ms)
✔ durable collections: fresh cannot resume a checkpoint under a changed contract (337.159958ms)
✔ durable collections: same-task-id cannot resume a checkpoint under a changed contract (398.740708ms)
✔ durable collections: policy cannot resume a checkpoint under a changed contract (420.382125ms)
✔ durable collections: goal cannot resume a checkpoint under a changed contract (461.634083ms)
✔ durable collections: generation cannot resume a checkpoint under a changed contract (373.711291ms)
✔ durable collections sqlite documents-simple: complete pages advance automatically and survive reopening (648.116917ms)
✔ durable collections sqlite documents-simple: partial stops until a new task explicitly resumes after reopening (1229.918458ms)
✔ durable collections sqlite observations-simple: complete pages advance automatically and survive reopening (554.01475ms)
✔ durable collections sqlite observations-simple: partial stops until a new task explicitly resumes after reopening (961.985541ms)
✔ durable collections file-journal documents-simple: complete pages advance automatically and survive reopening (3316.628458ms)
✔ durable collections file-journal documents-simple: partial stops until a new task explicitly resumes after reopening (6021.403333ms)
✔ durable collections file-journal observations-simple: complete pages advance automatically and survive reopening (3346.649791ms)
✔ durable collections file-journal observations-simple: partial stops until a new task explicitly resumes after reopening (6279.726084ms)
✔ collection coverage: an individually complete fact does not prove the required full query (3.761125ms)
✔ collection coverage: complete query is an additional gate and adds no independent evidence (0.251291ms)
✔ collection coverage: query mismatch cannot satisfy the requirement (0.202666ms)
✔ collection coverage: snapshot mismatch cannot satisfy the requirement (0.129583ms)
✔ collection coverage: goal mismatch cannot satisfy the requirement (0.12725ms)
✔ collection coverage: permission mismatch cannot satisfy the requirement (0.211125ms)
✔ collection coverage: unadopted mismatch cannot satisfy the requirement (0.1185ms)
✔ collection coverage: an earlier unknown read retains its history without negating a complete later manifest (0.246667ms)
✔ collection coverage: empty enumeration does not invent a business fact (0.181875ms)
✔ collection coverage: manifest validation rejects duplicates, mismatched keys and premature EOF even without a remote total (0.383708ms)
✔ read deferral proof: a pinned marker rejects callback removal without replacing the active provider (15.599291ms)
✔ read deferral proof: callback capture and detached authority inputs prevent adapter mutation from changing validation (6.959042ms)
✔ read deferral proof: same-definition replacement during async verification invalidates the in-flight claim (6.273209ms)
✔ read page proof: marker makes callback removal an atomic rejected provider refresh (18.072708ms)
✔ read page proof: source callback is captured and receives detached original task, request and page (7.7345ms)
✔ read page proof: same-version replacement during async validation invalidates its result (3.84125ms)
✔ read page proof: legacy serialization is unchanged and a marked source cannot omit its original (7.297208ms)
✔ read page proof sqlite: explicit resume verifies individual responses and keeps the earlier successful original (904.724458ms)
✔ read page proof sqlite: a zero-item page retains its raw ref and raw loss blocks pending adoption (399.741292ms)
✔ read page proof sqlite: missing parent original prevents any resumed source request (424.033125ms)
✔ read page proof sqlite: authority after a source wait prevents input when work is paused (235.928333ms)
✔ read page proof sqlite: replacing the provider during the post-Broker checkpoint read blocks the old source (232.669083ms)
✔ read page proof sqlite: first-read originals stay in the final fence and loss after a callback is rejected (404.980792ms)
✔ read page proof file-journal: explicit resume verifies individual responses and keeps the earlier successful original (4831.215083ms)
✔ read page proof file-journal: a zero-item page retains its raw ref and raw loss blocks pending adoption (1091.783166ms)
✔ read page proof file-journal: missing parent original prevents any resumed source request (1563.196792ms)
✔ read page proof file-journal: authority after a source wait prevents input when work is paused (1225.749208ms)
✔ read page proof file-journal: replacing the provider during the post-Broker checkpoint read blocks the old source (1512.15925ms)
✔ read page proof file-journal: first-read originals stay in the final fence and loss after a callback is rejected (1838.591125ms)
✔ read wait: an explicit successor stays queued before due and becomes eligible exactly at due (4.845125ms)
✔ read wait: a renamed fresh task cannot bypass the same work/query cooldown (0.26975ms)
✔ read wait: an independent query runs while the first task is waiting (0.217375ms)
✔ read wait: waiting prevents replanning even when no successor has been proposed (0.194958ms)
✔ read wait: clearing the wake projection or pausing does not reset the original retry time (0.189833ms)
✔ read wait: the work deadline wakes earlier than the retry time and then blocks input (0.166792ms)
✔ read wait: cancelled work stays cancelled and a new goal does not inherit old query waits (0.159625ms)
✔ read wait: a depleted collection call allowance never creates another early call (0.126208ms)
✔ state-based packet retains counterevidence, obligations and original references without raw history or a state mutation (35.109042ms)
✔ old and forged packets cannot reverse a goal change, cancellation or budget (11.066ms)
✔ separate SQLite/artifact instances reconstruct packets and regenerate missing or corrupt derived blobs (186.801083ms)
✔ missing original is reported by id and cannot be hidden by a valid prior packet (5.344583ms)
✔ reconstruction rechecks a goal change committed while the packet is being saved (5.92725ms)
✔ snapshot retries mixed state/event/outbox revisions and rejects broken event history (5.473667ms)
✔ untrusted packet dimensions, tool revision changes and a foreign work packet never authorize reuse (8.560959ms)
✔ resume requires the work owner and full runtime view; revoked history is never relabelled (4.098625ms)
✔ packet size limit refuses the whole projection without dropping obligations or writing a partial packet (3.529375ms)
✔ model context restores task attempts and budget but excludes model ledger and delivery bodies (7.011583ms)
✔ model context cannot relabel a revoked attempt result reference under the current policy (9.711458ms)
✔ model context refuses assessment references whose evidence metadata is no longer permitted (3.073292ms)
✔ sqlite: text originals use one verified body read and no cross-call availability cache (223.536292ms)
ℹ {"adapter":"sqlite","operation":"original","name":"original","elapsedMs":0.9307919999999967,"artifactApi":{"get":{"calls":1,"requestedBodyBytes":1733,"returnedBodyBytes":1733,"failures":0},"exists":{"calls":0,"referencedBodyBytes":0,"available":0,"unavailable":0},"put":{"calls":0,"inputBodyBytes":0,"returnedReferenceBodyBytes":0,"failures":0}},"stateApi":{"get":4,"receipt":0,"commit":0,"events":0,"recentEventMetadata":0,"deliveries":0,"workIdsForConversation":0,"conversationWorkPage":0,"runnable":0,"close":0},"physical":{"getCalls":1,"existsCalls":0,"putCalls":0,"metadataReadOperations":1,"metadataReadBytes":237,"bodyReadOperations":1,"bodyReadBytes":1733,"hashCalls":1,"hashBytes":1733,"fileWrites":0,"metadataWriteBytes":0,"bodyWriteBytes":0,"readFailures":0,"verificationFailures":0,"deniedReads":0,"writeFailures":0}}
✔ sqlite: one result materialization deduplicates repeated originals and preserves a final real verification (186.642583ms)
ℹ {"adapter":"sqlite","operation":"result","name":"result","elapsedMs":2.829416999999978,"artifactApi":{"get":{"calls":2,"requestedBodyBytes":6315,"returnedBodyBytes":6315,"failures":0},"exists":{"calls":1,"referencedBodyBytes":1733,"available":1,"unavailable":0},"put":{"calls":0,"inputBodyBytes":0,"returnedReferenceBodyBytes":0,"failures":0}},"stateApi":{"get":10,"receipt":1,"commit":0,"events":0,"recentEventMetadata":0,"deliveries":0,"workIdsForConversation":0,"conversationWorkPage":0,"runnable":0,"close":0},"physical":{"getCalls":2,"existsCalls":1,"putCalls":0,"metadataReadOperations":3,"metadataReadBytes":717,"bodyReadOperations":3,"bodyReadBytes":8048,"hashCalls":3,"hashBytes":8048,"fileWrites":0,"metadataWriteBytes":0,"bodyWriteBytes":0,"readFailures":0,"verificationFailures":0,"deniedReads":0,"writeFailures":0}}
✔ sqlite: a two-copy chain decodes and reads each dispatch once per materialization (346.26125ms)
ℹ {"adapter":"sqlite","operation":"copy-chain","name":"copy-chain","elapsedMs":4.303915999999958,"artifactApi":{"get":{"calls":4,"requestedBodyBytes":16962,"returnedBodyBytes":16962,"failures":0},"exists":{"calls":1,"referencedBodyBytes":1733,"available":1,"unavailable":0},"put":{"calls":0,"inputBodyBytes":0,"returnedReferenceBodyBytes":0,"failures":0}},"stateApi":{"get":10,"receipt":3,"commit":0,"events":0,"recentEventMetadata":0,"deliveries":0,"workIdsForConversation":0,"conversationWorkPage":0,"runnable":0,"close":0},"physical":{"getCalls":4,"existsCalls":1,"putCalls":0,"metadataReadOperations":5,"metadataReadBytes":1203,"bodyReadOperations":5,"bodyReadBytes":18695,"hashCalls":5,"hashBytes":18695,"fileWrites":0,"metadataWriteBytes":0,"bodyWriteBytes":0,"readFailures":0,"verificationFailures":0,"deniedReads":0,"writeFailures":0}}
✔ sqlite: context uses verified copy materialization without rereading its dispatch pair (413.906792ms)
ℹ {"adapter":"sqlite","operation":"context","name":"context","elapsedMs":62.40491599999996,"artifactApi":{"get":{"calls":9,"requestedBodyBytes":70896,"returnedBodyBytes":70896,"failures":0},"exists":{"calls":6,"referencedBodyBytes":20428,"available":6,"unavailable":0},"put":{"calls":1,"inputBodyBytes":37961,"returnedReferenceBodyBytes":37961,"failures":0}},"stateApi":{"get":34,"receipt":6,"commit":0,"events":1,"recentEventMetadata":0,"deliveries":0,"workIdsForConversation":0,"conversationWorkPage":0,"runnable":0,"close":0},"physical":{"getCalls":9,"existsCalls":7,"putCalls":1,"metadataReadOperations":15,"metadataReadBytes":3616,"bodyReadOperations":15,"bodyReadBytes":91324,"hashCalls":17,"hashBytes":129436,"fileWrites":2,"metadataWriteBytes":244,"bodyWriteBytes":37961,"readFailures":1,"verificationFailures":1,"deniedReads":0,"writeFailures":0}}
✔ sqlite: adapter argument mutation and returned metadata cannot change private reference snapshots (294.72625ms)
✔ sqlite: cached original is rejected if deleted during a later state read (196.063625ms)
✔ sqlite: cached original is rejected if corrupted during a later state read (176.013458ms)
✔ sqlite: context rechecks metadata-reused originals after its staging await (315.928625ms)
✔ sqlite: context rechecks ordinary cached originals after staging without a calls.get copy (261.999ms)
✔ sqlite: final cached-source check retains contract authority handling (198.8525ms)
✔ sqlite: final cached-source check retains policy authority handling (163.859083ms)
✔ sqlite: final cached-source check retains unrelated authority handling (210.956833ms)
✔ file-journal: text originals use one verified body read and no cross-call availability cache (551.854833ms)
ℹ {"adapter":"file-journal","operation":"original","name":"original","elapsedMs":34.65050000000019,"artifactApi":{"get":{"calls":1,"requestedBodyBytes":1733,"returnedBodyBytes":1733,"failures":0},"exists":{"calls":0,"referencedBodyBytes":0,"available":0,"unavailable":0},"put":{"calls":0,"inputBodyBytes":0,"returnedReferenceBodyBytes":0,"failures":0}},"stateApi":{"get":4,"receipt":0,"commit":0,"events":0,"recentEventMetadata":0,"deliveries":0,"workIdsForConversation":0,"conversationWorkPage":0,"runnable":0,"close":0},"physical":{"getCalls":1,"existsCalls":0,"putCalls":0,"metadataReadOperations":1,"metadataReadBytes":237,"bodyReadOperations":1,"bodyReadBytes":1733,"hashCalls":1,"hashBytes":1733,"fileWrites":0,"metadataWriteBytes":0,"bodyWriteBytes":0,"readFailures":0,"verificationFailures":0,"deniedReads":0,"writeFailures":0}}
✔ file-journal: one result materialization deduplicates repeated originals and preserves a final real verification (746.2655ms)
ℹ {"adapter":"file-journal","operation":"result","name":"result","elapsedMs":82.57716700000037,"artifactApi":{"get":{"calls":2,"requestedBodyBytes":6315,"returnedBodyBytes":6315,"failures":0},"exists":{"calls":1,"referencedBodyBytes":1733,"available":1,"unavailable":0},"put":{"calls":0,"inputBodyBytes":0,"returnedReferenceBodyBytes":0,"failures":0}},"stateApi":{"get":10,"receipt":1,"commit":0,"events":0,"recentEventMetadata":0,"deliveries":0,"workIdsForConversation":0,"conversationWorkPage":0,"runnable":0,"close":0},"physical":{"getCalls":2,"existsCalls":1,"putCalls":0,"metadataReadOperations":3,"metadataReadBytes":717,"bodyReadOperations":3,"bodyReadBytes":8048,"hashCalls":3,"hashBytes":8048,"fileWrites":0,"metadataWriteBytes":0,"bodyWriteBytes":0,"readFailures":0,"verificationFailures":0,"deniedReads":0,"writeFailures":0}}
✔ file-journal: a two-copy chain decodes and reads each dispatch once per materialization (2823.098541ms)
ℹ {"adapter":"file-journal","operation":"copy-chain","name":"copy-chain","elapsedMs":204.11175000000003,"artifactApi":{"get":{"calls":4,"requestedBodyBytes":16962,"returnedBodyBytes":16962,"failures":0},"exists":{"calls":1,"referencedBodyBytes":1733,"available":1,"unavailable":0},"put":{"calls":0,"inputBodyBytes":0,"returnedReferenceBodyBytes":0,"failures":0}},"stateApi":{"get":10,"receipt":3,"commit":0,"events":0,"recentEventMetadata":0,"deliveries":0,"workIdsForConversation":0,"conversationWorkPage":0,"runnable":0,"close":0},"physical":{"getCalls":4,"existsCalls":1,"putCalls":0,"metadataReadOperations":5,"metadataReadBytes":1203,"bodyReadOperations":5,"bodyReadBytes":18695,"hashCalls":5,"hashBytes":18695,"fileWrites":0,"metadataWriteBytes":0,"bodyWriteBytes":0,"readFailures":0,"verificationFailures":0,"deniedReads":0,"writeFailures":0}}
✔ file-journal: context uses verified copy materialization without rereading its dispatch pair (2707.477167ms)
ℹ {"adapter":"file-journal","operation":"context","name":"context","elapsedMs":480.7035419999993,"artifactApi":{"get":{"calls":9,"requestedBodyBytes":70896,"returnedBodyBytes":70896,"failures":0},"exists":{"calls":6,"referencedBodyBytes":20428,"available":6,"unavailable":0},"put":{"calls":1,"inputBodyBytes":37961,"returnedReferenceBodyBytes":37961,"failures":0}},"stateApi":{"get":34,"receipt":6,"commit":0,"events":1,"recentEventMetadata":0,"deliveries":0,"workIdsForConversation":0,"conversationWorkPage":0,"runnable":0,"close":0},"physical":{"getCalls":9,"existsCalls":7,"putCalls":1,"metadataReadOperations":15,"metadataReadBytes":3616,"bodyReadOperations":15,"bodyReadBytes":91324,"hashCalls":17,"hashBytes":129436,"fileWrites":2,"metadataWriteBytes":244,"bodyWriteBytes":37961,"readFailures":1,"verificationFailures":1,"deniedReads":0,"writeFailures":0}}
✔ file-journal: adapter argument mutation and returned metadata cannot change private reference snapshots (2036.349375ms)
✔ file-journal: cached original is rejected if deleted during a later state read (661.524958ms)
✔ file-journal: cached original is rejected if corrupted during a later state read (688.135625ms)
✔ file-journal: context rechecks metadata-reused originals after its staging await (1633.924959ms)
✔ file-journal: context rechecks ordinary cached originals after staging without a calls.get copy (755.574084ms)
✔ file-journal: final cached-source check retains contract authority handling (831.232084ms)
✔ file-journal: final cached-source check retains policy authority handling (715.839208ms)
✔ file-journal: final cached-source check retains unrelated authority handling (955.00075ms)
✔ resource progress: legacy and paged catalog cards share a stable preparation key independent of query and cursor metadata (4.520625ms)
✔ resource progress: exact schema loading earns a distinct credit and also records discovery so reverse-order searches add none (1.41075ms)
✔ resource progress: forged, mismatched or denied tool metadata and too-large responses do not earn preparation credit (0.736958ms)
✔ resource progress: guidance listing metadata does not reset progress and exact body loading subsumes the card (4.055167ms)
✔ resource progress: guidance body credit requires permitted manifest, matching indexed original and canonical selection identity (0.884ms)
✔ resource progress: empty results, history/evidence reads and arbitrary new artifacts cannot fabricate preparation (0.3385ms)
✔ resource progress: replayed, reused and unadopted resource results cannot earn a new preparation key (1.692625ms)
✔ resource progress sqlite/documents-simple: default no-progress policy allows discovery, schemas and guidance before the real source (576.35825ms)
✔ resource progress sqlite/observations-simple: default no-progress policy allows discovery, schemas and guidance before the real source (599.245416ms)
✔ resource progress sqlite: repeated identical catalog preparation stops after the first credit and three empty steps (419.544375ms)
✔ resource progress sqlite: repeated identical guidance preparation stops after the first credit and three empty steps (451.532458ms)
✔ resource progress sqlite: empty searches with different query and task IDs stop at the default limit (320.755667ms)
✔ resource progress file-journal/documents-simple: default no-progress policy allows discovery, schemas and guidance before the real source (3157.308709ms)
✔ resource progress file-journal/observations-simple: default no-progress policy allows discovery, schemas and guidance before the real source (2776.0755ms)
✔ resource progress file-journal: repeated identical catalog preparation stops after the first credit and three empty steps (2385.704416ms)
✔ resource progress file-journal: repeated identical guidance preparation stops after the first credit and three empty steps (2815.278333ms)
✔ resource progress file-journal: empty searches with different query and task IDs stop at the default limit (2300.290083ms)
✔ catalog filters before ranking, bounds cards, separates providers and loads only an exact schema (27.263333ms)
✔ registration snapshots reject namespace/duplicates and cannot be mutated through adapters or catalog results (5.988208ms)
✔ documents-simple: discovery and selected guidance share the execution ledger without adding evidence or permissions (45.497625ms)
✔ observations-simple: discovery and selected guidance share the execution ledger without adding evidence or permissions (25.76075ms)
✔ simple direct lookup does not load optional guidance or run a hypothesis review (8.882833ms)
✔ method selection follows contradiction, independence and response needs without model calls (6.803542ms)
✔ guidance metadata/limits do not read bodies and wrong version, tenant or applicability are rejected (6.832ms)
✔ evidence readers distinguish protected/missing, superseded and retracted records; limits preserve provenance (6.359417ms)
✔ call result lookup stays historical after retraction and does not restore it to current evidence (8.453ms)
✔ broker rejects calls without a committed dispatch or with another owner before reaching a tool (6.503417ms)
✔ in-flight output is not downgraded to a less restricted artifact when labels are revoked (8.257041ms)
✔ revocation after result storage settles without reading protected bytes or repeatedly getting stuck (6.653458ms)
✔ stored guidance and invocation results can be read after SQLite/artifact/source restart without source execution (325.865625ms)
✔ guidance source rejects altered content, path escape and symlink replacement (73.367334ms)
✔ model-facing evidence and call readers use the common budget without reexecuting a source or completing a changed goal (19.978125ms)
✔ sqlite: one commit and reopen retain state, all ordered events, deliveries and historical receipts (88.659541ms)
✔ sqlite: duplicate and idempotency conflict precede revision conflict and preserve the first receipt (64.688833ms)
✔ sqlite: malformed commits leave all four collections unchanged, even on duplicate commands (57.202167ms)
✔ sqlite: caller mutations and mutable returned snapshots cannot rewrite persisted history (72.585333ms)
✔ sqlite: work, tenant, principal, channel and conversation identifiers remain separate (215.189125ms)
✔ sqlite: event cursors are exclusive and sequence numbers are local to each work (102.624292ms)
✔ sqlite: runnable respects exact deadline, obligation, tool and model recovery boundaries after reopen (340.891708ms)
✔ sqlite: two separate processes race on revision with exactly one atomic winning commit (161.082542ms)
✔ sqlite: two separate processes race on same-command with exactly one atomic winning commit (124.509792ms)
✔ sqlite: two separate processes race on different-digest with exactly one atomic winning commit (104.015958ms)
✔ sqlite: acknowledged commit survives SIGKILL without close and reopening replays its receipt without duplicate records (233.099667ms)
✔ file-journal: one commit and reopen retain state, all ordered events, deliveries and historical receipts (175.917708ms)
✔ file-journal: duplicate and idempotency conflict precede revision conflict and preserve the first receipt (226.011833ms)
✔ file-journal: malformed commits leave all four collections unchanged, even on duplicate commands (352.024084ms)
✔ file-journal: caller mutations and mutable returned snapshots cannot rewrite persisted history (183.549959ms)
✔ file-journal: work, tenant, principal, channel and conversation identifiers remain separate (849.422875ms)
✔ file-journal: event cursors are exclusive and sequence numbers are local to each work (206.696125ms)
✔ file-journal: runnable respects exact deadline, obligation, tool and model recovery boundaries after reopen (1916.265416ms)
✔ file-journal: two separate processes race on revision with exactly one atomic winning commit (197.767833ms)
✔ file-journal: two separate processes race on same-command with exactly one atomic winning commit (221.024667ms)
✔ file-journal: two separate processes race on different-digest with exactly one atomic winning commit (216.932708ms)
✔ file-journal: acknowledged commit survives SIGKILL without close and reopening replays its receipt without duplicate records (566.63825ms)
✔ sqlite: profile closes the opened state repository when channel initialization fails (55.832208ms)
✔ file-journal: profile closes the opened state repository when channel initialization fails (70.913708ms)
✔ sqlite/documents-simple: CLI persists backend choice across processes and prevents an accidental switch (1288.775459ms)
✔ sqlite/observations-simple: CLI persists backend choice across processes and prevents an accidental switch (1230.090333ms)
✔ file-journal/documents-simple: CLI persists backend choice across processes and prevents an accidental switch (3481.871542ms)
✔ file-journal/observations-simple: CLI persists backend choice across processes and prevents an accidental switch (4185.03575ms)
✔ legacy SQLite profile acquires metadata without losing its work or accepting a backend switch (460.394584ms)
✔ two processes choosing different backends create only one accepted profile (636.103417ms)
✔ invalid or linked profile metadata is rejected without opening a new backend (28.612833ms)
✔ memory: recent metadata is bounded at the requested revision and omits payloads without changing state (10.876083ms)
✔ memory: pages progress once per matching work across Unicode IDs and isolate the complete binding scope (5.889833ms)
✔ memory: query limits, malformed cursors and empty repositories have a defined result (5.741459ms)
✔ sqlite: recent metadata is bounded at the requested revision and omits payloads without changing state (170.24675ms)
✔ sqlite: pages progress once per matching work across Unicode IDs and isolate the complete binding scope (174.95275ms)
✔ sqlite: query limits, malformed cursors and empty repositories have a defined result (59.969416ms)
✔ file-journal: recent metadata is bounded at the requested revision and omits payloads without changing state (436.849167ms)
✔ file-journal: pages progress once per matching work across Unicode IDs and isolate the complete binding scope (511.059292ms)
✔ file-journal: query limits, malformed cursors and empty repositories have a defined result (51.988ms)
✔ journal: each page inspects only its directory budget and a foreign-only page still advances (505.736833ms)
✔ journal: cold, warm and external append distinguish body hashing from parsed and replayed records (384.012083ms)
✔ journal: a warm query rejects same-length after caching the complete history (142.768417ms)
✔ journal: a warm query rejects middle-delete after caching the complete history (156.982333ms)
✔ journal: a warm query rejects tail-delete after caching the complete history (136.45775ms)
✔ journal: a warm query rejects replacement after caching the complete history (150.408667ms)
✔ journal: a warm query rejects symlink after caching the complete history (122.1175ms)
✔ journal: a warm query rejects mode after caching the complete history (156.612792ms)
✔ journal: a warm query rejects header after caching the complete history (106.202959ms)
✔ journal: a warm read still fails when the directory durability fence fails (63.111875ms)
✔ journal: a normal pending-link cleanup during a warm read retries the entire record once (107.56175ms)
✔ journal: repeated record changes exhaust the bounded read retry and fail closed (93.057833ms)
✔ journal: cache accounting includes historical receipt snapshots and eviction releases record identities (131.007167ms)
✔ journal: a delayed older commit acknowledgement cannot lower a newer observed head with caching disabled (136.715959ms)
✔ sqlite: transactional migration backfills query indexes and an already open legacy writer keeps them current (125.190083ms)
✔ sqlite: migration failure rolls back schema and leaves the legacy records unchanged (119.979958ms)
✔ sqlite: reopening an intermediate v2 store rebuilds stale indexes and replaces old triggers transactionally (120.980292ms)
✔ sqlite: a failed index write rolls back canonical state, events, receipt and binding changes together (50.994083ms)
✔ sqlite: bounded query SQL selects metadata and IDs without loading event or work bodies (53.6955ms)
✔ one atomic commit stores state, events, outbox and idempotency receipt (56.10175ms)
✔ injected failure between state and event writes rolls back every record (51.921792ms)
✔ waiting state and wake obligation survive process termination after commit (191.877209ms)
✔ two independent processes cannot commit from the same stale revision (187.913291ms)
✔ structured planner accepts one strict JSON proposal and forwards identity, options and source-boundary instructions once (3.914083ms)
✔ configuration and request snapshots cannot be rewritten by caller or transport mutation (0.540583ms)
✔ input estimation includes the exact transport request and schema without invoking the transport or claiming measured usage (0.380209ms)
✔ input estimation uses the same policy and size gates as transport requests (0.572291ms)
✔ finish reasons remain distinct and never expose provider failure content or run hidden retries (0.645125ms)
✔ invalid JSON, schema, response fields and missing proposal fail without repair calls (1.051208ms)
✔ usage omission is unknown rather than zero; only independently valid safe integer fields survive invalid envelopes (2.132125ms)
✔ provider and model identity mismatch cannot masquerade as the configured adapter (0.275834ms)
✔ missing options, denied destinations and unauthorized tool schemas never reach the transport (0.703833ms)
✔ request and response limits use UTF-8 bytes and preserve valid usage on oversized responses (1.179375ms)
✔ transport exceptions become fixed errors with unknown usage and no implicit retry (0.505ms)
✔ pre-call cancellation has no transport effect; late cancellation preserves returned usage without accepting a proposal (0.471875ms)
✔ abort-related transport rejection is cancellation with unmeasured usage (0.329084ms)
✔ invalid configurations fail with a fixed message before transport registration (0.289125ms)
✔ structured transport rejects incomplete observation pairs and reference bodies before invocation (2.6635ms)
✔ synthetic document inputs produce independently observed app facts and separate session/call usage (4.811041ms)
✔ every lease identity dimension is checked at input and a forged grant applies no input (1.040709ms)
✔ stale observation identity and focus are rejected with zero input (0.947583ms)
✔ current target uniqueness, ref, role, name, visibility and enabled state gate the actual target (0.877583ms)
✔ an expired delayed input cannot reach a new owner and old release cannot release the new lease (0.547333ms)
✔ human handoff interrupts pending input, invalidates old views and remains owned after agent release (0.315834ms)
✔ cancellation and shared deadline are rechecked after a driver delay without injecting late input (0.350334ms)
✔ wait observes late readiness using virtual condition changes and a single remaining deadline (0.816ms)
✔ applied-but-unknown save retains its effect and exact operation replay never saves twice (0.348375ms)
✔ concurrent identical operations join while timeout injection and hook failure apply zero input (0.387125ms)
✔ bounded partial observations never expose omitted targets for action or silently exceed bytes (0.166292ms)
✔ durable synthetic contents and input counts survive reconstruction while leases and observations do not (157.552666ms)
✔ authority is required after delay and host hook, and focus is rechecked after asynchronous authorization (0.89425ms)
✔ synthetic fill accepts the shared 8192-character limit and rejects an oversized value before input (0.511833ms)
✔ synthetic receipts: applied and explicitly not-applied records are durable before response and lookup changes no app bytes (87.551375ms)
✔ synthetic receipts: applied-unknown and negative receipts remain queryable by their original epoch after restart (119.8655ms)
✔ synthetic receipts: missing identities and changed action, target, view or focus never inherit another receipt (1.628208ms)
✔ synthetic receipts: another work cannot read an original receipt even with a valid current session grant (0.4295ms)
✔ synthetic receipts: denied or missing read authority, cancelled signals and expired grants disclose no receipt (0.686166ms)
✔ synthetic receipts: cancellation, expiry and owner replacement during read authorization are checked again (0.498042ms)
✔ synthetic receipts: a pending input lookup returns unknown without joining or executing the action (0.338208ms)
✔ synthetic receipts: legacy app contents migrate without inventing operation proofs from saved values or counts (34.021792ms)
✔ synthetic receipts: a full bounded ledger rejects new input, keeps old proofs and remains full after reopen (82.914625ms)
✔ synthetic receipts: a reopened full ledger cannot relabel an old applied command as not-applied (63.784125ms)
✔ synthetic receipts: hundreds of distinct refused operations keep diagnostics bounded and preserve the original proof (52.140916ms)
✔ synthetic receipts: pending operation memory caps authorization waits and retains the first response without duplicate input (127.968375ms)
✔ synthetic receipts: delayed concurrent operations cannot overfill a one-record ledger (41.280667ms)
✔ synthetic receipts: malformed, duplicate and oversized persisted receipt sets fail before replacing the file (90.568791ms)
✔ synthetic receipts: an older instance cannot overwrite the newer epoch or its existing receipt file (289.816834ms)
✔ synthetic receipts: mutable lookup inputs and returned receipts cannot change the pinned identity or cached proof (0.815125ms)
✔ synthetic computer storage: reopening prevents the stale owner from publishing its old app as a fresh observation (54.781084ms)
✔ synthetic computer storage: stale delayed search interrupts waiters without throwing or overwriting the reopened file (85.021667ms)
✔ synthetic computer storage: lost directory-sync acknowledgement preserves an applied receipt while blocking new inputs (56.875875ms)
✔ sqlite: broker rechecks source knowledge after a real reuse lookup misses (103.540625ms)
✔ sqlite: legacy attempt rejects a destination replacement during beforeInvoke (96.304459ms)
✔ sqlite: legacy attempt rejects a labels replacement during beforeInvoke (349.035458ms)
✔ sqlite: legacy attempt rejects a effect replacement during beforeInvoke (86.888583ms)
✔ sqlite: legacy attempt rejects a destination replacement during reuse (120.741917ms)
✔ sqlite: legacy attempt rejects a labels replacement during reuse (72.874375ms)
✔ sqlite: legacy attempt rejects a effect replacement during reuse (77.388625ms)
✔ sqlite: an unchanged legacy attempt invokes once after asynchronous guards and a reuse miss (86.840291ms)
✔ file-journal: broker rechecks source knowledge after a real reuse lookup misses (685.872625ms)
✔ file-journal: legacy attempt rejects a destination replacement during beforeInvoke (311.939292ms)
✔ file-journal: legacy attempt rejects a labels replacement during beforeInvoke (418.632583ms)
✔ file-journal: legacy attempt rejects a effect replacement during beforeInvoke (409.958417ms)
✔ file-journal: legacy attempt rejects a destination replacement during reuse (315.990709ms)
✔ file-journal: legacy attempt rejects a labels replacement during reuse (280.80575ms)
✔ file-journal: legacy attempt rejects a effect replacement during reuse (366.934833ms)
✔ file-journal: an unchanged legacy attempt invokes once after asynchronous guards and a reuse miss (338.193875ms)
✔ provider pages become visible in one publication and keep unrelated providers (14.769334ms)
✔ only a complete empty provider listing retires that provider (5.054625ms)
✔ provider partial transport failure preserves the previously published snapshot (3.845083ms)
✔ provider mixed provider revisions preserves the previously published snapshot (3.047167ms)
✔ provider cross-page duplicate preserves the previously published snapshot (2.8275ms)
✔ provider pagination cycle preserves the previously published snapshot (2.714292ms)
✔ provider wrong provider namespace preserves the previously published snapshot (2.742291ms)
✔ provider invalid namespace definition preserves the previously published snapshot (2.765625ms)
✔ provider invalid JSON schema preserves the previously published snapshot (2.864167ms)
✔ provider missing completeness cursor preserves the previously published snapshot (2.693583ms)
✔ provider undeclared partial flag preserves the previously published snapshot (2.668958ms)
✔ provider page bound preserves the previously published snapshot (2.10425ms)
✔ provider tool bound preserves the previously published snapshot (2.311708ms)
✔ provider definition byte bound preserves the previously published snapshot (2.186042ms)
✔ provider pre-cancellation makes no listing call (1.958ms)
✔ provider abort ends an ignored-signal wait and late listing cannot publish (2.400917ms)
✔ provider abort during schema compilation still prevents publication (2.195708ms)
✔ concurrent same-provider refresh refuses an older listing after a newer publication (2.577417ms)
✔ concurrent unrelated provider refreshes both publish without reverting each other (2.108625ms)
✔ provider staging snapshots metadata and callbacks before awaiting another page (5.285458ms)
✔ catalog cursor pages reach every permitted result after 20 without duplicate or missing cards (15.008333ms)
✔ catalog cursor replay returns the same cards while allowing a smaller per-page item limit (8.715958ms)
✔ catalog cursor is bound to current query (7.084125ms)
✔ catalog cursor is bound to current tenant (6.556334ms)
✔ catalog cursor is bound to current principal (6.886209ms)
✔ catalog cursor is bound to current tools (5.742125ms)
✔ catalog cursor is bound to current labels (5.842417ms)
✔ catalog cursor is bound to current destinations (5.290458ms)
✔ catalog cursor is bound to current writes (5.707125ms)
✔ catalog cursor rejects unpublished, stale, and restarted lookup state (10.082166ms)
✔ catalog cursor expires by injected clock and bounded index eviction requires a fresh search (7.377208ms)
✔ catalog applies permissions before rank, total page size, and hasMore (6.907833ms)
✔ catalog page budgets count Unicode and the entire response envelope (2.847292ms)
✔ catalog rejects invalid bounds and keeps punctuation-only search bounded and empty (4.539625ms)
✔ catalog reuses immutable definition digests across cursor pages and refreshes after registry replacement (9.156875ms)
✔ sqlite/documents-simple: durable reuse keeps evidence identity and charges source costs once after reopen (436.568959ms)
✔ sqlite/observations-simple: durable reuse keeps evidence identity and charges source costs once after reopen (360.579542ms)
✔ file-journal/documents-simple: durable reuse keeps evidence identity and charges source costs once after reopen (2664.498916ms)
✔ file-journal/observations-simple: durable reuse keeps evidence identity and charges source costs once after reopen (3454.703542ms)
✔ sqlite: default deny and fresh request perform actual reads, unreported adapter costs stay unknown (435.882375ms)
✔ sqlite: TTL boundary makes a new read and adoption after expiry rejects an already-stored hit (492.807333ms)
✔ sqlite: a changed principal cannot reuse a result obtained under the old policy (223.703792ms)
✔ sqlite: contract changes before dispatch fail without invoking; unrelated registry changes keep a selected contract usable (182.910917ms)
✔ sqlite: a reuse clone cannot survive source custody removal in history, copies, or context (208.376125ms)
✔ sqlite: original artifact is rechecked at the adoption commit boundary (193.904583ms)
✔ sqlite: a dispatched call without a received measurement remains unknown after reopen (86.2485ms)
✔ sqlite: unsent cancellation and legacy reservation expiry do not create unknown execution costs (69.2185ms)
✔ sqlite: emitted observation source contracts are checked even when that tool schema is not selected (275.406291ms)
✔ sqlite: registry removal while a context frame is staged prevents returning the prepared input (171.783458ms)
✔ file-journal: default deny and fresh request perform actual reads, unreported adapter costs stay unknown (2096.810584ms)
✔ file-journal: TTL boundary makes a new read and adoption after expiry rejects an already-stored hit (2120.781458ms)
✔ file-journal: a changed principal cannot reuse a result obtained under the old policy (956.791792ms)
✔ file-journal: contract changes before dispatch fail without invoking; unrelated registry changes keep a selected contract usable (718.133292ms)
✔ file-journal: a reuse clone cannot survive source custody removal in history, copies, or context (1589.150917ms)
✔ file-journal: original artifact is rechecked at the adoption commit boundary (1571.08675ms)
✔ file-journal: a dispatched call without a received measurement remains unknown after reopen (340.794208ms)
✔ file-journal: unsent cancellation and legacy reservation expiry do not create unknown execution costs (267.718958ms)
✔ file-journal: emitted observation source contracts are checked even when that tool schema is not selected (1770.941375ms)
✔ file-journal: registry removal while a context frame is staged prevents returning the prepared input (974.057417ms)
✔ adapter-supplied reuse metadata cannot claim an invocation was avoided (161.811375ms)
✔ a write tool cannot declare reuse and changing freshness changes the immutable task digest (0.982583ms)
✔ tool reuse: trusted immutable defaults reuse across task IDs while preserving exact original evidence, timing and nullable usage (48.667667ms)
✔ tool reuse: untrusted-default always misses (12.987917ms)
✔ tool reuse: untrusted-request always misses (9.1545ms)
✔ tool reuse: fresh always misses (8.4675ms)
✔ tool reuse: TTL begins at original start, expires at the exact boundary, and is rechecked before adoption (11.502709ms)
✔ tool reuse: retracted source evidence is never reused (11.006417ms)
✔ tool reuse: deleted source evidence is never reused (10.858917ms)
✔ tool reuse: restricted source evidence is never reused (10.997ms)
✔ tool reuse: corrected source evidence is never reused (9.988292ms)
✔ tool reuse: superseded source evidence is never reused (10.337917ms)
✔ tool reuse: missing source evidence is never reused (9.454291ms)
✔ tool reuse: contract-stamp original attempt cannot establish a cache hit (13.166833ms)
✔ tool reuse: execution-proof original attempt cannot establish a cache hit (7.970958ms)
✔ tool reuse: reused original attempt cannot establish a cache hit (6.938125ms)
✔ tool reuse: not-invoked original attempt cannot establish a cache hit (7.529ms)
✔ tool reuse: partial original attempt cannot establish a cache hit (7.390875ms)
✔ tool reuse: unknown original attempt cannot establish a cache hit (6.749416ms)
✔ tool reuse: unadopted original attempt cannot establish a cache hit (8.401333ms)
✔ tool reuse: future original attempt cannot establish a cache hit (6.658333ms)
✔ tool reuse: full goal context changes invalidate the old key (8.141458ms)
✔ tool reuse: full goal-revision context changes invalidate the old key (9.525916ms)
✔ tool reuse: full scope context changes invalidate the old key (6.310625ms)
✔ tool reuse: full owner context changes invalidate the old key (7.397292ms)
✔ tool reuse: full labels context changes invalidate the old key (8.126042ms)
✔ tool reuse: full permission context changes invalidate the old key (8.73ms)
✔ tool reuse: changed immutable sourceVersion or schema under the same tool version invalidates pinned contracts (11.096458ms)
✔ tool reuse: a different canonical input under the same trusted definition is a cache miss (11.466416ms)
✔ tool reuse: parent retraction invalidates an unchanged derived evidence payload (9.18275ms)
✔ tool reuse: missing or damaged original bytes and oversized results are conservative misses (23.33575ms)
✔ tool reuse: a partial canonical result is not an original complete observation (10.308125ms)
✔ tool reuse: a cursor canonical result is not an original complete observation (9.719958ms)
✔ tool reuse: a reused canonical result is not an original complete observation (12.727459ms)
✔ tool reuse: a identity canonical result is not an original complete observation (9.634083ms)
✔ tool reuse: forged payloads, evidence timing, consumer identity, source stamps and accounting reports fail validation (16.820125ms)
✔ tool reuse: current source knowledge must validate and travels with the reused result (11.824333ms)
✔ tool reuse: source authority changes while canonical receipt lookup waits prevent a stale hit (7.591458ms)
✔ tool reuse: find-remove during the final state read invalidates the registry pin (9.486292ms)
✔ tool reuse: validate-source-version during the final state read invalidates the registry pin (9.741ms)
✔ tool reuse: validate-labels during the final state read invalidates the registry pin (11.84225ms)
✔ tool result validation: proof requirement is part of the contract and missing callbacks reject registration atomically (12.949625ms)
✔ tool result validation: assigning new fields or callback on the original adapter cannot alter a registered proof (7.6615ms)
✔ tool result validation: provider callback receives detached state and result values (4.4795ms)
✔ tool result validation: same-version replacement while awaiting a proof invalidates the pending answer (3.105ms)
✔ tool result validation: removal or unrelated provider refresh has the correct registration scope (5.717292ms)
✔ tool result validation: legacy tools retain optional validation and rejected or malformed proofs fail closed (12.939292ms)
✔ Web HTTP → stored workflow → restart is readonly (sqlite) (827.835875ms)
✔ Web HTTP → stored workflow → restart is readonly (file-journal) (5674.526792ms)
✔ web session is one-time, per-instance, HttpOnly; reload and static reads never execute (32.406917ms)
✔ web Host, Origin, Fetch Metadata, CSRF and strict JSON reject before controller entry (13.878542ms)
✔ web exact assets, methods and cursor options do not expose files or internal errors (14.5465ms)
✔ web session expiry during body blocks mutation entry, logout blocks late view payload (27.234166ms)
✔ web bootstrap expires and authenticated request rate has a finite window (342.377875ms)
✔ web SSE emits projection changes at same revision, reconnect is readonly, denial closes (3037.282833ms)
✔ web SSE session revocation, stream cap and lifetime release resources (39.459ms)
✔ closed SSE keeps physical read slots until completion; reconnect cannot create unbounded reads (373.946417ms)
✔ web pending run permits independent cancel and disconnect does not call cancel (17.386958ms)
✔ browser view: same-revision source invalidation replaces a result without sorting opaque cursors (0.801125ms)
✔ browser view: unavailable invalidates pending details and unchanged cannot resurrect revoked content (0.111417ms)
✔ browser view: an accepted conversation refresh invalidates an older in-flight detail response (0.071625ms)
✔ browser view: work identity, level, revision and goal version cannot be mixed or reversed (0.076125ms)
✔ browser view: repeated message identities update in place while new goal versions have distinct identities (0.099208ms)
✔ browser view: snapshots clone data and invalidate other levels without mutating the previous view (0.079ms)
✔ browser view: state and cursors remain isolated across two selected works (0.056917ms)
✔ browser view: history readers are not treated as pinned to the end of a scroll region (0.038917ms)
✔ browser reads: serialization starts the next request only after the prior read completes (0.136ms)
✔ browser reads: unavailability discards already-queued old reads and a new selection has its own queue epoch (0.115917ms)
✔ browser reads: a failed read does not permanently block later explicit reads (0.200667ms)
✔ browser stream: unchanged events make no reads and a burst of changes has at most one follow-up read (0.106125ms)
✔ browser stream: an invalidated stream cannot start its queued follow-up refresh (0.050333ms)
✔ browser stream: delayed change notifications only read the current same-revision source state (0.444125ms)
✔ browser acceptance: a lost response keeps the same receipt identity for an explicit retry (0.0765ms)
✔ browser acceptance: the same receipt after a lost response produces one work in a receipt-based fake receiver (0.036042ms)
✔ browser status: stored completion is distinct from a currently invalidated result (0.024834ms)
✔ browser goal editing: changing only the description preserves the current fast mode over the original goal mode (0.0915ms)
✔ browser goal editing: a pending requested mode is preserved and its control revision is pinned (0.034458ms)
✔ browser goal editing: a control, goal or work change rejects submission without changing the input draft (0.177792ms)
✔ browser goal editing: an explicit refreshed basis retains user edits and adopts the latest requested mode (0.071709ms)
✔ progress runtime sqlite: renamed tasks share failure history and backoff survives workflow runs and reopening (419.036083ms)
✔ progress runtime sqlite: replanning cannot extend the first semantic request retry deadline (271.02175ms)
✔ progress runtime sqlite: successful empty results still stall and mode, compact, resume and reopening cannot erase that state (416.127375ms)
✔ progress runtime sqlite: a stored tool result settles atomically before allocation gates and verified completion still wins (208.555041ms)
✔ progress runtime sqlite: a stored model reply settles after reopening even when new allocations are blocked (216.056166ms)
✔ progress runtime sqlite: repeated invalid model proposals preserve one failure key and persist model backoff (591.7845ms)
✔ progress runtime sqlite: a new goal starts a new streak while preserving usage, processed history and failure deadlines (143.824ms)
✔ progress runtime sqlite: an unknown synthetic write remains an obligation ahead of a no-progress allocation stop (198.3055ms)
✔ progress runtime file-journal: renamed tasks share failure history and backoff survives workflow runs and reopening (3794.768625ms)
✔ progress runtime file-journal: replanning cannot extend the first semantic request retry deadline (1665.129833ms)
✔ progress runtime file-journal: successful empty results still stall and mode, compact, resume and reopening cannot erase that state (2445.06525ms)
✔ progress runtime file-journal: a stored tool result settles atomically before allocation gates and verified completion still wins (1138.420167ms)
✔ progress runtime file-journal: a stored model reply settles after reopening even when new allocations are blocked (811.453083ms)
✔ progress runtime file-journal: repeated invalid model proposals preserve one failure key and persist model backoff (3463.076625ms)
✔ progress runtime file-journal: a new goal starts a new streak while preserving usage, processed history and failure deadlines (551.729042ms)
✔ progress runtime file-journal: an unknown synthetic write remains an obligation ahead of a no-progress allocation stop (1054.034209ms)
✔ progress: a unique committed operation contributes once and returned state has no mutable aliases (0.82875ms)
✔ progress: permutations, repeated known keys and new operation IDs cannot fabricate productive steps (1.262625ms)
✔ progress: explicit goal epochs reset only the current streak and preserve deduplication and the original retry window (0.275083ms)
✔ progress: processed capacity saturates without evicting prior records or resetting on a new goal (0.237875ms)
✔ progress: knownKeys capacity saturates without evicting prior records or resetting on a new goal (0.117917ms)
✔ progress: repeated failures retain their first deadline and use the current backoff without extending the retry window (0.452458ms)
✔ progress: retry gate respects the work deadline and specific repeated-failure limits (0.175584ms)
✔ progress: policies remain pinned and invalid counters, times, keys or schema fields fail closed (0.526208ms)
✔ capture: a new negative observation is productive while aliases, timestamps and duplicate originals are not (2.675708ms)
✔ capture: changed facts, coverage and an authenticated original version can each carry new information (0.393542ms)
✔ capture: derived copies do not add progress or independent completion credit (0.240791ms)
✔ capture: tenant evidence cannot earn progress (0.129041ms)
✔ capture: scope evidence cannot earn progress (0.118084ms)
✔ capture: labels evidence cannot earn progress (0.09875ms)
✔ capture: retracted evidence cannot earn progress (0.093125ms)
✔ capture: deleted evidence cannot earn progress (0.09075ms)
✔ capture: blocked-artifact evidence cannot earn progress (0.2135ms)
✔ capture: a hypothesis assessment is credited once per semantic evidence basis, not per hypothesis text or evidence ID (0.3865ms)
✔ capture: no evidence or a stale hypothesis assessment earns a fresh reasoning credit (0.151833ms)
✔ capture: only satisfied obligations contribute and identity or explanation rewrites cannot repeat the credit (0.135333ms)
✔ capture: plan, task, revision, mode, usage and replay changes cannot reset a stalled work (0.14625ms)
✔ capture: trusted explicit item progress and returned state copies follow the same deduplication contract (0.08625ms)
✔ progress sqlite: reopen and duplicate commit preserve settlement counts and the first retry deadline (72.296292ms)
✔ progress file-journal: reopen and duplicate commit preserve settlement counts and the first retry deadline (134.692416ms)
✔ sqlite: page options cannot replace the trusted actor or conversation route (213.592166ms)
✔ sqlite: diagnostics uses metadata through the current revision and never requests full event payloads (265.4955ms)
✔ sqlite: a denied-only list page stops after one candidate page and continues after a detached anchor (1352.518166ms)
✔ sqlite: list cursor handles expire, stay instance scoped, and are evicted without resolving all IDs (177.294458ms)
✔ file-journal: page options cannot replace the trusted actor or conversation route (592.819375ms)
✔ file-journal: diagnostics uses metadata through the current revision and never requests full event payloads (779.871708ms)
✔ file-journal: a denied-only list page stops after one candidate page and continues after a detached anchor (14961.080041ms)
✔ file-journal: list cursor handles expire, stay instance scoped, and are evicted without resolving all IDs (154.107167ms)
✔ sqlite: public CLI cursor survives process reconnect without executing or changing the work (1992.99925ms)
✔ sqlite: public CLI binds reconnect to the registered conversation and keeps the primary reply route (2121.571875ms)
✔ sqlite: delivered results disappear from the current CLI view after a goal change and explicit cancel (1913.753166ms)
✔ file-journal: public CLI cursor survives process reconnect without executing or changing the work (2465.929834ms)
✔ file-journal: public CLI binds reconnect to the registered conversation and keeps the primary reply route (3189.105833ms)
✔ file-journal: delivered results disappear from the current CLI view after a goal change and explicit cancel (4319.008625ms)
✔ public CLI rejects ambiguous view flags without printing a success response (597.595834ms)
✔ human work view labels prepared outputs and never turns unknown delivery into delivered or read (0.603375ms)
✔ human work view keeps stored completion separate from a currently invalid result (0.064083ms)
✔ human work view strips terminal controls and gives a bounded status reason without replaying diagnostics (0.139209ms)
✔ human work view makes observing another reply route explicit and keeps unchanged output quiet (0.768083ms)
✔ sqlite: empty accepted work reads and reopens without executing, writing, or sending (85.92575ms)
✔ sqlite: ownership, exact route, current read restriction, and diagnostics are distinct checks (81.689875ms)
✔ sqlite: legacy read labels also protect retained text (53.01275ms)
✔ sqlite: cursors bind level, route, actor rights, and work without moving the primary reply (62.510875ms)
✔ sqlite: verified prepared results remain distinct from pending and unknown delivery (157.975667ms)
✔ sqlite: missing source and corrupt response withhold a same-revision result before cursor matching (61.941334ms)
✔ sqlite: originals, goals, cancellation, and hypothesis review invalidate historical replies (102.213625ms)
✔ sqlite: only the current pending question is displayed and resolved questions disappear (66.107792ms)
✔ sqlite: losing a separate hypothesis basis withholds the result consistently at every view level (83.62725ms)
✔ sqlite: a derived evidence card requires every original ancestor to remain available (85.101417ms)
✔ sqlite: knowledge changes reject current and repeated reads without refreshing state (52.918208ms)
✔ sqlite: revocation during artifact reads or final state checks prevents unchanged and snapshots (89.913667ms)
✔ sqlite: a disappearing original during projection is revalidated before returning a cached cursor (91.031375ms)
✔ sqlite: detail and diagnostic cards are bounded and omit raw inputs, outputs, event payloads, and controls (104.738125ms)
✔ file-journal: empty accepted work reads and reopens without executing, writing, or sending (261.741334ms)
✔ file-journal: ownership, exact route, current read restriction, and diagnostics are distinct checks (300.291125ms)
✔ file-journal: legacy read labels also protect retained text (145.688542ms)
✔ file-journal: cursors bind level, route, actor rights, and work without moving the primary reply (486.189208ms)
✔ file-journal: verified prepared results remain distinct from pending and unknown delivery (1366.90375ms)
✔ file-journal: missing source and corrupt response withhold a same-revision result before cursor matching (317.872459ms)
✔ file-journal: originals, goals, cancellation, and hypothesis review invalidate historical replies (564.097625ms)
✔ file-journal: only the current pending question is displayed and resolved questions disappear (292.246417ms)
✔ file-journal: losing a separate hypothesis basis withholds the result consistently at every view level (650.628458ms)
✔ file-journal: a derived evidence card requires every original ancestor to remain available (246.11ms)
✔ file-journal: knowledge changes reject current and repeated reads without refreshing state (204.820417ms)
✔ file-journal: revocation during artifact reads or final state checks prevents unchanged and snapshots (417.975125ms)
✔ file-journal: a disappearing original during projection is revalidated before returning a cached cursor (270.125458ms)
✔ file-journal: detail and diagnostic cards are bounded and omit raw inputs, outputs, event payloads, and controls (341.813583ms)
✔ sqlite/documents-simple: SIGKILL at before-execution resumes from reopened stores with 1 source call(s) and one result send (826.328083ms)
✔ sqlite/documents-simple: SIGKILL at response-before-store resumes from reopened stores with 2 source call(s) and one result send (953.999667ms)
✔ sqlite/documents-simple: SIGKILL at response-stored resumes from reopened stores with 1 source call(s) and one result send (828.835458ms)
✔ sqlite/documents-simple: SIGKILL at receiver-committed resumes from reopened stores with 1 source call(s) and one result send (846.050334ms)
✔ sqlite/observations-simple: SIGKILL at before-execution resumes from reopened stores with 1 source call(s) and one result send (808.93725ms)
✔ sqlite/observations-simple: SIGKILL at response-before-store resumes from reopened stores with 2 source call(s) and one result send (1019.891459ms)
✔ sqlite/observations-simple: SIGKILL at response-stored resumes from reopened stores with 1 source call(s) and one result send (908.067708ms)
✔ sqlite/observations-simple: SIGKILL at receiver-committed resumes from reopened stores with 1 source call(s) and one result send (778.868625ms)
✔ sqlite: SIGKILL after a synthetic write effect but before response storage preserves unknown and never repeats the write or claims completion (765.740708ms)
✔ file-journal/documents-simple: SIGKILL at before-execution resumes from reopened stores with 1 source call(s) and one result send (2494.51775ms)
✔ file-journal/documents-simple: SIGKILL at response-before-store resumes from reopened stores with 2 source call(s) and one result send (1637.372709ms)
✔ file-journal/documents-simple: SIGKILL at response-stored resumes from reopened stores with 1 source call(s) and one result send (1030.812042ms)
✔ file-journal/documents-simple: SIGKILL at receiver-committed resumes from reopened stores with 1 source call(s) and one result send (890.213042ms)
✔ file-journal/observations-simple: SIGKILL at before-execution resumes from reopened stores with 1 source call(s) and one result send (1630.249667ms)
✔ file-journal/observations-simple: SIGKILL at response-before-store resumes from reopened stores with 2 source call(s) and one result send (1480.753416ms)
✔ file-journal/observations-simple: SIGKILL at response-stored resumes from reopened stores with 1 source call(s) and one result send (904.263708ms)
✔ file-journal/observations-simple: SIGKILL at receiver-committed resumes from reopened stores with 1 source call(s) and one result send (879.377667ms)
✔ file-journal: SIGKILL after a synthetic write effect but before response storage preserves unknown and never repeats the write or claims completion (774.895958ms)
✔ documents-simple: restarted workflow adopts a stored model response and reaches delivered completion without another planner call (63.943417ms)
✔ observations-simple: restarted workflow adopts a stored model response and reaches delivered completion without another planner call (23.455625ms)
✔ an unknown result delivery causes bounded waiting and only one receipt lookup on the next explicit run (19.804292ms)
✔ a workflow without a planner returns a planning requirement and does not create an inferred plan (7.037541ms)
✔ workflow entry requires the full persisted execution policy rather than a narrower read-only view (4.219833ms)
✔ user cancellation between workflow steps preserves terminal state and cancels an unsent model reservation (9.103166ms)
✔ scoped actors cannot enter execution even when their current limits equal the work policy (4.128333ms)
✔ final checkpoint cannot report old completion when a goal change arrives during checkpoint storage (15.305292ms)
✔ workspace: missing or denying memory validators block file operations before workspace I/O (192.516708ms)
✔ workspace: stage rechecks memory custody after its asynchronous I/O (189.92175ms)
✔ workspace: read rechecks memory custody after its asynchronous I/O (157.880875ms)
✔ workspace: checkpoint rechecks memory custody after its asynchronous I/O (195.821167ms)
✔ workspace: restore rechecks memory custody after its asynchronous I/O (100.047666ms)
✔ workspace: cleanup rechecks memory custody after its asynchronous I/O (174.639791ms)
✔ workspace: sqlite checkpoint and byte-for-byte restore survive new state, artifact and workspace instances (247.27575ms)
✔ workspace: file-journal checkpoint and byte-for-byte restore survive new state, artifact and workspace instances (458.520458ms)
✔ workspace: identical paths are isolated by both work and attempt and ownership is checked before file access (176.407209ms)
✔ workspace: traversal, absolute, ambiguous and platform-specific paths cannot be staged (24.912917ms)
✔ workspace: repeated identical staging is idempotent and different content cannot overwrite it (79.671208ms)
✔ workspace: caller mutations after starting stage cannot change the bytes being staged (43.268209ms)
✔ workspace: two processes cannot overwrite the same staged path with different bytes (157.753709ms)
✔ workspace: artifact saved during a state change remains uncommitted and cannot replace the authoritative revision (159.194833ms)
✔ workspace: narrower actor grants never replace the stored work policy during checkpoint commit (88.695709ms)
✔ workspace: policy change during file read prevents returning previously read bytes (68.813375ms)
✔ workspace: generation change during file read prevents returning previously read bytes (91.0985ms)
✔ workspace: policy change during staging prevents a successful stale response and preserves the local file (63.213292ms)
✔ workspace: generation change during staging prevents a successful stale response and preserves the local file (43.834292ms)
✔ workspace: generation changes block even source-free checkpoints and preserve their staged files (157.02125ms)
✔ workspace: restricted is checked when restoring a checkpoint even without a generation change (140.800375ms)
✔ workspace: deleted is checked when restoring a checkpoint even without a generation change (184.808083ms)
✔ workspace: labels is checked when restoring a checkpoint even without a generation change (247.144042ms)
✔ workspace: artifact is checked when restoring a checkpoint even without a generation change (120.913583ms)
✔ workspace: lifecycle changes during artifact restore prevent files from being staged (133.915541ms)
✔ workspace: cleanup preserves files while active (95.757958ms)
✔ workspace: cleanup preserves files while unknown (94.282167ms)
✔ workspace: cleanup preserves files while obligation (92.996584ms)
✔ workspace: cleanup preserves files while uncheckpointed (73.696083ms)
✔ workspace: a file staged after cleanup inspection causes manifest conflict and remains preserved (156.01375ms)
✔ workspace: missing checkpoint content prevents cleanup of the surviving staged file (86.008292ms)
✔ workspace: a remaining lock is never stolen by staging or cleanup (89.603041ms)
✔ workspace: symlink files and replaced roots are rejected instead of reading or overwriting them (70.198ms)
✔ workspace: content corruption and configured byte or file capacity limits fail without silent truncation (80.932208ms)
ℹ tests 2479
ℹ suites 0
ℹ pass 2479
ℹ fail 0
ℹ cancelled 0
ℹ skipped 0
ℹ todo 0
ℹ duration_ms 437605.334291

> long-horizon-runtime@0.1.0 typecheck:core
> tsc -p tsconfig.core.json


> long-horizon-runtime@0.1.0 check:architecture
> node scripts/check-architecture.mjs

{"inspected":125,"failures":[]}

> long-horizon-runtime@0.1.0 fixtures
> node dist/presentation/fixtures.js

{
  "createdAt": "2026-09-06T13:53:04.009Z",
  "node": "v24.20.0",
  "evaluation": "deterministic_contract_baseline",
  "passed": true,
  "scenarios": 4,
  "checkpoints": 22,
  "elapsedMs": 10.994665999999995,
  "actualModelCalls": 0,
  "actualToolCalls": 0,
  "actualTokenUsage": null,
  "results": [
    {
      "id": "documents-complex",
      "checks": 9,
      "passed": true
    },
    {
      "id": "documents-simple",
      "checks": 3,
      "passed": true
    },
    {
      "id": "observations-complex",
      "checks": 7,
      "passed": true
    },
    {
      "id": "observations-simple",
      "checks": 3,
      "passed": true
    }
  ]
}
