TAP version 13
# Subtest: versioned main prompt fingerprints canonical host profile and preserves model self-review boundaries
ok 1 - versioned main prompt fingerprints canonical host profile and preserves model self-review boundaries
  ---
  duration_ms: 1.547042
  type: 'test'
  ...
# Subtest: main-turn transport receives original conversation and frozen prompt/options once, returning a direct answer with measured usage
ok 2 - main-turn transport receives original conversation and frozen prompt/options once, returning a direct answer with measured usage
  ---
  duration_ms: 3.963166
  type: 'test'
  ...
# Subtest: request estimation includes the fixed prompt, original UTF-8 text and exact tool contracts; byte limit is inclusive
ok 3 - request estimation includes the fixed prompt, original UTF-8 text and exact tool contracts; byte limit is inclusive
  ---
  duration_ms: 3.376584
  type: 'test'
  ...
# Subtest: host prompt changes and another agent session cannot be accepted through caller-supplied digests
ok 4 - host prompt changes and another agent session cannot be accepted through caller-supplied digests
  ---
  duration_ms: 1.756875
  type: 'test'
  ...
# Subtest: destination, disclosure and exact tool permissions are checked before any turn invocation
ok 5 - destination, disclosure and exact tool permissions are checked before any turn invocation
  ---
  duration_ms: 0.678833
  type: 'test'
  ...
# Subtest: strict main results preserve question and plan branches without inventing direct-answer tasks
ok 6 - strict main results preserve question and plan branches without inventing direct-answer tasks
  ---
  duration_ms: 0.9125
  type: 'test'
  ...
# Subtest: unknown result fields, invalid JSON and missing assessment are rejected without repair while usage remains known
ok 7 - unknown result fields, invalid JSON and missing assessment are rejected without repair while usage remains known
  ---
  duration_ms: 1.221708
  type: 'test'
  ...
# Subtest: provider identity, finish status and safe partial usage survive invalid or oversized replies without leaking provider details
ok 8 - provider identity, finish status and safe partial usage survive invalid or oversized replies without leaking provider details
  ---
  duration_ms: 1.076417
  type: 'test'
  ...
# Subtest: early and late cancellation differ in usage; thrown transport errors remain unknown and have no hidden retry
ok 9 - early and late cancellation differ in usage; thrown transport errors remain unknown and have no hidden retry
  ---
  duration_ms: 0.445208
  type: 'test'
  ...
# Subtest: invalid configuration or request contracts cannot invoke the model transport
ok 10 - invalid configuration or request contracts cannot invoke the model transport
  ---
  duration_ms: 0.326667
  type: 'test'
  ...
# Subtest: late received answer cannot override input; measured usage remains settled
ok 11 - late received answer cannot override input; measured usage remains settled
  ---
  duration_ms: 349.776458
  type: 'test'
  ...
# Subtest: late received answer cannot override cancel; measured usage remains settled
ok 12 - late received answer cannot override cancel; measured usage remains settled
  ---
  duration_ms: 298.975792
  type: 'test'
  ...
# Subtest: same provider identity with a changed prompt rejects a stored response without resetting charged usage
ok 13 - same provider identity with a changed prompt rejects a stored response without resetting charged usage
  ---
  duration_ms: 287.0075
  type: 'test'
  ...
# Subtest: repeated unfinished self-review is bounded and never creates a deliverable answer
ok 14 - repeated unfinished self-review is bounded and never creates a deliverable answer
  ---
  duration_ms: 729.110416
  type: 'test'
  ...
# Subtest: unknown provider usage is retained and prevents an automatic unaccounted retry
ok 15 - unknown provider usage is retained and prevents an automatic unaccounted retry
  ---
  duration_ms: 307.79525
  type: 'test'
  ...
# Subtest: a prior draft disappearing after response reservation prevents accepting a late revision
ok 16 - a prior draft disappearing after response reservation prevents accepting a late revision
  ---
  duration_ms: 446.48175
  type: 'test'
  ...
# Subtest: sqlite: generic correction survives repeated compact as an exact assistant citation and a later command-backed answer
ok 17 - sqlite: generic correction survives repeated compact as an exact assistant citation and a later command-backed answer
  ---
  duration_ms: 2002.131292
  type: 'test'
  ...
# Subtest: file-journal: generic correction survives repeated compact as an exact assistant citation and a later command-backed answer
ok 18 - file-journal: generic correction survives repeated compact as an exact assistant citation and a later command-backed answer
  ---
  duration_ms: 8744.46375
  type: 'test'
  ...
# Subtest: context compiler sqlite/documents-complex: five published working sets retain counterevidence and rediscover an early original
ok 19 - context compiler sqlite/documents-complex: five published working sets retain counterevidence and rediscover an early original
  ---
  duration_ms: 694.4185
  type: 'test'
  ...
# Subtest: context compiler sqlite/observations-complex: five published working sets retain counterevidence and rediscover an early original
ok 20 - context compiler sqlite/observations-complex: five published working sets retain counterevidence and rediscover an early original
  ---
  duration_ms: 726.653875
  type: 'test'
  ...
# Subtest: context compiler file-journal/documents-complex: five published working sets retain counterevidence and rediscover an early original
ok 21 - context compiler file-journal/documents-complex: five published working sets retain counterevidence and rediscover an early original
  ---
  duration_ms: 2082.481334
  type: 'test'
  ...
# Subtest: context compiler file-journal/observations-complex: five published working sets retain counterevidence and rediscover an early original
ok 22 - context compiler file-journal/observations-complex: five published working sets retain counterevidence and rediscover an early original
  ---
  duration_ms: 2020.229208
  type: 'test'
  ...
# Subtest: context compiler sqlite: five compactions preserve canonical unknown effect and timed response obligations
ok 23 - context compiler sqlite: five compactions preserve canonical unknown effect and timed response obligations
  ---
  duration_ms: 213.450834
  type: 'test'
  ...
# Subtest: context compiler file-journal: five compactions preserve canonical unknown effect and timed response obligations
ok 24 - context compiler file-journal: five compactions preserve canonical unknown effect and timed response obligations
  ---
  duration_ms: 404.819
  type: 'test'
  ...
# Subtest: context compiler sqlite: selected schemas reduce the actual structured transport request and preserve precise byte accounting
ok 25 - context compiler sqlite: selected schemas reduce the actual structured transport request and preserve precise byte accounting
  ---
  duration_ms: 74.446416
  type: 'test'
  ...
# {"backend":"sqlite","baselinePacketBytes":4700,"baselineToolBytes":516593,"packetBytes":2471,"toolBytes":33733,"envelopeBytes":36282,"requestBytes":42210,"selectedToolCount":13,"catalogTotal":81}
# Subtest: context compiler file-journal: selected schemas reduce the actual structured transport request and preserve precise byte accounting
ok 26 - context compiler file-journal: selected schemas reduce the actual structured transport request and preserve precise byte accounting
  ---
  duration_ms: 92.498167
  type: 'test'
  ...
# {"backend":"file-journal","baselinePacketBytes":4700,"baselineToolBytes":516593,"packetBytes":2471,"toolBytes":33733,"envelopeBytes":36282,"requestBytes":42210,"selectedToolCount":13,"catalogTotal":81}
# Subtest: context compiler sqlite: an oversized mandatory goal fails before candidate storage or transport
ok 27 - context compiler sqlite: an oversized mandatory goal fails before candidate storage or transport
  ---
  duration_ms: 28.79975
  type: 'test'
  ...
# Subtest: context compiler file-journal: an oversized mandatory goal fails before candidate storage or transport
ok 28 - context compiler file-journal: an oversized mandatory goal fails before candidate storage or transport
  ---
  duration_ms: 45.924708
  type: 'test'
  ...
# Subtest: context dispatch sqlite: persisted reservation does not send removed registration
ok 29 - context dispatch sqlite: persisted reservation does not send removed registration
  ---
  duration_ms: 122.040625
  type: 'test'
  ...
# Subtest: context dispatch sqlite: persisted reservation does not send replacement version
ok 30 - context dispatch sqlite: persisted reservation does not send replacement version
  ---
  duration_ms: 79.363792
  type: 'test'
  ...
# Subtest: context dispatch sqlite: persisted reservation does not send changed input schema under the same ID and version
ok 31 - context dispatch sqlite: persisted reservation does not send changed input schema under the same ID and version
  ---
  duration_ms: 74.334417
  type: 'test'
  ...
# Subtest: context dispatch sqlite: persisted reservation does not send changed allowed labels under the same ID and version
ok 32 - context dispatch sqlite: persisted reservation does not send changed allowed labels under the same ID and version
  ---
  duration_ms: 83.883167
  type: 'test'
  ...
# Subtest: context dispatch sqlite: persisted reservation does not send changed allowed destination under the same ID and version
ok 33 - context dispatch sqlite: persisted reservation does not send changed allowed destination under the same ID and version
  ---
  duration_ms: 72.162
  type: 'test'
  ...
# Subtest: context dispatch file-journal: persisted reservation does not send removed registration
ok 34 - context dispatch file-journal: persisted reservation does not send removed registration
  ---
  duration_ms: 133.128333
  type: 'test'
  ...
# Subtest: context dispatch file-journal: persisted reservation does not send replacement version
ok 35 - context dispatch file-journal: persisted reservation does not send replacement version
  ---
  duration_ms: 119.211833
  type: 'test'
  ...
# Subtest: context dispatch file-journal: persisted reservation does not send changed input schema under the same ID and version
ok 36 - context dispatch file-journal: persisted reservation does not send changed input schema under the same ID and version
  ---
  duration_ms: 117.970292
  type: 'test'
  ...
# Subtest: context dispatch file-journal: persisted reservation does not send changed allowed labels under the same ID and version
ok 37 - context dispatch file-journal: persisted reservation does not send changed allowed labels under the same ID and version
  ---
  duration_ms: 110.933458
  type: 'test'
  ...
# Subtest: context dispatch file-journal: persisted reservation does not send changed allowed destination under the same ID and version
ok 38 - context dispatch file-journal: persisted reservation does not send changed allowed destination under the same ID and version
  ---
  duration_ms: 124.046292
  type: 'test'
  ...
# Subtest: context dispatch sqlite: persisted guidance required-rules change is checked before transport
ok 39 - context dispatch sqlite: persisted guidance required-rules change is checked before transport
  ---
  duration_ms: 148.299958
  type: 'test'
  ...
# Subtest: context dispatch sqlite: persisted guidance version change is checked before transport
ok 40 - context dispatch sqlite: persisted guidance version change is checked before transport
  ---
  duration_ms: 145.133167
  type: 'test'
  ...
# Subtest: context dispatch file-journal: persisted guidance required-rules change is checked before transport
ok 41 - context dispatch file-journal: persisted guidance required-rules change is checked before transport
  ---
  duration_ms: 257.156959
  type: 'test'
  ...
# Subtest: context dispatch file-journal: persisted guidance version change is checked before transport
ok 42 - context dispatch file-journal: persisted guidance version change is checked before transport
  ---
  duration_ms: 295.0885
  type: 'test'
  ...
# Subtest: context dispatch sqlite: unchanged tool and trusted guidance contracts resume the stored request once
ok 43 - context dispatch sqlite: unchanged tool and trusted guidance contracts resume the stored request once
  ---
  duration_ms: 123.85525
  type: 'test'
  ...
# Subtest: context dispatch file-journal: unchanged tool and trusted guidance contracts resume the stored request once
ok 44 - context dispatch file-journal: unchanged tool and trusted guidance contracts resume the stored request once
  ---
  duration_ms: 500.053208
  type: 'test'
  ...
# Subtest: an exactly fitting mandatory request survives conservative selector item costs without writes during inspection
ok 45 - an exactly fitting mandatory request survives conservative selector item costs without writes during inspection
  ---
  duration_ms: 71.353541
  type: 'test'
  ...
# Subtest: token-driven optional reduction falls back to the verified mandatory selection and its normal memo
ok 46 - token-driven optional reduction falls back to the verified mandatory selection and its normal memo
  ---
  duration_ms: 43.717
  type: 'test'
  ...
# Subtest: invalid final request estimates remain provider-contract failures before a context frame is written
ok 47 - invalid final request estimates remain provider-contract failures before a context frame is written
  ---
  duration_ms: 14.296708
  type: 'test'
  ...
# Subtest: inspect writes neither raw session head nor frame; materialize publishes one actual head and one frame without changing work state
ok 48 - inspect writes neither raw session head nor frame; materialize publishes one actual head and one frame without changing work state
  ---
  duration_ms: 96.703042
  type: 'test'
  ...
# Subtest: session storage capacity produces only a compact-needed report, never a truncated dispatchable history or a published head
ok 49 - session storage capacity produces only a compact-needed report, never a truncated dispatchable history or a published head
  ---
  duration_ms: 44.680625
  type: 'test'
  ...
# Subtest: a complete stored history that exceeds the model window also requests compact, retaining every history entry in the full preview
ok 50 - a complete stored history that exceeds the model window also requests compact, retaining every history entry in the full preview
  ---
  duration_ms: 60.047625
  type: 'test'
  ...
# Subtest: current_input overflow cannot be repaired by compacting earlier history and performs no head or frame publication
ok 51 - current_input overflow cannot be repaired by compacting earlier history and performs no head or frame publication
  ---
  duration_ms: 54.735375
  type: 'test'
  ...
# Subtest: goal_and_obligation overflow cannot be repaired by compacting earlier history and performs no head or frame publication
ok 52 - goal_and_obligation overflow cannot be repaired by compacting earlier history and performs no head or frame publication
  ---
  duration_ms: 52.091
  type: 'test'
  ...
# Subtest: a state change after inspect makes materialize refuse the stale preparation before publishing anything
ok 53 - a state change after inspect makes materialize refuse the stale preparation before publishing anything
  ---
  duration_ms: 46.003209
  type: 'test'
  ...
# Subtest: an original history source becoming unavailable after inspect refuses materialize even when work state has not changed
ok 54 - an original history source becoming unavailable after inspect refuses materialize even when work state has not changed
  ---
  duration_ms: 23.074125
  type: 'test'
  ...
# Subtest: inspect and materialize preserve optional-tool selection while keeping discovery tools and the entire session
ok 55 - inspect and materialize preserve optional-tool selection while keeping discovery tools and the entire session
  ---
  duration_ms: 35.779125
  type: 'test'
  ...
# Subtest: sqlite: source deletion during the context head exists check prevents reservation and head publication
ok 56 - sqlite: source deletion during the context head exists check prevents reservation and head publication
  ---
  duration_ms: 203.131334
  type: 'test'
  ...
# Subtest: sqlite: source deletion inside repository commit retires the published head and cancels the model reservation before returning
ok 57 - sqlite: source deletion inside repository commit retires the published head and cancels the model reservation before returning
  ---
  duration_ms: 215.902
  type: 'test'
  ...
# Subtest: sqlite: losing the prior frame does not turn an old catalog request into a conflict with the current task version
ok 58 - sqlite: losing the prior frame does not turn an old catalog request into a conflict with the current task version
  ---
  duration_ms: 186.035958
  type: 'test'
  ...
# Subtest: file-journal: source deletion during the context head exists check prevents reservation and head publication
ok 59 - file-journal: source deletion during the context head exists check prevents reservation and head publication
  ---
  duration_ms: 1781.191292
  type: 'test'
  ...
# Subtest: file-journal: source deletion inside repository commit retires the published head and cancels the model reservation before returning
ok 60 - file-journal: source deletion inside repository commit retires the published head and cancels the model reservation before returning
  ---
  duration_ms: 1110.045917
  type: 'test'
  ...
# Subtest: file-journal: losing the prior frame does not turn an old catalog request into a conflict with the current task version
ok 61 - file-journal: losing the prior frame does not turn an old catalog request into a conflict with the current task version
  ---
  duration_ms: 236.487292
  type: 'test'
  ...
# Subtest: required full and reference information survives optional content pressure
ok 62 - required full and reference information survives optional content pressure
  ---
  duration_ms: 2.275917
  type: 'test'
  ...
# Subtest: a full value cheaper than its required reference satisfies the minimum without overflow
ok 63 - a full value cheaper than its required reference satisfies the minimum without overflow
  ---
  duration_ms: 0.1865
  type: 'test'
  ...
# Subtest: a required reference cap rejects contradictory bounds and never substitutes a cheaper full payload
ok 64 - a required reference cap rejects contradictory bounds and never substitutes a cheaper full payload
  ---
  duration_ms: 0.345334
  type: 'test'
  ...
# Subtest: optional reference caps consume only reference bytes and remain omitted when that representation does not fit
ok 65 - optional reference caps consume only reference bytes and remain omitted when that representation does not fit
  ---
  duration_ms: 0.194
  type: 'test'
  ...
# Subtest: a reference cap overrides full residency and new use without counting references as full reloads
ok 66 - a reference cap overrides full residency and new use without counting references as full reloads
  ---
  duration_ms: 0.517417
  type: 'test'
  ...
# Subtest: high and low watermarks retain compact mode until the lower boundary is crossed
ok 67 - high and low watermarks retain compact mode until the lower boundary is crossed
  ---
  duration_ms: 0.133125
  type: 'test'
  ...
# Subtest: mere inclusion is not actual use and an idle full value does not automatically reload
ok 68 - mere inclusion is not actual use and an idle full value does not automatically reload
  ---
  duration_ms: 0.293709
  type: 'test'
  ...
# Subtest: a new actual use marker refreshes usage and reloads the same digest once
ok 69 - a new actual use marker refreshes usage and reloads the same digest once
  ---
  duration_ms: 0.216875
  type: 'test'
  ...
# Subtest: minimum residency delays idle eviction for two cycles while the hard budget still wins
ok 70 - minimum residency delays idle eviction for two cycles while the hard budget still wins
  ---
  duration_ms: 0.172792
  type: 'test'
  ...
# Subtest: five changing working sets preserve old counterevidence, pending and unknown references
ok 71 - five changing working sets preserve old counterevidence, pending and unknown references
  ---
  duration_ms: 0.352458
  type: 'test'
  ...
# Subtest: removed authority and changed digests cannot be revived by resident or use history
ok 72 - removed authority and changed digests cannot be revived by resident or use history
  ---
  duration_ms: 0.441667
  type: 'test'
  ...
# Subtest: decisions are stable by minimum, priority, real use, recency, residence and key
ok 73 - decisions are stable by minimum, priority, real use, recency, residence and key
  ---
  duration_ms: 0.1925
  type: 'test'
  ...
# Subtest: recently evicted content waits through cooldown unless actual use or a minimum requires it
ok 74 - recently evicted content waits through cooldown unless actual use or a minimum requires it
  ---
  duration_ms: 0.104959
  type: 'test'
  ...
# Subtest: memo storage is bounded and prioritizes selected residents without changing decisions
ok 75 - memo storage is bounded and prioritizes selected residents without changing decisions
  ---
  duration_ms: 0.597333
  type: 'test'
  ...
# Subtest: inputs and previous memo stay immutable and byte sums match selected representations
ok 76 - inputs and previous memo stay immutable and byte sums match selected representations
  ---
  duration_ms: 0.137959
  type: 'test'
  ...
# Subtest: duplicate keys, malformed items, invalid budgets and inconsistent memo are rejected
ok 77 - duplicate keys, malformed items, invalid budgets and inconsistent memo are rejected
  ---
  duration_ms: 0.580542
  type: 'test'
  ...
# Subtest: context store stages an immutable frame without publishing it and reads the installed basis N from revision N+1
ok 78 - context store stages an immutable frame without publishing it and reads the installed basis N from revision N+1
  ---
  duration_ms: 27.39975
  type: 'test'
  ...
# Subtest: context store sqlite: derived frame and installed head survive separate reopened instances
ok 79 - context store sqlite: derived frame and installed head survive separate reopened instances
  ---
  duration_ms: 31.832292
  type: 'test'
  ...
# Subtest: context store file-journal: derived frame and installed head survive separate reopened instances
ok 80 - context store file-journal: derived frame and installed head survive separate reopened instances
  ---
  duration_ms: 110.36725
  type: 'test'
  ...
# Subtest: context store regenerates a missing derived frame without editing the authoritative head
ok 81 - context store regenerates a missing derived frame without editing the authoritative head
  ---
  duration_ms: 16.42275
  type: 'test'
  ...
# Subtest: context store regenerates a corrupt derived frame without editing the authoritative head
ok 82 - context store regenerates a corrupt derived frame without editing the authoritative head
  ---
  duration_ms: 30.67775
  type: 'test'
  ...
# Subtest: context store regenerates a invalid-json derived frame without editing the authoritative head
ok 83 - context store regenerates a invalid-json derived frame without editing the authoritative head
  ---
  duration_ms: 30.910667
  type: 'test'
  ...
# Subtest: context store regenerates a invalid-schema derived frame without editing the authoritative head
ok 84 - context store regenerates a invalid-schema derived frame without editing the authoritative head
  ---
  duration_ms: 53.13725
  type: 'test'
  ...
# Subtest: context store excludes a foreign-work previous head or frame
ok 85 - context store excludes a foreign-work previous head or frame
  ---
  duration_ms: 41.396125
  type: 'test'
  ...
# Subtest: context store excludes a foreign-tenant previous head or frame
ok 86 - context store excludes a foreign-tenant previous head or frame
  ---
  duration_ms: 29.379792
  type: 'test'
  ...
# Subtest: context store excludes a cycle previous head or frame
ok 87 - context store excludes a cycle previous head or frame
  ---
  duration_ms: 19.826541
  type: 'test'
  ...
# Subtest: context store excludes a basis previous head or frame
ok 88 - context store excludes a basis previous head or frame
  ---
  duration_ms: 28.89475
  type: 'test'
  ...
# Subtest: context store excludes a unpublished previous head or frame
ok 89 - context store excludes a unpublished previous head or frame
  ---
  duration_ms: 24.18525
  type: 'test'
  ...
# Subtest: context store excludes a policy previous head or frame
ok 90 - context store excludes a policy previous head or frame
  ---
  duration_ms: 26.93475
  type: 'test'
  ...
# Subtest: context store excludes a goal previous head or frame
ok 91 - context store excludes a goal previous head or frame
  ---
  duration_ms: 23.028958
  type: 'test'
  ...
# Subtest: context store excludes a generation previous head or frame
ok 92 - context store excludes a generation previous head or frame
  ---
  duration_ms: 26.183083
  type: 'test'
  ...
# Subtest: context store excludes a blocked previous head or frame
ok 93 - context store excludes a blocked previous head or frame
  ---
  duration_ms: 24.838709
  type: 'test'
  ...
# Subtest: context store excludes a underlabelled previous head or frame
ok 94 - context store excludes a underlabelled previous head or frame
  ---
  duration_ms: 61.824542
  type: 'test'
  ...
# Subtest: context store checks stale frame basis and forbidden packet policy before writing any candidate
ok 95 - context store checks stale frame basis and forbidden packet policy before writing any candidate
  ---
  duration_ms: 4.595375
  type: 'test'
  ...
# Subtest: context store previous rejects goal changes during artifact I/O
ok 96 - context store previous rejects goal changes during artifact I/O
  ---
  duration_ms: 30.652917
  type: 'test'
  ...
# Subtest: context store previous rejects policy changes during artifact I/O
ok 97 - context store previous rejects policy changes during artifact I/O
  ---
  duration_ms: 26.012708
  type: 'test'
  ...
# Subtest: context store previous rejects generation changes during artifact I/O
ok 98 - context store previous rejects generation changes during artifact I/O
  ---
  duration_ms: 24.772875
  type: 'test'
  ...
# Subtest: context store previous rejects source changes during artifact I/O
ok 99 - context store previous rejects source changes during artifact I/O
  ---
  duration_ms: 36.788208
  type: 'test'
  ...
# Subtest: context store put rejects goal changes during artifact I/O
ok 100 - context store put rejects goal changes during artifact I/O
  ---
  duration_ms: 23.120292
  type: 'test'
  ...
# Subtest: context store put rejects policy changes during artifact I/O
ok 101 - context store put rejects policy changes during artifact I/O
  ---
  duration_ms: 27.573541
  type: 'test'
  ...
# Subtest: context store put rejects generation changes during artifact I/O
ok 102 - context store put rejects generation changes during artifact I/O
  ---
  duration_ms: 23.091083
  type: 'test'
  ...
# Subtest: context store put rejects source changes during artifact I/O
ok 103 - context store put rejects source changes during artifact I/O
  ---
  duration_ms: 22.517042
  type: 'test'
  ...
# Subtest: context store readback rejects goal changes during artifact I/O
ok 104 - context store readback rejects goal changes during artifact I/O
  ---
  duration_ms: 36.346416
  type: 'test'
  ...
# Subtest: context store readback rejects policy changes during artifact I/O
ok 105 - context store readback rejects policy changes during artifact I/O
  ---
  duration_ms: 24.845
  type: 'test'
  ...
# Subtest: context store readback rejects generation changes during artifact I/O
ok 106 - context store readback rejects generation changes during artifact I/O
  ---
  duration_ms: 26.522166
  type: 'test'
  ...
# Subtest: context store readback rejects source changes during artifact I/O
ok 107 - context store readback rejects source changes during artifact I/O
  ---
  duration_ms: 23.434875
  type: 'test'
  ...
# Subtest: context store never turns state or source failure during a missing-frame read into successful regeneration
ok 108 - context store never turns state or source failure during a missing-frame read into successful regeneration
  ---
  duration_ms: 30.799375
  type: 'test'
  ...
# Subtest: context store refuses unavailable knowledge even when there is no previous head
ok 109 - context store refuses unavailable knowledge even when there is no previous head
  ---
  duration_ms: 4.078833
  type: 'test'
  ...
# Subtest: context store leaves the previous head intact when candidate storage fails
ok 110 - context store leaves the previous head intact when candidate storage fails
  ---
  duration_ms: 29.024291
  type: 'test'
  ...
# Subtest: context store rejects a relabelled put receipt or altered readback bytes and never publishes a head
ok 111 - context store rejects a relabelled put receipt or altered readback bytes and never publishes a head
  ---
  duration_ms: 33.509833
  type: 'test'
  ...
# Subtest: context store applies byte limits before writing or loading a derived frame
ok 112 - context store applies byte limits before writing or loading a derived frame
  ---
  duration_ms: 49.751625
  type: 'test'
  ...
# Subtest: sqlite: restricted work reaches neither external estimator nor model even without an evidence body
ok 113 - sqlite: restricted work reaches neither external estimator nor model even without an evidence body
  ---
  duration_ms: 41.640583
  type: 'test'
  ...
# Subtest: sqlite: authorized internal model retains the floor through a forced compact and stored request
ok 114 - sqlite: authorized internal model retains the floor through a forced compact and stored request
  ---
  duration_ms: 34.314333
  type: 'test'
  ...
# Subtest: sqlite: disclosure revoked during source assembly stops the estimator before it receives prose
ok 115 - sqlite: disclosure revoked during source assembly stops the estimator before it receives prose
  ---
  duration_ms: 28.291958
  type: 'test'
  ...
# Subtest: sqlite: revoked model disclosure cancels a stored request before adapter entry
ok 116 - sqlite: revoked model disclosure cancels a stored request before adapter entry
  ---
  duration_ms: 31.685209
  type: 'test'
  ...
# Subtest: sqlite: disclosure revoked during stored model input read stops the final transport
ok 117 - sqlite: disclosure revoked during stored model input read stops the final transport
  ---
  duration_ms: 36.769375
  type: 'test'
  ...
# Subtest: sqlite: tool access labels cannot authorize restricted task inputs to an external tool
ok 118 - sqlite: tool access labels cannot authorize restricted task inputs to an external tool
  ---
  duration_ms: 31.917042
  type: 'test'
  ...
# Subtest: sqlite: read permission narrowing does not relabel old task prose as public
ok 119 - sqlite: read permission narrowing does not relabel old task prose as public
  ---
  duration_ms: 33.324
  type: 'test'
  ...
# Subtest: sqlite: authorized internal tool receives one invocation after current disclosure check
ok 120 - sqlite: authorized internal tool receives one invocation after current disclosure check
  ---
  duration_ms: 30.738625
  type: 'test'
  ...
# Subtest: sqlite: changed disclosure during asynchronous tool preflight stops adapter entry
ok 121 - sqlite: changed disclosure during asynchronous tool preflight stops adapter entry
  ---
  duration_ms: 34.150333
  type: 'test'
  ...
# Subtest: sqlite: denied channel cannot receive even a queued acknowledgement from restricted work
ok 122 - sqlite: denied channel cannot receive even a queued acknowledgement from restricted work
  ---
  duration_ms: 27.087708
  type: 'test'
  ...
# Subtest: sqlite: disclosure revocation preserves unknown delivery and prevents full-body lookup
ok 123 - sqlite: disclosure revocation preserves unknown delivery and prevents full-body lookup
  ---
  duration_ms: 25.691791
  type: 'test'
  ...
# Subtest: sqlite: still-authorized unknown delivery uses lookup without resending
ok 124 - sqlite: still-authorized unknown delivery uses lookup without resending
  ---
  duration_ms: 30.462625
  type: 'test'
  ...
# Subtest: sqlite: policy changed during artifact check stops an unknown question lookup
ok 125 - sqlite: policy changed during artifact check stops an unknown question lookup
  ---
  duration_ms: 49.048083
  type: 'test'
  ...
# Subtest: sqlite: child budget cannot omit or expand parent disclosure policy
ok 126 - sqlite: child budget cannot omit or expand parent disclosure policy
  ---
  duration_ms: 25.258959
  type: 'test'
  ...
# Subtest: sqlite: child read-scope narrowing inherits the parent prose floor and blocks model export
ok 127 - sqlite: child read-scope narrowing inherits the parent prose floor and blocks model export
  ---
  duration_ms: 30.592625
  type: 'test'
  ...
# Subtest: sqlite: legacy parent cannot classify copied work prose by creating a boundary-enabled child
ok 128 - sqlite: legacy parent cannot classify copied work prose by creating a boundary-enabled child
  ---
  duration_ms: 21.736333
  type: 'test'
  ...
# Subtest: sqlite: floor and active policy cannot be removed by a direct state commit
ok 129 - sqlite: floor and active policy cannot be removed by a direct state commit
  ---
  duration_ms: 21.081292
  type: 'test'
  ...
# Subtest: sqlite: classifying a preexisting legacy work requires explicit migration
ok 130 - sqlite: classifying a preexisting legacy work requires explicit migration
  ---
  duration_ms: 20.526334
  type: 'test'
  ...
# Subtest: file-journal: restricted work reaches neither external estimator nor model even without an evidence body
ok 131 - file-journal: restricted work reaches neither external estimator nor model even without an evidence body
  ---
  duration_ms: 38.506584
  type: 'test'
  ...
# Subtest: file-journal: authorized internal model retains the floor through a forced compact and stored request
ok 132 - file-journal: authorized internal model retains the floor through a forced compact and stored request
  ---
  duration_ms: 86.175
  type: 'test'
  ...
# Subtest: file-journal: disclosure revoked during source assembly stops the estimator before it receives prose
ok 133 - file-journal: disclosure revoked during source assembly stops the estimator before it receives prose
  ---
  duration_ms: 57.871334
  type: 'test'
  ...
# Subtest: file-journal: revoked model disclosure cancels a stored request before adapter entry
ok 134 - file-journal: revoked model disclosure cancels a stored request before adapter entry
  ---
  duration_ms: 65.510584
  type: 'test'
  ...
# Subtest: file-journal: disclosure revoked during stored model input read stops the final transport
ok 135 - file-journal: disclosure revoked during stored model input read stops the final transport
  ---
  duration_ms: 125.239458
  type: 'test'
  ...
# Subtest: file-journal: tool access labels cannot authorize restricted task inputs to an external tool
ok 136 - file-journal: tool access labels cannot authorize restricted task inputs to an external tool
  ---
  duration_ms: 93.712541
  type: 'test'
  ...
# Subtest: file-journal: read permission narrowing does not relabel old task prose as public
ok 137 - file-journal: read permission narrowing does not relabel old task prose as public
  ---
  duration_ms: 165.627041
  type: 'test'
  ...
# Subtest: file-journal: authorized internal tool receives one invocation after current disclosure check
ok 138 - file-journal: authorized internal tool receives one invocation after current disclosure check
  ---
  duration_ms: 100.420958
  type: 'test'
  ...
# Subtest: file-journal: changed disclosure during asynchronous tool preflight stops adapter entry
ok 139 - file-journal: changed disclosure during asynchronous tool preflight stops adapter entry
  ---
  duration_ms: 91.375209
  type: 'test'
  ...
# Subtest: file-journal: denied channel cannot receive even a queued acknowledgement from restricted work
ok 140 - file-journal: denied channel cannot receive even a queued acknowledgement from restricted work
  ---
  duration_ms: 83.47825
  type: 'test'
  ...
# Subtest: file-journal: disclosure revocation preserves unknown delivery and prevents full-body lookup
ok 141 - file-journal: disclosure revocation preserves unknown delivery and prevents full-body lookup
  ---
  duration_ms: 116.014958
  type: 'test'
  ...
# Subtest: file-journal: still-authorized unknown delivery uses lookup without resending
ok 142 - file-journal: still-authorized unknown delivery uses lookup without resending
  ---
  duration_ms: 112.543959
  type: 'test'
  ...
# Subtest: file-journal: policy changed during artifact check stops an unknown question lookup
ok 143 - file-journal: policy changed during artifact check stops an unknown question lookup
  ---
  duration_ms: 163.249166
  type: 'test'
  ...
# Subtest: file-journal: child budget cannot omit or expand parent disclosure policy
ok 144 - file-journal: child budget cannot omit or expand parent disclosure policy
  ---
  duration_ms: 32.091
  type: 'test'
  ...
# Subtest: file-journal: child read-scope narrowing inherits the parent prose floor and blocks model export
ok 145 - file-journal: child read-scope narrowing inherits the parent prose floor and blocks model export
  ---
  duration_ms: 93.537083
  type: 'test'
  ...
# Subtest: file-journal: legacy parent cannot classify copied work prose by creating a boundary-enabled child
ok 146 - file-journal: legacy parent cannot classify copied work prose by creating a boundary-enabled child
  ---
  duration_ms: 60.839167
  type: 'test'
  ...
# Subtest: file-journal: floor and active policy cannot be removed by a direct state commit
ok 147 - file-journal: floor and active policy cannot be removed by a direct state commit
  ---
  duration_ms: 33.998584
  type: 'test'
  ...
# Subtest: file-journal: classifying a preexisting legacy work requires explicit migration
ok 148 - file-journal: classifying a preexisting legacy work requires explicit migration
  ---
  duration_ms: 48.52975
  type: 'test'
  ...
# Subtest: memory state adapter applies the same floor transition guard as persistent adapters
ok 149 - memory state adapter applies the same floor transition guard as persistent adapters
  ---
  duration_ms: 0.728625
  type: 'test'
  ...
# Subtest: direct structured adapter denies estimation and transport using the retained context floor
ok 150 - direct structured adapter denies estimation and transport using the retained context floor
  ---
  duration_ms: 1.596792
  type: 'test'
  ...
# Subtest: effect proofs: a legacy work uses neither the optional checker nor any refresh mutation
ok 151 - effect proofs: a legacy work uses neither the optional checker nor any refresh mutation
  ---
  duration_ms: 18.278583
  type: 'test'
  ...
# Subtest: effect proofs: settled claims require a checker and checker failures stay unavailable
ok 152 - effect proofs: settled claims require a checker and checker failures stay unavailable
  ---
  duration_ms: 6.658708
  type: 'test'
  ...
# Subtest: effect proofs: missing checker reopens the original obligation and cancels ordinary reservations once without rewriting proof history
ok 153 - effect proofs: missing checker reopens the original obligation and cancels ordinary reservations once without rewriting proof history
  ---
  duration_ms: 5.792209
  type: 'test'
  ...
# Subtest: effect proofs: expired reserved lookup releases only an undispatched reservation and preserves measured uncertainty
ok 154 - effect proofs: expired reserved lookup releases only an undispatched reservation and preserves measured uncertainty
  ---
  duration_ms: 4.308833
  type: 'test'
  ...
# Subtest: effect proofs: expired running lookup releases only an undispatched reservation and preserves measured uncertainty
ok 155 - effect proofs: expired running lookup releases only an undispatched reservation and preserves measured uncertainty
  ---
  duration_ms: 4.189667
  type: 'test'
  ...
# Subtest: effect proofs: lifecycle deletion reopens a settled effect and quarantines all linked references without changing received facts or timestamps
ok 156 - effect proofs: lifecycle deletion reopens a settled effect and quarantines all linked references without changing received facts or timestamps
  ---
  duration_ms: 5.559875
  type: 'test'
  ...
# Subtest: effect proofs: a committed tool dispatch with missing proof authority cannot silently bypass the broker
ok 157 - effect proofs: a committed tool dispatch with missing proof authority cannot silently bypass the broker
  ---
  duration_ms: 7.508
  type: 'test'
  ...
# Subtest: effect proofs: a committed tool dispatch with invalid proof authority cannot silently bypass the broker
ok 158 - effect proofs: a committed tool dispatch with invalid proof authority cannot silently bypass the broker
  ---
  duration_ms: 4.901417
  type: 'test'
  ...
# Subtest: effect proofs: a committed tool dispatch with valid proof authority cannot silently bypass the broker
ok 159 - effect proofs: a committed tool dispatch with valid proof authority cannot silently bypass the broker
  ---
  duration_ms: 4.472417
  type: 'test'
  ...
# Subtest: effect proofs: a reuse await that loses proof validity is checked before implementation entry
ok 160 - effect proofs: a reuse await that loses proof validity is checked before implementation entry
  ---
  duration_ms: 4.40225
  type: 'test'
  ...
# Subtest: effect proofs: invalid proof prevents new model reservation before compiling input
ok 161 - effect proofs: invalid proof prevents new model reservation before compiling input
  ---
  duration_ms: 3.911625
  type: 'test'
  ...
# Subtest: effect proofs: losing proof during pre-dispatch input read leaves the unsent reservation unchanged
ok 162 - effect proofs: losing proof during pre-dispatch input read leaves the unsent reservation unchanged
  ---
  duration_ms: 6.908417
  type: 'test'
  ...
# Subtest: effect proofs: losing proof during model input read prevents actual planner entry and still settles the dispatched call
ok 163 - effect proofs: losing proof during model input read prevents actual planner entry and still settles the dispatched call
  ---
  duration_ms: 7.247916
  type: 'test'
  ...
# Subtest: effect proofs: loss during adoption artifact checks rejects a stored model proposal while preserving usage
ok 164 - effect proofs: loss during adoption artifact checks rejects a stored model proposal while preserving usage
  ---
  duration_ms: 8.396125
  type: 'test'
  ...
# Subtest: effect proofs: a valid checker permits one model invocation and adoption with the historical proof unchanged
ok 165 - effect proofs: a valid checker permits one model invocation and adoption with the historical proof unchanged
  ---
  duration_ms: 6.23825
  type: 'test'
  ...
# Subtest: effect proofs: proof loss during result body storage prevents response publication
ok 166 - effect proofs: proof loss during result body storage prevents response publication
  ---
  duration_ms: 4.536916
  type: 'test'
  ...
# Subtest: effect proofs: a same-revision snapshot suppresses an existing result when its proof becomes unavailable during the read
ok 167 - effect proofs: a same-revision snapshot suppresses an existing result when its proof becomes unavailable during the read
  ---
  duration_ms: 4.936958
  type: 'test'
  ...
# Subtest: authority copies full actor and disclosure, rejects fabricated references and revoked scopes
ok 168 - authority copies full actor and disclosure, rejects fabricated references and revoked scopes
  ---
  duration_ms: 1.167666
  type: 'test'
  ...
# Subtest: full scoped workflow runs with a lease while the legacy scoped guard remains
ok 169 - full scoped workflow runs with a lease while the legacy scoped guard remains
  ---
  duration_ms: 58.768584
  type: 'test'
  ...
# Subtest: reopen with narrower tools authority refuses raw stored policy without hiding read-only state
ok 170 - reopen with narrower tools authority refuses raw stored policy without hiding read-only state
  ---
  duration_ms: 4.368708
  type: 'test'
  ...
# Subtest: reopen with narrower disclosure authority refuses raw stored policy without hiding read-only state
ok 171 - reopen with narrower disclosure authority refuses raw stored policy without hiding read-only state
  ---
  duration_ms: 3.090042
  type: 'test'
  ...
# Subtest: model preflight abort after source validation invokes no provider
ok 172 - model preflight abort after source validation invokes no provider
  ---
  duration_ms: 7.064166
  type: 'test'
  ...
# Subtest: model preflight policy after source validation invokes no provider
ok 173 - model preflight policy after source validation invokes no provider
  ---
  duration_ms: 6.752791
  type: 'test'
  ...
# Subtest: late model reply retains reported usage after revocation and cannot be adopted
ok 174 - late model reply retains reported usage after revocation and cannot be adopted
  ---
  duration_ms: 6.400875
  type: 'test'
  ...
# Subtest: abort during reply_put retries settlement once without preserving an adoptable body for a new lease
ok 175 - abort during reply_put retries settlement once without preserving an adoptable body for a new lease
  ---
  duration_ms: 7.268458
  type: 'test'
  ...
# Subtest: abort during before_commit retries settlement once without preserving an adoptable body for a new lease
ok 176 - abort during before_commit retries settlement once without preserving an adoptable body for a new lease
  ---
  duration_ms: 6.144541
  type: 'test'
  ...
# Subtest: tool preflight abort during an async reuse miss invokes no tool
ok 177 - tool preflight abort during an async reuse miss invokes no tool
  ---
  duration_ms: 4.13175
  type: 'test'
  ...
# Subtest: tool preflight policy during an async reuse miss invokes no tool
ok 178 - tool preflight policy during an async reuse miss invokes no tool
  ---
  duration_ms: 4.418417
  type: 'test'
  ...
# Subtest: late tool result is recorded but its evidence is not adopted after authority revocation
ok 179 - late tool result is recorded but its evidence is not adopted after authority revocation
  ---
  duration_ms: 3.898417
  type: 'test'
  ...
# Subtest: outbox send checks the raw authority after asynchronous validation
ok 180 - outbox send checks the raw authority after asynchronous validation
  ---
  duration_ms: 3.526209
  type: 'test'
  ...
# Subtest: outbox lookup checks the raw authority after asynchronous validation
ok 181 - outbox lookup checks the raw authority after asynchronous validation
  ---
  duration_ms: 3.110875
  type: 'test'
  ...
# Subtest: context recovery does not return a checkpoint when its authority is revoked during artifact publication
ok 182 - context recovery does not return a checkpoint when its authority is revoked during artifact publication
  ---
  duration_ms: 3.429292
  type: 'test'
  ...
# Subtest: real session compact uses the same revocable model boundary and keeps raw session records
ok 183 - real session compact uses the same revocable model boundary and keeps raw session records
  ---
  duration_ms: 387.352583
  type: 'test'
  ...
# Subtest: only an undefined host tool registration is absent; malformed registrations and getters retain errors
ok 184 - only an undefined host tool registration is absent; malformed registrations and getters retain errors
  ---
  duration_ms: 0.55775
  type: 'test'
  ...
# Subtest: registration captures its one getter and bound factory before later host changes
ok 185 - registration captures its one getter and bound factory before later host changes
  ---
  duration_ms: 2.088125
  type: 'test'
  ...
# Subtest: factory gets only a frozen context copy captured before its asynchronous wait
ok 186 - factory gets only a frozen context copy captured before its asynchronous wait
  ---
  duration_ms: 0.519209
  type: 'test'
  ...
# Subtest: invalid context or its clone failure prevents the factory from acquiring resources
ok 187 - invalid context or its clone failure prevents the factory from acquiring resources
  ---
  duration_ms: 0.512708
  type: 'test'
  ...
# Subtest: opened tool metadata and methods are copied without freezing or expanding the host policy
ok 188 - opened tool metadata and methods are copied without freezing or expanding the host policy
  ---
  duration_ms: 0.317292
  type: 'test'
  ...
# Subtest: optional proof and response custody callbacks keep their receiver and are not lost at registration
ok 189 - optional proof and response custody callbacks keep their receiver and are not lost at registration
  ---
  duration_ms: 1.056416
  type: 'test'
  ...
# Subtest: write effects, core namespace, duplicate identity and missing proof callbacks reject and close once
ok 190 - write effects, core namespace, duplicate identity and missing proof callbacks reject and close once
  ---
  duration_ms: 0.730084
  type: 'test'
  ...
# Subtest: policy and work limit failures close an acquired lease without silently repairing metadata
ok 191 - policy and work limit failures close an acquired lease without silently repairing metadata
  ---
  duration_ms: 0.547458
  type: 'test'
  ...
# Subtest: empty tools and different versions preserve exact policies and compile only at the existing consumer
ok 192 - empty tools and different versions preserve exact policies and compile only at the existing consumer
  ---
  duration_ms: 14.753
  type: 'test'
  ...
# Subtest: factory exceptions retain the original error object and are not treated as missing registration
ok 193 - factory exceptions retain the original error object and are not treated as missing registration
  ---
  duration_ms: 0.17225
  type: 'test'
  ...
# Subtest: metadata getter and clone failures occur inside acquired cleanup and preserve their original cause
ok 194 - metadata getter and clone failures occur inside acquired cleanup and preserve their original cause
  ---
  duration_ms: 0.137459
  type: 'test'
  ...
# Subtest: validation plus close failure retain both causes and a successful lease close never retries a failure
ok 195 - validation plus close failure retain both causes and a successful lease close never retries a failure
  ---
  duration_ms: 0.231792
  type: 'test'
  ...
# Subtest: an untransmitted cancel reservation is not treated as a lost dispatch during reconciliation
ok 196 - an untransmitted cancel reservation is not treated as a lost dispatch during reconciliation
  ---
  duration_ms: 225.288125
  type: 'test'
  ...
# Subtest: an untransmitted expire reservation is not treated as a lost dispatch during reconciliation
ok 197 - an untransmitted expire reservation is not treated as a lost dispatch during reconciliation
  ---
  duration_ms: 155.111
  type: 'test'
  ...
# Subtest: sqlite: ordinary workflow resume records protected custody once and preserves cancellation without inference
ok 198 - sqlite: ordinary workflow resume records protected custody once and preserves cancellation without inference
  ---
  duration_ms: 239.988375
  type: 'test'
  ...
# Subtest: file-journal: ordinary workflow resume records protected custody once and preserves cancellation without inference
ok 199 - file-journal: ordinary workflow resume records protected custody once and preserves cancellation without inference
  ---
  duration_ms: 586.169166
  type: 'test'
  ...
# Subtest: custody ownership accepts a revoked narrower host while ordinary execution still refuses its broader persisted policy
ok 200 - custody ownership accepts a revoked narrower host while ordinary execution still refuses its broader persisted policy
  ---
  duration_ms: 173.462209
  type: 'test'
  ...
# Subtest: foreign actor, wrong host scope and unissued host authority cannot start a custody proof
ok 201 - foreign actor, wrong host scope and unissued host authority cannot start a custody proof
  ---
  duration_ms: 178.840333
  type: 'test'
  ...
# Subtest: a replaced work incarnation during the proof cannot receive the selected workflow accounting commit
ok 202 - a replaced work incarnation during the proof cannot receive the selected workflow accounting commit
  ---
  duration_ms: 191.389625
  type: 'test'
  ...
# Subtest: MCP host registration rejects absent custody and a pre-aborted lifetime before peer discovery
ok 203 - MCP host registration rejects absent custody and a pre-aborted lifetime before peer discovery
  ---
  duration_ms: 15.200542
  type: 'test'
  ...
# Subtest: MCP host registration rejects mixed providers, duplicate bindings and unsupported effects without starting a peer
ok 204 - MCP host registration rejects mixed providers, duplicate bindings and unsupported effects without starting a peer
  ---
  duration_ms: 8.469708
  type: 'test'
  ...
# Subtest: MCP host captures config, policy and projector receiver while keeping real raw custody in the supplied store
ok 205 - MCP host captures config, policy and projector receiver while keeping real raw custody in the supplied store
  ---
  duration_ms: 172.83
  type: 'test'
  ...
# Subtest: opening one MCP registration twice creates independent client sessions and closing one preserves the other
ok 206 - opening one MCP registration twice creates independent client sessions and closing one preserves the other
  ---
  duration_ms: 253.056291
  type: 'test'
  ...
# Subtest: multiple bindings in one provider share a single discovery and retain both executable contracts
ok 207 - multiple bindings in one provider share a single discovery and retain both executable contracts
  ---
  duration_ms: 200.141083
  type: 'test'
  ...
# Subtest: MCP discovery does not add registered tools to host permissions
ok 208 - MCP discovery does not add registered tools to host permissions
  ---
  duration_ms: 96.709625
  type: 'test'
  ...
# Subtest: host lifetime cancellation prevents rediscovery and old registered tools from sending a new request
ok 209 - host lifetime cancellation prevents rediscovery and old registered tools from sending a new request
  ---
  duration_ms: 133.717833
  type: 'test'
  ...
# Subtest: a rejected remote manifest preserves the existing catalog and the acquired lease can close its actual peer
ok 210 - a rejected remote manifest preserves the existing catalog and the acquired lease can close its actual peer
  ---
  duration_ms: 80.690875
  type: 'test'
  ...
# Subtest: transport config validation remains in the existing client and cannot start a peer for an invalid command
ok 211 - transport config validation remains in the existing client and cannot start a peer for an invalid command
  ---
  duration_ms: 2.350875
  type: 'test'
  ...
# Subtest: sqlite: real CLI child restores the original MCP response and finishes after the actual peer has stopped
ok 212 - sqlite: real CLI child restores the original MCP response and finishes after the actual peer has stopped
  ---
  duration_ms: 1645.117875
  type: 'test'
  ...
# Subtest: sqlite: actual localhost HTTP preserves an uncalled wait and completes the original task after online reopen
ok 213 - sqlite: actual localhost HTTP preserves an uncalled wait and completes the original task after online reopen
  ---
  duration_ms: 1077.237083
  type: 'test'
  ...
# Subtest: sqlite: actual localhost HTTP restores the original raw response without a peer and remains complete after reopen
ok 214 - sqlite: actual localhost HTTP restores the original raw response without a peer and remains complete after reopen
  ---
  duration_ms: 917.07275
  type: 'test'
  ...
# Subtest: file-journal: real CLI child restores the original MCP response and finishes after the actual peer has stopped
ok 215 - file-journal: real CLI child restores the original MCP response and finishes after the actual peer has stopped
  ---
  duration_ms: 3492.000042
  type: 'test'
  ...
# Subtest: file-journal: actual localhost HTTP preserves an uncalled wait and completes the original task after online reopen
ok 216 - file-journal: actual localhost HTTP preserves an uncalled wait and completes the original task after online reopen
  ---
  duration_ms: 2486.471083
  type: 'test'
  ...
# Subtest: file-journal: actual localhost HTTP restores the original raw response without a peer and remains complete after reopen
ok 217 - file-journal: actual localhost HTTP restores the original raw response without a peer and remains complete after reopen
  ---
  duration_ms: 2152.529125
  type: 'test'
  ...
# Subtest: sqlite: MCP collection documents preserves individual raw pages and verifies offline
ok 218 - sqlite: MCP collection documents preserves individual raw pages and verifies offline
  ---
  duration_ms: 309.379042
  type: 'test'
  ...
# Subtest: sqlite: MCP collection documents resumes only partial items with original success unchanged
ok 219 - sqlite: MCP collection documents resumes only partial items with original success unchanged
  ---
  duration_ms: 610.719709
  type: 'test'
  ...
# Subtest: sqlite: MCP collection observations preserves individual raw pages and verifies offline
ok 220 - sqlite: MCP collection observations preserves individual raw pages and verifies offline
  ---
  duration_ms: 391.450708
  type: 'test'
  ...
# Subtest: sqlite: MCP collection observations resumes only partial items with original success unchanged
ok 221 - sqlite: MCP collection observations resumes only partial items with original success unchanged
  ---
  duration_ms: 839.690917
  type: 'test'
  ...
# Subtest: sqlite: MCP empty page is preserved and losing its original rejects the result
ok 222 - sqlite: MCP empty page is preserved and losing its original rejects the result
  ---
  duration_ms: 537.887375
  type: 'test'
  ...
# Subtest: sqlite: MCP collection rejects snapshot-change after keeping its first page
ok 223 - sqlite: MCP collection rejects snapshot-change after keeping its first page
  ---
  duration_ms: 348.857416
  type: 'test'
  ...
# Subtest: sqlite: MCP collection rejects cursor-loop after keeping its first page
ok 224 - sqlite: MCP collection rejects cursor-loop after keeping its first page
  ---
  duration_ms: 355.552375
  type: 'test'
  ...
# Subtest: sqlite: MCP error does not become EOF or automatic retry
ok 225 - sqlite: MCP error does not become EOF or automatic retry
  ---
  duration_ms: 349.988042
  type: 'test'
  ...
# Subtest: sqlite: MCP rate-limit does not become EOF or automatic retry
ok 226 - sqlite: MCP rate-limit does not become EOF or automatic retry
  ---
  duration_ms: 313.055208
  type: 'test'
  ...
# Subtest: sqlite: MCP accepted raw response substitution blocks parent resume before sending
ok 227 - sqlite: MCP accepted raw response substitution blocks parent resume before sending
  ---
  duration_ms: 243.353708
  type: 'test'
  ...
# Subtest: sqlite: MCP changed query cannot reuse a partial parent
ok 228 - sqlite: MCP changed query cannot reuse a partial parent
  ---
  duration_ms: 324.932916
  type: 'test'
  ...
# Subtest: sqlite: MCP authority change before-send prevents page acceptance
ok 229 - sqlite: MCP authority change before-send prevents page acceptance
  ---
  duration_ms: 173.993333
  type: 'test'
  ...
# Subtest: sqlite: MCP authority change after-reply prevents page acceptance
ok 230 - sqlite: MCP authority change after-reply prevents page acceptance
  ---
  duration_ms: 188.074542
  type: 'test'
  ...
# Subtest: file-journal: MCP collection documents preserves individual raw pages and verifies offline
ok 231 - file-journal: MCP collection documents preserves individual raw pages and verifies offline
  ---
  duration_ms: 656.811958
  type: 'test'
  ...
# Subtest: file-journal: MCP collection documents resumes only partial items with original success unchanged
ok 232 - file-journal: MCP collection documents resumes only partial items with original success unchanged
  ---
  duration_ms: 1852.035792
  type: 'test'
  ...
# Subtest: file-journal: MCP collection observations preserves individual raw pages and verifies offline
ok 233 - file-journal: MCP collection observations preserves individual raw pages and verifies offline
  ---
  duration_ms: 962.571875
  type: 'test'
  ...
# Subtest: file-journal: MCP collection observations resumes only partial items with original success unchanged
ok 234 - file-journal: MCP collection observations resumes only partial items with original success unchanged
  ---
  duration_ms: 2271.303875
  type: 'test'
  ...
# Subtest: file-journal: MCP empty page is preserved and losing its original rejects the result
ok 235 - file-journal: MCP empty page is preserved and losing its original rejects the result
  ---
  duration_ms: 1123.260958
  type: 'test'
  ...
# Subtest: file-journal: MCP collection rejects snapshot-change after keeping its first page
ok 236 - file-journal: MCP collection rejects snapshot-change after keeping its first page
  ---
  duration_ms: 866.012666
  type: 'test'
  ...
# Subtest: file-journal: MCP collection rejects cursor-loop after keeping its first page
ok 237 - file-journal: MCP collection rejects cursor-loop after keeping its first page
  ---
  duration_ms: 786.450458
  type: 'test'
  ...
# Subtest: file-journal: MCP error does not become EOF or automatic retry
ok 238 - file-journal: MCP error does not become EOF or automatic retry
  ---
  duration_ms: 779.229333
  type: 'test'
  ...
# Subtest: file-journal: MCP rate-limit does not become EOF or automatic retry
ok 239 - file-journal: MCP rate-limit does not become EOF or automatic retry
  ---
  duration_ms: 844.427333
  type: 'test'
  ...
# Subtest: file-journal: MCP accepted raw response substitution blocks parent resume before sending
ok 240 - file-journal: MCP accepted raw response substitution blocks parent resume before sending
  ---
  duration_ms: 587.623
  type: 'test'
  ...
# Subtest: file-journal: MCP changed query cannot reuse a partial parent
ok 241 - file-journal: MCP changed query cannot reuse a partial parent
  ---
  duration_ms: 664.130416
  type: 'test'
  ...
# Subtest: file-journal: MCP authority change before-send prevents page acceptance
ok 242 - file-journal: MCP authority change before-send prevents page acceptance
  ---
  duration_ms: 275.29725
  type: 'test'
  ...
# Subtest: file-journal: MCP authority change after-reply prevents page acceptance
ok 243 - file-journal: MCP authority change after-reply prevents page acceptance
  ---
  duration_ms: 303.035625
  type: 'test'
  ...
# Subtest: sqlite: SIGKILL at raw-receipt-complete settles the original response offline before explicit continuation
ok 244 - sqlite: SIGKILL at raw-receipt-complete settles the original response offline before explicit continuation
  ---
  duration_ms: 653.287583
  type: 'test'
  ...
# Subtest: sqlite: SIGKILL at raw-receipt-nonfinal settles the original response offline before explicit continuation
ok 245 - sqlite: SIGKILL at raw-receipt-nonfinal settles the original response offline before explicit continuation
  ---
  duration_ms: 906.638125
  type: 'test'
  ...
# Subtest: sqlite: SIGKILL at raw-receipt-deferral settles the original response offline before explicit continuation
ok 246 - sqlite: SIGKILL at raw-receipt-deferral settles the original response offline before explicit continuation
  ---
  duration_ms: 884.207542
  type: 'test'
  ...
# Subtest: file-journal: SIGKILL at raw-receipt-complete settles the original response offline before explicit continuation
ok 247 - file-journal: SIGKILL at raw-receipt-complete settles the original response offline before explicit continuation
  ---
  duration_ms: 1329.031417
  type: 'test'
  ...
# Subtest: file-journal: SIGKILL at raw-receipt-nonfinal settles the original response offline before explicit continuation
ok 248 - file-journal: SIGKILL at raw-receipt-nonfinal settles the original response offline before explicit continuation
  ---
  duration_ms: 1859.564875
  type: 'test'
  ...
# Subtest: file-journal: SIGKILL at raw-receipt-deferral settles the original response offline before explicit continuation
ok 249 - file-journal: SIGKILL at raw-receipt-deferral settles the original response offline before explicit continuation
  ---
  duration_ms: 1760.745416
  type: 'test'
  ...
# Subtest: stored MCP response: missing-response cannot be silently treated as absent or retransmitted
ok 250 - stored MCP response: missing-response cannot be silently treated as absent or retransmitted
  ---
  duration_ms: 364.34875
  type: 'test'
  ...
# Subtest: stored MCP response: changed-policy cannot be silently treated as absent or retransmitted
ok 251 - stored MCP response: changed-policy cannot be silently treated as absent or retransmitted
  ---
  duration_ms: 349.5845
  type: 'test'
  ...
# Subtest: stored MCP response: callback-replaced cannot be silently treated as absent or retransmitted
ok 252 - stored MCP response: callback-replaced cannot be silently treated as absent or retransmitted
  ---
  duration_ms: 403.75725
  type: 'test'
  ...
# Subtest: stored MCP response: concurrent restorers commit one original-head settlement without additional budget
ok 253 - stored MCP response: concurrent restorers commit one original-head settlement without additional budget
  ---
  duration_ms: 717.393292
  type: 'test'
  ...
# Subtest: stored MCP response: next workflow step repairs a crash after expiration was committed
ok 254 - stored MCP response: next workflow step repairs a crash after expiration was committed
  ---
  duration_ms: 450.373792
  type: 'test'
  ...
# Subtest: sqlite: MCP whole wait survives SIGKILL and reopens without resetting its due time or consuming an early successor
ok 255 - sqlite: MCP whole wait survives SIGKILL and reopens without resetting its due time or consuming an early successor
  ---
  duration_ms: 1236.682959
  type: 'test'
  ...
# Subtest: sqlite: MCP item wait survives SIGKILL and reopens without resetting its due time or consuming an early successor
ok 256 - sqlite: MCP item wait survives SIGKILL and reopens without resetting its due time or consuming an early successor
  ---
  duration_ms: 1165.501833
  type: 'test'
  ...
# Subtest: file-journal: MCP whole wait survives SIGKILL and reopens without resetting its due time or consuming an early successor
ok 257 - file-journal: MCP whole wait survives SIGKILL and reopens without resetting its due time or consuming an early successor
  ---
  duration_ms: 3095.138583
  type: 'test'
  ...
# Subtest: file-journal: MCP item wait survives SIGKILL and reopens without resetting its due time or consuming an early successor
ok 258 - file-journal: MCP item wait survives SIGKILL and reopens without resetting its due time or consuming an early successor
  ---
  duration_ms: 3562.429833
  type: 'test'
  ...
# Subtest: sqlite: MCP wait documents normal records retain lineage and bind the stored-response recovery contract
ok 259 - sqlite: MCP wait documents normal records retain lineage and bind the stored-response recovery contract
  ---
  duration_ms: 388.547125
  type: 'test'
  ...
# Subtest: sqlite: MCP whole wait documents binds fixed origin and protects its original error proof
ok 260 - sqlite: MCP whole wait documents binds fixed origin and protects its original error proof
  ---
  duration_ms: 304.039541
  type: 'test'
  ...
# Subtest: sqlite: MCP item wait documents retries the unfinished item with original success unchanged
ok 261 - sqlite: MCP item wait documents retries the unfinished item with original success unchanged
  ---
  duration_ms: 627.354292
  type: 'test'
  ...
# Subtest: sqlite: MCP wait observations normal records retain lineage and bind the stored-response recovery contract
ok 262 - sqlite: MCP wait observations normal records retain lineage and bind the stored-response recovery contract
  ---
  duration_ms: 428.284375
  type: 'test'
  ...
# Subtest: sqlite: MCP whole wait observations binds fixed origin and protects its original error proof
ok 263 - sqlite: MCP whole wait observations binds fixed origin and protects its original error proof
  ---
  duration_ms: 304.493166
  type: 'test'
  ...
# Subtest: sqlite: MCP item wait observations retries the unfinished item with original success unchanged
ok 264 - sqlite: MCP item wait observations retries the unfinished item with original success unchanged
  ---
  duration_ms: 871.911125
  type: 'test'
  ...
# Subtest: file-journal: MCP wait documents normal records retain lineage and bind the stored-response recovery contract
ok 265 - file-journal: MCP wait documents normal records retain lineage and bind the stored-response recovery contract
  ---
  duration_ms: 492.512791
  type: 'test'
  ...
# Subtest: file-journal: MCP whole wait documents binds fixed origin and protects its original error proof
ok 266 - file-journal: MCP whole wait documents binds fixed origin and protects its original error proof
  ---
  duration_ms: 632.310375
  type: 'test'
  ...
# Subtest: file-journal: MCP item wait documents retries the unfinished item with original success unchanged
ok 267 - file-journal: MCP item wait documents retries the unfinished item with original success unchanged
  ---
  duration_ms: 1792.901792
  type: 'test'
  ...
# Subtest: file-journal: MCP wait observations normal records retain lineage and bind the stored-response recovery contract
ok 268 - file-journal: MCP wait observations normal records retain lineage and bind the stored-response recovery contract
  ---
  duration_ms: 793.958625
  type: 'test'
  ...
# Subtest: file-journal: MCP whole wait observations binds fixed origin and protects its original error proof
ok 269 - file-journal: MCP whole wait observations binds fixed origin and protects its original error proof
  ---
  duration_ms: 723.198792
  type: 'test'
  ...
# Subtest: file-journal: MCP item wait observations retries the unfinished item with original success unchanged
ok 270 - file-journal: MCP item wait observations retries the unfinished item with original success unchanged
  ---
  duration_ms: 3199.196
  type: 'test'
  ...
# Subtest: MCP wait rejects zero without inventing a retry barrier
ok 271 - MCP wait rejects zero without inventing a retry barrier
  ---
  duration_ms: 247.748209
  type: 'test'
  ...
# Subtest: MCP wait rejects negative without inventing a retry barrier
ok 272 - MCP wait rejects negative without inventing a retry barrier
  ---
  duration_ms: 263.211708
  type: 'test'
  ...
# Subtest: MCP wait rejects fraction without inventing a retry barrier
ok 273 - MCP wait rejects fraction without inventing a retry barrier
  ---
  duration_ms: 253.921125
  type: 'test'
  ...
# Subtest: MCP wait rejects string without inventing a retry barrier
ok 274 - MCP wait rejects string without inventing a retry barrier
  ---
  duration_ms: 244.796917
  type: 'test'
  ...
# Subtest: MCP wait rejects null without inventing a retry barrier
ok 275 - MCP wait rejects null without inventing a retry barrier
  ---
  duration_ms: 267.290959
  type: 'test'
  ...
# Subtest: MCP wait rejects over-limit without inventing a retry barrier
ok 276 - MCP wait rejects over-limit without inventing a retry barrier
  ---
  duration_ms: 280.292833
  type: 'test'
  ...
# Subtest: MCP wait rejects unsafe without inventing a retry barrier
ok 277 - MCP wait rejects unsafe without inventing a retry barrier
  ---
  duration_ms: 261.622959
  type: 'test'
  ...
# Subtest: MCP wait rejects missing without inventing a retry barrier
ok 278 - MCP wait rejects missing without inventing a retry barrier
  ---
  duration_ms: 257.420792
  type: 'test'
  ...
# Subtest: MCP wait rejects wrong-request without inventing a retry barrier
ok 279 - MCP wait rejects wrong-request without inventing a retry barrier
  ---
  duration_ms: 260.683167
  type: 'test'
  ...
# Subtest: MCP wait rejects wrong-cursor without inventing a retry barrier
ok 280 - MCP wait rejects wrong-cursor without inventing a retry barrier
  ---
  duration_ms: 261.745959
  type: 'test'
  ...
# Subtest: MCP wait rejects false-error without inventing a retry barrier
ok 281 - MCP wait rejects false-error without inventing a retry barrier
  ---
  duration_ms: 251.892417
  type: 'test'
  ...
# Subtest: MCP wait rejects success-hint without inventing a retry barrier
ok 282 - MCP wait rejects success-hint without inventing a retry barrier
  ---
  duration_ms: 254.591834
  type: 'test'
  ...
# Subtest: MCP wait rejects forbidden-hint without inventing a retry barrier
ok 283 - MCP wait rejects forbidden-hint without inventing a retry barrier
  ---
  duration_ms: 272.347833
  type: 'test'
  ...
# Subtest: MCP wait rejects a second conflicting metadata hint after preserving one actual response
ok 284 - MCP wait rejects a second conflicting metadata hint after preserving one actual response
  ---
  duration_ms: 288.184625
  type: 'test'
  ...
# Subtest: MCP wait enforces the approved host delay cap even when the remote schema permits the value
ok 285 - MCP wait enforces the approved host delay cap even when the remote schema permits the value
  ---
  duration_ms: 286.712
  type: 'test'
  ...
# Subtest: MCP wait original checkpoint rejects completed-phase before a fresh same-query reservation
ok 286 - MCP wait original checkpoint rejects completed-phase before a fresh same-query reservation
  ---
  duration_ms: 302.023417
  type: 'test'
  ...
# Subtest: MCP wait original checkpoint rejects fake-successor before a fresh same-query reservation
ok 287 - MCP wait original checkpoint rejects fake-successor before a fresh same-query reservation
  ---
  duration_ms: 838.541709
  type: 'test'
  ...
# Subtest: MCP wait original checkpoint rejects missing-item-clock-and-query before a fresh same-query reservation
ok 288 - MCP wait original checkpoint rejects missing-item-clock-and-query before a fresh same-query reservation
  ---
  duration_ms: 722.129709
  type: 'test'
  ...
# Subtest: sqlite: stored host opens captured static contracts and owns no peer or C01 store lifetime
ok 289 - sqlite: stored host opens captured static contracts and owns no peer or C01 store lifetime
  ---
  duration_ms: 274.616875
  type: 'test'
  ...
# Subtest: file-journal: stored host opens captured static contracts and owns no peer or C01 store lifetime
ok 290 - file-journal: stored host opens captured static contracts and owns no peer or C01 store lifetime
  ---
  duration_ms: 400.212292
  type: 'test'
  ...
# Subtest: stored host requires explicit mode, strict current origin and custody; none of these failures falls back online
ok 291 - stored host requires explicit mode, strict current origin and custody; none of these failures falls back online
  ---
  duration_ms: 149.859916
  type: 'test'
  ...
# Subtest: stored host preserves source read failures and never closes source custody or substitutes a remote read
ok 292 - stored host preserves source read failures and never closes source custody or substitutes a remote read
  ---
  duration_ms: 156.796875
  type: 'test'
  ...
# Subtest: cancel during input artifact read prevents transport invocation and releases the known unused token reservation
ok 293 - cancel during input artifact read prevents transport invocation and releases the known unused token reservation
  ---
  duration_ms: 28.386917
  type: 'test'
  ...
# Subtest: goal during input artifact read prevents transport invocation and releases the known unused token reservation
ok 294 - goal during input artifact read prevents transport invocation and releases the known unused token reservation
  ---
  duration_ms: 9.099709
  type: 'test'
  ...
# Subtest: destination during input artifact read prevents transport invocation and releases the known unused token reservation
ok 295 - destination during input artifact read prevents transport invocation and releases the known unused token reservation
  ---
  duration_ms: 7.611958
  type: 'test'
  ...
# Subtest: labels during input artifact read prevents transport invocation and releases the known unused token reservation
ok 296 - labels during input artifact read prevents transport invocation and releases the known unused token reservation
  ---
  duration_ms: 6.280167
  type: 'test'
  ...
# Subtest: cancelling an active model sends its signal, yields promptly and settles late usage once without adopting the old plan
ok 297 - cancelling an active model sends its signal, yields promptly and settles late usage once without adopting the old plan
  ---
  duration_ms: 7.837417
  type: 'test'
  ...
# Subtest: input byte limit rejects before a durable reservation or transport call
ok 298 - input byte limit rejects before a durable reservation or transport call
  ---
  duration_ms: 3.576708
  type: 'test'
  ...
# Subtest: token budget rejects before a durable reservation or transport call
ok 299 - token budget rejects before a durable reservation or transport call
  ---
  duration_ms: 4.285
  type: 'test'
  ...
# Subtest: model call budget rejects before a durable reservation or transport call
ok 300 - model call budget rejects before a durable reservation or transport call
  ---
  duration_ms: 2.593416
  type: 'test'
  ...
# Subtest: model context capacity and destination policy reject input without invoking the planner
ok 301 - model context capacity and destination policy reject input without invoking the planner
  ---
  duration_ms: 6.267209
  type: 'test'
  ...
# Subtest: concurrent reservations have one winner and duplicate execution performs one dispatch and one transport call
ok 302 - concurrent reservations have one winner and duplicate execution performs one dispatch and one transport call
  ---
  duration_ms: 9.741542
  type: 'test'
  ...
# Subtest: a replacement owner waits for a reserved lease, then releases it and creates a fresh intent without repeating a transport call
ok 303 - a replacement owner waits for a reserved lease, then releases it and creates a fresh intent without repeating a transport call
  ---
  duration_ms: 10.121709
  type: 'test'
  ...
# Subtest: a recovered running lease retains uncertain cost and accepts only late accounting, never its expired plan
ok 304 - a recovered running lease retains uncertain cost and accepts only late accounting, never its expired plan
  ---
  duration_ms: 5.186333
  type: 'test'
  ...
# Subtest: a reply without usage keeps its reservation and prevents a further model call after rejection
ok 305 - a reply without usage keeps its reservation and prevents a further model call after rejection
  ---
  duration_ms: 5.665333
  type: 'test'
  ...
# Subtest: planning: capability after reservation cancels without dispatching or spending its reservation
ok 306 - planning: capability after reservation cancels without dispatching or spending its reservation
  ---
  duration_ms: 23.131833
  type: 'test'
  ...
# Subtest: planning: estimator_revision after reservation cancels without dispatching or spending its reservation
ok 307 - planning: estimator_revision after reservation cancels without dispatching or spending its reservation
  ---
  duration_ms: 7.388917
  type: 'test'
  ...
# Subtest: a profile change during the final source await prevents transport and settles zero token usage without rewriting the fixed input
ok 308 - a profile change during the final source await prevents transport and settles zero token usage without rewriting the fixed input
  ---
  duration_ms: 7.437041
  type: 'test'
  ...
# Subtest: planning: a received reply remains adoptable after a capacity-only change, with one invocation and unchanged reported usage
ok 309 - planning: a received reply remains adoptable after a capacity-only change, with one invocation and unchanged reported usage
  ---
  duration_ms: 10.084084
  type: 'test'
  ...
# Subtest: an unpinned legacy reservation sends only its original input, re-estimated within current limits and the original reservation
ok 310 - an unpinned legacy reservation sends only its original input, re-estimated within current limits and the original reservation
  ---
  duration_ms: 6.908292
  type: 'test'
  ...
# Subtest: legacy input exceeding current_capacity is cancelled; the original call is never enlarged and a new reservation is required
ok 311 - legacy input exceeding current_capacity is cancelled; the original call is never enlarged and a new reservation is required
  ---
  duration_ms: 7.449833
  type: 'test'
  ...
# Subtest: legacy input exceeding original_input_estimate is cancelled; the original call is never enlarged and a new reservation is required
ok 312 - legacy input exceeding original_input_estimate is cancelled; the original call is never enlarged and a new reservation is required
  ---
  duration_ms: 7.18925
  type: 'test'
  ...
# Subtest: legacy input exceeding original_token_reservation is cancelled; the original call is never enlarged and a new reservation is required
ok 313 - legacy input exceeding original_token_reservation is cancelled; the original call is never enlarged and a new reservation is required
  ---
  duration_ms: 6.918375
  type: 'test'
  ...
# Subtest: agent turn: a received generated answer survives a changed input capacity and is adopted from its stored reply once
ok 314 - agent turn: a received generated answer survives a changed input capacity and is adopted from its stored reply once
  ---
  duration_ms: 334.286542
  type: 'test'
  ...
# Subtest: compact: a changed reserved profile prevents invocation, but a later received compact remains publishable after capacity changes
ok 315 - compact: a changed reserved profile prevents invocation, but a later received compact remains publishable after capacity changes
  ---
  duration_ms: 506.444916
  type: 'test'
  ...
# Subtest: documents-simple: one model plan executes to completion with usage and no extra hypothesis call
ok 316 - documents-simple: one model plan executes to completion with usage and no extra hypothesis call
  ---
  duration_ms: 41.277
  type: 'test'
  ...
# Subtest: observations-simple: one model plan executes to completion with usage and no extra hypothesis call
ok 317 - observations-simple: one model plan executes to completion with usage and no extra hypothesis call
  ---
  duration_ms: 13.57475
  type: 'test'
  ...
# Subtest: late counterevidence revises the hypothesis and only the changed graph consumes a replan
ok 318 - late counterevidence revises the hypothesis and only the changed graph consumes a replan
  ---
  duration_ms: 50.275833
  type: 'test'
  ...
# Subtest: strict structured transport adapter feeds the same validator and execution loop without a provider SDK
ok 319 - strict structured transport adapter feeds the same validator and execution loop without a provider SDK
  ---
  duration_ms: 11.307833
  type: 'test'
  ...
# Subtest: invalid or truncated responses cannot replace an executable plan or fabricate zero usage
ok 320 - invalid or truncated responses cannot replace an executable plan or fabricate zero usage
  ---
  duration_ms: 8.435458
  type: 'test'
  ...
# Subtest: rejected model plans still charge exactly one call and preserve their raw response for an authorized read
ok 321 - rejected model plans still charge exactly one call and preserve their raw response for an authorized read
  ---
  duration_ms: 7.520166
  type: 'test'
  ...
# Subtest: bookkeeping changes do not stale a response but goal and evidence changes do
ok 322 - bookkeeping changes do not stale a response but goal and evidence changes do
  ---
  duration_ms: 12.279084
  type: 'test'
  ...
# Subtest: received model result resumes after SQLite and artifact reopen with no additional model call
ok 323 - received model result resumes after SQLite and artifact reopen with no additional model call
  ---
  duration_ms: 122.344459
  type: 'test'
  ...
# Subtest: a new scope archives the old hypothesis in prior events and permits a fresh plan
ok 324 - a new scope archives the old hypothesis in prior events and permits a fresh plan
  ---
  duration_ms: 11.834833
  type: 'test'
  ...
# Subtest: unsupported hypotheses and erased counterevidence are rejected without changing the current assessment
ok 325 - unsupported hypotheses and erased counterevidence are rejected without changing the current assessment
  ---
  duration_ms: 7.583583
  type: 'test'
  ...
# Subtest: validator feedback reaches the next model proposal and invalid plans never dispatch their tools
ok 326 - validator feedback reaches the next model proposal and invalid plans never dispatch their tools
  ---
  duration_ms: 13.352958
  type: 'test'
  ...
# Subtest: permission revocation during reply storage preserves usage but never downgrades the model body
ok 327 - permission revocation during reply storage preserves usage but never downgrades the model body
  ---
  duration_ms: 5.123792
  type: 'test'
  ...
# Subtest: reserve_edit: availability replacement prevents a model dispatch without spending its reservation
ok 328 - reserve_edit: availability replacement prevents a model dispatch without spending its reservation
  ---
  duration_ms: 24.821792
  type: 'test'
  ...
# Subtest: reserve_before_commit: availability replacement prevents a model dispatch without spending its reservation
ok 329 - reserve_before_commit: availability replacement prevents a model dispatch without spending its reservation
  ---
  duration_ms: 7.821666
  type: 'test'
  ...
# Subtest: dispatch_edit: availability replacement prevents a model dispatch without spending its reservation
ok 330 - dispatch_edit: availability replacement prevents a model dispatch without spending its reservation
  ---
  duration_ms: 7.376667
  type: 'test'
  ...
# Subtest: dispatch_before_commit: availability replacement prevents a model dispatch without spending its reservation
ok 331 - dispatch_before_commit: availability replacement prevents a model dispatch without spending its reservation
  ---
  duration_ms: 6.725708
  type: 'test'
  ...
# Subtest: source_await: a post-dispatch availability replacement reaches no provider and preserves zero reported token usage
ok 332 - source_await: a post-dispatch availability replacement reaches no provider and preserves zero reported token usage
  ---
  duration_ms: 6.549875
  type: 'test'
  ...
# Subtest: final_state_await: a post-dispatch availability replacement reaches no provider and preserves zero reported token usage
ok 333 - final_state_await: a post-dispatch availability replacement reaches no provider and preserves zero reported token usage
  ---
  duration_ms: 6.133667
  type: 'test'
  ...
# Subtest: a running model call keeps its reply proof and known usage after the same definition becomes stored-only
ok 334 - a running model call keeps its reply proof and known usage after the same definition becomes stored-only
  ---
  duration_ms: 9.959
  type: 'test'
  ...
# Subtest: a received model call keeps its reply proof and known usage after the same definition becomes stored-only
ok 335 - a received model call keeps its reply proof and known usage after the same definition becomes stored-only
  ---
  duration_ms: 7.129083
  type: 'test'
  ...
# Subtest: a completed dependency and its source contract stay in context while only callable definitions enter the next request
ok 336 - a completed dependency and its source contract stay in context while only callable definitions enter the next request
  ---
  duration_ms: 12.602667
  type: 'test'
  ...
# Subtest: an inspect handle refuses a catalog revision change before session or frame publication
ok 337 - an inspect handle refuses a catalog revision change before session or frame publication
  ---
  duration_ms: 58.871458
  type: 'test'
  ...
# Subtest: inspectNext discards a fits cache after a same-definition availability replacement
ok 338 - inspectNext discards a fits cache after a same-definition availability replacement
  ---
  duration_ms: 62.456792
  type: 'test'
  ...
# Subtest: connection wait skips automatic compact but an explicit compact request remains available
ok 339 - connection wait skips automatic compact but an explicit compact request remains available
  ---
  duration_ms: 58.2155
  type: 'test'
  ...
# Subtest: agent turn reserved: callable transmission checks do not become stored-answer checks
ok 340 - agent turn reserved: callable transmission checks do not become stored-answer checks
  ---
  duration_ms: 289.089083
  type: 'test'
  ...
# Subtest: agent turn received: callable transmission checks do not become stored-answer checks
ok 341 - agent turn received: callable transmission checks do not become stored-answer checks
  ---
  duration_ms: 356.280958
  type: 'test'
  ...
# Subtest: read checkpoint sqlite: a complete checkpoint survives outer-result loss and resumes without another fetch
ok 342 - read checkpoint sqlite: a complete checkpoint survives outer-result loss and resumes without another fetch
  ---
  duration_ms: 286.319542
  type: 'test'
  ...
# Subtest: read checkpoint sqlite: projection preserves original evidence and charges only the successor's raw response
ok 343 - read checkpoint sqlite: projection preserves original evidence and charges only the successor's raw response
  ---
  duration_ms: 390.74475
  type: 'test'
  ...
# Subtest: read checkpoint sqlite: missing proof and altered payload are denied while ordinary failures remain valid
ok 344 - read checkpoint sqlite: missing proof and altered payload are denied while ordinary failures remain valid
  ---
  duration_ms: 371.774709
  type: 'test'
  ...
# Subtest: read checkpoint sqlite: an indexed forged merged page cannot replace its accepted raw response
ok 345 - read checkpoint sqlite: an indexed forged merged page cannot replace its accepted raw response
  ---
  duration_ms: 395.455166
  type: 'test'
  ...
# Subtest: read checkpoint sqlite: an unchanged original body cannot authorize a changed request identity
ok 346 - read checkpoint sqlite: an unchanged original body cannot authorize a changed request identity
  ---
  duration_ms: 374.767541
  type: 'test'
  ...
# Subtest: read checkpoint sqlite: losing raw-response blocks result history and copied history
ok 347 - read checkpoint sqlite: losing raw-response blocks result history and copied history
  ---
  duration_ms: 398.341375
  type: 'test'
  ...
# Subtest: read checkpoint sqlite: losing source-artifact blocks result history and copied history
ok 348 - read checkpoint sqlite: losing source-artifact blocks result history and copied history
  ---
  duration_ms: 424.720167
  type: 'test'
  ...
# Subtest: read checkpoint sqlite: severing the parent's exclusive successor claim rejects the child
ok 349 - read checkpoint sqlite: severing the parent's exclusive successor claim rejects the child
  ---
  duration_ms: 326.330917
  type: 'test'
  ...
# Subtest: read checkpoint file-journal: a complete checkpoint survives outer-result loss and resumes without another fetch
ok 350 - read checkpoint file-journal: a complete checkpoint survives outer-result loss and resumes without another fetch
  ---
  duration_ms: 1076.694917
  type: 'test'
  ...
# Subtest: read checkpoint file-journal: projection preserves original evidence and charges only the successor's raw response
ok 351 - read checkpoint file-journal: projection preserves original evidence and charges only the successor's raw response
  ---
  duration_ms: 1301.166208
  type: 'test'
  ...
# Subtest: read checkpoint file-journal: missing proof and altered payload are denied while ordinary failures remain valid
ok 352 - read checkpoint file-journal: missing proof and altered payload are denied while ordinary failures remain valid
  ---
  duration_ms: 1164.618667
  type: 'test'
  ...
# Subtest: read checkpoint file-journal: an indexed forged merged page cannot replace its accepted raw response
ok 353 - read checkpoint file-journal: an indexed forged merged page cannot replace its accepted raw response
  ---
  duration_ms: 1084.786083
  type: 'test'
  ...
# Subtest: read checkpoint file-journal: an unchanged original body cannot authorize a changed request identity
ok 354 - read checkpoint file-journal: an unchanged original body cannot authorize a changed request identity
  ---
  duration_ms: 1235.563708
  type: 'test'
  ...
# Subtest: read checkpoint file-journal: losing raw-response blocks result history and copied history
ok 355 - read checkpoint file-journal: losing raw-response blocks result history and copied history
  ---
  duration_ms: 1351.916041
  type: 'test'
  ...
# Subtest: read checkpoint file-journal: losing source-artifact blocks result history and copied history
ok 356 - read checkpoint file-journal: losing source-artifact blocks result history and copied history
  ---
  duration_ms: 1237.285292
  type: 'test'
  ...
# Subtest: read checkpoint file-journal: severing the parent's exclusive successor claim rejects the child
ok 357 - read checkpoint file-journal: severing the parent's exclusive successor claim rejects the child
  ---
  duration_ms: 885.131166
  type: 'test'
  ...
# Subtest: durable collections sqlite: a process crash after intent becomes an unknown call on explicit resume
ok 358 - durable collections sqlite: a process crash after intent becomes an unknown call on explicit resume
  ---
  duration_ms: 405.613125
  type: 'test'
  ...
# Subtest: durable collections sqlite: a batch retries only unfinished manifest items after reopening
ok 359 - durable collections sqlite: a batch retries only unfinished manifest items after reopening
  ---
  duration_ms: 374.897167
  type: 'test'
  ...
# Subtest: durable collections sqlite: source failures consume the persisted call budget across explicit retries
ok 360 - durable collections sqlite: source failures consume the persisted call budget across explicit retries
  ---
  duration_ms: 494.270333
  type: 'test'
  ...
# Subtest: durable collections sqlite: a source that answers after cancellation cannot commit its late page
ok 361 - durable collections sqlite: a source that answers after cancellation cannot commit its late page
  ---
  duration_ms: 123.279125
  type: 'test'
  ...
# Subtest: durable collections sqlite: policy revocation while the source waits suppresses the response
ok 362 - durable collections sqlite: policy revocation while the source waits suppresses the response
  ---
  duration_ms: 109.723709
  type: 'test'
  ...
# Subtest: durable collections file-journal: a process crash after intent becomes an unknown call on explicit resume
ok 363 - durable collections file-journal: a process crash after intent becomes an unknown call on explicit resume
  ---
  duration_ms: 901.484625
  type: 'test'
  ...
# Subtest: durable collections file-journal: a batch retries only unfinished manifest items after reopening
ok 364 - durable collections file-journal: a batch retries only unfinished manifest items after reopening
  ---
  duration_ms: 967.739166
  type: 'test'
  ...
# Subtest: durable collections file-journal: source failures consume the persisted call budget across explicit retries
ok 365 - durable collections file-journal: source failures consume the persisted call budget across explicit retries
  ---
  duration_ms: 1361.992708
  type: 'test'
  ...
# Subtest: durable collections file-journal: a source that answers after cancellation cannot commit its late page
ok 366 - durable collections file-journal: a source that answers after cancellation cannot commit its late page
  ---
  duration_ms: 401.022916
  type: 'test'
  ...
# Subtest: durable collections file-journal: policy revocation while the source waits suppresses the response
ok 367 - durable collections file-journal: policy revocation while the source waits suppresses the response
  ---
  duration_ms: 422.186291
  type: 'test'
  ...
# Subtest: durable collections: query cannot resume a checkpoint under a changed contract
ok 368 - durable collections: query cannot resume a checkpoint under a changed contract
  ---
  duration_ms: 227.145625
  type: 'test'
  ...
# Subtest: durable collections: fresh cannot resume a checkpoint under a changed contract
ok 369 - durable collections: fresh cannot resume a checkpoint under a changed contract
  ---
  duration_ms: 171.557042
  type: 'test'
  ...
# Subtest: durable collections: same-task-id cannot resume a checkpoint under a changed contract
ok 370 - durable collections: same-task-id cannot resume a checkpoint under a changed contract
  ---
  duration_ms: 182.625917
  type: 'test'
  ...
# Subtest: durable collections: policy cannot resume a checkpoint under a changed contract
ok 371 - durable collections: policy cannot resume a checkpoint under a changed contract
  ---
  duration_ms: 193.09425
  type: 'test'
  ...
# Subtest: durable collections: goal cannot resume a checkpoint under a changed contract
ok 372 - durable collections: goal cannot resume a checkpoint under a changed contract
  ---
  duration_ms: 250.725209
  type: 'test'
  ...
# Subtest: durable collections: generation cannot resume a checkpoint under a changed contract
ok 373 - durable collections: generation cannot resume a checkpoint under a changed contract
  ---
  duration_ms: 206.350417
  type: 'test'
  ...
# Subtest: durable collections sqlite documents-simple: complete pages advance automatically and survive reopening
ok 374 - durable collections sqlite documents-simple: complete pages advance automatically and survive reopening
  ---
  duration_ms: 354.354625
  type: 'test'
  ...
# Subtest: durable collections sqlite documents-simple: partial stops until a new task explicitly resumes after reopening
ok 375 - durable collections sqlite documents-simple: partial stops until a new task explicitly resumes after reopening
  ---
  duration_ms: 567.153125
  type: 'test'
  ...
# Subtest: durable collections sqlite observations-simple: complete pages advance automatically and survive reopening
ok 376 - durable collections sqlite observations-simple: complete pages advance automatically and survive reopening
  ---
  duration_ms: 294.026666
  type: 'test'
  ...
# Subtest: durable collections sqlite observations-simple: partial stops until a new task explicitly resumes after reopening
ok 377 - durable collections sqlite observations-simple: partial stops until a new task explicitly resumes after reopening
  ---
  duration_ms: 594.381584
  type: 'test'
  ...
# Subtest: durable collections file-journal documents-simple: complete pages advance automatically and survive reopening
ok 378 - durable collections file-journal documents-simple: complete pages advance automatically and survive reopening
  ---
  duration_ms: 900.019708
  type: 'test'
  ...
# Subtest: durable collections file-journal documents-simple: partial stops until a new task explicitly resumes after reopening
ok 379 - durable collections file-journal documents-simple: partial stops until a new task explicitly resumes after reopening
  ---
  duration_ms: 2079.687917
  type: 'test'
  ...
# Subtest: durable collections file-journal observations-simple: complete pages advance automatically and survive reopening
ok 380 - durable collections file-journal observations-simple: complete pages advance automatically and survive reopening
  ---
  duration_ms: 1153.993041
  type: 'test'
  ...
# Subtest: durable collections file-journal observations-simple: partial stops until a new task explicitly resumes after reopening
ok 381 - durable collections file-journal observations-simple: partial stops until a new task explicitly resumes after reopening
  ---
  duration_ms: 1867.516958
  type: 'test'
  ...
# Subtest: read deferral proof: a pinned marker rejects callback removal without replacing the active provider
ok 382 - read deferral proof: a pinned marker rejects callback removal without replacing the active provider
  ---
  duration_ms: 12.799292
  type: 'test'
  ...
# Subtest: read deferral proof: callback capture and detached authority inputs prevent adapter mutation from changing validation
ok 383 - read deferral proof: callback capture and detached authority inputs prevent adapter mutation from changing validation
  ---
  duration_ms: 7.70875
  type: 'test'
  ...
# Subtest: read deferral proof: same-definition replacement during async verification invalidates the in-flight claim
ok 384 - read deferral proof: same-definition replacement during async verification invalidates the in-flight claim
  ---
  duration_ms: 3.105291
  type: 'test'
  ...
# Subtest: read page proof: marker makes callback removal an atomic rejected provider refresh
ok 385 - read page proof: marker makes callback removal an atomic rejected provider refresh
  ---
  duration_ms: 12.673333
  type: 'test'
  ...
# Subtest: read page proof: source callback is captured and receives detached original task, request and page
ok 386 - read page proof: source callback is captured and receives detached original task, request and page
  ---
  duration_ms: 6.411208
  type: 'test'
  ...
# Subtest: read page proof: same-version replacement during async validation invalidates its result
ok 387 - read page proof: same-version replacement during async validation invalidates its result
  ---
  duration_ms: 3.404375
  type: 'test'
  ...
# Subtest: read page proof: legacy serialization is unchanged and a marked source cannot omit its original
ok 388 - read page proof: legacy serialization is unchanged and a marked source cannot omit its original
  ---
  duration_ms: 6.297
  type: 'test'
  ...
# Subtest: read page proof sqlite: explicit resume verifies individual responses and keeps the earlier successful original
ok 389 - read page proof sqlite: explicit resume verifies individual responses and keeps the earlier successful original
  ---
  duration_ms: 573.781375
  type: 'test'
  ...
# Subtest: read page proof sqlite: a zero-item page retains its raw ref and raw loss blocks pending adoption
ok 390 - read page proof sqlite: a zero-item page retains its raw ref and raw loss blocks pending adoption
  ---
  duration_ms: 201.824792
  type: 'test'
  ...
# Subtest: read page proof sqlite: missing parent original prevents any resumed source request
ok 391 - read page proof sqlite: missing parent original prevents any resumed source request
  ---
  duration_ms: 229.532917
  type: 'test'
  ...
# Subtest: read page proof sqlite: authority after a source wait prevents input when work is paused
ok 392 - read page proof sqlite: authority after a source wait prevents input when work is paused
  ---
  duration_ms: 74.754916
  type: 'test'
  ...
# Subtest: read page proof sqlite: replacing the provider during the post-Broker checkpoint read blocks the old source
ok 393 - read page proof sqlite: replacing the provider during the post-Broker checkpoint read blocks the old source
  ---
  duration_ms: 116.522958
  type: 'test'
  ...
# Subtest: read page proof sqlite: first-read originals stay in the final fence and loss after a callback is rejected
ok 394 - read page proof sqlite: first-read originals stay in the final fence and loss after a callback is rejected
  ---
  duration_ms: 204.166667
  type: 'test'
  ...
# Subtest: read page proof file-journal: explicit resume verifies individual responses and keeps the earlier successful original
ok 395 - read page proof file-journal: explicit resume verifies individual responses and keeps the earlier successful original
  ---
  duration_ms: 2025.079667
  type: 'test'
  ...
# Subtest: read page proof file-journal: a zero-item page retains its raw ref and raw loss blocks pending adoption
ok 396 - read page proof file-journal: a zero-item page retains its raw ref and raw loss blocks pending adoption
  ---
  duration_ms: 601.081875
  type: 'test'
  ...
# Subtest: read page proof file-journal: missing parent original prevents any resumed source request
ok 397 - read page proof file-journal: missing parent original prevents any resumed source request
  ---
  duration_ms: 553.55875
  type: 'test'
  ...
# Subtest: read page proof file-journal: authority after a source wait prevents input when work is paused
ok 398 - read page proof file-journal: authority after a source wait prevents input when work is paused
  ---
  duration_ms: 332.209291
  type: 'test'
  ...
# Subtest: read page proof file-journal: replacing the provider during the post-Broker checkpoint read blocks the old source
ok 399 - read page proof file-journal: replacing the provider during the post-Broker checkpoint read blocks the old source
  ---
  duration_ms: 329.918834
  type: 'test'
  ...
# Subtest: read page proof file-journal: first-read originals stay in the final fence and loss after a callback is rejected
ok 400 - read page proof file-journal: first-read originals stay in the final fence and loss after a callback is rejected
  ---
  duration_ms: 417.205
  type: 'test'
  ...
# Subtest: read wait: an explicit successor stays queued before due and becomes eligible exactly at due
ok 401 - read wait: an explicit successor stays queued before due and becomes eligible exactly at due
  ---
  duration_ms: 4.55725
  type: 'test'
  ...
# Subtest: read wait: a renamed fresh task cannot bypass the same work/query cooldown
ok 402 - read wait: a renamed fresh task cannot bypass the same work/query cooldown
  ---
  duration_ms: 0.235667
  type: 'test'
  ...
# Subtest: read wait: an independent query runs while the first task is waiting
ok 403 - read wait: an independent query runs while the first task is waiting
  ---
  duration_ms: 0.203167
  type: 'test'
  ...
# Subtest: read wait: waiting prevents replanning even when no successor has been proposed
ok 404 - read wait: waiting prevents replanning even when no successor has been proposed
  ---
  duration_ms: 0.190208
  type: 'test'
  ...
# Subtest: read wait: clearing the wake projection or pausing does not reset the original retry time
ok 405 - read wait: clearing the wake projection or pausing does not reset the original retry time
  ---
  duration_ms: 0.243083
  type: 'test'
  ...
# Subtest: read wait: the work deadline wakes earlier than the retry time and then blocks input
ok 406 - read wait: the work deadline wakes earlier than the retry time and then blocks input
  ---
  duration_ms: 0.219708
  type: 'test'
  ...
# Subtest: read wait: cancelled work stays cancelled and a new goal does not inherit old query waits
ok 407 - read wait: cancelled work stays cancelled and a new goal does not inherit old query waits
  ---
  duration_ms: 0.18325
  type: 'test'
  ...
# Subtest: read wait: a depleted collection call allowance never creates another early call
ok 408 - read wait: a depleted collection call allowance never creates another early call
  ---
  duration_ms: 0.830208
  type: 'test'
  ...
# Subtest: sqlite: text originals use one verified body read and no cross-call availability cache
ok 409 - sqlite: text originals use one verified body read and no cross-call availability cache
  ---
  duration_ms: 114.415833
  type: 'test'
  ...
# {"adapter":"sqlite","operation":"original","name":"original","elapsedMs":0.734499999999997,"artifactApi":{"get":{"calls":1,"requestedBodyBytes":1733,"returnedBodyBytes":1733,"failures":0},"exists":{"calls":0,"referencedBodyBytes":0,"available":0,"unavailable":0},"put":{"calls":0,"inputBodyBytes":0,"returnedReferenceBodyBytes":0,"failures":0}},"stateApi":{"get":4,"receipt":0,"commit":0,"events":0,"recentEventMetadata":0,"deliveries":0,"workIdsForConversation":0,"conversationWorkPage":0,"runnable":0,"close":0},"physical":{"getCalls":1,"existsCalls":0,"putCalls":0,"metadataReadOperations":1,"metadataReadBytes":237,"bodyReadOperations":1,"bodyReadBytes":1733,"hashCalls":1,"hashBytes":1733,"fileWrites":0,"metadataWriteBytes":0,"bodyWriteBytes":0,"readFailures":0,"verificationFailures":0,"deniedReads":0,"writeFailures":0}}
# Subtest: sqlite: one result materialization deduplicates repeated originals and preserves a final real verification
ok 410 - sqlite: one result materialization deduplicates repeated originals and preserves a final real verification
  ---
  duration_ms: 69.02975
  type: 'test'
  ...
# {"adapter":"sqlite","operation":"result","name":"result","elapsedMs":2.1888329999999883,"artifactApi":{"get":{"calls":2,"requestedBodyBytes":6315,"returnedBodyBytes":6315,"failures":0},"exists":{"calls":1,"referencedBodyBytes":1733,"available":1,"unavailable":0},"put":{"calls":0,"inputBodyBytes":0,"returnedReferenceBodyBytes":0,"failures":0}},"stateApi":{"get":10,"receipt":1,"commit":0,"events":0,"recentEventMetadata":0,"deliveries":0,"workIdsForConversation":0,"conversationWorkPage":0,"runnable":0,"close":0},"physical":{"getCalls":2,"existsCalls":1,"putCalls":0,"metadataReadOperations":3,"metadataReadBytes":717,"bodyReadOperations":3,"bodyReadBytes":8048,"hashCalls":3,"hashBytes":8048,"fileWrites":0,"metadataWriteBytes":0,"bodyWriteBytes":0,"readFailures":0,"verificationFailures":0,"deniedReads":0,"writeFailures":0}}
# Subtest: sqlite: a two-copy chain decodes and reads each dispatch once per materialization
ok 411 - sqlite: a two-copy chain decodes and reads each dispatch once per materialization
  ---
  duration_ms: 149.5065
  type: 'test'
  ...
# {"adapter":"sqlite","operation":"copy-chain","name":"copy-chain","elapsedMs":3.311374999999998,"artifactApi":{"get":{"calls":4,"requestedBodyBytes":16962,"returnedBodyBytes":16962,"failures":0},"exists":{"calls":1,"referencedBodyBytes":1733,"available":1,"unavailable":0},"put":{"calls":0,"inputBodyBytes":0,"returnedReferenceBodyBytes":0,"failures":0}},"stateApi":{"get":10,"receipt":3,"commit":0,"events":0,"recentEventMetadata":0,"deliveries":0,"workIdsForConversation":0,"conversationWorkPage":0,"runnable":0,"close":0},"physical":{"getCalls":4,"existsCalls":1,"putCalls":0,"metadataReadOperations":5,"metadataReadBytes":1203,"bodyReadOperations":5,"bodyReadBytes":18695,"hashCalls":5,"hashBytes":18695,"fileWrites":0,"metadataWriteBytes":0,"bodyWriteBytes":0,"readFailures":0,"verificationFailures":0,"deniedReads":0,"writeFailures":0}}
# Subtest: sqlite: context uses verified copy materialization without rereading its dispatch pair
ok 412 - sqlite: context uses verified copy materialization without rereading its dispatch pair
  ---
  duration_ms: 214.780792
  type: 'test'
  ...
# {"adapter":"sqlite","operation":"context","name":"context","elapsedMs":35.69100000000003,"artifactApi":{"get":{"calls":9,"requestedBodyBytes":70896,"returnedBodyBytes":70896,"failures":0},"exists":{"calls":6,"referencedBodyBytes":20428,"available":6,"unavailable":0},"put":{"calls":1,"inputBodyBytes":37961,"returnedReferenceBodyBytes":37961,"failures":0}},"stateApi":{"get":35,"receipt":6,"commit":0,"events":1,"recentEventMetadata":0,"deliveries":0,"workIdsForConversation":0,"conversationWorkPage":0,"runnable":0,"close":0},"physical":{"getCalls":9,"existsCalls":7,"putCalls":1,"metadataReadOperations":15,"metadataReadBytes":3616,"bodyReadOperations":15,"bodyReadBytes":91324,"hashCalls":17,"hashBytes":129436,"fileWrites":2,"metadataWriteBytes":244,"bodyWriteBytes":37961,"readFailures":1,"verificationFailures":1,"deniedReads":0,"writeFailures":0}}
# Subtest: sqlite: adapter argument mutation and returned metadata cannot change private reference snapshots
ok 413 - sqlite: adapter argument mutation and returned metadata cannot change private reference snapshots
  ---
  duration_ms: 127.430542
  type: 'test'
  ...
# Subtest: sqlite: cached original is rejected if deleted during a later state read
ok 414 - sqlite: cached original is rejected if deleted during a later state read
  ---
  duration_ms: 71.889084
  type: 'test'
  ...
# Subtest: sqlite: cached original is rejected if corrupted during a later state read
ok 415 - sqlite: cached original is rejected if corrupted during a later state read
  ---
  duration_ms: 77.275959
  type: 'test'
  ...
# Subtest: sqlite: context rechecks metadata-reused originals after its staging await
ok 416 - sqlite: context rechecks metadata-reused originals after its staging await
  ---
  duration_ms: 147.189333
  type: 'test'
  ...
# Subtest: sqlite: context rechecks ordinary cached originals after staging without a calls.get copy
ok 417 - sqlite: context rechecks ordinary cached originals after staging without a calls.get copy
  ---
  duration_ms: 93.575333
  type: 'test'
  ...
# Subtest: sqlite: final cached-source check retains contract authority handling
ok 418 - sqlite: final cached-source check retains contract authority handling
  ---
  duration_ms: 64.337583
  type: 'test'
  ...
# Subtest: sqlite: final cached-source check retains policy authority handling
ok 419 - sqlite: final cached-source check retains policy authority handling
  ---
  duration_ms: 86.400209
  type: 'test'
  ...
# Subtest: sqlite: final cached-source check retains unrelated authority handling
ok 420 - sqlite: final cached-source check retains unrelated authority handling
  ---
  duration_ms: 82.414083
  type: 'test'
  ...
# Subtest: file-journal: text originals use one verified body read and no cross-call availability cache
ok 421 - file-journal: text originals use one verified body read and no cross-call availability cache
  ---
  duration_ms: 264.969625
  type: 'test'
  ...
# {"adapter":"file-journal","operation":"original","name":"original","elapsedMs":2.735875000000078,"artifactApi":{"get":{"calls":1,"requestedBodyBytes":1733,"returnedBodyBytes":1733,"failures":0},"exists":{"calls":0,"referencedBodyBytes":0,"available":0,"unavailable":0},"put":{"calls":0,"inputBodyBytes":0,"returnedReferenceBodyBytes":0,"failures":0}},"stateApi":{"get":4,"receipt":0,"commit":0,"events":0,"recentEventMetadata":0,"deliveries":0,"workIdsForConversation":0,"conversationWorkPage":0,"runnable":0,"close":0},"physical":{"getCalls":1,"existsCalls":0,"putCalls":0,"metadataReadOperations":1,"metadataReadBytes":237,"bodyReadOperations":1,"bodyReadBytes":1733,"hashCalls":1,"hashBytes":1733,"fileWrites":0,"metadataWriteBytes":0,"bodyWriteBytes":0,"readFailures":0,"verificationFailures":0,"deniedReads":0,"writeFailures":0}}
# Subtest: file-journal: one result materialization deduplicates repeated originals and preserves a final real verification
ok 422 - file-journal: one result materialization deduplicates repeated originals and preserves a final real verification
  ---
  duration_ms: 192.939708
  type: 'test'
  ...
# {"adapter":"file-journal","operation":"result","name":"result","elapsedMs":15.995832999999948,"artifactApi":{"get":{"calls":2,"requestedBodyBytes":6315,"returnedBodyBytes":6315,"failures":0},"exists":{"calls":1,"referencedBodyBytes":1733,"available":1,"unavailable":0},"put":{"calls":0,"inputBodyBytes":0,"returnedReferenceBodyBytes":0,"failures":0}},"stateApi":{"get":10,"receipt":1,"commit":0,"events":0,"recentEventMetadata":0,"deliveries":0,"workIdsForConversation":0,"conversationWorkPage":0,"runnable":0,"close":0},"physical":{"getCalls":2,"existsCalls":1,"putCalls":0,"metadataReadOperations":3,"metadataReadBytes":717,"bodyReadOperations":3,"bodyReadBytes":8048,"hashCalls":3,"hashBytes":8048,"fileWrites":0,"metadataWriteBytes":0,"bodyWriteBytes":0,"readFailures":0,"verificationFailures":0,"deniedReads":0,"writeFailures":0}}
# Subtest: file-journal: a two-copy chain decodes and reads each dispatch once per materialization
ok 423 - file-journal: a two-copy chain decodes and reads each dispatch once per materialization
  ---
  duration_ms: 553.291667
  type: 'test'
  ...
# {"adapter":"file-journal","operation":"copy-chain","name":"copy-chain","elapsedMs":34.24587500000007,"artifactApi":{"get":{"calls":4,"requestedBodyBytes":16962,"returnedBodyBytes":16962,"failures":0},"exists":{"calls":1,"referencedBodyBytes":1733,"available":1,"unavailable":0},"put":{"calls":0,"inputBodyBytes":0,"returnedReferenceBodyBytes":0,"failures":0}},"stateApi":{"get":10,"receipt":3,"commit":0,"events":0,"recentEventMetadata":0,"deliveries":0,"workIdsForConversation":0,"conversationWorkPage":0,"runnable":0,"close":0},"physical":{"getCalls":4,"existsCalls":1,"putCalls":0,"metadataReadOperations":5,"metadataReadBytes":1203,"bodyReadOperations":5,"bodyReadBytes":18695,"hashCalls":5,"hashBytes":18695,"fileWrites":0,"metadataWriteBytes":0,"bodyWriteBytes":0,"readFailures":0,"verificationFailures":0,"deniedReads":0,"writeFailures":0}}
# Subtest: file-journal: context uses verified copy materialization without rereading its dispatch pair
ok 424 - file-journal: context uses verified copy materialization without rereading its dispatch pair
  ---
  duration_ms: 672.6625
  type: 'test'
  ...
# {"adapter":"file-journal","operation":"context","name":"context","elapsedMs":98.16600000000017,"artifactApi":{"get":{"calls":9,"requestedBodyBytes":70896,"returnedBodyBytes":70896,"failures":0},"exists":{"calls":6,"referencedBodyBytes":20428,"available":6,"unavailable":0},"put":{"calls":1,"inputBodyBytes":37961,"returnedReferenceBodyBytes":37961,"failures":0}},"stateApi":{"get":35,"receipt":6,"commit":0,"events":1,"recentEventMetadata":0,"deliveries":0,"workIdsForConversation":0,"conversationWorkPage":0,"runnable":0,"close":0},"physical":{"getCalls":9,"existsCalls":7,"putCalls":1,"metadataReadOperations":15,"metadataReadBytes":3616,"bodyReadOperations":15,"bodyReadBytes":91324,"hashCalls":17,"hashBytes":129436,"fileWrites":2,"metadataWriteBytes":244,"bodyWriteBytes":37961,"readFailures":1,"verificationFailures":1,"deniedReads":0,"writeFailures":0}}
# Subtest: file-journal: adapter argument mutation and returned metadata cannot change private reference snapshots
ok 425 - file-journal: adapter argument mutation and returned metadata cannot change private reference snapshots
  ---
  duration_ms: 461.988833
  type: 'test'
  ...
# Subtest: file-journal: cached original is rejected if deleted during a later state read
ok 426 - file-journal: cached original is rejected if deleted during a later state read
  ---
  duration_ms: 178.463333
  type: 'test'
  ...
# Subtest: file-journal: cached original is rejected if corrupted during a later state read
ok 427 - file-journal: cached original is rejected if corrupted during a later state read
  ---
  duration_ms: 148.29475
  type: 'test'
  ...
# Subtest: file-journal: context rechecks metadata-reused originals after its staging await
ok 428 - file-journal: context rechecks metadata-reused originals after its staging await
  ---
  duration_ms: 351.564958
  type: 'test'
  ...
# Subtest: file-journal: context rechecks ordinary cached originals after staging without a calls.get copy
ok 429 - file-journal: context rechecks ordinary cached originals after staging without a calls.get copy
  ---
  duration_ms: 157.541959
  type: 'test'
  ...
# Subtest: file-journal: final cached-source check retains contract authority handling
ok 430 - file-journal: final cached-source check retains contract authority handling
  ---
  duration_ms: 244.695125
  type: 'test'
  ...
# Subtest: file-journal: final cached-source check retains policy authority handling
ok 431 - file-journal: final cached-source check retains policy authority handling
  ---
  duration_ms: 207.493667
  type: 'test'
  ...
# Subtest: file-journal: final cached-source check retains unrelated authority handling
ok 432 - file-journal: final cached-source check retains unrelated authority handling
  ---
  duration_ms: 142.790125
  type: 'test'
  ...
# Subtest: catalog filters before ranking, bounds cards, separates providers and loads only an exact schema
ok 433 - catalog filters before ranking, bounds cards, separates providers and loads only an exact schema
  ---
  duration_ms: 22.342
  type: 'test'
  ...
# Subtest: registration snapshots reject namespace/duplicates and cannot be mutated through adapters or catalog results
ok 434 - registration snapshots reject namespace/duplicates and cannot be mutated through adapters or catalog results
  ---
  duration_ms: 5.718584
  type: 'test'
  ...
# Subtest: documents-simple: discovery and selected guidance share the execution ledger without adding evidence or permissions
ok 435 - documents-simple: discovery and selected guidance share the execution ledger without adding evidence or permissions
  ---
  duration_ms: 43.335542
  type: 'test'
  ...
# Subtest: observations-simple: discovery and selected guidance share the execution ledger without adding evidence or permissions
ok 436 - observations-simple: discovery and selected guidance share the execution ledger without adding evidence or permissions
  ---
  duration_ms: 24.80575
  type: 'test'
  ...
# Subtest: simple direct lookup does not load optional guidance or run a hypothesis review
ok 437 - simple direct lookup does not load optional guidance or run a hypothesis review
  ---
  duration_ms: 8.190125
  type: 'test'
  ...
# Subtest: method selection follows contradiction, independence and response needs without model calls
ok 438 - method selection follows contradiction, independence and response needs without model calls
  ---
  duration_ms: 6.537542
  type: 'test'
  ...
# Subtest: guidance metadata/limits do not read bodies and wrong version, tenant or applicability are rejected
ok 439 - guidance metadata/limits do not read bodies and wrong version, tenant or applicability are rejected
  ---
  duration_ms: 5.6625
  type: 'test'
  ...
# Subtest: evidence readers distinguish protected/missing, superseded and retracted records; limits preserve provenance
ok 440 - evidence readers distinguish protected/missing, superseded and retracted records; limits preserve provenance
  ---
  duration_ms: 5.525666
  type: 'test'
  ...
# Subtest: call result lookup stays historical after retraction and does not restore it to current evidence
ok 441 - call result lookup stays historical after retraction and does not restore it to current evidence
  ---
  duration_ms: 8.194375
  type: 'test'
  ...
# Subtest: broker rejects calls without a committed dispatch or with another owner before reaching a tool
ok 442 - broker rejects calls without a committed dispatch or with another owner before reaching a tool
  ---
  duration_ms: 5.889708
  type: 'test'
  ...
# Subtest: in-flight output is not downgraded to a less restricted artifact when labels are revoked
ok 443 - in-flight output is not downgraded to a less restricted artifact when labels are revoked
  ---
  duration_ms: 7.011666
  type: 'test'
  ...
# Subtest: revocation after result storage settles without reading protected bytes or repeatedly getting stuck
ok 444 - revocation after result storage settles without reading protected bytes or repeatedly getting stuck
  ---
  duration_ms: 6.134583
  type: 'test'
  ...
# Subtest: stored guidance and invocation results can be read after SQLite/artifact/source restart without source execution
ok 445 - stored guidance and invocation results can be read after SQLite/artifact/source restart without source execution
  ---
  duration_ms: 133.099542
  type: 'test'
  ...
# Subtest: guidance source rejects altered content, path escape and symlink replacement
ok 446 - guidance source rejects altered content, path escape and symlink replacement
  ---
  duration_ms: 23.622875
  type: 'test'
  ...
# Subtest: model-facing evidence and call readers use the common budget without reexecuting a source or completing a changed goal
not ok 447 - model-facing evidence and call readers use the common budget without reexecuting a source or completing a changed goal
  ---
  duration_ms: 21.025458
  type: 'test'
  location: '/Users/seunghanee/Documents/secumon/runtime/dist/tests/resources.test.js:305:1'
  failureType: 'testCodeFailure'
  error: |-
    Expected values to be strictly deep-equal:
    + actual - expected
    
      {
    +   kind: 'replan',
    +   reason: 'plan_cannot_complete_goal'
    -   kind: 'blocked',
    -   reason: 'no_progress_limit'
      }
    
  code: 'ERR_ASSERTION'
  name: 'AssertionError'
  expected:
    kind: 'blocked'
    reason: 'no_progress_limit'
  actual:
    kind: 'replan'
    reason: 'plan_cannot_complete_goal'
  operator: 'deepStrictEqual'
  stack: |-
    TestContext.<anonymous> (file:///Users/seunghanee/Documents/secumon/runtime/dist/tests/resources.test.js:316:12)
    async Test.run (node:internal/test_runner/test:1404:7)
    async Test.processPendingSubtests (node:internal/test_runner/test:969:7)
  ...
# Subtest: stored MCP response settles before a smaller reconnect session window needs compact and its first checkpoint
ok 448 - stored MCP response settles before a smaller reconnect session window needs compact and its first checkpoint
  ---
  duration_ms: 205.803458
  type: 'test'
  ...
# Subtest: stored-result preflight respects the shared step limit even without a compact provider
ok 449 - stored-result preflight respects the shared step limit even without a compact provider
  ---
  duration_ms: 13.022542
  type: 'test'
  ...
# Subtest: workflow preserves an explicit block on unreceived stored raw instead of reporting an expired recovery action
ok 450 - workflow preserves an explicit block on unreceived stored raw instead of reporting an expired recovery action
  ---
  duration_ms: 4.740916
  type: 'test'
  ...
# Subtest: structured planner accepts one strict JSON proposal and forwards identity, options and source-boundary instructions once
ok 451 - structured planner accepts one strict JSON proposal and forwards identity, options and source-boundary instructions once
  ---
  duration_ms: 3.180416
  type: 'test'
  ...
# Subtest: configuration and request snapshots cannot be rewritten by caller or transport mutation
ok 452 - configuration and request snapshots cannot be rewritten by caller or transport mutation
  ---
  duration_ms: 0.478291
  type: 'test'
  ...
# Subtest: input estimation includes the exact transport request and schema without invoking the transport or claiming measured usage
ok 453 - input estimation includes the exact transport request and schema without invoking the transport or claiming measured usage
  ---
  duration_ms: 0.536
  type: 'test'
  ...
# Subtest: input estimation keeps policy validation but returns oversized values before the transport size gate
ok 454 - input estimation keeps policy validation but returns oversized values before the transport size gate
  ---
  duration_ms: 0.754334
  type: 'test'
  ...
# Subtest: finish reasons remain distinct and never expose provider failure content or run hidden retries
ok 455 - finish reasons remain distinct and never expose provider failure content or run hidden retries
  ---
  duration_ms: 0.579917
  type: 'test'
  ...
# Subtest: invalid JSON, schema, response fields and missing proposal fail without repair calls
ok 456 - invalid JSON, schema, response fields and missing proposal fail without repair calls
  ---
  duration_ms: 1.092292
  type: 'test'
  ...
# Subtest: usage omission is unknown rather than zero; only independently valid safe integer fields survive invalid envelopes
ok 457 - usage omission is unknown rather than zero; only independently valid safe integer fields survive invalid envelopes
  ---
  duration_ms: 1.998875
  type: 'test'
  ...
# Subtest: provider and model identity mismatch cannot masquerade as the configured adapter
ok 458 - provider and model identity mismatch cannot masquerade as the configured adapter
  ---
  duration_ms: 0.275792
  type: 'test'
  ...
# Subtest: missing options, denied destinations and unauthorized tool schemas never reach the transport
ok 459 - missing options, denied destinations and unauthorized tool schemas never reach the transport
  ---
  duration_ms: 0.386125
  type: 'test'
  ...
# Subtest: request and response limits use UTF-8 bytes and preserve valid usage on oversized responses
ok 460 - request and response limits use UTF-8 bytes and preserve valid usage on oversized responses
  ---
  duration_ms: 0.284708
  type: 'test'
  ...
# Subtest: transport exceptions become fixed errors with unknown usage and no implicit retry
ok 461 - transport exceptions become fixed errors with unknown usage and no implicit retry
  ---
  duration_ms: 0.168958
  type: 'test'
  ...
# Subtest: pre-call cancellation has no transport effect; late cancellation preserves returned usage without accepting a proposal
ok 462 - pre-call cancellation has no transport effect; late cancellation preserves returned usage without accepting a proposal
  ---
  duration_ms: 0.219208
  type: 'test'
  ...
# Subtest: abort-related transport rejection is cancellation with unmeasured usage
ok 463 - abort-related transport rejection is cancellation with unmeasured usage
  ---
  duration_ms: 0.185
  type: 'test'
  ...
# Subtest: invalid configurations fail with a fixed message before transport registration
ok 464 - invalid configurations fail with a fixed message before transport registration
  ---
  duration_ms: 0.136709
  type: 'test'
  ...
# Subtest: structured transport rejects incomplete observation pairs and reference bodies before invocation
ok 465 - structured transport rejects incomplete observation pairs and reference bodies before invocation
  ---
  duration_ms: 1.225834
  type: 'test'
  ...
# Subtest: sqlite: broker rechecks source knowledge after a real reuse lookup misses
ok 466 - sqlite: broker rechecks source knowledge after a real reuse lookup misses
  ---
  duration_ms: 33.729042
  type: 'test'
  ...
# Subtest: sqlite: legacy attempt rejects a destination replacement during beforeInvoke
ok 467 - sqlite: legacy attempt rejects a destination replacement during beforeInvoke
  ---
  duration_ms: 12.369625
  type: 'test'
  ...
# Subtest: sqlite: legacy attempt rejects a labels replacement during beforeInvoke
ok 468 - sqlite: legacy attempt rejects a labels replacement during beforeInvoke
  ---
  duration_ms: 7.92675
  type: 'test'
  ...
# Subtest: sqlite: legacy attempt rejects a effect replacement during beforeInvoke
ok 469 - sqlite: legacy attempt rejects a effect replacement during beforeInvoke
  ---
  duration_ms: 8.193167
  type: 'test'
  ...
# Subtest: sqlite: legacy attempt rejects a destination replacement during reuse
ok 470 - sqlite: legacy attempt rejects a destination replacement during reuse
  ---
  duration_ms: 9.230917
  type: 'test'
  ...
# Subtest: sqlite: legacy attempt rejects a labels replacement during reuse
ok 471 - sqlite: legacy attempt rejects a labels replacement during reuse
  ---
  duration_ms: 20.368417
  type: 'test'
  ...
# Subtest: sqlite: legacy attempt rejects a effect replacement during reuse
ok 472 - sqlite: legacy attempt rejects a effect replacement during reuse
  ---
  duration_ms: 8.553375
  type: 'test'
  ...
# Subtest: sqlite: an unchanged legacy attempt invokes once after asynchronous guards and a reuse miss
ok 473 - sqlite: an unchanged legacy attempt invokes once after asynchronous guards and a reuse miss
  ---
  duration_ms: 7.849625
  type: 'test'
  ...
# Subtest: sqlite: stored-only replacement during beforeInvoke prevents entry without invalidating the saved dispatch contract
ok 474 - sqlite: stored-only replacement during beforeInvoke prevents entry without invalidating the saved dispatch contract
  ---
  duration_ms: 7.18475
  type: 'test'
  ...
# Subtest: sqlite: stored-only replacement during reuse prevents entry without invalidating the saved dispatch contract
ok 475 - sqlite: stored-only replacement during reuse prevents entry without invalidating the saved dispatch contract
  ---
  duration_ms: 15.705625
  type: 'test'
  ...
# Subtest: file-journal: broker rechecks source knowledge after a real reuse lookup misses
ok 476 - file-journal: broker rechecks source knowledge after a real reuse lookup misses
  ---
  duration_ms: 239.35775
  type: 'test'
  ...
# Subtest: file-journal: legacy attempt rejects a destination replacement during beforeInvoke
ok 477 - file-journal: legacy attempt rejects a destination replacement during beforeInvoke
  ---
  duration_ms: 185.705875
  type: 'test'
  ...
# Subtest: file-journal: legacy attempt rejects a labels replacement during beforeInvoke
ok 478 - file-journal: legacy attempt rejects a labels replacement during beforeInvoke
  ---
  duration_ms: 142.640167
  type: 'test'
  ...
# Subtest: file-journal: legacy attempt rejects a effect replacement during beforeInvoke
ok 479 - file-journal: legacy attempt rejects a effect replacement during beforeInvoke
  ---
  duration_ms: 124.161375
  type: 'test'
  ...
# Subtest: file-journal: legacy attempt rejects a destination replacement during reuse
ok 480 - file-journal: legacy attempt rejects a destination replacement during reuse
  ---
  duration_ms: 124.4025
  type: 'test'
  ...
# Subtest: file-journal: legacy attempt rejects a labels replacement during reuse
ok 481 - file-journal: legacy attempt rejects a labels replacement during reuse
  ---
  duration_ms: 114.062041
  type: 'test'
  ...
# Subtest: file-journal: legacy attempt rejects a effect replacement during reuse
ok 482 - file-journal: legacy attempt rejects a effect replacement during reuse
  ---
  duration_ms: 113.541667
  type: 'test'
  ...
# Subtest: file-journal: an unchanged legacy attempt invokes once after asynchronous guards and a reuse miss
ok 483 - file-journal: an unchanged legacy attempt invokes once after asynchronous guards and a reuse miss
  ---
  duration_ms: 132.533709
  type: 'test'
  ...
# Subtest: file-journal: stored-only replacement during beforeInvoke prevents entry without invalidating the saved dispatch contract
ok 484 - file-journal: stored-only replacement during beforeInvoke prevents entry without invalidating the saved dispatch contract
  ---
  duration_ms: 108.293083
  type: 'test'
  ...
# Subtest: file-journal: stored-only replacement during reuse prevents entry without invalidating the saved dispatch contract
ok 485 - file-journal: stored-only replacement during reuse prevents entry without invalidating the saved dispatch contract
  ---
  duration_ms: 96.692917
  type: 'test'
  ...
# Subtest: sqlite/documents-simple: durable reuse keeps evidence identity and charges source costs once after reopen
ok 486 - sqlite/documents-simple: durable reuse keeps evidence identity and charges source costs once after reopen
  ---
  duration_ms: 211.757708
  type: 'test'
  ...
# Subtest: sqlite/observations-simple: durable reuse keeps evidence identity and charges source costs once after reopen
ok 487 - sqlite/observations-simple: durable reuse keeps evidence identity and charges source costs once after reopen
  ---
  duration_ms: 203.21925
  type: 'test'
  ...
# Subtest: file-journal/documents-simple: durable reuse keeps evidence identity and charges source costs once after reopen
ok 488 - file-journal/documents-simple: durable reuse keeps evidence identity and charges source costs once after reopen
  ---
  duration_ms: 1106.43075
  type: 'test'
  ...
# Subtest: file-journal/observations-simple: durable reuse keeps evidence identity and charges source costs once after reopen
ok 489 - file-journal/observations-simple: durable reuse keeps evidence identity and charges source costs once after reopen
  ---
  duration_ms: 380.658292
  type: 'test'
  ...
# Subtest: sqlite: default deny and fresh request perform actual reads, unreported adapter costs stay unknown
ok 490 - sqlite: default deny and fresh request perform actual reads, unreported adapter costs stay unknown
  ---
  duration_ms: 92.024125
  type: 'test'
  ...
# Subtest: sqlite: TTL boundary makes a new read and adoption after expiry rejects an already-stored hit
ok 491 - sqlite: TTL boundary makes a new read and adoption after expiry rejects an already-stored hit
  ---
  duration_ms: 99.399417
  type: 'test'
  ...
# Subtest: sqlite: a changed principal cannot reuse a result obtained under the old policy
ok 492 - sqlite: a changed principal cannot reuse a result obtained under the old policy
  ---
  duration_ms: 49.936583
  type: 'test'
  ...
# Subtest: sqlite: contract changes before dispatch fail without invoking; unrelated registry changes keep a selected contract usable
ok 493 - sqlite: contract changes before dispatch fail without invoking; unrelated registry changes keep a selected contract usable
  ---
  duration_ms: 39.030875
  type: 'test'
  ...
# Subtest: sqlite: a reuse clone cannot survive source custody removal in history, copies, or context
ok 494 - sqlite: a reuse clone cannot survive source custody removal in history, copies, or context
  ---
  duration_ms: 60.26425
  type: 'test'
  ...
# Subtest: sqlite: original artifact is rechecked at the adoption commit boundary
ok 495 - sqlite: original artifact is rechecked at the adoption commit boundary
  ---
  duration_ms: 61.047583
  type: 'test'
  ...
# Subtest: sqlite: a dispatched call without a received measurement remains unknown after reopen
ok 496 - sqlite: a dispatched call without a received measurement remains unknown after reopen
  ---
  duration_ms: 12.845667
  type: 'test'
  ...
# Subtest: sqlite: unsent cancellation and legacy reservation expiry do not create unknown execution costs
ok 497 - sqlite: unsent cancellation and legacy reservation expiry do not create unknown execution costs
  ---
  duration_ms: 7.917875
  type: 'test'
  ...
# Subtest: sqlite: emitted observation source contracts are checked even when that tool schema is not selected
ok 498 - sqlite: emitted observation source contracts are checked even when that tool schema is not selected
  ---
  duration_ms: 74.311291
  type: 'test'
  ...
# Subtest: sqlite: registry removal while a context frame is staged prevents returning the prepared input
ok 499 - sqlite: registry removal while a context frame is staged prevents returning the prepared input
  ---
  duration_ms: 50.429083
  type: 'test'
  ...
# Subtest: file-journal: default deny and fresh request perform actual reads, unreported adapter costs stay unknown
ok 500 - file-journal: default deny and fresh request perform actual reads, unreported adapter costs stay unknown
  ---
  duration_ms: 376.96075
  type: 'test'
  ...
# Subtest: file-journal: TTL boundary makes a new read and adoption after expiry rejects an already-stored hit
ok 501 - file-journal: TTL boundary makes a new read and adoption after expiry rejects an already-stored hit
  ---
  duration_ms: 429.670417
  type: 'test'
  ...
# Subtest: file-journal: a changed principal cannot reuse a result obtained under the old policy
ok 502 - file-journal: a changed principal cannot reuse a result obtained under the old policy
  ---
  duration_ms: 216.072084
  type: 'test'
  ...
# Subtest: file-journal: contract changes before dispatch fail without invoking; unrelated registry changes keep a selected contract usable
ok 503 - file-journal: contract changes before dispatch fail without invoking; unrelated registry changes keep a selected contract usable
  ---
  duration_ms: 178.395625
  type: 'test'
  ...
# Subtest: file-journal: a reuse clone cannot survive source custody removal in history, copies, or context
ok 504 - file-journal: a reuse clone cannot survive source custody removal in history, copies, or context
  ---
  duration_ms: 253.884875
  type: 'test'
  ...
# Subtest: file-journal: original artifact is rechecked at the adoption commit boundary
ok 505 - file-journal: original artifact is rechecked at the adoption commit boundary
  ---
  duration_ms: 228.37425
  type: 'test'
  ...
# Subtest: file-journal: a dispatched call without a received measurement remains unknown after reopen
ok 506 - file-journal: a dispatched call without a received measurement remains unknown after reopen
  ---
  duration_ms: 70.023542
  type: 'test'
  ...
# Subtest: file-journal: unsent cancellation and legacy reservation expiry do not create unknown execution costs
ok 507 - file-journal: unsent cancellation and legacy reservation expiry do not create unknown execution costs
  ---
  duration_ms: 74.85475
  type: 'test'
  ...
# Subtest: file-journal: emitted observation source contracts are checked even when that tool schema is not selected
ok 508 - file-journal: emitted observation source contracts are checked even when that tool schema is not selected
  ---
  duration_ms: 264.232459
  type: 'test'
  ...
# Subtest: file-journal: registry removal while a context frame is staged prevents returning the prepared input
ok 509 - file-journal: registry removal while a context frame is staged prevents returning the prepared input
  ---
  duration_ms: 142.310667
  type: 'test'
  ...
# Subtest: adapter-supplied reuse metadata cannot claim an invocation was avoided
ok 510 - adapter-supplied reuse metadata cannot claim an invocation was avoided
  ---
  duration_ms: 28.519833
  type: 'test'
  ...
# Subtest: a write tool cannot declare reuse and changing freshness changes the immutable task digest
ok 511 - a write tool cannot declare reuse and changing freshness changes the immutable task digest
  ---
  duration_ms: 0.638792
  type: 'test'
  ...
# Subtest: documents-simple: restarted workflow adopts a stored model response and reaches delivered completion without another planner call
ok 512 - documents-simple: restarted workflow adopts a stored model response and reaches delivered completion without another planner call
  ---
  duration_ms: 66.976917
  type: 'test'
  ...
# Subtest: observations-simple: restarted workflow adopts a stored model response and reaches delivered completion without another planner call
ok 513 - observations-simple: restarted workflow adopts a stored model response and reaches delivered completion without another planner call
  ---
  duration_ms: 23.827834
  type: 'test'
  ...
# Subtest: an unknown result delivery causes bounded waiting and only one receipt lookup on the next explicit run
ok 514 - an unknown result delivery causes bounded waiting and only one receipt lookup on the next explicit run
  ---
  duration_ms: 18.102667
  type: 'test'
  ...
# Subtest: a workflow without a planner returns a planning requirement and does not create an inferred plan
ok 515 - a workflow without a planner returns a planning requirement and does not create an inferred plan
  ---
  duration_ms: 5.418666
  type: 'test'
  ...
# Subtest: workflow entry requires the full persisted execution policy rather than a narrower read-only view
ok 516 - workflow entry requires the full persisted execution policy rather than a narrower read-only view
  ---
  duration_ms: 3.606291
  type: 'test'
  ...
# Subtest: user cancellation between workflow steps preserves terminal state and cancels an unsent model reservation
ok 517 - user cancellation between workflow steps preserves terminal state and cancels an unsent model reservation
  ---
  duration_ms: 7.82075
  type: 'test'
  ...
# Subtest: scoped actors cannot enter execution even when their current limits equal the work policy
ok 518 - scoped actors cannot enter execution even when their current limits equal the work policy
  ---
  duration_ms: 3.871375
  type: 'test'
  ...
# Subtest: final checkpoint cannot report old completion when a goal change arrives during checkpoint storage
ok 519 - final checkpoint cannot report old completion when a goal change arrives during checkpoint storage
  ---
  duration_ms: 16.456833
  type: 'test'
  ...
1..519
# tests 519
# suites 0
# pass 518
# fail 1
# cancelled 0
# skipped 0
# todo 0
# duration_ms 75588.205333
