
> long-horizon-runtime@0.1.0 verify
> npm test && npm run typecheck:core && npm run check:architecture && npm run fixtures


> long-horizon-runtime@0.1.0 test
> npm run build && node --test dist/tests/*.test.js


> long-horizon-runtime@0.1.0 build
> tsc -p tsconfig.json

✔ artifact I/O: metrics snapshots are independent and reset does not modify stored artifacts (57.592375ms)
✔ artifact I/O: first put counts its missing existence probe, exact UTF-8 hashes, and two atomic file writes (34.264167ms)
✔ artifact I/O: duplicate put verifies the existing body and performs no file writes (44.698ms)
✔ artifact I/O: put repairs a corrupt existing object after counting the failed verification (112.644958ms)
✔ artifact I/O: get and exists each perform independent metadata, body, and integrity work under concurrent reads (42.886667ms)
✔ artifact I/O: tenant and label denials count API calls without opening or hashing files (65.218208ms)
✔ artifact I/O: missing json counts failed opens without claiming unread body bytes (29.587709ms)
✔ artifact I/O: missing blob counts failed opens without claiming unread body bytes (55.253375ms)
✔ artifact I/O: invalid metadata is a verification failure after a successful metadata read (55.749709ms)
✔ artifact I/O: a metadata reference mismatch stops before body read or hashing (50.85675ms)
✔ artifact I/O: same-size tampering hashes the read body (59.518042ms)
✔ artifact I/O: length mismatch preserves the existing hash short circuit (48.923ms)
✔ artifact I/O: a body symlink remains unreadable and contributes no target bytes (62.395542ms)
✔ content, metadata and permissions survive artifact store restart (58.486291ms)
✔ same bytes under different tenant/labels never share an accessible reference (105.9925ms)
✔ corrupt bytes, missing originals, path traversal and symlink substitution are rejected (109.040584ms)
✔ artifact stored before failed state commit is reused after reopening, without dangling references (188.228625ms)
✔ execution intent and unadopted result persist independently of evidence acceptance (117.297375ms)
✔ budget crash sqlite: SIGKILL after durable child-genesis resumes one grant without Tool or Planner entry (708.430125ms)
✔ budget crash sqlite: SIGKILL after durable parent-grant resumes one grant without Tool or Planner entry (623.862625ms)
✔ budget crash sqlite: SIGKILL after durable child-activation resumes one grant without Tool or Planner entry (651.841542ms)
✔ budget crash sqlite: SIGKILL after parent-draining retains consumed usage and cancels unsent tool once (1319.793625ms)
✔ budget crash sqlite: SIGKILL after child-fence retains consumed usage and cancels unsent tool once (1127.126375ms)
✔ budget crash sqlite: SIGKILL after parent-settlement retains consumed usage and cancels unsent tool once (1140.963667ms)
✔ budget crash sqlite: SIGKILL after parent-draining retains consumed usage and cancels unsent model once (1068.573834ms)
✔ budget crash sqlite: SIGKILL after child-fence retains consumed usage and cancels unsent model once (1018.402333ms)
✔ budget crash sqlite: SIGKILL after parent-settlement retains consumed usage and cancels unsent model once (1008.411042ms)
✔ budget crash file-journal: SIGKILL after durable child-genesis resumes one grant without Tool or Planner entry (1062.218167ms)
✔ budget crash file-journal: SIGKILL after durable parent-grant resumes one grant without Tool or Planner entry (1482.644333ms)
✔ budget crash file-journal: SIGKILL after durable child-activation resumes one grant without Tool or Planner entry (1112.990917ms)
✔ budget crash file-journal: SIGKILL after parent-draining retains consumed usage and cancels unsent tool once (5691.166833ms)
✔ budget crash file-journal: SIGKILL after child-fence retains consumed usage and cancels unsent tool once (5091.035834ms)
✔ budget crash file-journal: SIGKILL after parent-settlement retains consumed usage and cancels unsent tool once (4700.886625ms)
✔ budget crash file-journal: SIGKILL after parent-draining retains consumed usage and cancels unsent model once (5164.784375ms)
✔ budget crash file-journal: SIGKILL after child-fence retains consumed usage and cancels unsent model once (5791.881ms)
✔ budget crash file-journal: SIGKILL after parent-settlement retains consumed usage and cancels unsent model once (5566.425583ms)
✔ budget runtime sqlite: child execution settles once across duplicate creation, reconciliation and reopen without copying evidence (344.64725ms)
✔ budget runtime sqlite: parent remaining calls execute while escrow prevents parent and sibling over-allocation (238.080792ms)
✔ budget runtime sqlite: concurrent sibling grants cannot oversubscribe one parent's remaining budget (115.421708ms)
✔ budget runtime sqlite: a child's last logical tool call is consumed by an actual dispatch and cannot be minted by a new task ID (264.417208ms)
✔ budget runtime sqlite: actual model dispatch and reported tokens remain charged when its plan is rejected (397.005958ms)
✔ budget runtime sqlite: a child token cap below the estimated reservation prevents durable model allocation and transport (184.504292ms)
✔ budget runtime sqlite: revoking an unsent tool reservation fences the child and returns only unused escrow (243.712625ms)
✔ budget runtime sqlite: revoking an unsent model reservation fences the child and returns only unused escrow (401.904417ms)
✔ budget runtime sqlite: revoke retains an active model's unknown usage, then late accounting settles once without adopting its plan (570.417583ms)
✔ budget runtime sqlite: unknown write effects keep the grant outstanding after revoke and restart (351.655292ms)
✔ budget runtime sqlite: reported model overage is charged to the parent without clamping and prevents further funding (432.838667ms)
✔ budget runtime sqlite: reducing limits preserves committed charges and child deadlines while blocking new grants (436.850167ms)
✔ budget runtime sqlite: pending genesis cannot execute before funding (205.116125ms)
✔ budget runtime sqlite: pending genesis cannot execute before funding and parent cancellation wins activation (104.516625ms)
✔ budget runtime sqlite: child funding rejects broader authority, altered duplicate commands and work ID reattachment (96.838ms)
✔ budget runtime sqlite: grant commit ACK loss resumes the same grant and child without another allocation (135.413792ms)
✔ budget runtime sqlite: activation commit ACK loss resumes the same grant and child without another allocation (155.535125ms)
✔ budget runtime sqlite: revocation during child activation installs a fence that the stale activation cannot overwrite (161.085084ms)
✔ budget runtime sqlite: revoke after tool dispatch and before entry prevents transport while keeping the logical dispatch charge (337.86175ms)
✔ budget runtime sqlite: revoke after model dispatch and before entry prevents transport while keeping the logical dispatch charge (373.175083ms)
✔ budget runtime sqlite: actual replan adoption spends the child's delegated replan allowance once (440.957167ms)
✔ budget runtime sqlite: nested child execution reconciles through both grants without double charging or copying originals (380.589875ms)
✔ budget runtime sqlite: an unfunded pending child cannot turn resume or a new goal into execution authority (92.011083ms)
✔ budget runtime sqlite: a parent goal change fences a child's previously reserved tool before entry (180.818333ms)
✔ budget runtime sqlite: a parent policy change fences a child's previously reserved tool before entry (172.091834ms)
✔ budget runtime sqlite: a parent deadline change fences a child's previously reserved tool before entry (198.282416ms)
✔ budget runtime sqlite: a partially reported model response retains known tokens and unknown reservation after revoke and reopen (344.658791ms)
✔ budget runtime sqlite: sibling overage received during a tool dispatch ACK delay prevents its actual entry despite stale parent accounting (381.573667ms)
✔ budget runtime sqlite: sibling overage received during a model dispatch ACK delay prevents its actual entry despite stale parent accounting (570.266833ms)
✔ budget runtime file-journal: child execution settles once across duplicate creation, reconciliation and reopen without copying evidence (2519.234208ms)
✔ budget runtime file-journal: parent remaining calls execute while escrow prevents parent and sibling over-allocation (2483.433875ms)
✔ budget runtime file-journal: concurrent sibling grants cannot oversubscribe one parent's remaining budget (771.058125ms)
✔ budget runtime file-journal: a child's last logical tool call is consumed by an actual dispatch and cannot be minted by a new task ID (3149.074375ms)
✔ budget runtime file-journal: actual model dispatch and reported tokens remain charged when its plan is rejected (2072.946459ms)
✔ budget runtime file-journal: a child token cap below the estimated reservation prevents durable model allocation and transport (981.813834ms)
✔ budget runtime file-journal: revoking an unsent tool reservation fences the child and returns only unused escrow (1470.076417ms)
✔ budget runtime file-journal: revoking an unsent model reservation fences the child and returns only unused escrow (1057.7675ms)
✔ budget runtime file-journal: revoke retains an active model's unknown usage, then late accounting settles once without adopting its plan (1703.595542ms)
✔ budget runtime file-journal: unknown write effects keep the grant outstanding after revoke and restart (2513.265958ms)
✔ budget runtime file-journal: reported model overage is charged to the parent without clamping and prevents further funding (2089.9385ms)
✔ budget runtime file-journal: reducing limits preserves committed charges and child deadlines while blocking new grants (2222.33825ms)
✔ budget runtime file-journal: pending genesis cannot execute before funding (2140.743542ms)
✔ budget runtime file-journal: pending genesis cannot execute before funding and parent cancellation wins activation (508.818834ms)
✔ budget runtime file-journal: child funding rejects broader authority, altered duplicate commands and work ID reattachment (710.972292ms)
✔ budget runtime file-journal: grant commit ACK loss resumes the same grant and child without another allocation (776.934208ms)
✔ budget runtime file-journal: activation commit ACK loss resumes the same grant and child without another allocation (512.147792ms)
✔ budget runtime file-journal: revocation during child activation installs a fence that the stale activation cannot overwrite (896.404166ms)
✔ budget runtime file-journal: revoke after tool dispatch and before entry prevents transport while keeping the logical dispatch charge (2602.416458ms)
✔ budget runtime file-journal: revoke after model dispatch and before entry prevents transport while keeping the logical dispatch charge (2183.643625ms)
✔ budget runtime file-journal: actual replan adoption spends the child's delegated replan allowance once (4151.215875ms)
✔ budget runtime file-journal: nested child execution reconciles through both grants without double charging or copying originals (3991.753208ms)
✔ budget runtime file-journal: an unfunded pending child cannot turn resume or a new goal into execution authority (607.023458ms)
✔ budget runtime file-journal: a parent goal change fences a child's previously reserved tool before entry (1851.532ms)
✔ budget runtime file-journal: a parent policy change fences a child's previously reserved tool before entry (1448.245334ms)
✔ budget runtime file-journal: a parent deadline change fences a child's previously reserved tool before entry (1533.012ms)
✔ budget runtime file-journal: a partially reported model response retains known tokens and unknown reservation after revoke and reopen (1456.106375ms)
✔ budget runtime file-journal: sibling overage received during a tool dispatch ACK delay prevents its actual entry despite stale parent accounting (3656.573209ms)
✔ budget runtime file-journal: sibling overage received during a model dispatch ACK delay prevents its actual entry despite stale parent accounting (2661.28975ms)
✔ budget exposure: own usage and reservations add each dimension without charging elapsed time or unknown counts as tokens (0.709042ms)
✔ budget exposure: active and draining escrow count once even when the same child usage has already been observed (0.226209ms)
✔ budget exposure: usage above allocation and outstanding reservations remain visible in independent dimensions (0.0655ms)
✔ budget exposure: settling replaces escrow with accounted plus reserved amounts and repeated reads cannot refund twice (0.089791ms)
✔ budget exposure: unknown and partially reported model usage keeps reserved tokens even on a settled summary (2.87725ms)
✔ budget exposure: a lower parent limit preserves actual costs and reports each excess without negative remaining values (0.18225ms)
✔ budget exposure: separate grants sum but duplicate IDs and duplicate child funding records are rejected (1.543958ms)
✔ budget exposure: zero-funded grants remain explicit and cannot hide a later reported expense (0.173667ms)
✔ budget exposure: max-safe totals are exact and overflow in local, grant, aggregate or combined arithmetic fails closed (0.829042ms)
✔ budget exposure: fractional, negative, nonfinite, unsafe and missing values never become zero (4.368041ms)
✔ budget exposure: grant schema keeps authority identity strict and requires a state revision for observed or settled accounting (1.058583ms)
✔ budget exposure: parent links preserve pending, active and draining as different stored phases without conferring allocation authority (0.682541ms)
✔ budget exposure: empty and absent grant lists are equivalent while malformed and over-cap lists are rejected (69.70075ms)
✔ budget exposure: projections and strict schema copies share no mutable vectors with the ledger (0.19175ms)
✔ CLI resumes across processes, keeps conversation/work identities and separates disconnect, pause and cancel (4471.750292ms)
✔ CLI human output is reception plus result, with no internal events or ANSI: documents-simple (990.198292ms)
✔ CLI human output is reception plus result, with no internal events or ANSI: observations-simple (874.994583ms)
✔ CLI goal changes require an explicit revision and failures have no success JSON on stdout (1136.590291ms)
✔ CLI checkpoint is a derived reference and an old resume file does not reverse a paused work (2458.312042ms)
✔ context compiler sqlite/documents-complex: five published working sets retain counterevidence and rediscover an early original (1982.523541ms)
✔ context compiler sqlite/observations-complex: five published working sets retain counterevidence and rediscover an early original (2048.879959ms)
✔ context compiler file-journal/documents-complex: five published working sets retain counterevidence and rediscover an early original (11475.884417ms)
✔ context compiler file-journal/observations-complex: five published working sets retain counterevidence and rediscover an early original (10214.693125ms)
✔ context compiler sqlite: five compactions preserve canonical unknown effect and timed response obligations (523.102583ms)
✔ context compiler file-journal: five compactions preserve canonical unknown effect and timed response obligations (2559.422542ms)
✔ context compiler sqlite: selected schemas reduce the actual structured transport request and preserve precise byte accounting (192.279167ms)
ℹ {"backend":"sqlite","baselinePacketBytes":4700,"baselineToolBytes":516593,"packetBytes":2471,"toolBytes":33733,"envelopeBytes":36282,"requestBytes":41004,"selectedToolCount":13,"catalogTotal":81}
✔ context compiler file-journal: selected schemas reduce the actual structured transport request and preserve precise byte accounting (271.655667ms)
ℹ {"backend":"file-journal","baselinePacketBytes":4700,"baselineToolBytes":516593,"packetBytes":2471,"toolBytes":33733,"envelopeBytes":36282,"requestBytes":41004,"selectedToolCount":13,"catalogTotal":81}
✔ context compiler sqlite: an oversized mandatory goal fails before candidate storage or transport (95.044917ms)
✔ context compiler file-journal: an oversized mandatory goal fails before candidate storage or transport (135.841084ms)
✔ context copy: a canonical two-level invocation copy cannot restore guidance body after its catalog version is replaced (101.856666ms)
✔ context copy: two nested call results stop exposing a tool body when original tool permission is revoked (32.065875ms)
✔ context dispatch sqlite: persisted reservation does not send removed registration (317.72525ms)
✔ context dispatch sqlite: persisted reservation does not send replacement version (222.687917ms)
✔ context dispatch sqlite: persisted reservation does not send changed input schema under the same ID and version (233.786833ms)
✔ context dispatch sqlite: persisted reservation does not send changed allowed labels under the same ID and version (253.88475ms)
✔ context dispatch sqlite: persisted reservation does not send changed allowed destination under the same ID and version (393.771167ms)
✔ context dispatch file-journal: persisted reservation does not send removed registration (1013.489875ms)
✔ context dispatch file-journal: persisted reservation does not send replacement version (991.940791ms)
✔ context dispatch file-journal: persisted reservation does not send changed input schema under the same ID and version (1018.070083ms)
✔ context dispatch file-journal: persisted reservation does not send changed allowed labels under the same ID and version (994.8465ms)
✔ context dispatch file-journal: persisted reservation does not send changed allowed destination under the same ID and version (1003.796709ms)
✔ context dispatch sqlite: persisted guidance required-rules change is checked before transport (371.874958ms)
✔ context dispatch sqlite: persisted guidance version change is checked before transport (463.986583ms)
✔ context dispatch file-journal: persisted guidance required-rules change is checked before transport (1630.477709ms)
✔ context dispatch file-journal: persisted guidance version change is checked before transport (1520.088334ms)
✔ context dispatch sqlite: unchanged tool and trusted guidance contracts resume the stored request once (388.396292ms)
✔ context dispatch file-journal: unchanged tool and trusted guidance contracts resume the stored request once (1731.447375ms)
✔ context guidance: trusted required rules, exact version and hash survive published body eviction (60.437958ms)
✔ context guidance: a manifest without required rules keeps the full original and fails a smaller input budget (32.12325ms)
✔ context guidance: result-provided rules cannot replace an absent trusted manifest rule set (16.128959ms)
✔ context guidance: current label revocation prevents a previously published original from reappearing (17.724375ms)
✔ context guidance: a missing original cannot be recovered from its copied tool result or prior frame (14.821708ms)
✔ context guidance: replacing the catalog version does not expose the superseded loaded body (20.105791ms)
✔ context guidance: replacing trusted bytes under the same version rejects the old manifest and body (10.332958ms)
✔ context guidance: a stored result with a mismatched attemptId is rejected (10.019417ms)
✔ context guidance: a stored result with a mismatched resultId is rejected (16.729875ms)
✔ context guidance: the actual dispatch receipt must match the adopted attempt task digest (12.906375ms)
✔ sqlite/model_call_reserved: publishing requires the derived blob, later loss permits commits and regeneration while original loss blocks both (221.50425ms)
✔ sqlite/context_compacted: publishing requires the derived blob, later loss permits commits and regeneration while original loss blocks both (219.0805ms)
✔ sqlite: publishing detects a context head reference conflict before committing (120.720958ms)
✔ sqlite: a blocked context candidate cannot be newly published even when its bytes remain (148.925917ms)
✔ sqlite/retract: lifecycle retires the context head and access removal also blocks its retained artifact (137.481875ms)
✔ sqlite/correct: lifecycle retires the context head and access removal also blocks its retained artifact (247.674083ms)
✔ sqlite/restrict: lifecycle retires the context head and access removal also blocks its retained artifact (207.803375ms)
✔ sqlite/delete: lifecycle retires the context head and access removal also blocks its retained artifact (181.76125ms)
✔ sqlite/dependency_changed: lifecycle retires the context head and access removal also blocks its retained artifact (256.933041ms)
✔ file-journal/model_call_reserved: publishing requires the derived blob, later loss permits commits and regeneration while original loss blocks both (654.810042ms)
✔ file-journal/context_compacted: publishing requires the derived blob, later loss permits commits and regeneration while original loss blocks both (692.976458ms)
✔ file-journal: publishing detects a context head reference conflict before committing (233.889833ms)
✔ file-journal: a blocked context candidate cannot be newly published even when its bytes remain (243.915ms)
✔ file-journal/retract: lifecycle retires the context head and access removal also blocks its retained artifact (394.92075ms)
✔ file-journal/correct: lifecycle retires the context head and access removal also blocks its retained artifact (376.821875ms)
✔ file-journal/restrict: lifecycle retires the context head and access removal also blocks its retained artifact (381.172917ms)
✔ file-journal/delete: lifecycle retires the context head and access removal also blocks its retained artifact (384.738834ms)
✔ file-journal/dependency_changed: lifecycle retires the context head and access removal also blocks its retained artifact (366.096084ms)
✔ sqlite: source deletion during the context head exists check prevents reservation and head publication (560.193167ms)
✔ sqlite: source deletion inside repository commit retires the published head and cancels the model reservation before returning (452.160708ms)
✔ sqlite: losing the prior frame does not turn an old catalog request into a conflict with the current task version (486.26925ms)
✔ file-journal: source deletion during the context head exists check prevents reservation and head publication (6199.066125ms)
✔ file-journal: source deletion inside repository commit retires the published head and cancels the model reservation before returning (5834.069625ms)
✔ file-journal: losing the prior frame does not turn an old catalog request into a conflict with the current task version (2068.065209ms)
✔ required full and reference information survives optional content pressure (2.433917ms)
✔ a full value cheaper than its required reference satisfies the minimum without overflow (0.275667ms)
✔ a required reference cap rejects contradictory bounds and never substitutes a cheaper full payload (0.367875ms)
✔ optional reference caps consume only reference bytes and remain omitted when that representation does not fit (0.321375ms)
✔ a reference cap overrides full residency and new use without counting references as full reloads (0.688417ms)
✔ high and low watermarks retain compact mode until the lower boundary is crossed (0.157292ms)
✔ mere inclusion is not actual use and an idle full value does not automatically reload (0.296542ms)
✔ a new actual use marker refreshes usage and reloads the same digest once (0.223459ms)
✔ minimum residency delays idle eviction for two cycles while the hard budget still wins (0.174083ms)
✔ five changing working sets preserve old counterevidence, pending and unknown references (0.773708ms)
✔ removed authority and changed digests cannot be revived by resident or use history (0.403417ms)
✔ decisions are stable by minimum, priority, real use, recency, residence and key (0.179708ms)
✔ recently evicted content waits through cooldown unless actual use or a minimum requires it (0.373834ms)
✔ memo storage is bounded and prioritizes selected residents without changing decisions (0.621459ms)
✔ inputs and previous memo stay immutable and byte sums match selected representations (0.1355ms)
✔ duplicate keys, malformed items, invalid budgets and inconsistent memo are rejected (0.656667ms)
✔ context store stages an immutable frame without publishing it and reads the installed basis N from revision N+1 (72.442875ms)
✔ context store sqlite: derived frame and installed head survive separate reopened instances (152.715625ms)
✔ context store file-journal: derived frame and installed head survive separate reopened instances (401.322833ms)
✔ context store regenerates a missing derived frame without editing the authoritative head (66.797583ms)
✔ context store regenerates a corrupt derived frame without editing the authoritative head (65.932583ms)
✔ context store regenerates a invalid-json derived frame without editing the authoritative head (80.520917ms)
✔ context store regenerates a invalid-schema derived frame without editing the authoritative head (96.888833ms)
✔ context store excludes a foreign-work previous head or frame (117.002833ms)
✔ context store excludes a foreign-tenant previous head or frame (82.253958ms)
✔ context store excludes a cycle previous head or frame (64.12975ms)
✔ context store excludes a basis previous head or frame (51.770792ms)
✔ context store excludes a unpublished previous head or frame (75.641292ms)
✔ context store excludes a policy previous head or frame (60.291542ms)
✔ context store excludes a goal previous head or frame (67.601458ms)
✔ context store excludes a generation previous head or frame (67.941125ms)
✔ context store excludes a blocked previous head or frame (69.01725ms)
✔ context store excludes a underlabelled previous head or frame (122.178916ms)
✔ context store checks stale frame basis and forbidden packet policy before writing any candidate (7.546375ms)
✔ context store previous rejects goal changes during artifact I/O (63.849667ms)
✔ context store previous rejects policy changes during artifact I/O (57.248125ms)
✔ context store previous rejects generation changes during artifact I/O (60.975875ms)
✔ context store previous rejects source changes during artifact I/O (74.03075ms)
✔ context store put rejects goal changes during artifact I/O (78.783083ms)
✔ context store put rejects policy changes during artifact I/O (68.059458ms)
✔ context store put rejects generation changes during artifact I/O (62.630041ms)
✔ context store put rejects source changes during artifact I/O (58.376417ms)
✔ context store readback rejects goal changes during artifact I/O (58.499041ms)
✔ context store readback rejects policy changes during artifact I/O (44.008542ms)
✔ context store readback rejects generation changes during artifact I/O (66.917125ms)
✔ context store readback rejects source changes during artifact I/O (71.171208ms)
✔ context store never turns state or source failure during a missing-frame read into successful regeneration (67.9075ms)
✔ context store refuses unavailable knowledge even when there is no previous head (10.993375ms)
✔ context store leaves the previous head intact when candidate storage fails (87.6565ms)
✔ context store rejects a relabelled put receipt or altered readback bytes and never publishes a head (62.472834ms)
✔ context store applies byte limits before writing or loading a derived frame (56.173708ms)
✔ canonical state has explicit nulls, bounded revisions and no provider/SQL objects (3.52125ms)
✔ goal validation cannot silently drop unknown authorization fields or empty completion rules (0.122625ms)
✔ partial result is distinct from complete result and API errors are not evidence of absence (0.991458ms)
✔ plan and context explicitly bind state and goal revisions (0.790458ms)
✔ invalid provider content is not included in validation error text (0.133042ms)
✔ a late counterexample prevents a previously delivered answer from being displayed as the current result (615.933834ms)
✔ a public snapshot retries a goal change during artifact verification (648.725375ms)
✔ conversation view keeps message selection and public status on the same revision (780.00425ms)
✔ cancelled work displays its status rather than its historical delivered result (621.715875ms)
✔ request acceptance is atomic, duplicate input is stable and each conversation can bind several works (22.29ms)
✔ failed acceptance commit creates neither a work nor a reception acknowledgment (135.368834ms)
✔ analysis, response preparation, delivery and completion are distinct; retransmission never collects evidence again (24.139875ms)
✔ analysis-only completion does not pretend that its result was prepared or delivered (8.836583ms)
✔ pending questions are grouped once and resolving a question cannot waive required result delivery (7.921417ms)
✔ independent dispatchers claim once and receipt reconciliation after restart does not send again (100.132042ms)
✔ ambiguous delivery with no idempotency stays unknown, including repeated and timed-out lookup (11.510375ms)
✔ idempotent absent receipt permits only a bounded later retry and permanent failure stays visible (4.681917ms)
✔ goal before delivery prevents an obsolete or unauthorized result from being sent (7.79375ms)
✔ cancel before delivery prevents an obsolete or unauthorized result from being sent (7.476833ms)
✔ labels before delivery prevents an obsolete or unauthorized result from being sent (6.376458ms)
✔ destination before delivery prevents an obsolete or unauthorized result from being sent (6.457416ms)
✔ pause preserves pending delivery and resume can complete it without another source call (7.51225ms)
✔ late confirmed delivery is historical and cannot satisfy a revised goal (6.804208ms)
✔ an uncertain old-goal delivery retains its uncertainty when superseded by a new goal (8.199333ms)
✔ SIGKILL between channel commit and outbox settlement recovers from two reopened databases without another send (271.897708ms)
✔ a never-dispatched response can be prepared after permission restoration, and large questions retain their full artifact (15.645917ms)
✔ sqlite/documents-simple: delete blocks derived copies and pending result; restart preserves tombstone and cancellation works after bytes are absent (519.170166ms)
✔ sqlite/observations-simple: delete blocks derived copies and pending result; restart preserves tombstone and cancellation works after bytes are absent (465.714583ms)
✔ file-journal/documents-simple: delete blocks derived copies and pending result; restart preserves tombstone and cancellation works after bytes are absent (2508.757125ms)
✔ file-journal/observations-simple: delete blocks derived copies and pending result; restart preserves tombstone and cancellation works after bytes are absent (2153.941792ms)
✔ sqlite: lifecycle ownership, concurrent generation and command identity are enforced (245.985417ms)
✔ sqlite: a question prepared before access removal is superseded without sending its text (269.825583ms)
✔ sqlite: data removal preserves an already dispatched write as an unresolved effect (196.91225ms)
✔ sqlite: tool reply is revalidated after lifecycle change during artifact storage (271.95325ms)
✔ sqlite: model reply is revalidated after lifecycle change during artifact storage (329.617959ms)
✔ sqlite: validity retraction allows labelled historical inspection and correction uses a new immutable evidence ID (277.035875ms)
✔ sqlite: a stored core.calls.get copy cannot expose deleted source content (309.975333ms)
✔ sqlite: evidence read rechecks a lifecycle change during artifact I/O (217.82025ms)
✔ sqlite: original read rechecks a lifecycle change during artifact I/O (220.213917ms)
✔ sqlite: result read rechecks a lifecycle change during artifact I/O (187.862459ms)
✔ sqlite: old dispatched tool reply after deletion is stored only as a sanitized failure (219.804834ms)
✔ sqlite: late model reply after deletion retains measured usage without retaining forbidden proposal text (386.18825ms)
✔ file-journal: lifecycle ownership, concurrent generation and command identity are enforced (1132.561542ms)
✔ file-journal: a question prepared before access removal is superseded without sending its text (1763.019375ms)
✔ file-journal: data removal preserves an already dispatched write as an unresolved effect (1158.578334ms)
✔ file-journal: tool reply is revalidated after lifecycle change during artifact storage (909.269833ms)
✔ file-journal: model reply is revalidated after lifecycle change during artifact storage (1133.973166ms)
✔ file-journal: validity retraction allows labelled historical inspection and correction uses a new immutable evidence ID (1110.8335ms)
✔ file-journal: a stored core.calls.get copy cannot expose deleted source content (1814.999959ms)
✔ file-journal: evidence read rechecks a lifecycle change during artifact I/O (637.964375ms)
✔ file-journal: original read rechecks a lifecycle change during artifact I/O (597.789625ms)
✔ file-journal: result read rechecks a lifecycle change during artifact I/O (733.799083ms)
✔ file-journal: old dispatched tool reply after deletion is stored only as a sanitized failure (641.273041ms)
✔ file-journal: late model reply after deletion retains measured usage without retaining forbidden proposal text (776.004458ms)
✔ inject all local ports without a database or channel SDK: documents-simple (8.502417ms)
✔ inject all local ports without a database or channel SDK: observations-simple (1.098042ms)
✔ scripted planner honors cancellation and cannot mutate caller state (0.32375ms)
✔ fake sink exposes delivery uncertainty and deduplicates only matching content (0.114542ms)
✔ forgotten evidence is rediscovered by ID, source, locator or facts without returning fact bodies (28.274917ms)
✔ hidden, retracted, superseded and parent-retracted evidence never contributes cards or hasMore (12.265709ms)
✔ Korean NFC and NFD clues and English case variants find the same current evidence (11.554167ms)
✔ the evidence discovery tool preserves bounded current-card and partial-call semantics (8.919084ms)
✔ locator truncation preserves the exact evidence ID and reports partial coverage without inventing more matches (7.475375ms)
✔ different owners, tenants and narrower caller labels cannot inspect evidence discovery cards (7.016625ms)
✔ retained knowledge failure at validation 1 blocks cards before return (7.313375ms)
✔ retained knowledge failure at validation 2 blocks cards before return (6.675167ms)
✔ a work retaining knowledge cannot discover derived evidence without its current validator (6.7785ms)
✔ a goal change while the final source-state read waits prevents returning earlier-scope cards (8.18ms)
✔ caller permission narrowing during the knowledge gate is detected even without a work revision change (5.133625ms)
✔ strict discovery arguments reject extra authority, excessive query length and invalid limits (5.596917ms)
✔ instructions in source facts remain data and discovery changes no facts, goal, plan or authority (6.382959ms)
✔ pre-aborted discovery uses the common read wrapper without reading the work (5.029542ms)
✔ current and historical views enforce own access, tenant, scope and artifact labels while omitted access stays available (1.062625ms)
✔ two generations of derived evidence lose current validity when an ancestor is retracted or superseded, while history stays readable (0.136041ms)
✔ ancestor restriction, deletion, missing reference or revoked labels blocks current and historical descendants (0.089125ms)
✔ a correction remains a monotonic supersession after retraction, restriction, deletion or permission loss (0.133792ms)
✔ supersession uses the full valid version chain and is independent of record ordering (0.069792ms)
✔ foreign tenant, scope, source, lineage and invalid time cannot suppress a valid original (0.090333ms)
✔ a replacement does not depend on a superseded body being current or present in a selected view (0.044542ms)
✔ cyclic, missing and ambiguous derived references fail closed without removing independent evidence (0.05375ms)
✔ deep derived chains are evaluated without recursive call-stack growth and do not become independent sources (9.748917ms)
✔ record intake accepts parents and descendants in either order and preserves caller objects (4.476083ms)
✔ record intake requires inherited labels on both derivation and replacement edges (1.204833ms)
✔ record intake requires artifact labels to cover the evidence and rejects artifacts outside policy (0.887375ms)
✔ new records inherit transitive dependency labels even if a legacy intermediate record was under-labelled (0.249334ms)
✔ shared ancestry across multiple parents is not mistaken for a cycle (0.096291ms)
✔ derived intake refuses historical or inaccessible ancestors and checks validity after the whole incoming batch (0.386167ms)
✔ replacement intake permits an accessible retracted target but never an inaccessible historical target (0.149833ms)
✔ record intake rejects missing references and invalid tenant, scope, source, lineage or time on replacements (0.359125ms)
✔ record intake rejects self, indirect and mixed cycles before accepting partial lineage (0.153291ms)
✔ omitted and explicit available access are idempotently equivalent but content or access changes cannot overwrite an ID (1.313625ms)
✔ tool-result validation preserves effect, error and artifact guards while using the shared record intake (0.382667ms)
✔ sqlite: two local callers join one real execution and preserve owner, lease, deadline and one budget charge (256.993125ms)
✔ sqlite: cancelling the initiating caller and another joined caller detaches only their waits (190.600916ms)
✔ sqlite: an already aborted caller cannot create an execution (109.737833ms)
✔ sqlite: another facade observes durable running and settled states without claiming local promise ownership (255.23975ms)
✔ sqlite: a different owner and an expired reservation remain explicit waits without lease renewal or automatic recovery (122.557416ms)
✔ sqlite: reopening a dispatched write never replays it and explicit recovery retains the unknown effect obligation (144.075625ms)
✔ sqlite: reopening after a stored result reports received without executing or adopting it again (263.015166ms)
✔ sqlite: state changes during receipt lookup are reread before the facade decides to execute (102.79325ms)
✔ sqlite: a reporting read error after successful execution is shared as an error and retry only observes the durable result (163.84125ms)
✔ file-journal: two local callers join one real execution and preserve owner, lease, deadline and one budget charge (852.389667ms)
✔ file-journal: cancelling the initiating caller and another joined caller detaches only their waits (804.257542ms)
✔ file-journal: an already aborted caller cannot create an execution (377.159459ms)
✔ file-journal: another facade observes durable running and settled states without claiming local promise ownership (652.826542ms)
✔ file-journal: a different owner and an expired reservation remain explicit waits without lease renewal or automatic recovery (371.9855ms)
✔ file-journal: reopening a dispatched write never replays it and explicit recovery retains the unknown effect obligation (691.816541ms)
✔ file-journal: reopening after a stored result reports received without executing or adopting it again (835.08175ms)
✔ file-journal: state changes during receipt lookup are reread before the facade decides to execute (519.951625ms)
✔ file-journal: a reporting read error after successful execution is shared as an error and retry only observes the durable result (737.044125ms)
✔ execution mode CLI sqlite: fast reception survives process exit and repeated status is read-only (1297.975084ms)
✔ execution mode CLI sqlite: mode command is durable and idempotent while stale revisions do not change state (1569.485875ms)
✔ execution mode CLI sqlite: a pending mode change is visible after exit and preserves the reserved attempt (1502.274041ms)
✔ execution mode CLI sqlite: enum, both revisions and an explicit nonblank reason are required (1251.546916ms)
✔ execution mode CLI sqlite: irrelevant mode options are rejected before opening a profile (612.089584ms)
✔ execution mode CLI sqlite documents-simple: changing mode preserves the goal, original source and completed work (1701.434084ms)
✔ execution mode CLI sqlite observations-simple: changing mode preserves the goal, original source and completed work (1862.618833ms)
✔ execution mode CLI file-journal: fast reception survives process exit and repeated status is read-only (2592.847458ms)
✔ execution mode CLI file-journal: mode command is durable and idempotent while stale revisions do not change state (2561.060167ms)
✔ execution mode CLI file-journal: a pending mode change is visible after exit and preserves the reserved attempt (2569.54975ms)
✔ execution mode CLI file-journal: enum, both revisions and an explicit nonblank reason are required (1563.9725ms)
✔ execution mode CLI file-journal: irrelevant mode options are rejected before opening a profile (629.910834ms)
✔ execution mode CLI file-journal documents-simple: changing mode preserves the goal, original source and completed work (4122.9135ms)
✔ execution mode CLI file-journal observations-simple: changing mode preserves the goal, original source and completed work (4053.15075ms)
✔ sqlite/documents-simple/auto: one necessary plan and observation complete with no extra investigation (536.776334ms)
✔ sqlite/documents-simple/fast: one necessary plan and observation complete with no extra investigation (509.376042ms)
✔ sqlite/documents-simple/deep: one necessary plan and observation complete with no extra investigation (487.8435ms)
✔ sqlite/observations-simple/auto: one necessary plan and observation complete with no extra investigation (420.022292ms)
✔ sqlite/observations-simple/fast: one necessary plan and observation complete with no extra investigation (480.062ms)
✔ sqlite/observations-simple/deep: one necessary plan and observation complete with no extra investigation (407.026417ms)
✔ sqlite/documents-complex/auto: complex scope is either validated for investigation or rejected without false completion (601.393042ms)
✔ sqlite/documents-complex/fast: complex scope is either validated for investigation or rejected without false completion (261.2705ms)
✔ sqlite/documents-complex/deep: complex scope is either validated for investigation or rejected without false completion (666.572584ms)
✔ sqlite/observations-complex/auto: complex scope is either validated for investigation or rejected without false completion (569.444166ms)
✔ sqlite/observations-complex/fast: complex scope is either validated for investigation or rejected without false completion (251.720334ms)
✔ sqlite/observations-complex/deep: complex scope is either validated for investigation or rejected without false completion (560.743125ms)
✔ sqlite: mode commands enforce owner and both revisions, remain idempotent, and preserve goal and costs (141.149833ms)
✔ sqlite: lowering to fast after two paid reads cannot reset usage or oversubscribe the next reservation (308.960334ms)
✔ sqlite: explicit model cap and fast cap include reservations and do not reopen paid capacity (650.852375ms)
✔ sqlite: a running model keeps its pending mode request and late reply accounting until the next safe boundary (422.13075ms)
✔ sqlite: a pending mode survives reserved model restart without invalidating its stored input (445.726167ms)
✔ sqlite: cancel overrides a pending mode without discarding late measured model costs (375.03125ms)
✔ sqlite: deep to fast retains original goal, completed tasks, checkpoint and result reuse after reopen (466.631ms)
✔ sqlite: fast keeps mandatory review of existing hypotheses and cannot replace it with premature completion (552.230875ms)
✔ sqlite: legacy model reservations keep their version-one basis when a pending mode first materializes control (386.965458ms)
✔ sqlite: a newer mode wins a pending-mode boundary CAS race (241.14875ms)
✔ sqlite: a newer cancel wins a pending-mode boundary CAS race (177.49725ms)
✔ sqlite: cancellation during model backoff publication returns current control without failing the workflow (302.600541ms)
✔ sqlite: auto mode change and reopen preserve a partial collection's original goal and explicit resume chain (1114.564916ms)
✔ file-journal/documents-simple/auto: one necessary plan and observation complete with no extra investigation (2397.175209ms)
✔ file-journal/documents-simple/fast: one necessary plan and observation complete with no extra investigation (2700.785458ms)
✔ file-journal/documents-simple/deep: one necessary plan and observation complete with no extra investigation (3227.965375ms)
✔ file-journal/observations-simple/auto: one necessary plan and observation complete with no extra investigation (3218.890291ms)
✔ file-journal/observations-simple/fast: one necessary plan and observation complete with no extra investigation (3470.892417ms)
✔ file-journal/observations-simple/deep: one necessary plan and observation complete with no extra investigation (3622.935ms)
✔ file-journal/documents-complex/auto: complex scope is either validated for investigation or rejected without false completion (4581.130167ms)
✔ file-journal/documents-complex/fast: complex scope is either validated for investigation or rejected without false completion (813.956292ms)
✔ file-journal/documents-complex/deep: complex scope is either validated for investigation or rejected without false completion (4366.836042ms)
✔ file-journal/observations-complex/auto: complex scope is either validated for investigation or rejected without false completion (3579.688958ms)
✔ file-journal/observations-complex/fast: complex scope is either validated for investigation or rejected without false completion (714.41575ms)
✔ file-journal/observations-complex/deep: complex scope is either validated for investigation or rejected without false completion (2852.859667ms)
✔ file-journal: mode commands enforce owner and both revisions, remain idempotent, and preserve goal and costs (354.781958ms)
✔ file-journal: lowering to fast after two paid reads cannot reset usage or oversubscribe the next reservation (1261.831542ms)
✔ file-journal: explicit model cap and fast cap include reservations and do not reopen paid capacity (2327.753542ms)
✔ file-journal: a running model keeps its pending mode request and late reply accounting until the next safe boundary (1805.20775ms)
✔ file-journal: a pending mode survives reserved model restart without invalidating its stored input (2941.035167ms)
✔ file-journal: cancel overrides a pending mode without discarding late measured model costs (1156.9255ms)
✔ file-journal: deep to fast retains original goal, completed tasks, checkpoint and result reuse after reopen (2354.814166ms)
✔ file-journal: fast keeps mandatory review of existing hypotheses and cannot replace it with premature completion (2304.103166ms)
✔ file-journal: legacy model reservations keep their version-one basis when a pending mode first materializes control (1096.637916ms)
✔ file-journal: a newer mode wins a pending-mode boundary CAS race (1023.159334ms)
✔ file-journal: a newer cancel wins a pending-mode boundary CAS race (1135.718333ms)
✔ file-journal: cancellation during model backoff publication returns current control without failing the workflow (1111.391875ms)
✔ file-journal: auto mode change and reopen preserve a partial collection's original goal and explicit resume chain (5473.695209ms)
✔ local versioned defaults select direct auto/fast and investigate deep without allocating work (1.979375ms)
✔ new controls snapshot caller policy and never expose the default policy for mutation (0.171084ms)
✔ legacy goals supply initial mode while a saved control overrides it without mutating state (2.344625ms)
✔ effective fast limits are absolute work caps and retain token/time limits (0.620458ms)
✔ auto starts direct while retaining the user work limits before evidence or strategy expansion (0.383625ms)
✔ explicit work caps beat mode policy and mode changes cannot grant a fresh allowance (0.173584ms)
✔ investigate strategies retain explicit work limits and pending mode requests have no effect yet (0.125417ms)
✔ fast allows completed history plus one pending task and counts only current adopted successes (2.213875ms)
✔ fast rejects an oversized pending graph or hypotheses without mutating or silently escalating (0.223ms)
✔ fast preserves and reviews existing hypotheses while rejecting new optional hypotheses (0.334208ms)
✔ policy-specific scope limits are used instead of hard coded local defaults (0.158875ms)
✔ auto expands only validated plan scope and preserves investigate strategy on smaller subsequent plans (0.166666ms)
✔ deep permits a simple or empty plan without manufacturing tasks or hypotheses (0.074ms)
✔ automatic expansion requires available relevant new evidence and an unmet criterion (0.206042ms)
✔ irrelevant, inaccessible, retracted and another-scope facts cannot justify expansion (0.275292ms)
✔ current counterevidence justifies investigation even if it has already been assessed (0.073208ms)
✔ current hypotheses allow review but sufficiently assessed completed goals do not expand (0.089917ms)
✔ permission failure, empty responses and exhausted budgets are not independent escalation evidence (0.067875ms)
✔ pending obligations, active calls, terminal states and explicit modes suppress automatic expansion (0.2625ms)
✔ delivery waiting does not manufacture completion or suppress investigation of unmet criteria (0.071667ms)
✔ a reserved, running or received model prevents expansion until its existing call is settled (0.175792ms)
✔ policy contracts reject unknown fields, unsafe counts and blank versions while allowing explicit zero caps (0.661917ms)
✔ control contracts enforce current mode strategy and preserve distinct pending requests (0.348875ms)
✔ documents-simple: validated plan executes to verified completion without additional planner calls (26.596667ms)
✔ observations-simple: validated plan executes to verified completion without additional planner calls (9.648083ms)
✔ invalid plans fail before budget or execution: stale, cyclic, missing deps, schema, effects, permission and IDs (8.634ms)
✔ plan commands deduplicate after later state changes; task IDs cannot hide changed inputs (7.448333ms)
✔ discarded unexecuted task ID still cannot acquire a different contract (4.916833ms)
✔ scripted planner proposal enters the real validator and executor only when control requests a plan (6.964042ms)
✔ dependencies execute in order; partial observations require another source, not false completion (9.131833ms)
✔ empty queue is replan; wake conditions, tool budget, deadline and cancellation produce distinct controls (7.235084ms)
✔ only authorized current-goal commands mutate state; duplicate cancellation is stable (4.635375ms)
✔ competing executors cannot both reserve or replay dispatch (7.732333ms)
✔ late tool result after cancel is recorded without adopting or reversing the command (6.274ms)
✔ late tool result after goal is recorded without adopting or reversing the command (4.877041ms)
✔ expired dispatched read has bounded retry or explicit unknown effect (5.471584ms)
✔ expired dispatched write has bounded retry or explicit unknown effect (4.457917ms)
✔ invalid result identity, labels, references and output cannot become accepted evidence (30.915166ms)
✔ stored received result resumes in reopened SQLite and artifact stores without invoking tool again (188.901333ms)
✔ tool JSON schema validation compiles once, rejects unsupported schema and preserves inputs (3.187875ms)
✔ successful dependency chain follows DAG order even when task array is reversed (5.972166ms)
✔ pause before dispatch releases reservation; resume and repeated old pause do not cancel new execution (6.266ms)
✔ tool failures retry only within attempt budget and repeated empty replans exhaust their own budget (7.46075ms)
✔ unconfirmed write is unknown and cannot satisfy the goal or be retried by a renamed task (5.580542ms)
✔ lease timeout yields even for a tool that ignores cancellation; late result cannot finish the goal (27.357292ms)
✔ permission revocation after reservation is rechecked before dispatch and durably blocks execution (4.800958ms)
✔ memory: waiting execution wakes only for expired lease or received result (8.788667ms)
✔ sqlite: waiting execution wakes only for expired lease or received result (132.031166ms)
✔ baseline documents-complex (3.06ms)
✔ baseline documents-simple (0.77575ms)
✔ baseline observations-complex (0.467958ms)
✔ baseline observations-simple (0.1345ms)
✔ both domains use the same schema and include simple/complex baselines (0.323792ms)
✔ fixture oracle rejects missing references and duplicated evidence IDs (0.616792ms)
✔ repetition and permutation cannot create independent sources (0.123541ms)
✔ completed facts do not discharge an unrelated pending obligation (0.057542ms)
✔ sqlite: valid original guidance remains readable through two historical copies and records actual file probe bytes (496.6065ms)
✔ sqlite: body-edited without refresh invalidates original guidance history and two stored copies (456.970167ms)
✔ sqlite: body-deleted without refresh invalidates original guidance history and two stored copies (540.502042ms)
✔ sqlite: catalog-rules-changed without refresh invalidates original guidance history and two stored copies (446.855125ms)
✔ file-journal: valid original guidance remains readable through two historical copies and records actual file probe bytes (3012.889917ms)
✔ file-journal: body-edited without refresh invalidates original guidance history and two stored copies (2931.751375ms)
✔ file-journal: body-deleted without refresh invalidates original guidance history and two stored copies (2124.348042ms)
✔ file-journal: catalog-rules-changed without refresh invalidates original guidance history and two stored copies (1947.534917ms)
✔ guidance refresh stages every provider page and only then replaces the complete snapshot (11.889666ms)
✔ guidance failure listing leaves the previous snapshot usable (0.822792ms)
✔ guidance mixed listing leaves the previous snapshot usable (0.6245ms)
✔ guidance duplicate listing leaves the previous snapshot usable (0.996875ms)
✔ guidance cycle listing leaves the previous snapshot usable (0.529459ms)
✔ guidance page-bound listing leaves the previous snapshot usable (0.374417ms)
✔ guidance entry-bound listing leaves the previous snapshot usable (0.405083ms)
✔ guidance byte-bound listing leaves the previous snapshot usable (0.270208ms)
✔ guidance abort and late completion cannot replace a published listing (0.588167ms)
✔ guidance concurrent refresh rejects an earlier listing and a complete empty snapshot retires entries (0.549375ms)
✔ legacy list/load remains compatible and missing source validation disables body reuse (1.926291ms)
✔ guidance pages reach beyond 20 and preserve item and whole UTF-8 page bounds (6.694875ms)
✔ guidance cursor binds kind, owner, permission and snapshot and hides unauthorized counts (2.091959ms)
✔ hot guidance reuses only body/artifact while rules, selection reason and method are current (0.708792ms)
✔ guidance body cache cannot bypass current tenant, label or work-kind restrictions (0.462375ms)
✔ guidance cache obeys entry/byte bounds, evicts unused bodies and isolates artifact stores (0.594375ms)
✔ a body larger than the cache byte budget is read and decoded on every load (0.370417ms)
✔ a pending hot load cannot exceed cache bounds when another body evicts its old entry (0.778208ms)
✔ a cold legacy-source load rechecks its manifest after artifact persistence (0.288459ms)
✔ source changes during an artifact check are caught by the final probe (0.290791ms)
✔ manifest refresh during final validation rejects a hot result from the previous rules (0.687583ms)
✔ load cancellation cannot publish a cache entry after an ignored-signal provider returns (0.381417ms)
✔ file guidance reports actual cold/hot original I/O separately from put/decode reuse (41.218917ms)
ℹ {"coldOriginalReads":2,"hotOriginalReads":1,"coldOriginalBytes":48,"hotOriginalBytes":24,"source":{"catalogReads":7,"catalogBytes":2702,"bodyReads":3,"bodyBytes":72,"readCalls":1,"validateCalls":2},"catalog":{"sourceReadCalls":1,"sourceReadBytes":24,"sourceValidateCalls":2,"artifactPutCalls":1,"artifactCheckCalls":1,"bodyDecodes":1,"cacheHits":1,"cacheMisses":1,"cachedBodies":1,"cachedBytes":24},"artifactPuts":1,"artifactChecks":1}
✔ file guidance cache never bypasses a deleted original source (21.710084ms)
✔ file guidance cache never bypasses a modified original source (21.970792ms)
✔ file guidance cache never bypasses a manifest original source (47.805834ms)
✔ file guidance refresh observes a new catalog, preserves same-body cache and rejects invalid replacements (48.120667ms)
✔ guidance resources documents-simple: cold and hot runtime loads retain provenance and report original I/O separately (42.651625ms)
ℹ {"family":"documents-simple","coldOriginalBytes":58,"hotOriginalBytes":29,"coldMetrics":{"sourceReadCalls":1,"sourceReadBytes":29,"sourceValidateCalls":1,"artifactPutCalls":1,"artifactCheckCalls":0,"bodyDecodes":1,"cacheHits":0,"cacheMisses":1,"cachedBodies":1,"cachedBytes":29},"hotMetrics":{"sourceReadCalls":1,"sourceReadBytes":29,"sourceValidateCalls":2,"artifactPutCalls":1,"artifactCheckCalls":1,"bodyDecodes":1,"cacheHits":1,"cacheMisses":1,"cachedBodies":1,"cachedBytes":29}}
✔ guidance resources documents-simple: policy revocation during a hot validation suppresses the cached body (11.937958ms)
✔ guidance resources documents-simple: a goal change while the source read waits cannot return the previous selection (7.615708ms)
✔ guidance resources documents-simple: a refreshed version cannot be replaced by an in-flight older load (8.34325ms)
✔ guidance resources documents-simple: cancellation reaches a pending source and returns no late body (6.20425ms)
✔ guidance resources observations-simple: cold and hot runtime loads retain provenance and report original I/O separately (13.11825ms)
ℹ {"family":"observations-simple","coldOriginalBytes":58,"hotOriginalBytes":29,"coldMetrics":{"sourceReadCalls":1,"sourceReadBytes":29,"sourceValidateCalls":1,"artifactPutCalls":1,"artifactCheckCalls":0,"bodyDecodes":1,"cacheHits":0,"cacheMisses":1,"cachedBodies":1,"cachedBytes":29},"hotMetrics":{"sourceReadCalls":1,"sourceReadBytes":29,"sourceValidateCalls":2,"artifactPutCalls":1,"artifactCheckCalls":1,"bodyDecodes":1,"cacheHits":1,"cacheMisses":1,"cachedBodies":1,"cachedBytes":29}}
✔ guidance resources observations-simple: policy revocation during a hot validation suppresses the cached body (9.814167ms)
✔ guidance resources observations-simple: a goal change while the source read waits cannot return the previous selection (7.034542ms)
✔ guidance resources observations-simple: a refreshed version cannot be replaced by an in-flight older load (5.974542ms)
✔ guidance resources observations-simple: cancellation reaches a pending source and returns no late body (6.523166ms)
✔ guidance resources: paginated cards respect the complete output byte budget and never read guidance bodies (13.438792ms)
✔ guidance resources: cursors cannot cross kind, caller labels, owner or a refreshed listing (5.448417ms)
✔ guidance resources: legacy discovery keeps its original shape and current method in both work families (12.229708ms)
✔ guidance resources: optional paging fields are strict and pre-aborted discovery performs no original reads (4.921375ms)
✔ legacy current validation reads original bytes and a fresh listing and accounts for each cost (5.466167ms)
✔ legacy cold load compares a fresh manifest without duplicating the original read (0.912ms)
✔ a cancelled current probe makes no original read and a failed fresh listing is not accepted (0.480042ms)
✔ sqlite: context compilation refuses delete in an original guidance source (348.476333ms)
✔ sqlite: context compilation refuses modify in an original guidance source (382.883792ms)
✔ sqlite: context compilation refuses rules in an original guidance source (310.593042ms)
✔ sqlite: restarted stored model input cannot send a deleted original guide (461.050333ms)
✔ sqlite: restarted stored model input cannot send a modifyd original guide (496.789958ms)
✔ sqlite: policy during original-source validation stops transport and settles zero usage (433.692917ms)
✔ sqlite: goal during original-source validation stops transport and settles zero usage (420.439625ms)
✔ sqlite: cancel during original-source validation stops transport and settles zero usage (377.343708ms)
✔ sqlite: manifest refresh after the source probe is caught after final state lookup (374.128708ms)
✔ sqlite: an ignored-signal original probe is stopped by the remaining model lease (610.250208ms)
✔ sqlite: stored guidance loss during source probe blocks transport and prevents settlement until repair (570.909667ms)
✔ sqlite: unchanged original guidance sends the exact stored request once after restart (545.425334ms)
✔ file-journal: context compilation refuses delete in an original guidance source (1187.994125ms)
✔ file-journal: context compilation refuses modify in an original guidance source (1069.041791ms)
✔ file-journal: context compilation refuses rules in an original guidance source (817.104042ms)
✔ file-journal: restarted stored model input cannot send a deleted original guide (1218.880458ms)
✔ file-journal: restarted stored model input cannot send a modifyd original guide (1172.108833ms)
✔ file-journal: policy during original-source validation stops transport and settles zero usage (1324.092ms)
✔ file-journal: goal during original-source validation stops transport and settles zero usage (1838.622459ms)
✔ file-journal: cancel during original-source validation stops transport and settles zero usage (1683.114917ms)
✔ file-journal: manifest refresh after the source probe is caught after final state lookup (1345.175834ms)
✔ file-journal: an ignored-signal original probe is stopped by the remaining model lease (1894.757458ms)
✔ file-journal: stored guidance loss during source probe blocks transport and prevents settlement until repair (1776.771083ms)
✔ file-journal: unchanged original guidance sends the exact stored request once after restart (1857.914041ms)
✔ invocation copies: two real canonical copies expose the still-authorized original without executing it again (47.818875ms)
✔ invocation copies: retaining only calls.get permission does not restore a revoked source tool (19.13ms)
✔ invocation copies: current guidance version replacement blocks the copied earlier guide (26.931458ms)
✔ invocation copies: same-version manifest replacement and new guidance labels also block nested bodies (19.84475ms)
✔ invocation copies: catalog target permission is rechecked through both copies (12.986792ms)
✔ invocation copies: catalog target version is rechecked through both copies (18.907167ms)
✔ invocation copies: catalog target definition is rechecked through both copies (17.798375ms)
✔ invocation copies: a missing canonical source receipt is rejected (12.050875ms)
✔ invocation copies: a foreign-owner canonical source receipt is rejected (13.101125ms)
✔ invocation copies: a foreign-tenant canonical source receipt is rejected (11.859875ms)
✔ invocation copies: a foreign-work canonical source receipt is rejected (11.940917ms)
✔ invocation copies: a input-digest canonical source receipt is rejected (11.678041ms)
✔ invocation copies: missing source artifacts invalidate copied bodies even when copy artifacts remain readable (10.854625ms)
✔ invocation copies: a modified copied body must still equal its canonical source result (11.171459ms)
✔ invocation copies: source knowledge is validated and propagated even if an older copy omitted its dependency metadata (14.296ms)
✔ invocation copies: permission changes during a source receipt read prevent returning the already-read copy (13.268375ms)
✔ invocation copies: a canonical input cycle is rejected before following the same receipt twice (12.477875ms)
✔ invocation copies: the 64-node source boundary accepts 63 copies and rejects one further copy (679.709167ms)
✔ sqlite: two invocation copies recheck remove registry change after source artifact read (451.976208ms)
✔ sqlite: two invocation copies recheck labels registry change after source artifact read (479.410875ms)
✔ sqlite: two invocation copies recheck description registry change after source artifact read (523.951917ms)
✔ sqlite: two invocation copies recheck unrelated registry change after source artifact read (443.115167ms)
✔ sqlite: an executed third calls.get stores no private body when source is removed during its read (595.844167ms)
✔ sqlite: catalog target pin is rechecked after final asynchronous state validation (451.229583ms)
✔ sqlite: a same-version guidance manifest change cannot survive copied body verification (463.930208ms)
✔ file-journal: two invocation copies recheck remove registry change after source artifact read (2028.449208ms)
✔ file-journal: two invocation copies recheck labels registry change after source artifact read (1922.171292ms)
✔ file-journal: two invocation copies recheck description registry change after source artifact read (2391.708542ms)
✔ file-journal: two invocation copies recheck unrelated registry change after source artifact read (2479.861875ms)
✔ file-journal: an executed third calls.get stores no private body when source is removed during its read (2953.267416ms)
✔ file-journal: catalog target pin is rechecked after final asynchronous state validation (2626.82375ms)
✔ file-journal: a same-version guidance manifest change cannot survive copied body verification (2656.762833ms)
✔ file journal: exception at candidate_synced preserves the publication boundary and retry identity (128.437709ms)
✔ file journal: actual SIGKILL at candidate_synced reopens a whole commit or no commit (273.802083ms)
✔ file journal: exception at published preserves the publication boundary and retry identity (201.799292ms)
✔ file journal: actual SIGKILL at published reopens a whole commit or no commit (235.209667ms)
✔ file journal: exception at directory_synced preserves the publication boundary and retry identity (218.8325ms)
✔ file journal: actual SIGKILL at directory_synced reopens a whole commit or no commit (276.780583ms)
✔ file journal: a reader and duplicate retry observe a whole published record while its writer is pending (229.8085ms)
✔ file journal: directory sync failure prevents reads and duplicate acknowledgements without rolling back publication (144.031417ms)
✔ file journal: listing retries the first record when publication follows its initial ENOENT (148.054042ms)
✔ file journal: checksum corruption blocks reads and subsequent commits without overwriting the damaged record (82.748708ms)
✔ file journal: an intact record checksum does not hide a broken previous-hash link (112.313083ms)
✔ file journal: deleting a middle revision rejects the incomplete prefix (165.741459ms)
✔ file journal: changing store identity is rejected by an open instance and by replay after reopening (122.782125ms)
✔ file journal: a missing format header does not initialize a populated store as empty (82.239625ms)
✔ file journal: existing root, work and record symlinks are rejected without following their contents (298.807916ms)
✔ file journal: group or other permissions on the root and records are rejected (151.025583ms)
✔ file journal: an observed root or work directory replacement cannot reset the open repository (181.872833ms)
✔ file journal: record size limits reject both publication and oversized persisted input (152.109667ms)
✔ file journal: closed instances reject every repository operation while reopening retains data (150.825167ms)
✔ file journal: revision zero is invalid layout and cannot be silently ignored (84.793459ms)
✔ sqlite: same-work recall survives dispatch, receipt and unrelated revision bookkeeping (331.866458ms)
✔ sqlite: cross-work memory copy keeps custody across a goal change and blocks a prepared result after source deletion (711.976542ms)
✔ sqlite: source deletion after a cross-goal copied memory cancels a reserved effect before invocation (527.581792ms)
✔ sqlite: stored model input contains recalled bodies while hiding internal custody metadata (638.993ms)
✔ sqlite: reopening without a knowledge validator blocks retained originals and reserved effects (661.044209ms)
✔ sqlite: deleting another work's source while adopt commit waits quarantines the copied evidence before return (479.44975ms)
✔ file-journal: same-work recall survives dispatch, receipt and unrelated revision bookkeeping (3190.24275ms)
✔ file-journal: cross-work memory copy keeps custody across a goal change and blocks a prepared result after source deletion (11960.904833ms)
✔ file-journal: source deletion after a cross-goal copied memory cancels a reserved effect before invocation (6547.87475ms)
✔ file-journal: stored model input contains recalled bodies while hiding internal custody metadata (8813.150667ms)
✔ file-journal: reopening without a knowledge validator blocks retained originals and reserved effects (5071.03875ms)
✔ file-journal: deleting another work's source while adopt commit waits quarantines the copied evidence before return (5262.64ms)
✔ memory tools expose read cards, internal dependencies and schema-valid results (sqlite) (180.185541ms)
✔ memory tool authority intersects destination, caller and fresh trusted identity (sqlite) (168.877833ms)
✔ memory reads constrain IDs and searches to the current goal scope (sqlite) (162.167333ms)
✔ memory tools expose read cards, internal dependencies and schema-valid results (file-journal) (1414.586125ms)
✔ memory tool authority intersects destination, caller and fresh trusted identity (file-journal) (559.911541ms)
✔ memory reads constrain IDs and searches to the current goal scope (file-journal) (769.035625ms)
✔ memory tools report bounded references without bodies, including multibyte oversized references (178.100834ms)
✔ memory search distinguishes result truncation and index errors from complete absence (187.616125ms)
✔ memory tools discard a copied card when trusted-owner changes during a repository wait (138.136958ms)
✔ memory tools discard a copied card when work-owner changes during a repository wait (205.643166ms)
✔ memory tools discard a copied card when caller-labels changes during a repository wait (136.754792ms)
✔ memory tools discard a copied card when work-labels changes during a repository wait (156.067667ms)
✔ memory tools discard a copied card when goal changes during a repository wait (151.973834ms)
✔ memory tools discard a copied card when generation changes during a repository wait (113.892375ms)
✔ memory tools discard a copied card when cancel changes during a repository wait (155.035625ms)
✔ each fresh trusted actor lookup must match the work owner, including the final return check (148.777708ms)
✔ dependency validation uses current source, record and caller permissions without a stale service cache (118.938958ms)
✔ memory adapters do not mutate the caller policy and normalize invalid input and pre-abort (134.743875ms)
✔ knowledge exact lookup precedes index, Korean/English and conditional search use current sources (sqlite) (178.541917ms)
✔ knowledge exact lookup precedes index, Korean/English and conditional search use current sources (file-journal) (372.763916ms)
✔ private memory needs explicit submission and another reviewer of the exact content revision (184.633125ms)
✔ source retracted prevents direct, cached lexical and dependency reuse (159.200917ms)
✔ source restricted prevents direct, cached lexical and dependency reuse (199.021166ms)
✔ source deleted prevents direct, cached lexical and dependency reuse (135.985791ms)
✔ source corrected prevents direct, cached lexical and dependency reuse (191.649666ms)
✔ source policy prevents direct, cached lexical and dependency reuse (180.661ms)
✔ source generation prevents direct, cached lexical and dependency reuse (168.916ms)
✔ ancestor changes and derived memories retain source identity without inflating independent provenance (202.420334ms)
✔ review CAS prevents a reviewed draft from being silently replaced or shared after editing (169.858417ms)
✔ source or actor changes while source reads wait cannot return stale memory content (157.775333ms)
✔ a delayed candidate cache fill rechecks namespace authority before returning cards or counts (164.071292ms)
✔ index errors remain distinct from absence and rebuild never resurrects deleted or expired content (216.939042ms)
✔ SQLite reopen retains memory, review, cursor and receipts; competing writers use revision CAS (140.082458ms)
✔ source and knowledge stores close and reopen with reviewed memory and index intact (182.783167ms)
✔ bounded results report truncation only after current visibility filtering (132.995666ms)
✔ deletion while a repeated source check waits is noticed before returning the memory card (129.814708ms)
✔ source deletion after the second source snapshot cannot return its old card (145.5675ms)
✔ batch dependency fences notice an earlier card source changing while a later card is checked (162.594834ms)
✔ retracted memory can subsequently be deleted while preserving the revision and idempotency rules (121.543625ms)
✔ a pruned limited search stays partial when an unread matching candidate remains (146.810042ms)
✔ unrelated work revisions preserve semantic dependencies while changed source content does not (166.095875ms)
✔ dependency contracts reject forged fields, unsafe revisions, malformed hashes and duplicate references (141.795417ms)
✔ continuously changing coherent-read revisions stop after a bounded number of fences (196.780167ms)
✔ sqlite: local memory tools and workspace checkpoints remain usable after profile reopen (854.584ms)
✔ sqlite: workspace initialization failure closes state, channel and knowledge stores (262.93675ms)
✔ file-journal: local memory tools and workspace checkpoints remain usable after profile reopen (6068.549416ms)
✔ file-journal: workspace initialization failure closes state, channel and knowledge stores (222.689292ms)
✔ composition without optional memory or workspace keeps the prior tool configuration usable (240.371416ms)
✔ profile close still closes databases after a workspace close failure (287.652208ms)
✔ cancel during input artifact read prevents transport invocation and releases the known unused token reservation (26.730709ms)
✔ goal during input artifact read prevents transport invocation and releases the known unused token reservation (11.273ms)
✔ destination during input artifact read prevents transport invocation and releases the known unused token reservation (8.660583ms)
✔ labels during input artifact read prevents transport invocation and releases the known unused token reservation (5.964667ms)
✔ cancelling an active model sends its signal, yields promptly and settles late usage once without adopting the old plan (8.169ms)
✔ input byte limit rejects before a durable reservation or transport call (5.0735ms)
✔ token budget rejects before a durable reservation or transport call (4.722542ms)
✔ model call budget rejects before a durable reservation or transport call (3.022958ms)
✔ model context capacity and destination policy reject input without invoking the planner (7.5495ms)
✔ concurrent reservations have one winner and duplicate execution performs one dispatch and one transport call (7.825167ms)
✔ a replacement owner waits for a reserved lease, then releases it and creates a fresh intent without repeating a transport call (8.621375ms)
✔ a recovered running lease retains uncertain cost and accepts only late accounting, never its expired plan (6.306791ms)
✔ a reply without usage keeps its reservation and prevents a further model call after rejection (4.70625ms)
✔ verified facts remain visible while hypothesis review prevents response readiness and preparation (27.259083ms)
✔ reserved, running and stored model replies cannot produce a result; accepted review resumes preparation (33.68375ms)
✔ pending model work suppresses question preparation while preserving existing obligation blockers (14.277208ms)
✔ an already prepared result is withheld during review and can be prepared again after accepted model assessment (16.676125ms)
✔ documents-simple: one model plan executes to completion with usage and no extra hypothesis call (42.26175ms)
✔ observations-simple: one model plan executes to completion with usage and no extra hypothesis call (13.694917ms)
✔ late counterevidence revises the hypothesis and only the changed graph consumes a replan (47.520292ms)
✔ strict structured transport adapter feeds the same validator and execution loop without a provider SDK (10.439708ms)
✔ invalid or truncated responses cannot replace an executable plan or fabricate zero usage (7.887958ms)
✔ rejected model plans still charge exactly one call and preserve their raw response for an authorized read (6.611166ms)
✔ bookkeeping changes do not stale a response but goal and evidence changes do (12.800333ms)
✔ received model result resumes after SQLite and artifact reopen with no additional model call (427.731917ms)
✔ a new scope archives the old hypothesis in prior events and permits a fresh plan (15.26025ms)
✔ unsupported hypotheses and erased counterevidence are rejected without changing the current assessment (10.73575ms)
✔ validator feedback reaches the next model proposal and invalid plans never dispatch their tools (14.370291ms)
✔ permission revocation during reply storage preserves usage but never downgrades the model body (6.181959ms)
✔ sqlite/documents-simple: same model/tool/evidence/conversation workflow resumes on persistent state without a new model call for the stored reply (776.338667ms)
✔ sqlite/documents-complex: same model/tool/evidence/conversation workflow resumes on persistent state without a new model call for the stored reply (1715.634834ms)
✔ sqlite/observations-simple: same model/tool/evidence/conversation workflow resumes on persistent state without a new model call for the stored reply (810.06275ms)
✔ sqlite/observations-complex: same model/tool/evidence/conversation workflow resumes on persistent state without a new model call for the stored reply (1366.590792ms)
✔ file-journal/documents-simple: same model/tool/evidence/conversation workflow resumes on persistent state without a new model call for the stored reply (5027.612708ms)
✔ file-journal/documents-complex: same model/tool/evidence/conversation workflow resumes on persistent state without a new model call for the stored reply (10554.96725ms)
✔ file-journal/observations-simple: same model/tool/evidence/conversation workflow resumes on persistent state without a new model call for the stored reply (3679.258584ms)
✔ file-journal/observations-complex: same model/tool/evidence/conversation workflow resumes on persistent state without a new model call for the stored reply (7555.581792ms)
✔ checkpoint record: empty paged root round-trips metadata once without raw reads (6.343625ms)
✔ checkpoint record: empty batch root round-trips metadata once without raw reads (1.305417ms)
✔ checkpoint record: multiple normal pages store references rather than repeating large bodies (11.05475ms)
✔ checkpoint record: partial batch resumes only unfinished items and preserves original successes (7.850125ms)
✔ checkpoint record: rejected source calls survive explicit resume and consume the operation call limit (1.413333ms)
✔ checkpoint record: a crashed intent becomes one unknown call and is never silently replayed (1.773417ms)
✔ checkpoint record: complete orphan resume performs no new page read or call (1.036333ms)
✔ checkpoint record: explicit stop changes only stop metadata and appends its exact base reference (0.722292ms)
✔ checkpoint record: unchanged fields and inherited dependencies cannot be dropped from an intent (2.559ms)
✔ checkpoint record: start rejects retained history, source artifacts, and non-root identity (0.595ms)
✔ checkpoint record: intent, settlement, and resume reject invalid request identity or time transitions (1.540875ms)
✔ checkpoint record: wrong logical digest, wrong base, extra keys, and failed source reads are rejected (2.782958ms)
✔ checkpoint record: accepted encode defers new raw body, source-ref, and dependency authentication to decode (3.7685ms)
✔ checkpoint record: conflicting artifact metadata and dropped inherited references are never encoded (0.649041ms)
✔ checkpoint record: logical checkpoint and referenced response byte limits are enforced before source I/O (0.807417ms)
✔ checkpoint record: record schema rejects more than 16 MiB of otherwise bounded root metadata (59.229625ms)
✔ checkpoint store: real v2 start/intent/settle records load the logical v1 result and preserve original bytes (211.615584ms)
✔ checkpoint store: a legacy snapshot can anchor a v2 orphan resume without reissuing any raw page request (252.281334ms)
✔ checkpoint store: missing base is detected through the actual file adapter (212.131291ms)
✔ checkpoint store: tampered base is detected through the actual file adapter (184.906208ms)
✔ checkpoint store: missing raw is detected through the actual file adapter (184.807625ms)
✔ checkpoint store: tampered raw is detected through the actual file adapter (214.022416ms)
✔ checkpoint store: a base reference with tenant cannot use an otherwise readable head (305.7235ms)
✔ checkpoint store: a base reference with labels cannot use an otherwise readable head (290.08ms)
✔ checkpoint store: a base reference with missing-index cannot use an otherwise readable head (218.8615ms)
✔ checkpoint store: a valid artifact hash cannot authenticate a forged logical digest (246.188084ms)
✔ checkpoint store: returned byte/page/checkpoint mutations cannot poison a reader cache (194.986041ms)
✔ checkpoint store: shared materialization rechecks every original and a new file instance decodes cold (216.366709ms)
✔ checkpoint store: shared materialization cannot hide a revoked or unindexed original (196.883958ms)
✔ checkpoint store: shared materialization evicts at 64-heads (3206.132166ms)
✔ checkpoint store: shared materialization evicts at 16-MiB-logical-bytes (519.887833ms)
✔ checkpoint store: eviction during a shared materialization await preserves the logical byte budget (553.953709ms)
✔ checkpoint store: an in-flight head mutation cannot seed a different artifact materialization (202.825ms)
✔ checkpoint store: caller ref mutation cannot redirect cached-reference revalidation (200.988458ms)
✔ checkpoint store: policy snapshots and exact index entries cannot be widened or aliased by callers (248.916583ms)
✔ checkpoint store: cached originals require real exists checks and new readers cannot inherit a deleted source (165.886666ms)
✔ checkpoint store: raw source cache stays within 16 MiB and evicted sources are fetched again (494.085667ms)
✔ checkpoint store: cycles and oversized records are rejected before decoding any logical history (0.697125ms)
✔ checkpoint store: a record chain stops at 10000 records before requesting the next dependency (201.28525ms)
✔ checkpoint store: a record chain stops at 64 MiB without caching the entire traversal (39.266083ms)
✔ checkpoint store: a materialized base retains its chain byte cost for the next event (73.401708ms)
✔ checkpoint store sqlite: a legacy committed root resumes through v2 records into an authenticated public result (534.08175ms)
✔ checkpoint store file-journal: a legacy committed root resumes through v2 records into an authenticated public result (2936.473167ms)
✔ read checkpoint sqlite: a complete checkpoint survives outer-result loss and resumes without another fetch (843.506583ms)
✔ read checkpoint sqlite: projection preserves original evidence and charges only the successor's raw response (944.386333ms)
✔ read checkpoint sqlite: missing proof and altered payload are denied while ordinary failures remain valid (1027.698ms)
✔ read checkpoint sqlite: an indexed forged merged page cannot replace its accepted raw response (934.430459ms)
✔ read checkpoint sqlite: an unchanged original body cannot authorize a changed request identity (970.8275ms)
✔ read checkpoint sqlite: losing raw-response blocks result history and copied history (1035.090833ms)
✔ read checkpoint sqlite: losing source-artifact blocks result history and copied history (1050.1085ms)
✔ read checkpoint sqlite: severing the parent's exclusive successor claim rejects the child (892.619667ms)
✔ read checkpoint file-journal: a complete checkpoint survives outer-result loss and resumes without another fetch (3168.923917ms)
✔ read checkpoint file-journal: projection preserves original evidence and charges only the successor's raw response (4809.717166ms)
✔ read checkpoint file-journal: missing proof and altered payload are denied while ordinary failures remain valid (3921.988042ms)
✔ read checkpoint file-journal: an indexed forged merged page cannot replace its accepted raw response (3980.109ms)
✔ read checkpoint file-journal: an unchanged original body cannot authorize a changed request identity (3727.860959ms)
✔ read checkpoint file-journal: losing raw-response blocks result history and copied history (5526.804958ms)
✔ read checkpoint file-journal: losing source-artifact blocks result history and copied history (5121.241416ms)
✔ read checkpoint file-journal: severing the parent's exclusive successor claim rejects the child (4610.640541ms)
✔ read collection context: only visible current goal and scope tips survive; complete unadopted tips remain resumable (3.940417ms)
✔ read collection context: the common packet removes denied head metadata from both execution and resume projections (3.490667ms)
✔ read collection context sqlite: five compactions and reopen retain partial resume metadata without page bodies (858.309167ms)
✔ read collection context sqlite: five compactions and reopen retain complete orphan resume metadata without page bodies (733.870166ms)
✔ read collection context file-journal: five compactions and reopen retain partial resume metadata without page bodies (3315.727709ms)
✔ read collection context file-journal: five compactions and reopen retain complete orphan resume metadata without page bodies (2893.854209ms)
✔ read collection context sqlite: lost derived frame regenerates while lost original raw response blocks context and recovery (428.165292ms)
✔ read collection context file-journal: lost derived frame regenerates while lost original raw response blocks context and recovery (1593.727417ms)
✔ read collection context sqlite: source gate rejects omitted, altered, and canonically inconsistent resume metadata (251.045ms)
✔ read collection context file-journal: source gate rejects omitted, altered, and canonically inconsistent resume metadata (1080.7525ms)
✔ read collection context sqlite: resume metadata is mandatory input and cannot be evicted to satisfy a smaller byte budget (232.56025ms)
✔ read collection context file-journal: resume metadata is mandatory input and cannot be evicted to satisfy a smaller byte budget (1130.308459ms)
✔ read collection context sqlite: source lifecycle change during checkpoint read prevents staged frame publication (223.05875ms)
✔ read collection context file-journal: source lifecycle change during checkpoint read prevents staged frame publication (824.615958ms)
✔ read collection context sqlite: contract change during derived resume put is checked before return (332.265791ms)
✔ read collection context sqlite: original change during derived resume put is checked before return (372.788416ms)
✔ read collection context file-journal: contract change during derived resume put is checked before return (1010.815708ms)
✔ read collection context file-journal: original change during derived resume put is checked before return (934.152625ms)
✔ read collection context sqlite: completed adopted output retains original proof requirements after leaving the resume list (365.114875ms)
✔ read collection context file-journal: completed adopted output retains original proof requirements after leaving the resume list (1472.63125ms)
✔ read collection context sqlite: raw loss during frame staging suppresses completed adopted copies (263.114334ms)
✔ read collection context file-journal: raw loss during frame staging suppresses completed adopted copies (1117.903041ms)
✔ collection I/O sqlite documents-simple: 4 pages retain semantics across reads, copying and reopening (1484.370042ms)
ℹ {"adapter":"sqlite","family":"documents-simple","pages":4,"sourceCalls":4,"resultSignature":"ca3cbf4a810188e565397de9b01c666596d3bfd519841b869c91c2e4ca1eaa0c","stages":[{"name":"collect","get":114,"exists":202,"put":14,"returnedBodyBytes":171997,"stateReads":194,"receipts":30,"commits":14,"physicalBodyBytes":485558},{"name":"checkpointRead","get":13,"exists":12,"put":0,"returnedBodyBytes":18362,"stateReads":4,"receipts":1,"commits":0,"physicalBodyBytes":35757},{"name":"callsGet","get":41,"exists":96,"put":1,"returnedBodyBytes":84792,"stateReads":36,"receipts":10,"commits":5,"physicalBodyBytes":314778},{"name":"contextPrepare","get":70,"exists":50,"put":1,"returnedBodyBytes":188989,"stateReads":33,"receipts":7,"commits":0,"physicalBodyBytes":288275},{"name":"reopenAndPrepare","get":83,"exists":62,"put":1,"returnedBodyBytes":207351,"stateReads":37,"receipts":8,"commits":0,"physicalBodyBytes":324032}]}
✔ collection I/O sqlite documents-simple: 8 pages retain semantics across reads, copying and reopening (2158.769292ms)
ℹ {"adapter":"sqlite","family":"documents-simple","pages":8,"sourceCalls":8,"resultSignature":"c223661cc27ac8f18d90094013769634188fab210c6fa1531b423635c1ef5c84","stages":[{"name":"collect","get":318,"exists":590,"put":26,"returnedBodyBytes":470387,"stateReads":330,"receipts":46,"commits":22,"physicalBodyBytes":1357149},{"name":"checkpointRead","get":25,"exists":24,"put":0,"returnedBodyBytes":35235,"stateReads":4,"receipts":1,"commits":0,"physicalBodyBytes":69502},{"name":"callsGet","get":77,"exists":180,"put":1,"returnedBodyBytes":162709,"stateReads":36,"receipts":10,"commits":5,"physicalBodyBytes":606344},{"name":"contextPrepare","get":130,"exists":98,"put":1,"returnedBodyBytes":354351,"stateReads":33,"receipts":7,"commits":0,"physicalBodyBytes":548423},{"name":"reopenAndPrepare","get":155,"exists":122,"put":1,"returnedBodyBytes":389586,"stateReads":37,"receipts":8,"commits":0,"physicalBodyBytes":617925}]}
✔ collection I/O sqlite documents-simple: 16 pages retain semantics across reads, copying and reopening (4162.967416ms)
ℹ {"adapter":"sqlite","family":"documents-simple","pages":16,"sourceCalls":16,"resultSignature":"ab9d2af3b8ec8ae6983b1b42f01fae55eaa9771ae3f0271537f2a91d7e4ef676","stages":[{"name":"collect","get":1014,"exists":1942,"put":50,"returnedBodyBytes":1473478,"stateReads":602,"receipts":78,"commits":38,"physicalBodyBytes":4319151},{"name":"checkpointRead","get":49,"exists":48,"put":0,"returnedBodyBytes":69080,"stateReads":4,"receipts":1,"commits":0,"physicalBodyBytes":137191},{"name":"callsGet","get":149,"exists":348,"put":1,"returnedBodyBytes":318994,"stateReads":36,"receipts":10,"commits":5,"physicalBodyBytes":1191167},{"name":"contextPrepare","get":250,"exists":194,"put":1,"returnedBodyBytes":686038,"stateReads":33,"receipts":7,"commits":0,"physicalBodyBytes":1070236},{"name":"reopenAndPrepare","get":299,"exists":242,"put":1,"returnedBodyBytes":755118,"stateReads":37,"receipts":8,"commits":0,"physicalBodyBytes":1207427}]}
✔ collection I/O sqlite observations-simple: 4 pages retain semantics across reads, copying and reopening (1278.896333ms)
ℹ {"adapter":"sqlite","family":"observations-simple","pages":4,"sourceCalls":4,"resultSignature":"a6a1b857443999b7a5f4b1945b1768f00b1f58af8a2d1b7fce08ea4816c57ae5","stages":[{"name":"collect","get":114,"exists":202,"put":14,"returnedBodyBytes":172551,"stateReads":194,"receipts":30,"commits":14,"physicalBodyBytes":487152},{"name":"checkpointRead","get":13,"exists":12,"put":0,"returnedBodyBytes":18412,"stateReads":4,"receipts":1,"commits":0,"physicalBodyBytes":35857},{"name":"callsGet","get":41,"exists":96,"put":1,"returnedBodyBytes":85070,"stateReads":36,"receipts":10,"commits":5,"physicalBodyBytes":315854},{"name":"contextPrepare","get":70,"exists":50,"put":1,"returnedBodyBytes":189654,"stateReads":33,"receipts":7,"commits":0,"physicalBodyBytes":289268},{"name":"reopenAndPrepare","get":83,"exists":62,"put":1,"returnedBodyBytes":208066,"stateReads":37,"receipts":8,"commits":0,"physicalBodyBytes":325125}]}
✔ collection I/O sqlite observations-simple: 8 pages retain semantics across reads, copying and reopening (2096.650667ms)
ℹ {"adapter":"sqlite","family":"observations-simple","pages":8,"sourceCalls":8,"resultSignature":"3e066d9f43cd916245766040a04be753e4d813303fafe0d6c5edfead4c0113c9","stages":[{"name":"collect","get":318,"exists":590,"put":26,"returnedBodyBytes":471661,"stateReads":330,"receipts":46,"commits":22,"physicalBodyBytes":1360871},{"name":"checkpointRead","get":25,"exists":24,"put":0,"returnedBodyBytes":35317,"stateReads":4,"receipts":1,"commits":0,"physicalBodyBytes":69666},{"name":"callsGet","get":77,"exists":180,"put":1,"returnedBodyBytes":163211,"stateReads":36,"receipts":10,"commits":5,"physicalBodyBytes":608316},{"name":"contextPrepare","get":130,"exists":98,"put":1,"returnedBodyBytes":355572,"stateReads":33,"receipts":7,"commits":0,"physicalBodyBytes":550228},{"name":"reopenAndPrepare","get":155,"exists":122,"put":1,"returnedBodyBytes":390889,"stateReads":37,"receipts":8,"commits":0,"physicalBodyBytes":619894}]}
✔ collection I/O sqlite observations-simple: 16 pages retain semantics across reads, copying and reopening (3821.864375ms)
ℹ {"adapter":"sqlite","family":"observations-simple","pages":16,"sourceCalls":16,"resultSignature":"efdaf769faccd802339a9b0a1fb7bb1c170d5d2cfcd84df6499f8eceb676f508","stages":[{"name":"collect","get":1014,"exists":1942,"put":50,"returnedBodyBytes":1476960,"stateReads":602,"receipts":78,"commits":38,"physicalBodyBytes":4329433},{"name":"checkpointRead","get":49,"exists":48,"put":0,"returnedBodyBytes":69226,"stateReads":4,"receipts":1,"commits":0,"physicalBodyBytes":137483},{"name":"callsGet","get":149,"exists":348,"put":1,"returnedBodyBytes":319944,"stateReads":36,"receipts":10,"commits":5,"physicalBodyBytes":1194931},{"name":"contextPrepare","get":250,"exists":194,"put":1,"returnedBodyBytes":688371,"stateReads":33,"receipts":7,"commits":0,"physicalBodyBytes":1073665},{"name":"reopenAndPrepare","get":299,"exists":242,"put":1,"returnedBodyBytes":757597,"stateReads":37,"receipts":8,"commits":0,"physicalBodyBytes":1211148}]}
✔ collection I/O file-journal documents-simple: 4 pages retain semantics across reads, copying and reopening (5536.049917ms)
ℹ {"adapter":"file-journal","family":"documents-simple","pages":4,"sourceCalls":4,"resultSignature":"ca3cbf4a810188e565397de9b01c666596d3bfd519841b869c91c2e4ca1eaa0c","stages":[{"name":"collect","get":114,"exists":202,"put":14,"returnedBodyBytes":171997,"stateReads":194,"receipts":30,"commits":14,"physicalBodyBytes":485558},{"name":"checkpointRead","get":13,"exists":12,"put":0,"returnedBodyBytes":18362,"stateReads":4,"receipts":1,"commits":0,"physicalBodyBytes":35757},{"name":"callsGet","get":41,"exists":96,"put":1,"returnedBodyBytes":84792,"stateReads":36,"receipts":10,"commits":5,"physicalBodyBytes":314778},{"name":"contextPrepare","get":70,"exists":50,"put":1,"returnedBodyBytes":188989,"stateReads":33,"receipts":7,"commits":0,"physicalBodyBytes":288275},{"name":"reopenAndPrepare","get":83,"exists":62,"put":1,"returnedBodyBytes":207351,"stateReads":37,"receipts":8,"commits":0,"physicalBodyBytes":324032}]}
✔ collection I/O file-journal documents-simple: 8 pages retain semantics across reads, copying and reopening (9633.8375ms)
ℹ {"adapter":"file-journal","family":"documents-simple","pages":8,"sourceCalls":8,"resultSignature":"c223661cc27ac8f18d90094013769634188fab210c6fa1531b423635c1ef5c84","stages":[{"name":"collect","get":318,"exists":590,"put":26,"returnedBodyBytes":470387,"stateReads":330,"receipts":46,"commits":22,"physicalBodyBytes":1357149},{"name":"checkpointRead","get":25,"exists":24,"put":0,"returnedBodyBytes":35235,"stateReads":4,"receipts":1,"commits":0,"physicalBodyBytes":69502},{"name":"callsGet","get":77,"exists":180,"put":1,"returnedBodyBytes":162709,"stateReads":36,"receipts":10,"commits":5,"physicalBodyBytes":606344},{"name":"contextPrepare","get":130,"exists":98,"put":1,"returnedBodyBytes":354351,"stateReads":33,"receipts":7,"commits":0,"physicalBodyBytes":548423},{"name":"reopenAndPrepare","get":155,"exists":122,"put":1,"returnedBodyBytes":389586,"stateReads":37,"receipts":8,"commits":0,"physicalBodyBytes":617925}]}
✔ collection I/O file-journal documents-simple: 16 pages retain semantics across reads, copying and reopening (14084.336ms)
ℹ {"adapter":"file-journal","family":"documents-simple","pages":16,"sourceCalls":16,"resultSignature":"ab9d2af3b8ec8ae6983b1b42f01fae55eaa9771ae3f0271537f2a91d7e4ef676","stages":[{"name":"collect","get":1014,"exists":1942,"put":50,"returnedBodyBytes":1473478,"stateReads":602,"receipts":78,"commits":38,"physicalBodyBytes":4319151},{"name":"checkpointRead","get":49,"exists":48,"put":0,"returnedBodyBytes":69080,"stateReads":4,"receipts":1,"commits":0,"physicalBodyBytes":137191},{"name":"callsGet","get":149,"exists":348,"put":1,"returnedBodyBytes":318994,"stateReads":36,"receipts":10,"commits":5,"physicalBodyBytes":1191167},{"name":"contextPrepare","get":250,"exists":194,"put":1,"returnedBodyBytes":686038,"stateReads":33,"receipts":7,"commits":0,"physicalBodyBytes":1070236},{"name":"reopenAndPrepare","get":299,"exists":242,"put":1,"returnedBodyBytes":755118,"stateReads":37,"receipts":8,"commits":0,"physicalBodyBytes":1207427}]}
✔ collection I/O file-journal observations-simple: 4 pages retain semantics across reads, copying and reopening (1849.681542ms)
ℹ {"adapter":"file-journal","family":"observations-simple","pages":4,"sourceCalls":4,"resultSignature":"a6a1b857443999b7a5f4b1945b1768f00b1f58af8a2d1b7fce08ea4816c57ae5","stages":[{"name":"collect","get":114,"exists":202,"put":14,"returnedBodyBytes":172551,"stateReads":194,"receipts":30,"commits":14,"physicalBodyBytes":487152},{"name":"checkpointRead","get":13,"exists":12,"put":0,"returnedBodyBytes":18412,"stateReads":4,"receipts":1,"commits":0,"physicalBodyBytes":35857},{"name":"callsGet","get":41,"exists":96,"put":1,"returnedBodyBytes":85070,"stateReads":36,"receipts":10,"commits":5,"physicalBodyBytes":315854},{"name":"contextPrepare","get":70,"exists":50,"put":1,"returnedBodyBytes":189654,"stateReads":33,"receipts":7,"commits":0,"physicalBodyBytes":289268},{"name":"reopenAndPrepare","get":83,"exists":62,"put":1,"returnedBodyBytes":208066,"stateReads":37,"receipts":8,"commits":0,"physicalBodyBytes":325125}]}
✔ collection I/O file-journal observations-simple: 8 pages retain semantics across reads, copying and reopening (2434.076792ms)
ℹ {"adapter":"file-journal","family":"observations-simple","pages":8,"sourceCalls":8,"resultSignature":"3e066d9f43cd916245766040a04be753e4d813303fafe0d6c5edfead4c0113c9","stages":[{"name":"collect","get":318,"exists":590,"put":26,"returnedBodyBytes":471661,"stateReads":330,"receipts":46,"commits":22,"physicalBodyBytes":1360871},{"name":"checkpointRead","get":25,"exists":24,"put":0,"returnedBodyBytes":35317,"stateReads":4,"receipts":1,"commits":0,"physicalBodyBytes":69666},{"name":"callsGet","get":77,"exists":180,"put":1,"returnedBodyBytes":163211,"stateReads":36,"receipts":10,"commits":5,"physicalBodyBytes":608316},{"name":"contextPrepare","get":130,"exists":98,"put":1,"returnedBodyBytes":355572,"stateReads":33,"receipts":7,"commits":0,"physicalBodyBytes":550228},{"name":"reopenAndPrepare","get":155,"exists":122,"put":1,"returnedBodyBytes":390889,"stateReads":37,"receipts":8,"commits":0,"physicalBodyBytes":619894}]}
✔ collection I/O file-journal observations-simple: 16 pages retain semantics across reads, copying and reopening (5074.215375ms)
ℹ {"adapter":"file-journal","family":"observations-simple","pages":16,"sourceCalls":16,"resultSignature":"efdaf769faccd802339a9b0a1fb7bb1c170d5d2cfcd84df6499f8eceb676f508","stages":[{"name":"collect","get":1014,"exists":1942,"put":50,"returnedBodyBytes":1476960,"stateReads":602,"receipts":78,"commits":38,"physicalBodyBytes":4329433},{"name":"checkpointRead","get":49,"exists":48,"put":0,"returnedBodyBytes":69226,"stateReads":4,"receipts":1,"commits":0,"physicalBodyBytes":137483},{"name":"callsGet","get":149,"exists":348,"put":1,"returnedBodyBytes":319944,"stateReads":36,"receipts":10,"commits":5,"physicalBodyBytes":1194931},{"name":"contextPrepare","get":250,"exists":194,"put":1,"returnedBodyBytes":688371,"stateReads":33,"receipts":7,"commits":0,"physicalBodyBytes":1073665},{"name":"reopenAndPrepare","get":299,"exists":242,"put":1,"returnedBodyBytes":757597,"stateReads":37,"receipts":8,"commits":0,"physicalBodyBytes":1211148}]}
✔ read collection: bounded batch keeps original observations and input objects independent (6.142125ms)
✔ read collection: explicit retries request every unfinished key and advance only when the original page is complete (2.665667ms)
✔ read collection: extra cannot satisfy a trusted batch manifest (0.346708ms)
✔ read collection: missing cannot satisfy a trusted batch manifest (0.119333ms)
✔ read collection: wrong-digest cannot satisfy a trusted batch manifest (0.1215ms)
✔ read collection: duplicate-expected cannot satisfy a trusted batch manifest (0.10525ms)
✔ read collection: duplicate-item cannot satisfy a trusted batch manifest (0.095042ms)
✔ read collection: retry rejects successful-item instead of overwriting successful observations (0.375291ms)
✔ read collection: retry rejects missing-unfinished instead of overwriting successful observations (0.309417ms)
✔ read collection: retry rejects changed-digest instead of overwriting successful observations (0.505625ms)
✔ read collection: pending retry binds snapshot to its original source page (0.381ms)
✔ read collection: pending retry binds cursor to its original source page (0.455125ms)
✔ read collection: pending retry binds nextCursor to its original source page (0.265542ms)
✔ read collection: pending retry binds totalItems to its original source page (0.213583ms)
✔ read collection: pending retry binds exhausted to its original source page (0.245417ms)
✔ read collection: pending retry binds requestId to its original source page (0.22425ms)
✔ read collection: an explicit retry cannot omit a key in the request or reuse the last request identity (0.325542ms)
✔ read collection: accepted request history survives replaced pending IDs and is checked on restore (1.066292ms)
✔ read collection: a nonretryable error preserves the pending observations but forbids resume (0.175458ms)
✔ read collection: retries consume the operation call limit without advancing page count (0.572625ms)
✔ read collection: declared totals count unique logical items and may become known on the final page (0.22725ms)
✔ read collection: a known total stays binding when a later response omits it (0.231291ms)
✔ read collection: repeated IDs cannot create another item even with a different digest (0.123333ms)
✔ read collection: cursor loops and snapshot changes are rejected across finalized pages (0.292334ms)
✔ read collection: empty pages may progress with new cursors and a complete empty collection is valid (0.138333ms)
✔ read collection: page, item and batch bounds stop further requests without truncation (0.193083ms)
✔ read collection: response and checkpoint limits use exact UTF-8 byte lengths (0.364875ms)
✔ read collection: each raw retry is byte-bounded while the merged logical page uses the checkpoint bound (0.350375ms)
✔ read collection: restored projection corruption is rejected before producing a request (0.1855ms)
✔ read collection: restored cursor-chain corruption is rejected before producing a request (0.127542ms)
✔ read collection: restored calls corruption is rejected before producing a request (0.117916ms)
✔ read collection: restored completed-pending corruption is rejected before producing a request (0.27775ms)
✔ read collection: restored manifest corruption is rejected before producing a request (0.202333ms)
✔ read collection: strict schemas reject false completion, fabricated not-run output and invalid budgets (0.562583ms)
✔ read collection: usage overflow and dependency overflow fail without dropping earlier accounting or custody (1.128167ms)
✔ durable collections sqlite: a process crash after intent becomes an unknown call on explicit resume (730.231417ms)
✔ durable collections sqlite: a batch retries only unfinished manifest items after reopening (866.486792ms)
✔ durable collections sqlite: source failures consume the persisted call budget across explicit retries (950.874292ms)
✔ durable collections sqlite: a source that answers after cancellation cannot commit its late page (270.544459ms)
✔ durable collections sqlite: policy revocation while the source waits suppresses the response (269.284875ms)
✔ durable collections file-journal: a process crash after intent becomes an unknown call on explicit resume (3666.045834ms)
✔ durable collections file-journal: a batch retries only unfinished manifest items after reopening (3944.927ms)
✔ durable collections file-journal: source failures consume the persisted call budget across explicit retries (5123.873042ms)
✔ durable collections file-journal: a source that answers after cancellation cannot commit its late page (1028.974583ms)
✔ durable collections file-journal: policy revocation while the source waits suppresses the response (957.786083ms)
✔ durable collections: query cannot resume a checkpoint under a changed contract (477.693959ms)
✔ durable collections: fresh cannot resume a checkpoint under a changed contract (346.303167ms)
✔ durable collections: same-task-id cannot resume a checkpoint under a changed contract (370.05175ms)
✔ durable collections: policy cannot resume a checkpoint under a changed contract (554.883958ms)
✔ durable collections: goal cannot resume a checkpoint under a changed contract (533.777125ms)
✔ durable collections: generation cannot resume a checkpoint under a changed contract (511.908792ms)
✔ durable collections sqlite documents-simple: complete pages advance automatically and survive reopening (670.976833ms)
✔ durable collections sqlite documents-simple: partial stops until a new task explicitly resumes after reopening (1069.740667ms)
✔ durable collections sqlite observations-simple: complete pages advance automatically and survive reopening (674.033709ms)
✔ durable collections sqlite observations-simple: partial stops until a new task explicitly resumes after reopening (1071.020291ms)
✔ durable collections file-journal documents-simple: complete pages advance automatically and survive reopening (3153.916209ms)
✔ durable collections file-journal documents-simple: partial stops until a new task explicitly resumes after reopening (5963.187959ms)
✔ durable collections file-journal observations-simple: complete pages advance automatically and survive reopening (3355.664458ms)
✔ durable collections file-journal observations-simple: partial stops until a new task explicitly resumes after reopening (3004.016959ms)
✔ state-based packet retains counterevidence, obligations and original references without raw history or a state mutation (31.262416ms)
✔ old and forged packets cannot reverse a goal change, cancellation or budget (13.111042ms)
✔ separate SQLite/artifact instances reconstruct packets and regenerate missing or corrupt derived blobs (241.558792ms)
✔ missing original is reported by id and cannot be hidden by a valid prior packet (4.432083ms)
✔ reconstruction rechecks a goal change committed while the packet is being saved (5.676458ms)
✔ snapshot retries mixed state/event/outbox revisions and rejects broken event history (4.23825ms)
✔ untrusted packet dimensions, tool revision changes and a foreign work packet never authorize reuse (9.225167ms)
✔ resume requires the work owner and full runtime view; revoked history is never relabelled (4.651834ms)
✔ packet size limit refuses the whole projection without dropping obligations or writing a partial packet (4.91025ms)
✔ model context restores task attempts and budget but excludes model ledger and delivery bodies (7.078625ms)
✔ model context cannot relabel a revoked attempt result reference under the current policy (10.342334ms)
✔ model context refuses assessment references whose evidence metadata is no longer permitted (4.853083ms)
✔ sqlite: text originals use one verified body read and no cross-call availability cache (262.111292ms)
ℹ {"adapter":"sqlite","operation":"original","name":"original","elapsedMs":0.6467499999999973,"artifactApi":{"get":{"calls":1,"requestedBodyBytes":1733,"returnedBodyBytes":1733,"failures":0},"exists":{"calls":0,"referencedBodyBytes":0,"available":0,"unavailable":0},"put":{"calls":0,"inputBodyBytes":0,"returnedReferenceBodyBytes":0,"failures":0}},"stateApi":{"get":3,"receipt":0,"commit":0,"events":0,"deliveries":0,"workIdsForConversation":0,"runnable":0,"close":0},"physical":{"getCalls":1,"existsCalls":0,"putCalls":0,"metadataReadOperations":1,"metadataReadBytes":237,"bodyReadOperations":1,"bodyReadBytes":1733,"hashCalls":1,"hashBytes":1733,"fileWrites":0,"metadataWriteBytes":0,"bodyWriteBytes":0,"readFailures":0,"verificationFailures":0,"deniedReads":0,"writeFailures":0}}
✔ sqlite: one result materialization deduplicates repeated originals and preserves a final real verification (174.6065ms)
ℹ {"adapter":"sqlite","operation":"result","name":"result","elapsedMs":2.119583999999975,"artifactApi":{"get":{"calls":2,"requestedBodyBytes":6315,"returnedBodyBytes":6315,"failures":0},"exists":{"calls":1,"referencedBodyBytes":1733,"available":1,"unavailable":0},"put":{"calls":0,"inputBodyBytes":0,"returnedReferenceBodyBytes":0,"failures":0}},"stateApi":{"get":6,"receipt":1,"commit":0,"events":0,"deliveries":0,"workIdsForConversation":0,"runnable":0,"close":0},"physical":{"getCalls":2,"existsCalls":1,"putCalls":0,"metadataReadOperations":3,"metadataReadBytes":717,"bodyReadOperations":3,"bodyReadBytes":8048,"hashCalls":3,"hashBytes":8048,"fileWrites":0,"metadataWriteBytes":0,"bodyWriteBytes":0,"readFailures":0,"verificationFailures":0,"deniedReads":0,"writeFailures":0}}
✔ sqlite: a two-copy chain decodes and reads each dispatch once per materialization (368.818958ms)
ℹ {"adapter":"sqlite","operation":"copy-chain","name":"copy-chain","elapsedMs":2.4787079999999833,"artifactApi":{"get":{"calls":4,"requestedBodyBytes":16962,"returnedBodyBytes":16962,"failures":0},"exists":{"calls":1,"referencedBodyBytes":1733,"available":1,"unavailable":0},"put":{"calls":0,"inputBodyBytes":0,"returnedReferenceBodyBytes":0,"failures":0}},"stateApi":{"get":6,"receipt":3,"commit":0,"events":0,"deliveries":0,"workIdsForConversation":0,"runnable":0,"close":0},"physical":{"getCalls":4,"existsCalls":1,"putCalls":0,"metadataReadOperations":5,"metadataReadBytes":1203,"bodyReadOperations":5,"bodyReadBytes":18695,"hashCalls":5,"hashBytes":18695,"fileWrites":0,"metadataWriteBytes":0,"bodyWriteBytes":0,"readFailures":0,"verificationFailures":0,"deniedReads":0,"writeFailures":0}}
✔ sqlite: context uses verified copy materialization without rereading its dispatch pair (455.734666ms)
ℹ {"adapter":"sqlite","operation":"context","name":"context","elapsedMs":60.397915999999896,"artifactApi":{"get":{"calls":9,"requestedBodyBytes":70896,"returnedBodyBytes":70896,"failures":0},"exists":{"calls":6,"referencedBodyBytes":20428,"available":6,"unavailable":0},"put":{"calls":1,"inputBodyBytes":37961,"returnedReferenceBodyBytes":37961,"failures":0}},"stateApi":{"get":24,"receipt":6,"commit":0,"events":1,"deliveries":0,"workIdsForConversation":0,"runnable":0,"close":0},"physical":{"getCalls":9,"existsCalls":7,"putCalls":1,"metadataReadOperations":15,"metadataReadBytes":3616,"bodyReadOperations":15,"bodyReadBytes":91324,"hashCalls":17,"hashBytes":129436,"fileWrites":2,"metadataWriteBytes":244,"bodyWriteBytes":37961,"readFailures":1,"verificationFailures":1,"deniedReads":0,"writeFailures":0}}
✔ sqlite: adapter argument mutation and returned metadata cannot change private reference snapshots (373.204958ms)
✔ sqlite: cached original is rejected if deleted during a later state read (240.17225ms)
✔ sqlite: cached original is rejected if corrupted during a later state read (279.846208ms)
✔ sqlite: context rechecks metadata-reused originals after its staging await (377.958458ms)
✔ sqlite: context rechecks ordinary cached originals after staging without a calls.get copy (270.464416ms)
✔ sqlite: final cached-source check retains contract authority handling (226.360083ms)
✔ sqlite: final cached-source check retains policy authority handling (252.696709ms)
✔ sqlite: final cached-source check retains unrelated authority handling (227.1875ms)
✔ file-journal: text originals use one verified body read and no cross-call availability cache (888.43875ms)
ℹ {"adapter":"file-journal","operation":"original","name":"original","elapsedMs":44.00500000000011,"artifactApi":{"get":{"calls":1,"requestedBodyBytes":1733,"returnedBodyBytes":1733,"failures":0},"exists":{"calls":0,"referencedBodyBytes":0,"available":0,"unavailable":0},"put":{"calls":0,"inputBodyBytes":0,"returnedReferenceBodyBytes":0,"failures":0}},"stateApi":{"get":3,"receipt":0,"commit":0,"events":0,"deliveries":0,"workIdsForConversation":0,"runnable":0,"close":0},"physical":{"getCalls":1,"existsCalls":0,"putCalls":0,"metadataReadOperations":1,"metadataReadBytes":237,"bodyReadOperations":1,"bodyReadBytes":1733,"hashCalls":1,"hashBytes":1733,"fileWrites":0,"metadataWriteBytes":0,"bodyWriteBytes":0,"readFailures":0,"verificationFailures":0,"deniedReads":0,"writeFailures":0}}
✔ file-journal: one result materialization deduplicates repeated originals and preserves a final real verification (769.151833ms)
ℹ {"adapter":"file-journal","operation":"result","name":"result","elapsedMs":68.40024999999969,"artifactApi":{"get":{"calls":2,"requestedBodyBytes":6315,"returnedBodyBytes":6315,"failures":0},"exists":{"calls":1,"referencedBodyBytes":1733,"available":1,"unavailable":0},"put":{"calls":0,"inputBodyBytes":0,"returnedReferenceBodyBytes":0,"failures":0}},"stateApi":{"get":6,"receipt":1,"commit":0,"events":0,"deliveries":0,"workIdsForConversation":0,"runnable":0,"close":0},"physical":{"getCalls":2,"existsCalls":1,"putCalls":0,"metadataReadOperations":3,"metadataReadBytes":717,"bodyReadOperations":3,"bodyReadBytes":8048,"hashCalls":3,"hashBytes":8048,"fileWrites":0,"metadataWriteBytes":0,"bodyWriteBytes":0,"readFailures":0,"verificationFailures":0,"deniedReads":0,"writeFailures":0}}
✔ file-journal: a two-copy chain decodes and reads each dispatch once per materialization (2111.097917ms)
ℹ {"adapter":"file-journal","operation":"copy-chain","name":"copy-chain","elapsedMs":84.13799999999992,"artifactApi":{"get":{"calls":4,"requestedBodyBytes":16962,"returnedBodyBytes":16962,"failures":0},"exists":{"calls":1,"referencedBodyBytes":1733,"available":1,"unavailable":0},"put":{"calls":0,"inputBodyBytes":0,"returnedReferenceBodyBytes":0,"failures":0}},"stateApi":{"get":6,"receipt":3,"commit":0,"events":0,"deliveries":0,"workIdsForConversation":0,"runnable":0,"close":0},"physical":{"getCalls":4,"existsCalls":1,"putCalls":0,"metadataReadOperations":5,"metadataReadBytes":1203,"bodyReadOperations":5,"bodyReadBytes":18695,"hashCalls":5,"hashBytes":18695,"fileWrites":0,"metadataWriteBytes":0,"bodyWriteBytes":0,"readFailures":0,"verificationFailures":0,"deniedReads":0,"writeFailures":0}}
✔ file-journal: context uses verified copy materialization without rereading its dispatch pair (2116.8525ms)
ℹ {"adapter":"file-journal","operation":"context","name":"context","elapsedMs":365.0716250000005,"artifactApi":{"get":{"calls":9,"requestedBodyBytes":70896,"returnedBodyBytes":70896,"failures":0},"exists":{"calls":6,"referencedBodyBytes":20428,"available":6,"unavailable":0},"put":{"calls":1,"inputBodyBytes":37961,"returnedReferenceBodyBytes":37961,"failures":0}},"stateApi":{"get":24,"receipt":6,"commit":0,"events":1,"deliveries":0,"workIdsForConversation":0,"runnable":0,"close":0},"physical":{"getCalls":9,"existsCalls":7,"putCalls":1,"metadataReadOperations":15,"metadataReadBytes":3616,"bodyReadOperations":15,"bodyReadBytes":91324,"hashCalls":17,"hashBytes":129436,"fileWrites":2,"metadataWriteBytes":244,"bodyWriteBytes":37961,"readFailures":1,"verificationFailures":1,"deniedReads":0,"writeFailures":0}}
✔ file-journal: adapter argument mutation and returned metadata cannot change private reference snapshots (1822.609917ms)
✔ file-journal: cached original is rejected if deleted during a later state read (883.14125ms)
✔ file-journal: cached original is rejected if corrupted during a later state read (670.827459ms)
✔ file-journal: context rechecks metadata-reused originals after its staging await (1221.159ms)
✔ file-journal: context rechecks ordinary cached originals after staging without a calls.get copy (840.725625ms)
✔ file-journal: final cached-source check retains contract authority handling (826.21225ms)
✔ file-journal: final cached-source check retains policy authority handling (937.929667ms)
✔ file-journal: final cached-source check retains unrelated authority handling (964.606875ms)
✔ resource progress: legacy and paged catalog cards share a stable preparation key independent of query and cursor metadata (5.985541ms)
✔ resource progress: exact schema loading earns a distinct credit and also records discovery so reverse-order searches add none (1.669208ms)
✔ resource progress: forged, mismatched or denied tool metadata and too-large responses do not earn preparation credit (0.775875ms)
✔ resource progress: guidance listing metadata does not reset progress and exact body loading subsumes the card (1.180166ms)
✔ resource progress: guidance body credit requires permitted manifest, matching indexed original and canonical selection identity (1.75ms)
✔ resource progress: empty results, history/evidence reads and arbitrary new artifacts cannot fabricate preparation (0.218584ms)
✔ resource progress: replayed, reused and unadopted resource results cannot earn a new preparation key (0.229333ms)
✔ resource progress sqlite/documents-simple: default no-progress policy allows discovery, schemas and guidance before the real source (553.100625ms)
✔ resource progress sqlite/observations-simple: default no-progress policy allows discovery, schemas and guidance before the real source (533.406ms)
✔ resource progress sqlite: repeated identical catalog preparation stops after the first credit and three empty steps (407.196083ms)
✔ resource progress sqlite: repeated identical guidance preparation stops after the first credit and three empty steps (539.859125ms)
✔ resource progress sqlite: empty searches with different query and task IDs stop at the default limit (326.712208ms)
✔ resource progress file-journal/documents-simple: default no-progress policy allows discovery, schemas and guidance before the real source (2359.240375ms)
✔ resource progress file-journal/observations-simple: default no-progress policy allows discovery, schemas and guidance before the real source (3101.079625ms)
✔ resource progress file-journal: repeated identical catalog preparation stops after the first credit and three empty steps (2804.472ms)
✔ resource progress file-journal: repeated identical guidance preparation stops after the first credit and three empty steps (2497.378625ms)
✔ resource progress file-journal: empty searches with different query and task IDs stop at the default limit (1581.244208ms)
✔ catalog filters before ranking, bounds cards, separates providers and loads only an exact schema (23.857417ms)
✔ registration snapshots reject namespace/duplicates and cannot be mutated through adapters or catalog results (7.704042ms)
✔ documents-simple: discovery and selected guidance share the execution ledger without adding evidence or permissions (39.746458ms)
✔ observations-simple: discovery and selected guidance share the execution ledger without adding evidence or permissions (29.306125ms)
✔ simple direct lookup does not load optional guidance or run a hypothesis review (8.846292ms)
✔ method selection follows contradiction, independence and response needs without model calls (8.360375ms)
✔ guidance metadata/limits do not read bodies and wrong version, tenant or applicability are rejected (7.016458ms)
✔ evidence readers distinguish protected/missing, superseded and retracted records; limits preserve provenance (7.382458ms)
✔ call result lookup stays historical after retraction and does not restore it to current evidence (10.278416ms)
✔ broker rejects calls without a committed dispatch or with another owner before reaching a tool (6.545292ms)
✔ in-flight output is not downgraded to a less restricted artifact when labels are revoked (8.987208ms)
✔ revocation after result storage settles without reading protected bytes or repeatedly getting stuck (6.815125ms)
✔ stored guidance and invocation results can be read after SQLite/artifact/source restart without source execution (391.677792ms)
✔ guidance source rejects altered content, path escape and symlink replacement (76.292292ms)
✔ model-facing evidence and call readers use the common budget without reexecuting a source or completing a changed goal (18.595209ms)
✔ sqlite: one commit and reopen retain state, all ordered events, deliveries and historical receipts (114.962792ms)
✔ sqlite: duplicate and idempotency conflict precede revision conflict and preserve the first receipt (119.353417ms)
✔ sqlite: malformed commits leave all four collections unchanged, even on duplicate commands (85.877625ms)
✔ sqlite: caller mutations and mutable returned snapshots cannot rewrite persisted history (134.657583ms)
✔ sqlite: work, tenant, principal, channel and conversation identifiers remain separate (137.402583ms)
✔ sqlite: event cursors are exclusive and sequence numbers are local to each work (115.799458ms)
✔ sqlite: runnable respects exact deadline, obligation, tool and model recovery boundaries after reopen (359.785333ms)
✔ sqlite: two separate processes race on revision with exactly one atomic winning commit (171.955625ms)
✔ sqlite: two separate processes race on same-command with exactly one atomic winning commit (200.181792ms)
✔ sqlite: two separate processes race on different-digest with exactly one atomic winning commit (197.054125ms)
✔ sqlite: acknowledged commit survives SIGKILL without close and reopening replays its receipt without duplicate records (300.379958ms)
✔ file-journal: one commit and reopen retain state, all ordered events, deliveries and historical receipts (315.255625ms)
✔ file-journal: duplicate and idempotency conflict precede revision conflict and preserve the first receipt (307.749417ms)
✔ file-journal: malformed commits leave all four collections unchanged, even on duplicate commands (775.997542ms)
✔ file-journal: caller mutations and mutable returned snapshots cannot rewrite persisted history (282.026208ms)
✔ file-journal: work, tenant, principal, channel and conversation identifiers remain separate (970.576916ms)
✔ file-journal: event cursors are exclusive and sequence numbers are local to each work (197.057ms)
✔ file-journal: runnable respects exact deadline, obligation, tool and model recovery boundaries after reopen (2324.99775ms)
✔ file-journal: two separate processes race on revision with exactly one atomic winning commit (182.951125ms)
✔ file-journal: two separate processes race on same-command with exactly one atomic winning commit (226.0645ms)
✔ file-journal: two separate processes race on different-digest with exactly one atomic winning commit (256.639292ms)
✔ file-journal: acknowledged commit survives SIGKILL without close and reopening replays its receipt without duplicate records (591.345583ms)
✔ sqlite: profile closes the opened state repository when channel initialization fails (119.4995ms)
✔ file-journal: profile closes the opened state repository when channel initialization fails (68.372125ms)
✔ sqlite/documents-simple: CLI persists backend choice across processes and prevents an accidental switch (1318.316125ms)
✔ sqlite/observations-simple: CLI persists backend choice across processes and prevents an accidental switch (1348.7565ms)
✔ file-journal/documents-simple: CLI persists backend choice across processes and prevents an accidental switch (3689.553292ms)
✔ file-journal/observations-simple: CLI persists backend choice across processes and prevents an accidental switch (4373.247875ms)
✔ legacy SQLite profile acquires metadata without losing its work or accepting a backend switch (562.845625ms)
✔ two processes choosing different backends create only one accepted profile (442.821584ms)
✔ invalid or linked profile metadata is rejected without opening a new backend (37.917209ms)
✔ one atomic commit stores state, events, outbox and idempotency receipt (70.841792ms)
✔ injected failure between state and event writes rolls back every record (96.353125ms)
✔ waiting state and wake obligation survive process termination after commit (276.059375ms)
✔ two independent processes cannot commit from the same stale revision (194.033167ms)
✔ structured planner accepts one strict JSON proposal and forwards identity, options and source-boundary instructions once (3.058667ms)
✔ configuration and request snapshots cannot be rewritten by caller or transport mutation (0.598125ms)
✔ input estimation includes the exact transport request and schema without invoking the transport or claiming measured usage (0.654708ms)
✔ input estimation uses the same policy and size gates as transport requests (0.607834ms)
✔ finish reasons remain distinct and never expose provider failure content or run hidden retries (0.753167ms)
✔ invalid JSON, schema, response fields and missing proposal fail without repair calls (1.408041ms)
✔ usage omission is unknown rather than zero; only independently valid safe integer fields survive invalid envelopes (1.194042ms)
✔ provider and model identity mismatch cannot masquerade as the configured adapter (0.405542ms)
✔ missing options, denied destinations and unauthorized tool schemas never reach the transport (0.458625ms)
✔ request and response limits use UTF-8 bytes and preserve valid usage on oversized responses (0.502833ms)
✔ transport exceptions become fixed errors with unknown usage and no implicit retry (0.16975ms)
✔ pre-call cancellation has no transport effect; late cancellation preserves returned usage without accepting a proposal (0.182041ms)
✔ abort-related transport rejection is cancellation with unmeasured usage (0.126959ms)
✔ invalid configurations fail with a fixed message before transport registration (0.134667ms)
✔ structured transport rejects incomplete observation pairs and reference bodies before invocation (1.115834ms)
✔ sqlite: broker rechecks source knowledge after a real reuse lookup misses (165.57675ms)
✔ sqlite: legacy attempt rejects a destination replacement during beforeInvoke (110.552083ms)
✔ sqlite: legacy attempt rejects a labels replacement during beforeInvoke (125.132791ms)
✔ sqlite: legacy attempt rejects a effect replacement during beforeInvoke (139.10825ms)
✔ sqlite: legacy attempt rejects a destination replacement during reuse (129.962541ms)
✔ sqlite: legacy attempt rejects a labels replacement during reuse (113.85275ms)
✔ sqlite: legacy attempt rejects a effect replacement during reuse (131.633042ms)
✔ sqlite: an unchanged legacy attempt invokes once after asynchronous guards and a reuse miss (139.046334ms)
✔ file-journal: broker rechecks source knowledge after a real reuse lookup misses (654.016ms)
✔ file-journal: legacy attempt rejects a destination replacement during beforeInvoke (516.814042ms)
✔ file-journal: legacy attempt rejects a labels replacement during beforeInvoke (505.891375ms)
✔ file-journal: legacy attempt rejects a effect replacement during beforeInvoke (528.026459ms)
✔ file-journal: legacy attempt rejects a destination replacement during reuse (572.01225ms)
✔ file-journal: legacy attempt rejects a labels replacement during reuse (449.145ms)
✔ file-journal: legacy attempt rejects a effect replacement during reuse (356.48325ms)
✔ file-journal: an unchanged legacy attempt invokes once after asynchronous guards and a reuse miss (396.170583ms)
✔ provider pages become visible in one publication and keep unrelated providers (15.704042ms)
✔ only a complete empty provider listing retires that provider (6.587166ms)
✔ provider partial transport failure preserves the previously published snapshot (4.090625ms)
✔ provider mixed provider revisions preserves the previously published snapshot (3.832042ms)
✔ provider cross-page duplicate preserves the previously published snapshot (3.352083ms)
✔ provider pagination cycle preserves the previously published snapshot (3.193166ms)
✔ provider wrong provider namespace preserves the previously published snapshot (3.548708ms)
✔ provider invalid namespace definition preserves the previously published snapshot (4.255792ms)
✔ provider invalid JSON schema preserves the previously published snapshot (3.371958ms)
✔ provider missing completeness cursor preserves the previously published snapshot (2.767791ms)
✔ provider undeclared partial flag preserves the previously published snapshot (2.869042ms)
✔ provider page bound preserves the previously published snapshot (2.745ms)
✔ provider tool bound preserves the previously published snapshot (2.110834ms)
✔ provider definition byte bound preserves the previously published snapshot (2.807625ms)
✔ provider pre-cancellation makes no listing call (2.58ms)
✔ provider abort ends an ignored-signal wait and late listing cannot publish (2.712833ms)
✔ provider abort during schema compilation still prevents publication (2.288541ms)
✔ concurrent same-provider refresh refuses an older listing after a newer publication (2.552584ms)
✔ concurrent unrelated provider refreshes both publish without reverting each other (2.428208ms)
✔ provider staging snapshots metadata and callbacks before awaiting another page (2.4475ms)
✔ catalog cursor pages reach every permitted result after 20 without duplicate or missing cards (16.619125ms)
✔ catalog cursor replay returns the same cards while allowing a smaller per-page item limit (10.30675ms)
✔ catalog cursor is bound to current query (9.046167ms)
✔ catalog cursor is bound to current tenant (6.980333ms)
✔ catalog cursor is bound to current principal (6.73825ms)
✔ catalog cursor is bound to current tools (6.9515ms)
✔ catalog cursor is bound to current labels (7.119375ms)
✔ catalog cursor is bound to current destinations (6.0535ms)
✔ catalog cursor is bound to current writes (6.375041ms)
✔ catalog cursor rejects unpublished, stale, and restarted lookup state (12.376209ms)
✔ catalog cursor expires by injected clock and bounded index eviction requires a fresh search (8.450292ms)
✔ catalog applies permissions before rank, total page size, and hasMore (7.08475ms)
✔ catalog page budgets count Unicode and the entire response envelope (3.296834ms)
✔ catalog rejects invalid bounds and keeps punctuation-only search bounded and empty (4.952791ms)
✔ catalog reuses immutable definition digests across cursor pages and refreshes after registry replacement (10.38425ms)
✔ sqlite/documents-simple: durable reuse keeps evidence identity and charges source costs once after reopen (599.356375ms)
✔ sqlite/observations-simple: durable reuse keeps evidence identity and charges source costs once after reopen (429.374625ms)
✔ file-journal/documents-simple: durable reuse keeps evidence identity and charges source costs once after reopen (3454.079542ms)
✔ file-journal/observations-simple: durable reuse keeps evidence identity and charges source costs once after reopen (3935.051166ms)
✔ sqlite: default deny and fresh request perform actual reads, unreported adapter costs stay unknown (532.523667ms)
✔ sqlite: TTL boundary makes a new read and adoption after expiry rejects an already-stored hit (537.568ms)
✔ sqlite: a changed principal cannot reuse a result obtained under the old policy (258.677ms)
✔ sqlite: contract changes before dispatch fail without invoking; unrelated registry changes keep a selected contract usable (247.488959ms)
✔ sqlite: a reuse clone cannot survive source custody removal in history, copies, or context (288.997958ms)
✔ sqlite: original artifact is rechecked at the adoption commit boundary (206.24625ms)
✔ sqlite: a dispatched call without a received measurement remains unknown after reopen (136.683333ms)
✔ sqlite: unsent cancellation and legacy reservation expiry do not create unknown execution costs (110.715959ms)
✔ sqlite: emitted observation source contracts are checked even when that tool schema is not selected (237.122542ms)
✔ sqlite: registry removal while a context frame is staged prevents returning the prepared input (180.176875ms)
✔ file-journal: default deny and fresh request perform actual reads, unreported adapter costs stay unknown (1351.818708ms)
✔ file-journal: TTL boundary makes a new read and adoption after expiry rejects an already-stored hit (1168.106959ms)
✔ file-journal: a changed principal cannot reuse a result obtained under the old policy (513.777958ms)
✔ file-journal: contract changes before dispatch fail without invoking; unrelated registry changes keep a selected contract usable (463.911167ms)
✔ file-journal: a reuse clone cannot survive source custody removal in history, copies, or context (525.811333ms)
✔ file-journal: original artifact is rechecked at the adoption commit boundary (644.08875ms)
✔ file-journal: a dispatched call without a received measurement remains unknown after reopen (152.008125ms)
✔ file-journal: unsent cancellation and legacy reservation expiry do not create unknown execution costs (93.752334ms)
✔ file-journal: emitted observation source contracts are checked even when that tool schema is not selected (776.162ms)
✔ file-journal: registry removal while a context frame is staged prevents returning the prepared input (297.25725ms)
✔ adapter-supplied reuse metadata cannot claim an invocation was avoided (90.366833ms)
✔ a write tool cannot declare reuse and changing freshness changes the immutable task digest (0.797542ms)
✔ tool reuse: trusted immutable defaults reuse across task IDs while preserving exact original evidence, timing and nullable usage (50.389708ms)
✔ tool reuse: untrusted-default always misses (15.791584ms)
✔ tool reuse: untrusted-request always misses (11.1685ms)
✔ tool reuse: fresh always misses (9.922083ms)
✔ tool reuse: TTL begins at original start, expires at the exact boundary, and is rechecked before adoption (12.945792ms)
✔ tool reuse: retracted source evidence is never reused (12.561708ms)
✔ tool reuse: deleted source evidence is never reused (10.940625ms)
✔ tool reuse: restricted source evidence is never reused (11.054084ms)
✔ tool reuse: corrected source evidence is never reused (12.167667ms)
✔ tool reuse: superseded source evidence is never reused (11.810625ms)
✔ tool reuse: missing source evidence is never reused (9.606917ms)
✔ tool reuse: contract-stamp original attempt cannot establish a cache hit (9.021209ms)
✔ tool reuse: execution-proof original attempt cannot establish a cache hit (7.79225ms)
✔ tool reuse: reused original attempt cannot establish a cache hit (8.758208ms)
✔ tool reuse: not-invoked original attempt cannot establish a cache hit (7.217708ms)
✔ tool reuse: partial original attempt cannot establish a cache hit (8.049334ms)
✔ tool reuse: unknown original attempt cannot establish a cache hit (8.888875ms)
✔ tool reuse: unadopted original attempt cannot establish a cache hit (8.177666ms)
✔ tool reuse: future original attempt cannot establish a cache hit (9.485291ms)
✔ tool reuse: full goal context changes invalidate the old key (7.758167ms)
✔ tool reuse: full goal-revision context changes invalidate the old key (7.478625ms)
✔ tool reuse: full scope context changes invalidate the old key (6.256541ms)
✔ tool reuse: full owner context changes invalidate the old key (8.305083ms)
✔ tool reuse: full labels context changes invalidate the old key (7.825125ms)
✔ tool reuse: full permission context changes invalidate the old key (7.208667ms)
✔ tool reuse: changed immutable sourceVersion or schema under the same tool version invalidates pinned contracts (12.24975ms)
✔ tool reuse: a different canonical input under the same trusted definition is a cache miss (6.58075ms)
✔ tool reuse: parent retraction invalidates an unchanged derived evidence payload (10.031875ms)
✔ tool reuse: missing or damaged original bytes and oversized results are conservative misses (14.542042ms)
✔ tool reuse: a partial canonical result is not an original complete observation (8.980125ms)
✔ tool reuse: a cursor canonical result is not an original complete observation (8.93025ms)
✔ tool reuse: a reused canonical result is not an original complete observation (8.741875ms)
✔ tool reuse: a identity canonical result is not an original complete observation (13.369334ms)
✔ tool reuse: forged payloads, evidence timing, consumer identity, source stamps and accounting reports fail validation (14.289209ms)
✔ tool reuse: current source knowledge must validate and travels with the reused result (10.779125ms)
✔ tool reuse: source authority changes while canonical receipt lookup waits prevent a stale hit (9.250959ms)
✔ tool reuse: find-remove during the final state read invalidates the registry pin (10.939167ms)
✔ tool reuse: validate-source-version during the final state read invalidates the registry pin (10.131584ms)
✔ tool reuse: validate-labels during the final state read invalidates the registry pin (11.230666ms)
✔ progress runtime sqlite: renamed tasks share failure history and backoff survives workflow runs and reopening (452.674875ms)
✔ progress runtime sqlite: replanning cannot extend the first semantic request retry deadline (308.918875ms)
✔ progress runtime sqlite: successful empty results still stall and mode, compact, resume and reopening cannot erase that state (666.750792ms)
✔ progress runtime sqlite: a stored tool result settles atomically before allocation gates and verified completion still wins (286.809875ms)
✔ progress runtime sqlite: a stored model reply settles after reopening even when new allocations are blocked (386.8315ms)
✔ progress runtime sqlite: repeated invalid model proposals preserve one failure key and persist model backoff (879.149292ms)
✔ progress runtime sqlite: a new goal starts a new streak while preserving usage, processed history and failure deadlines (190.865875ms)
✔ progress runtime sqlite: an unknown synthetic write remains an obligation ahead of a no-progress allocation stop (326.967125ms)
✔ progress runtime file-journal: renamed tasks share failure history and backoff survives workflow runs and reopening (3587.725041ms)
✔ progress runtime file-journal: replanning cannot extend the first semantic request retry deadline (1660.170625ms)
✔ progress runtime file-journal: successful empty results still stall and mode, compact, resume and reopening cannot erase that state (1680.836291ms)
✔ progress runtime file-journal: a stored tool result settles atomically before allocation gates and verified completion still wins (650.825542ms)
✔ progress runtime file-journal: a stored model reply settles after reopening even when new allocations are blocked (372.424625ms)
✔ progress runtime file-journal: repeated invalid model proposals preserve one failure key and persist model backoff (1484.648041ms)
✔ progress runtime file-journal: a new goal starts a new streak while preserving usage, processed history and failure deadlines (227.972333ms)
✔ progress runtime file-journal: an unknown synthetic write remains an obligation ahead of a no-progress allocation stop (585.608833ms)
✔ progress: a unique committed operation contributes once and returned state has no mutable aliases (1.436458ms)
✔ progress: permutations, repeated known keys and new operation IDs cannot fabricate productive steps (1.42225ms)
✔ progress: explicit goal epochs reset only the current streak and preserve deduplication and the original retry window (0.345917ms)
✔ progress: processed capacity saturates without evicting prior records or resetting on a new goal (0.152709ms)
✔ progress: knownKeys capacity saturates without evicting prior records or resetting on a new goal (0.096917ms)
✔ progress: repeated failures retain their first deadline and use the current backoff without extending the retry window (0.618375ms)
✔ progress: retry gate respects the work deadline and specific repeated-failure limits (0.173792ms)
✔ progress: policies remain pinned and invalid counters, times, keys or schema fields fail closed (0.837541ms)
✔ capture: a new negative observation is productive while aliases, timestamps and duplicate originals are not (2.749208ms)
✔ capture: changed facts, coverage and an authenticated original version can each carry new information (0.704125ms)
✔ capture: derived copies do not add progress or independent completion credit (0.5155ms)
✔ capture: tenant evidence cannot earn progress (0.176ms)
✔ capture: scope evidence cannot earn progress (0.118625ms)
✔ capture: labels evidence cannot earn progress (0.118541ms)
✔ capture: retracted evidence cannot earn progress (0.120292ms)
✔ capture: deleted evidence cannot earn progress (0.094ms)
✔ capture: blocked-artifact evidence cannot earn progress (0.133125ms)
✔ capture: a hypothesis assessment is credited once per semantic evidence basis, not per hypothesis text or evidence ID (0.7345ms)
✔ capture: no evidence or a stale hypothesis assessment earns a fresh reasoning credit (0.586292ms)
✔ capture: only satisfied obligations contribute and identity or explanation rewrites cannot repeat the credit (0.43375ms)
✔ capture: plan, task, revision, mode, usage and replay changes cannot reset a stalled work (0.236667ms)
✔ capture: trusted explicit item progress and returned state copies follow the same deduplication contract (0.116542ms)
✔ progress sqlite: reopen and duplicate commit preserve settlement counts and the first retry deadline (117.728916ms)
✔ progress file-journal: reopen and duplicate commit preserve settlement counts and the first retry deadline (182.88925ms)
✔ sqlite/documents-simple: SIGKILL at before-execution resumes from reopened stores with 1 source call(s) and one result send (1021.088459ms)
✔ sqlite/documents-simple: SIGKILL at response-before-store resumes from reopened stores with 2 source call(s) and one result send (1274.593417ms)
✔ sqlite/documents-simple: SIGKILL at response-stored resumes from reopened stores with 1 source call(s) and one result send (1098.802375ms)
✔ sqlite/documents-simple: SIGKILL at receiver-committed resumes from reopened stores with 1 source call(s) and one result send (909.960875ms)
✔ sqlite/observations-simple: SIGKILL at before-execution resumes from reopened stores with 1 source call(s) and one result send (983.938292ms)
✔ sqlite/observations-simple: SIGKILL at response-before-store resumes from reopened stores with 2 source call(s) and one result send (1156.83075ms)
✔ sqlite/observations-simple: SIGKILL at response-stored resumes from reopened stores with 1 source call(s) and one result send (961.179917ms)
✔ sqlite/observations-simple: SIGKILL at receiver-committed resumes from reopened stores with 1 source call(s) and one result send (859.60625ms)
✔ sqlite: SIGKILL after a synthetic write effect but before response storage preserves unknown and never repeats the write or claims completion (712.96675ms)
✔ file-journal/documents-simple: SIGKILL at before-execution resumes from reopened stores with 1 source call(s) and one result send (2181.895792ms)
✔ file-journal/documents-simple: SIGKILL at response-before-store resumes from reopened stores with 2 source call(s) and one result send (2165.784958ms)
✔ file-journal/documents-simple: SIGKILL at response-stored resumes from reopened stores with 1 source call(s) and one result send (1368.117542ms)
✔ file-journal/documents-simple: SIGKILL at receiver-committed resumes from reopened stores with 1 source call(s) and one result send (975.407708ms)
✔ file-journal/observations-simple: SIGKILL at before-execution resumes from reopened stores with 1 source call(s) and one result send (1022.921459ms)
✔ file-journal/observations-simple: SIGKILL at response-before-store resumes from reopened stores with 2 source call(s) and one result send (1070.467917ms)
✔ file-journal/observations-simple: SIGKILL at response-stored resumes from reopened stores with 1 source call(s) and one result send (1034.012875ms)
✔ file-journal/observations-simple: SIGKILL at receiver-committed resumes from reopened stores with 1 source call(s) and one result send (932.350667ms)
✔ file-journal: SIGKILL after a synthetic write effect but before response storage preserves unknown and never repeats the write or claims completion (825.273708ms)
✔ documents-simple: restarted workflow adopts a stored model response and reaches delivered completion without another planner call (60.3195ms)
✔ observations-simple: restarted workflow adopts a stored model response and reaches delivered completion without another planner call (22.708208ms)
✔ an unknown result delivery causes bounded waiting and only one receipt lookup on the next explicit run (19.947666ms)
✔ a workflow without a planner returns a planning requirement and does not create an inferred plan (5.905917ms)
✔ workflow entry requires the full persisted execution policy rather than a narrower read-only view (5.45675ms)
✔ user cancellation between workflow steps preserves terminal state and cancels an unsent model reservation (8.927084ms)
✔ scoped actors cannot enter execution even when their current limits equal the work policy (5.068458ms)
✔ final checkpoint cannot report old completion when a goal change arrives during checkpoint storage (18.66525ms)
✔ workspace: missing or denying memory validators block file operations before workspace I/O (212.780417ms)
✔ workspace: stage rechecks memory custody after its asynchronous I/O (255.675833ms)
✔ workspace: read rechecks memory custody after its asynchronous I/O (203.203958ms)
✔ workspace: checkpoint rechecks memory custody after its asynchronous I/O (210.193584ms)
✔ workspace: restore rechecks memory custody after its asynchronous I/O (199.127042ms)
✔ workspace: cleanup rechecks memory custody after its asynchronous I/O (216.424417ms)
✔ workspace: sqlite checkpoint and byte-for-byte restore survive new state, artifact and workspace instances (564.454375ms)
✔ workspace: file-journal checkpoint and byte-for-byte restore survive new state, artifact and workspace instances (955.0505ms)
✔ workspace: identical paths are isolated by both work and attempt and ownership is checked before file access (293.799041ms)
✔ workspace: traversal, absolute, ambiguous and platform-specific paths cannot be staged (60.043958ms)
✔ workspace: repeated identical staging is idempotent and different content cannot overwrite it (122.022459ms)
✔ workspace: caller mutations after starting stage cannot change the bytes being staged (94.796042ms)
✔ workspace: two processes cannot overwrite the same staged path with different bytes (147.886542ms)
✔ workspace: artifact saved during a state change remains uncommitted and cannot replace the authoritative revision (182.09025ms)
✔ workspace: narrower actor grants never replace the stored work policy during checkpoint commit (158.037958ms)
✔ workspace: policy change during file read prevents returning previously read bytes (120.861167ms)
✔ workspace: generation change during file read prevents returning previously read bytes (96.031291ms)
✔ workspace: policy change during staging prevents a successful stale response and preserves the local file (110.968292ms)
✔ workspace: generation change during staging prevents a successful stale response and preserves the local file (97.044292ms)
✔ workspace: generation changes block even source-free checkpoints and preserve their staged files (186.566042ms)
✔ workspace: restricted is checked when restoring a checkpoint even without a generation change (251.261334ms)
✔ workspace: deleted is checked when restoring a checkpoint even without a generation change (192.181916ms)
✔ workspace: labels is checked when restoring a checkpoint even without a generation change (168.580833ms)
✔ workspace: artifact is checked when restoring a checkpoint even without a generation change (223.055125ms)
✔ workspace: lifecycle changes during artifact restore prevent files from being staged (250.990916ms)
✔ workspace: cleanup preserves files while active (202.027625ms)
✔ workspace: cleanup preserves files while unknown (193.732542ms)
✔ workspace: cleanup preserves files while obligation (167.964959ms)
✔ workspace: cleanup preserves files while uncheckpointed (129.904375ms)
✔ workspace: a file staged after cleanup inspection causes manifest conflict and remains preserved (267.930708ms)
✔ workspace: missing checkpoint content prevents cleanup of the surviving staged file (187.957542ms)
✔ workspace: a remaining lock is never stolen by staging or cleanup (164.039167ms)
✔ workspace: symlink files and replaced roots are rejected instead of reading or overwriting them (85.87ms)
✔ workspace: content corruption and configured byte or file capacity limits fail without silent truncation (191.062625ms)
ℹ tests 1168
ℹ suites 0
ℹ pass 1168
ℹ fail 0
ℹ cancelled 0
ℹ skipped 0
ℹ todo 0
ℹ duration_ms 95217.364791

> long-horizon-runtime@0.1.0 typecheck:core
> tsc -p tsconfig.core.json


> long-horizon-runtime@0.1.0 check:architecture
> node scripts/check-architecture.mjs

{"inspected":77,"failures":[]}

> long-horizon-runtime@0.1.0 fixtures
> node dist/presentation/fixtures.js

{
  "createdAt": "2026-09-05T14:15:43.969Z",
  "node": "v24.20.0",
  "evaluation": "deterministic_contract_baseline",
  "passed": true,
  "scenarios": 4,
  "checkpoints": 22,
  "elapsedMs": 9.396041999999994,
  "actualModelCalls": 0,
  "actualToolCalls": 0,
  "actualTokenUsage": null,
  "results": [
    {
      "id": "documents-complex",
      "checks": 9,
      "passed": true
    },
    {
      "id": "documents-simple",
      "checks": 3,
      "passed": true
    },
    {
      "id": "observations-complex",
      "checks": 7,
      "passed": true
    },
    {
      "id": "observations-simple",
      "checks": 3,
      "passed": true
    }
  ]
}
