
> long-horizon-runtime@0.1.0 verify
> npm test && npm run typecheck:core && npm run check:architecture && npm run fixtures


> long-horizon-runtime@0.1.0 test
> npm run build && node --test dist/tests/*.test.js


> long-horizon-runtime@0.1.0 build
> tsc -p tsconfig.json && node scripts/record-build.mjs

✔ artifact I/O: metrics snapshots are independent and reset does not modify stored artifacts (42.653333ms)
✔ artifact I/O: first put counts its missing existence probe, exact UTF-8 hashes, and two atomic file writes (26.341417ms)
✔ artifact I/O: duplicate put verifies the existing body and performs no file writes (32.401875ms)
✔ artifact I/O: put repairs a corrupt existing object after counting the failed verification (102.445333ms)
✔ artifact I/O: get and exists each perform independent metadata, body, and integrity work under concurrent reads (46.613375ms)
✔ artifact I/O: tenant and label denials count API calls without opening or hashing files (43.456417ms)
✔ artifact I/O: missing json counts failed opens without claiming unread body bytes (48.938167ms)
✔ artifact I/O: missing blob counts failed opens without claiming unread body bytes (39.928458ms)
✔ artifact I/O: invalid metadata is a verification failure after a successful metadata read (65.938584ms)
✔ artifact I/O: a metadata reference mismatch stops before body read or hashing (40.661792ms)
✔ artifact I/O: same-size tampering hashes the read body (68.250375ms)
✔ artifact I/O: length mismatch preserves the existing hash short circuit (61.92ms)
✔ artifact I/O: a body symlink remains unreadable and contributes no target bytes (60.046708ms)
✔ content, metadata and permissions survive artifact store restart (42.163125ms)
✔ same bytes under different tenant/labels never share an accessible reference (103.040666ms)
✔ corrupt bytes, missing originals, path traversal and symlink substitution are rejected (63.684916ms)
✔ artifact stored before failed state commit is reused after reopening, without dangling references (100.971958ms)
✔ execution intent and unadopted result persist independently of evidence acceptance (152.864667ms)
✔ budget crash sqlite: SIGKILL after durable child-genesis resumes one grant without Tool or Planner entry (502.238333ms)
✔ budget crash sqlite: SIGKILL after durable parent-grant resumes one grant without Tool or Planner entry (643.812083ms)
✔ budget crash sqlite: SIGKILL after durable child-activation resumes one grant without Tool or Planner entry (583.870125ms)
✔ budget crash sqlite: SIGKILL after parent-draining retains consumed usage and cancels unsent tool once (1254.597916ms)
✔ budget crash sqlite: SIGKILL after child-fence retains consumed usage and cancels unsent tool once (1031.07975ms)
✔ budget crash sqlite: SIGKILL after parent-settlement retains consumed usage and cancels unsent tool once (1016.957375ms)
✔ budget crash sqlite: SIGKILL after parent-draining retains consumed usage and cancels unsent model once (1006.03825ms)
✔ budget crash sqlite: SIGKILL after child-fence retains consumed usage and cancels unsent model once (890.685208ms)
✔ budget crash sqlite: SIGKILL after parent-settlement retains consumed usage and cancels unsent model once (937.624417ms)
✔ budget crash file-journal: SIGKILL after durable child-genesis resumes one grant without Tool or Planner entry (966.309083ms)
✔ budget crash file-journal: SIGKILL after durable parent-grant resumes one grant without Tool or Planner entry (1486.964125ms)
✔ budget crash file-journal: SIGKILL after durable child-activation resumes one grant without Tool or Planner entry (1128.069208ms)
✔ budget crash file-journal: SIGKILL after parent-draining retains consumed usage and cancels unsent tool once (4760.53625ms)
✔ budget crash file-journal: SIGKILL after child-fence retains consumed usage and cancels unsent tool once (5199.465917ms)
✔ budget crash file-journal: SIGKILL after parent-settlement retains consumed usage and cancels unsent tool once (5002.532125ms)
✔ budget crash file-journal: SIGKILL after parent-draining retains consumed usage and cancels unsent model once (5379.297417ms)
✔ budget crash file-journal: SIGKILL after child-fence retains consumed usage and cancels unsent model once (5384.811542ms)
✔ budget crash file-journal: SIGKILL after parent-settlement retains consumed usage and cancels unsent model once (5621.813916ms)
✔ budget runtime sqlite: child execution settles once across duplicate creation, reconciliation and reopen without copying evidence (268.439667ms)
✔ budget runtime sqlite: parent remaining calls execute while escrow prevents parent and sibling over-allocation (231.044708ms)
✔ budget runtime sqlite: concurrent sibling grants cannot oversubscribe one parent's remaining budget (142.652834ms)
✔ budget runtime sqlite: a child's last logical tool call is consumed by an actual dispatch and cannot be minted by a new task ID (237.210959ms)
✔ budget runtime sqlite: actual model dispatch and reported tokens remain charged when its plan is rejected (402.77925ms)
✔ budget runtime sqlite: a child token cap below the estimated reservation prevents durable model allocation and transport (182.310417ms)
✔ budget runtime sqlite: revoking an unsent tool reservation fences the child and returns only unused escrow (175.148709ms)
✔ budget runtime sqlite: revoking an unsent model reservation fences the child and returns only unused escrow (329.75425ms)
✔ budget runtime sqlite: revoke retains an active model's unknown usage, then late accounting settles once without adopting its plan (592.850291ms)
✔ budget runtime sqlite: unknown write effects keep the grant outstanding after revoke and restart (378.3ms)
✔ budget runtime sqlite: reported model overage is charged to the parent without clamping and prevents further funding (352.482ms)
✔ budget runtime sqlite: reducing limits preserves committed charges and child deadlines while blocking new grants (346.026959ms)
✔ budget runtime sqlite: pending genesis cannot execute before funding (200.595083ms)
✔ budget runtime sqlite: pending genesis cannot execute before funding and parent cancellation wins activation (95.1825ms)
✔ budget runtime sqlite: child funding rejects broader authority, altered duplicate commands and work ID reattachment (91.916958ms)
✔ budget runtime sqlite: grant commit ACK loss resumes the same grant and child without another allocation (137.708ms)
✔ budget runtime sqlite: activation commit ACK loss resumes the same grant and child without another allocation (154.983208ms)
✔ budget runtime sqlite: revocation during child activation installs a fence that the stale activation cannot overwrite (134.921416ms)
✔ budget runtime sqlite: revoke after tool dispatch and before entry prevents transport while keeping the logical dispatch charge (326.962125ms)
✔ budget runtime sqlite: revoke after model dispatch and before entry prevents transport while keeping the logical dispatch charge (271.153667ms)
✔ budget runtime sqlite: actual replan adoption spends the child's delegated replan allowance once (443.131375ms)
✔ budget runtime sqlite: nested child execution reconciles through both grants without double charging or copying originals (353.924875ms)
✔ budget runtime sqlite: an unfunded pending child cannot turn resume or a new goal into execution authority (106.714958ms)
✔ budget runtime sqlite: a parent goal change fences a child's previously reserved tool before entry (145.091125ms)
✔ budget runtime sqlite: a parent policy change fences a child's previously reserved tool before entry (140.403792ms)
✔ budget runtime sqlite: a parent deadline change fences a child's previously reserved tool before entry (136.263167ms)
✔ budget runtime sqlite: a partially reported model response retains known tokens and unknown reservation after revoke and reopen (285.296542ms)
✔ budget runtime sqlite: sibling overage received during a tool dispatch ACK delay prevents its actual entry despite stale parent accounting (380.914958ms)
✔ budget runtime sqlite: sibling overage received during a model dispatch ACK delay prevents its actual entry despite stale parent accounting (503.913083ms)
✔ budget runtime file-journal: child execution settles once across duplicate creation, reconciliation and reopen without copying evidence (2117.716333ms)
✔ budget runtime file-journal: parent remaining calls execute while escrow prevents parent and sibling over-allocation (2325.02875ms)
✔ budget runtime file-journal: concurrent sibling grants cannot oversubscribe one parent's remaining budget (378.891375ms)
✔ budget runtime file-journal: a child's last logical tool call is consumed by an actual dispatch and cannot be minted by a new task ID (2729.744584ms)
✔ budget runtime file-journal: actual model dispatch and reported tokens remain charged when its plan is rejected (1897.036375ms)
✔ budget runtime file-journal: a child token cap below the estimated reservation prevents durable model allocation and transport (1044.823292ms)
✔ budget runtime file-journal: revoking an unsent tool reservation fences the child and returns only unused escrow (1722.08925ms)
✔ budget runtime file-journal: revoking an unsent model reservation fences the child and returns only unused escrow (1209.593417ms)
✔ budget runtime file-journal: revoke retains an active model's unknown usage, then late accounting settles once without adopting its plan (2135.236459ms)
✔ budget runtime file-journal: unknown write effects keep the grant outstanding after revoke and restart (2621.633125ms)
✔ budget runtime file-journal: reported model overage is charged to the parent without clamping and prevents further funding (2287.318375ms)
✔ budget runtime file-journal: reducing limits preserves committed charges and child deadlines while blocking new grants (2578.831333ms)
✔ budget runtime file-journal: pending genesis cannot execute before funding (2137.381583ms)
✔ budget runtime file-journal: pending genesis cannot execute before funding and parent cancellation wins activation (517.82375ms)
✔ budget runtime file-journal: child funding rejects broader authority, altered duplicate commands and work ID reattachment (717.858708ms)
✔ budget runtime file-journal: grant commit ACK loss resumes the same grant and child without another allocation (781.595875ms)
✔ budget runtime file-journal: activation commit ACK loss resumes the same grant and child without another allocation (476.133958ms)
✔ budget runtime file-journal: revocation during child activation installs a fence that the stale activation cannot overwrite (786.895458ms)
✔ budget runtime file-journal: revoke after tool dispatch and before entry prevents transport while keeping the logical dispatch charge (2015.2265ms)
✔ budget runtime file-journal: revoke after model dispatch and before entry prevents transport while keeping the logical dispatch charge (2448.973917ms)
✔ budget runtime file-journal: actual replan adoption spends the child's delegated replan allowance once (4083.129917ms)
✔ budget runtime file-journal: nested child execution reconciles through both grants without double charging or copying originals (4779.521291ms)
✔ budget runtime file-journal: an unfunded pending child cannot turn resume or a new goal into execution authority (669.0955ms)
✔ budget runtime file-journal: a parent goal change fences a child's previously reserved tool before entry (2088.148208ms)
✔ budget runtime file-journal: a parent policy change fences a child's previously reserved tool before entry (2031.627875ms)
✔ budget runtime file-journal: a parent deadline change fences a child's previously reserved tool before entry (1894.925875ms)
✔ budget runtime file-journal: a partially reported model response retains known tokens and unknown reservation after revoke and reopen (2433.786625ms)
✔ budget runtime file-journal: sibling overage received during a tool dispatch ACK delay prevents its actual entry despite stale parent accounting (4067.045166ms)
✔ budget runtime file-journal: sibling overage received during a model dispatch ACK delay prevents its actual entry despite stale parent accounting (3101.004917ms)
✔ budget exposure: own usage and reservations add each dimension without charging elapsed time or unknown counts as tokens (0.724625ms)
✔ budget exposure: active and draining escrow count once even when the same child usage has already been observed (0.222833ms)
✔ budget exposure: usage above allocation and outstanding reservations remain visible in independent dimensions (0.070834ms)
✔ budget exposure: settling replaces escrow with accounted plus reserved amounts and repeated reads cannot refund twice (0.085625ms)
✔ budget exposure: unknown and partially reported model usage keeps reserved tokens even on a settled summary (2.464459ms)
✔ budget exposure: a lower parent limit preserves actual costs and reports each excess without negative remaining values (0.497458ms)
✔ budget exposure: separate grants sum but duplicate IDs and duplicate child funding records are rejected (0.678167ms)
✔ budget exposure: zero-funded grants remain explicit and cannot hide a later reported expense (0.065666ms)
✔ budget exposure: max-safe totals are exact and overflow in local, grant, aggregate or combined arithmetic fails closed (0.241417ms)
✔ budget exposure: fractional, negative, nonfinite, unsafe and missing values never become zero (0.420417ms)
✔ budget exposure: grant schema keeps authority identity strict and requires a state revision for observed or settled accounting (0.442583ms)
✔ budget exposure: parent links preserve pending, active and draining as different stored phases without conferring allocation authority (0.317125ms)
✔ budget exposure: empty and absent grant lists are equivalent while malformed and over-cap lists are rejected (57.779917ms)
✔ budget exposure: projections and strict schema copies share no mutable vectors with the ledger (0.390125ms)
✔ CLI resumes across processes, keeps conversation/work identities and separates disconnect, pause and cancel (4126.820166ms)
✔ CLI human output is reception plus result, with no internal events or ANSI: documents-simple (919.250875ms)
✔ CLI human output is reception plus result, with no internal events or ANSI: observations-simple (878.925084ms)
✔ CLI goal changes require an explicit revision and failures have no success JSON on stdout (982.026333ms)
✔ CLI checkpoint is a derived reference and an old resume file does not reverse a paused work (2171.769542ms)
✔ context compiler sqlite/documents-complex: five published working sets retain counterevidence and rediscover an early original (1955.607708ms)
✔ context compiler sqlite/observations-complex: five published working sets retain counterevidence and rediscover an early original (1888.195959ms)
✔ context compiler file-journal/documents-complex: five published working sets retain counterevidence and rediscover an early original (10423.982416ms)
✔ context compiler file-journal/observations-complex: five published working sets retain counterevidence and rediscover an early original (10335.263333ms)
✔ context compiler sqlite: five compactions preserve canonical unknown effect and timed response obligations (621.060583ms)
✔ context compiler file-journal: five compactions preserve canonical unknown effect and timed response obligations (2815.032ms)
✔ context compiler sqlite: selected schemas reduce the actual structured transport request and preserve precise byte accounting (260.730125ms)
ℹ {"backend":"sqlite","baselinePacketBytes":4700,"baselineToolBytes":516593,"packetBytes":2471,"toolBytes":33733,"envelopeBytes":36282,"requestBytes":41004,"selectedToolCount":13,"catalogTotal":81}
✔ context compiler file-journal: selected schemas reduce the actual structured transport request and preserve precise byte accounting (327.062292ms)
ℹ {"backend":"file-journal","baselinePacketBytes":4700,"baselineToolBytes":516593,"packetBytes":2471,"toolBytes":33733,"envelopeBytes":36282,"requestBytes":41004,"selectedToolCount":13,"catalogTotal":81}
✔ context compiler sqlite: an oversized mandatory goal fails before candidate storage or transport (155.7265ms)
✔ context compiler file-journal: an oversized mandatory goal fails before candidate storage or transport (203.009125ms)
✔ context copy: a canonical two-level invocation copy cannot restore guidance body after its catalog version is replaced (76.150709ms)
✔ context copy: two nested call results stop exposing a tool body when original tool permission is revoked (29.276916ms)
✔ context dispatch sqlite: persisted reservation does not send removed registration (271.472959ms)
✔ context dispatch sqlite: persisted reservation does not send replacement version (271.921041ms)
✔ context dispatch sqlite: persisted reservation does not send changed input schema under the same ID and version (293.266834ms)
✔ context dispatch sqlite: persisted reservation does not send changed allowed labels under the same ID and version (339.44275ms)
✔ context dispatch sqlite: persisted reservation does not send changed allowed destination under the same ID and version (285.893458ms)
✔ context dispatch file-journal: persisted reservation does not send removed registration (994.097708ms)
✔ context dispatch file-journal: persisted reservation does not send replacement version (1005.52125ms)
✔ context dispatch file-journal: persisted reservation does not send changed input schema under the same ID and version (1037.120792ms)
✔ context dispatch file-journal: persisted reservation does not send changed allowed labels under the same ID and version (1005.240083ms)
✔ context dispatch file-journal: persisted reservation does not send changed allowed destination under the same ID and version (934.729167ms)
✔ context dispatch sqlite: persisted guidance required-rules change is checked before transport (397.75125ms)
✔ context dispatch sqlite: persisted guidance version change is checked before transport (406.287291ms)
✔ context dispatch file-journal: persisted guidance required-rules change is checked before transport (1239.577167ms)
✔ context dispatch file-journal: persisted guidance version change is checked before transport (1705.887166ms)
✔ context dispatch sqlite: unchanged tool and trusted guidance contracts resume the stored request once (406.215042ms)
✔ context dispatch file-journal: unchanged tool and trusted guidance contracts resume the stored request once (1557.562667ms)
✔ context guidance: trusted required rules, exact version and hash survive published body eviction (57.180959ms)
✔ context guidance: a manifest without required rules keeps the full original and fails a smaller input budget (22.116709ms)
✔ context guidance: result-provided rules cannot replace an absent trusted manifest rule set (10.59ms)
✔ context guidance: current label revocation prevents a previously published original from reappearing (18.740416ms)
✔ context guidance: a missing original cannot be recovered from its copied tool result or prior frame (14.22425ms)
✔ context guidance: replacing the catalog version does not expose the superseded loaded body (16.846125ms)
✔ context guidance: replacing trusted bytes under the same version rejects the old manifest and body (10.900625ms)
✔ context guidance: a stored result with a mismatched attemptId is rejected (8.480583ms)
✔ context guidance: a stored result with a mismatched resultId is rejected (9.402834ms)
✔ context guidance: the actual dispatch receipt must match the adopted attempt task digest (8.357708ms)
✔ sqlite/model_call_reserved: publishing requires the derived blob, later loss permits commits and regeneration while original loss blocks both (198.122083ms)
✔ sqlite/context_compacted: publishing requires the derived blob, later loss permits commits and regeneration while original loss blocks both (225.956666ms)
✔ sqlite: publishing detects a context head reference conflict before committing (102.939792ms)
✔ sqlite: a blocked context candidate cannot be newly published even when its bytes remain (145.57925ms)
✔ sqlite/retract: lifecycle retires the context head and access removal also blocks its retained artifact (239.809042ms)
✔ sqlite/correct: lifecycle retires the context head and access removal also blocks its retained artifact (226.200791ms)
✔ sqlite/restrict: lifecycle retires the context head and access removal also blocks its retained artifact (144.867333ms)
✔ sqlite/delete: lifecycle retires the context head and access removal also blocks its retained artifact (201.190417ms)
✔ sqlite/dependency_changed: lifecycle retires the context head and access removal also blocks its retained artifact (260.675833ms)
✔ file-journal/model_call_reserved: publishing requires the derived blob, later loss permits commits and regeneration while original loss blocks both (676.193208ms)
✔ file-journal/context_compacted: publishing requires the derived blob, later loss permits commits and regeneration while original loss blocks both (647.427458ms)
✔ file-journal: publishing detects a context head reference conflict before committing (209.45175ms)
✔ file-journal: a blocked context candidate cannot be newly published even when its bytes remain (200.880458ms)
✔ file-journal/retract: lifecycle retires the context head and access removal also blocks its retained artifact (355.925583ms)
✔ file-journal/correct: lifecycle retires the context head and access removal also blocks its retained artifact (369.73875ms)
✔ file-journal/restrict: lifecycle retires the context head and access removal also blocks its retained artifact (399.138208ms)
✔ file-journal/delete: lifecycle retires the context head and access removal also blocks its retained artifact (317.8375ms)
✔ file-journal/dependency_changed: lifecycle retires the context head and access removal also blocks its retained artifact (398.56275ms)
✔ sqlite: source deletion during the context head exists check prevents reservation and head publication (519.022208ms)
✔ sqlite: source deletion inside repository commit retires the published head and cancels the model reservation before returning (584.989708ms)
✔ sqlite: losing the prior frame does not turn an old catalog request into a conflict with the current task version (468.206875ms)
✔ file-journal: source deletion during the context head exists check prevents reservation and head publication (6207.088625ms)
✔ file-journal: source deletion inside repository commit retires the published head and cancels the model reservation before returning (5707.631042ms)
✔ file-journal: losing the prior frame does not turn an old catalog request into a conflict with the current task version (1889.216875ms)
✔ required full and reference information survives optional content pressure (2.231541ms)
✔ a full value cheaper than its required reference satisfies the minimum without overflow (0.169667ms)
✔ a required reference cap rejects contradictory bounds and never substitutes a cheaper full payload (0.31825ms)
✔ optional reference caps consume only reference bytes and remain omitted when that representation does not fit (0.18975ms)
✔ a reference cap overrides full residency and new use without counting references as full reloads (0.561916ms)
✔ high and low watermarks retain compact mode until the lower boundary is crossed (0.144166ms)
✔ mere inclusion is not actual use and an idle full value does not automatically reload (0.279625ms)
✔ a new actual use marker refreshes usage and reloads the same digest once (0.206917ms)
✔ minimum residency delays idle eviction for two cycles while the hard budget still wins (0.164916ms)
✔ five changing working sets preserve old counterevidence, pending and unknown references (1.041416ms)
✔ removed authority and changed digests cannot be revived by resident or use history (0.478667ms)
✔ decisions are stable by minimum, priority, real use, recency, residence and key (0.175708ms)
✔ recently evicted content waits through cooldown unless actual use or a minimum requires it (0.103667ms)
✔ memo storage is bounded and prioritizes selected residents without changing decisions (0.593ms)
✔ inputs and previous memo stay immutable and byte sums match selected representations (0.115333ms)
✔ duplicate keys, malformed items, invalid budgets and inconsistent memo are rejected (0.646125ms)
✔ context store stages an immutable frame without publishing it and reads the installed basis N from revision N+1 (86.322333ms)
✔ context store sqlite: derived frame and installed head survive separate reopened instances (205.79075ms)
✔ context store file-journal: derived frame and installed head survive separate reopened instances (355.110875ms)
✔ context store regenerates a missing derived frame without editing the authoritative head (58.168375ms)
✔ context store regenerates a corrupt derived frame without editing the authoritative head (69.999209ms)
✔ context store regenerates a invalid-json derived frame without editing the authoritative head (101.2015ms)
✔ context store regenerates a invalid-schema derived frame without editing the authoritative head (77.4955ms)
✔ context store excludes a foreign-work previous head or frame (104.158167ms)
✔ context store excludes a foreign-tenant previous head or frame (61.943209ms)
✔ context store excludes a cycle previous head or frame (74.467042ms)
✔ context store excludes a basis previous head or frame (70.782875ms)
✔ context store excludes a unpublished previous head or frame (77.698084ms)
✔ context store excludes a policy previous head or frame (44.09525ms)
✔ context store excludes a goal previous head or frame (76.089541ms)
✔ context store excludes a generation previous head or frame (50.209583ms)
✔ context store excludes a blocked previous head or frame (70.136625ms)
✔ context store excludes a underlabelled previous head or frame (122.876458ms)
✔ context store checks stale frame basis and forbidden packet policy before writing any candidate (6.932708ms)
✔ context store previous rejects goal changes during artifact I/O (58.80625ms)
✔ context store previous rejects policy changes during artifact I/O (68.998208ms)
✔ context store previous rejects generation changes during artifact I/O (73.810333ms)
✔ context store previous rejects source changes during artifact I/O (61.189875ms)
✔ context store put rejects goal changes during artifact I/O (62.804292ms)
✔ context store put rejects policy changes during artifact I/O (74.481292ms)
✔ context store put rejects generation changes during artifact I/O (57.689542ms)
✔ context store put rejects source changes during artifact I/O (72.607125ms)
✔ context store readback rejects goal changes during artifact I/O (39.922417ms)
✔ context store readback rejects policy changes during artifact I/O (64.118917ms)
✔ context store readback rejects generation changes during artifact I/O (51.976625ms)
✔ context store readback rejects source changes during artifact I/O (54.720459ms)
✔ context store never turns state or source failure during a missing-frame read into successful regeneration (56.998708ms)
✔ context store refuses unavailable knowledge even when there is no previous head (11.07025ms)
✔ context store leaves the previous head intact when candidate storage fails (84.644833ms)
✔ context store rejects a relabelled put receipt or altered readback bytes and never publishes a head (62.350625ms)
✔ context store applies byte limits before writing or loading a derived frame (73.448666ms)
✔ canonical state has explicit nulls, bounded revisions and no provider/SQL objects (2.828708ms)
✔ goal validation cannot silently drop unknown authorization fields or empty completion rules (0.135458ms)
✔ partial result is distinct from complete result and API errors are not evidence of absence (0.542459ms)
✔ plan and context explicitly bind state and goal revisions (0.55925ms)
✔ invalid provider content is not included in validation error text (0.113541ms)
✔ a late counterexample prevents a previously delivered answer from being displayed as the current result (606.484792ms)
✔ a public snapshot retries a goal change during artifact verification (574.287ms)
✔ conversation view keeps message selection and public status on the same revision (790.322542ms)
✔ cancelled work displays its status rather than its historical delivered result (573.851584ms)
✔ request acceptance is atomic, duplicate input is stable and each conversation can bind several works (17.8955ms)
✔ failed acceptance commit creates neither a work nor a reception acknowledgment (115.875417ms)
✔ analysis, response preparation, delivery and completion are distinct; retransmission never collects evidence again (22.545875ms)
✔ analysis-only completion does not pretend that its result was prepared or delivered (7.985583ms)
✔ pending questions are grouped once and resolving a question cannot waive required result delivery (5.432833ms)
✔ independent dispatchers claim once and receipt reconciliation after restart does not send again (84.3655ms)
✔ ambiguous delivery with no idempotency stays unknown, including repeated and timed-out lookup (11.21425ms)
✔ idempotent absent receipt permits only a bounded later retry and permanent failure stays visible (4.21975ms)
✔ goal before delivery prevents an obsolete or unauthorized result from being sent (5.963792ms)
✔ cancel before delivery prevents an obsolete or unauthorized result from being sent (7.509542ms)
✔ labels before delivery prevents an obsolete or unauthorized result from being sent (6.162625ms)
✔ destination before delivery prevents an obsolete or unauthorized result from being sent (5.344916ms)
✔ pause preserves pending delivery and resume can complete it without another source call (6.852625ms)
✔ late confirmed delivery is historical and cannot satisfy a revised goal (5.758958ms)
✔ an uncertain old-goal delivery retains its uncertainty when superseded by a new goal (6.269333ms)
✔ SIGKILL between channel commit and outbox settlement recovers from two reopened databases without another send (309.401ms)
✔ a never-dispatched response can be prepared after permission restoration, and large questions retain their full artifact (13.569625ms)
✔ sqlite/documents-simple: delete blocks derived copies and pending result; restart preserves tombstone and cancellation works after bytes are absent (509.566375ms)
✔ sqlite/observations-simple: delete blocks derived copies and pending result; restart preserves tombstone and cancellation works after bytes are absent (414.925875ms)
✔ file-journal/documents-simple: delete blocks derived copies and pending result; restart preserves tombstone and cancellation works after bytes are absent (2371.636959ms)
✔ file-journal/observations-simple: delete blocks derived copies and pending result; restart preserves tombstone and cancellation works after bytes are absent (1837.904666ms)
✔ sqlite: lifecycle ownership, concurrent generation and command identity are enforced (203.910667ms)
✔ sqlite: a question prepared before access removal is superseded without sending its text (244.985208ms)
✔ sqlite: data removal preserves an already dispatched write as an unresolved effect (220.873417ms)
✔ sqlite: tool reply is revalidated after lifecycle change during artifact storage (286.088333ms)
✔ sqlite: model reply is revalidated after lifecycle change during artifact storage (386.728834ms)
✔ sqlite: validity retraction allows labelled historical inspection and correction uses a new immutable evidence ID (216.100833ms)
✔ sqlite: a stored core.calls.get copy cannot expose deleted source content (323.916917ms)
✔ sqlite: evidence read rechecks a lifecycle change during artifact I/O (236.830667ms)
✔ sqlite: original read rechecks a lifecycle change during artifact I/O (213.007458ms)
✔ sqlite: result read rechecks a lifecycle change during artifact I/O (201.950125ms)
✔ sqlite: old dispatched tool reply after deletion is stored only as a sanitized failure (245.993833ms)
✔ sqlite: late model reply after deletion retains measured usage without retaining forbidden proposal text (346.901708ms)
✔ file-journal: lifecycle ownership, concurrent generation and command identity are enforced (744.786083ms)
✔ file-journal: a question prepared before access removal is superseded without sending its text (1397.655417ms)
✔ file-journal: data removal preserves an already dispatched write as an unresolved effect (1033.308625ms)
✔ file-journal: tool reply is revalidated after lifecycle change during artifact storage (815.941583ms)
✔ file-journal: model reply is revalidated after lifecycle change during artifact storage (1070.892916ms)
✔ file-journal: validity retraction allows labelled historical inspection and correction uses a new immutable evidence ID (1140.057708ms)
✔ file-journal: a stored core.calls.get copy cannot expose deleted source content (1774.118542ms)
✔ file-journal: evidence read rechecks a lifecycle change during artifact I/O (755.38275ms)
✔ file-journal: original read rechecks a lifecycle change during artifact I/O (728.360166ms)
✔ file-journal: result read rechecks a lifecycle change during artifact I/O (865.836583ms)
✔ file-journal: old dispatched tool reply after deletion is stored only as a sanitized failure (777.002708ms)
✔ file-journal: late model reply after deletion retains measured usage without retaining forbidden proposal text (928.585209ms)
✔ sqlite: restricted work reaches neither external estimator nor model even without an evidence body (104.571958ms)
✔ sqlite: authorized internal model retains the floor through a forced compact and stored request (114.595667ms)
✔ sqlite: disclosure revoked during source assembly stops the estimator before it receives prose (138.903709ms)
✔ sqlite: revoked model disclosure cancels a stored request before adapter entry (169.223792ms)
✔ sqlite: disclosure revoked during stored model input read stops the final transport (115.378167ms)
✔ sqlite: tool access labels cannot authorize restricted task inputs to an external tool (76.979208ms)
✔ sqlite: read permission narrowing does not relabel old task prose as public (122.097875ms)
✔ sqlite: authorized internal tool receives one invocation after current disclosure check (98.918417ms)
✔ sqlite: changed disclosure during asynchronous tool preflight stops adapter entry (132.554125ms)
✔ sqlite: denied channel cannot receive even a queued acknowledgement from restricted work (142.35225ms)
✔ sqlite: disclosure revocation preserves unknown delivery and prevents full-body lookup (148.531625ms)
✔ sqlite: still-authorized unknown delivery uses lookup without resending (138.881792ms)
✔ sqlite: policy changed during artifact check stops an unknown question lookup (166.309375ms)
✔ sqlite: child budget cannot omit or expand parent disclosure policy (68.1045ms)
✔ sqlite: child read-scope narrowing inherits the parent prose floor and blocks model export (98.441916ms)
✔ sqlite: legacy parent cannot classify copied work prose by creating a boundary-enabled child (80.373292ms)
✔ sqlite: floor and active policy cannot be removed by a direct state commit (65.058125ms)
✔ sqlite: classifying a preexisting legacy work requires explicit migration (63.767125ms)
✔ file-journal: restricted work reaches neither external estimator nor model even without an evidence body (201.183916ms)
✔ file-journal: authorized internal model retains the floor through a forced compact and stored request (891.656ms)
✔ file-journal: disclosure revoked during source assembly stops the estimator before it receives prose (268.213542ms)
✔ file-journal: revoked model disclosure cancels a stored request before adapter entry (359.680875ms)
✔ file-journal: disclosure revoked during stored model input read stops the final transport (406.255666ms)
✔ file-journal: tool access labels cannot authorize restricted task inputs to an external tool (353.620583ms)
✔ file-journal: read permission narrowing does not relabel old task prose as public (582.912792ms)
✔ file-journal: authorized internal tool receives one invocation after current disclosure check (516.848667ms)
✔ file-journal: changed disclosure during asynchronous tool preflight stops adapter entry (582.77025ms)
✔ file-journal: denied channel cannot receive even a queued acknowledgement from restricted work (440.157084ms)
✔ file-journal: disclosure revocation preserves unknown delivery and prevents full-body lookup (743.1965ms)
✔ file-journal: still-authorized unknown delivery uses lookup without resending (525.793375ms)
✔ file-journal: policy changed during artifact check stops an unknown question lookup (1013.002167ms)
✔ file-journal: child budget cannot omit or expand parent disclosure policy (291.859667ms)
✔ file-journal: child read-scope narrowing inherits the parent prose floor and blocks model export (406.16175ms)
✔ file-journal: legacy parent cannot classify copied work prose by creating a boundary-enabled child (151.929334ms)
✔ file-journal: floor and active policy cannot be removed by a direct state commit (148.939292ms)
✔ file-journal: classifying a preexisting legacy work requires explicit migration (111.987833ms)
✔ memory state adapter applies the same floor transition guard as persistent adapters (0.468958ms)
✔ direct structured adapter denies estimation and transport using the retained context floor (0.982042ms)
✔ disclosure comparison: twelve A/B/C transport cases use two fixture families and reopened persistent stores (10607.205042ms)
✔ disclosure comparison: independent scoring rejects injected outbound originals even with rewritten measurement claims (234.416834ms)
✔ disclosure comparison: empty release, missing raw checks and advisory authority cannot become passing zero-leak samples (1955.309458ms)
✔ disclosure comparison: same-lineage and renamed copies retain root dependency while missing roots cannot independently complete (1.230458ms)
✔ disclosure comparison: tool and A2A data cannot add policy authority to a strict model proposal or mutate stored work (1.341583ms)
✔ destination rules combine read authority, destination, surface and labels (0.720125ms)
✔ duplicate destinations and rules with arbitrary output keys or ambiguous mappings are rejected (1.727667ms)
✔ child policies cannot remove destination restrictions or increase release budgets (0.094333ms)
✔ sqlite: release keeps only finite mapped facts and preserves immutable internal source proof (144.080375ms)
✔ sqlite: retry and reopen reuse the recorded release without resetting its budget (192.884791ms)
✔ sqlite: lineage aliases count repeated copies as the same source (136.010167ms)
✔ sqlite: release does not accept data-supplied policy, an unknown field value, or missing evidence (167.669584ms)
✔ sqlite: restrict invalidates a stored release and preserves prior disclosure usage (168.191ms)
✔ sqlite: retract invalidates a stored release and preserves prior disclosure usage (146.990167ms)
✔ sqlite: supersede invalidates a stored release and preserves prior disclosure usage (124.944459ms)
✔ sqlite: delete invalidates a stored release and preserves prior disclosure usage (126.712917ms)
✔ sqlite: policy invalidates a stored release and preserves prior disclosure usage (158.079958ms)
✔ sqlite: goal invalidates a stored release and preserves prior disclosure usage (137.06425ms)
✔ sqlite: current read restrictions and wrong actor prevent release and later read (122.753708ms)
✔ sqlite: policy revocation during original read prevents publication (129.97825ms)
✔ sqlite: raw source gates cover every export surface without reclassifying the source (109.18275ms)
✔ sqlite: accumulated bytes and request identity remain binding (134.486458ms)
✔ sqlite: concurrent release publication does not overspend a one-release budget (147.498333ms)
✔ sqlite: release proof and cumulative history cannot be deleted or rewritten (135.1965ms)
✔ file-journal: release keeps only finite mapped facts and preserves immutable internal source proof (416.577042ms)
✔ file-journal: retry and reopen reuse the recorded release without resetting its budget (515.818417ms)
✔ file-journal: lineage aliases count repeated copies as the same source (424.181625ms)
✔ file-journal: release does not accept data-supplied policy, an unknown field value, or missing evidence (268.584792ms)
✔ file-journal: restrict invalidates a stored release and preserves prior disclosure usage (453.065542ms)
✔ file-journal: retract invalidates a stored release and preserves prior disclosure usage (282.676333ms)
✔ file-journal: supersede invalidates a stored release and preserves prior disclosure usage (382.121458ms)
✔ file-journal: delete invalidates a stored release and preserves prior disclosure usage (453.041292ms)
✔ file-journal: policy invalidates a stored release and preserves prior disclosure usage (488.884084ms)
✔ file-journal: goal invalidates a stored release and preserves prior disclosure usage (433.922875ms)
✔ file-journal: current read restrictions and wrong actor prevent release and later read (431.960084ms)
✔ file-journal: policy revocation during original read prevents publication (244.069625ms)
✔ file-journal: raw source gates cover every export surface without reclassifying the source (1338.11675ms)
✔ file-journal: accumulated bytes and request identity remain binding (663.655584ms)
✔ file-journal: concurrent release publication does not overspend a one-release budget (523.942625ms)
✔ file-journal: release proof and cumulative history cannot be deleted or rewritten (398.072417ms)
✔ sqlite: a generic artifact reference cannot bypass its connected evidence restriction (110.113416ms)
✔ sqlite: changed or unavailable memory dependencies stop release and raw views (125.731125ms)
✔ sqlite: a new lineage on derived evidence does not create a new independent root (111.920333ms)
✔ sqlite: a lost commit response cannot erase a disclosure or give its budget back (107.665916ms)
✔ sqlite: an unclassified new work cannot opt in with an empty label floor (100.53075ms)
✔ file-journal: a generic artifact reference cannot bypass its connected evidence restriction (230.659709ms)
✔ file-journal: changed or unavailable memory dependencies stop release and raw views (402.037292ms)
✔ file-journal: a new lineage on derived evidence does not create a new independent root (494.898833ms)
✔ file-journal: a lost commit response cannot erase a disclosure or give its budget back (463.137292ms)
✔ file-journal: an unclassified new work cannot opt in with an empty label floor (126.698292ms)
✔ sqlite: every released transport entry rechecks source authority and receiver binding (104.064209ms)
✔ sqlite: revocation during released source validation prevents receiver entry (127.908459ms)
✔ sqlite: a receiver exception is an unknown outcome with retained release usage and no source-bearing error (138.031459ms)
✔ file-journal: every released transport entry rechecks source authority and receiver binding (590.075542ms)
✔ file-journal: revocation during released source validation prevents receiver entry (442.546666ms)
✔ file-journal: a receiver exception is an unknown outcome with retained release usage and no source-bearing error (373.202125ms)
✔ sqlite: initial model disclosure denial returns a durable blocked workflow and checkpoint (173.893958ms)
✔ sqlite: revoked reserved model is accounted as unused and resumes with one fresh call after reopen (292.391875ms)
✔ sqlite: disclosure changes inside dispatch preflight settle a known-unused reservation instead of escaping (112.242125ms)
✔ sqlite: required result channel denial persists blocked state and can resume delivery from checkpoint (153.047542ms)
✔ sqlite: completed analysis keeps its terminal state while unavailable channel yields an undelivered response (181.6155ms)
✔ sqlite: an unsuccessful resume under unchanged channel policy blocks again without becoming runnable (109.97375ms)
✔ sqlite: simultaneous cancel and disclosure revocation preserve user control and unused accounting (104.046959ms)
✔ sqlite: simultaneous pause and disclosure revocation preserve user control and unused accounting (90.950875ms)
✔ file-journal: initial model disclosure denial returns a durable blocked workflow and checkpoint (1369.66325ms)
✔ file-journal: revoked reserved model is accounted as unused and resumes with one fresh call after reopen (5649.043541ms)
✔ file-journal: disclosure changes inside dispatch preflight settle a known-unused reservation instead of escaping (1608.043292ms)
✔ file-journal: required result channel denial persists blocked state and can resume delivery from checkpoint (2026.982708ms)
✔ file-journal: completed analysis keeps its terminal state while unavailable channel yields an undelivered response (2760.790958ms)
✔ file-journal: an unsuccessful resume under unchanged channel policy blocks again without becoming runnable (1813.392375ms)
✔ file-journal: simultaneous cancel and disclosure revocation preserve user control and unused accounting (1590.537833ms)
✔ file-journal: simultaneous pause and disclosure revocation preserve user control and unused accounting (1687.185041ms)
✔ inject all local ports without a database or channel SDK: documents-simple (6.371041ms)
✔ inject all local ports without a database or channel SDK: observations-simple (0.612541ms)
✔ scripted planner honors cancellation and cannot mutate caller state (0.264667ms)
✔ fake sink exposes delivery uncertainty and deduplicates only matching content (0.102333ms)
✔ evaluation build: none checks source and executed output together (125.74025ms)
✔ evaluation build: source checks source and executed output together (81.701542ms)
✔ evaluation build: compiled checks source and executed output together (89.210917ms)
✔ evaluation build: missing checks source and executed output together (118.025791ms)
✔ evaluation build: runtime checks source and executed output together (88.693375ms)
✔ evaluation build: orphan checks source and executed output together (86.801083ms)
✔ evaluation build: a source change during case selection cannot relabel older compiled execution (158.881917ms)
✔ sqlite: readonly evaluation replay authenticates full receipt history, old originals and the current resume packet after reopen (295.348834ms)
✔ sqlite: version, pins and independently recomputed score are required without writes (227.30175ms)
✔ sqlite: receipt omission, duplicates, absent receipts and changed stored states fail closed (200.956167ms)
✔ sqlite: altered oracle and expected outcome cannot be blessed by recomputing sample and score hashes (186.054916ms)
✔ sqlite: rehashing an altered or dropped intermediate completion cannot bypass receipt-state binding (238.205417ms)
✔ sqlite: repeated readonly observations and explicit status-only measurement preserve historical receipt validation (281.8895ms)
✔ sqlite: omitted historical artifacts and conflicting refs are detected independently of the supplied list (278.702375ms)
✔ sqlite: deleted original is unavailable even with intact state, score and resume blob (189.2395ms)
✔ sqlite: corrupt original is unavailable even with intact state, score and resume blob (213.660667ms)
✔ sqlite: historical_deleted original is unavailable even with intact state, score and resume blob (250.66625ms)
✔ sqlite: wrong owner and the current actor's narrower label policy cannot replay source bytes (254.225709ms)
✔ sqlite: a currently indexed original cannot override a durable lifecycle tombstone (262.050541ms)
✔ sqlite: foreign, body-altered and lost resume packets fail without regeneration (391.499667ms)
✔ sqlite: canonical changes during original I/O prevent a successful replay result (213.60525ms)
✔ sqlite: a receipt changed after initial validation is caught at the final read boundary (204.382625ms)
✔ sqlite: caller mutation cannot replace the in-flight sample and current actor revocation is detected (194.867ms)
✔ file-journal: readonly evaluation replay authenticates full receipt history, old originals and the current resume packet after reopen (946.929667ms)
✔ file-journal: version, pins and independently recomputed score are required without writes (455.401958ms)
✔ file-journal: receipt omission, duplicates, absent receipts and changed stored states fail closed (657.058542ms)
✔ file-journal: altered oracle and expected outcome cannot be blessed by recomputing sample and score hashes (614.705084ms)
✔ file-journal: rehashing an altered or dropped intermediate completion cannot bypass receipt-state binding (804.93775ms)
✔ file-journal: repeated readonly observations and explicit status-only measurement preserve historical receipt validation (768.982959ms)
✔ file-journal: omitted historical artifacts and conflicting refs are detected independently of the supplied list (827.97975ms)
✔ file-journal: deleted original is unavailable even with intact state, score and resume blob (692.993917ms)
✔ file-journal: corrupt original is unavailable even with intact state, score and resume blob (773.509333ms)
✔ file-journal: historical_deleted original is unavailable even with intact state, score and resume blob (740.412083ms)
✔ file-journal: wrong owner and the current actor's narrower label policy cannot replay source bytes (702.872ms)
✔ file-journal: a currently indexed original cannot override a durable lifecycle tombstone (745.889875ms)
✔ file-journal: foreign, body-altered and lost resume packets fail without regeneration (1363.078084ms)
✔ file-journal: canonical changes during original I/O prevent a successful replay result (663.778583ms)
✔ file-journal: a receipt changed after initial validation is caught at the final read boundary (708.128875ms)
✔ file-journal: caller mutation cannot replace the in-flight sample and current actor revocation is detected (1016.680708ms)
✔ forgotten evidence is rediscovered by ID, source, locator or facts without returning fact bodies (21.674375ms)
✔ hidden, retracted, superseded and parent-retracted evidence never contributes cards or hasMore (8.695ms)
✔ Korean NFC and NFD clues and English case variants find the same current evidence (8.505291ms)
✔ the evidence discovery tool preserves bounded current-card and partial-call semantics (5.592083ms)
✔ locator truncation preserves the exact evidence ID and reports partial coverage without inventing more matches (5.683334ms)
✔ different owners, tenants and narrower caller labels cannot inspect evidence discovery cards (5.155667ms)
✔ retained knowledge failure at validation 1 blocks cards before return (5.974167ms)
✔ retained knowledge failure at validation 2 blocks cards before return (4.835625ms)
✔ a work retaining knowledge cannot discover derived evidence without its current validator (4.577834ms)
✔ a goal change while the final source-state read waits prevents returning earlier-scope cards (5.038ms)
✔ caller permission narrowing during the knowledge gate is detected even without a work revision change (3.797291ms)
✔ strict discovery arguments reject extra authority, excessive query length and invalid limits (4.747ms)
✔ instructions in source facts remain data and discovery changes no facts, goal, plan or authority (3.884083ms)
✔ pre-aborted discovery uses the common read wrapper without reading the work (4.476791ms)
✔ current and historical views enforce own access, tenant, scope and artifact labels while omitted access stays available (0.669708ms)
✔ two generations of derived evidence lose current validity when an ancestor is retracted or superseded, while history stays readable (0.138167ms)
✔ ancestor restriction, deletion, missing reference or revoked labels blocks current and historical descendants (0.079458ms)
✔ a correction remains a monotonic supersession after retraction, restriction, deletion or permission loss (0.116917ms)
✔ supersession uses the full valid version chain and is independent of record ordering (0.060583ms)
✔ foreign tenant, scope, source, lineage and invalid time cannot suppress a valid original (0.077792ms)
✔ a replacement does not depend on a superseded body being current or present in a selected view (0.0405ms)
✔ cyclic, missing and ambiguous derived references fail closed without removing independent evidence (0.046667ms)
✔ deep derived chains are evaluated without recursive call-stack growth and do not become independent sources (8.104708ms)
✔ record intake accepts parents and descendants in either order and preserves caller objects (3.740833ms)
✔ record intake requires inherited labels on both derivation and replacement edges (0.630875ms)
✔ record intake requires artifact labels to cover the evidence and rejects artifacts outside policy (0.551375ms)
✔ new records inherit transitive dependency labels even if a legacy intermediate record was under-labelled (0.222458ms)
✔ shared ancestry across multiple parents is not mistaken for a cycle (0.090042ms)
✔ derived intake refuses historical or inaccessible ancestors and checks validity after the whole incoming batch (0.365417ms)
✔ replacement intake permits an accessible retracted target but never an inaccessible historical target (0.151583ms)
✔ record intake rejects missing references and invalid tenant, scope, source, lineage or time on replacements (0.402084ms)
✔ record intake rejects self, indirect and mixed cycles before accepting partial lineage (0.1265ms)
✔ omitted and explicit available access are idempotently equivalent but content or access changes cannot overwrite an ID (0.532375ms)
✔ tool-result validation preserves effect, error and artifact guards while using the shared record intake (0.256916ms)
✔ evaluation: fixture truth distinguishes acknowledgement, first original, delivered useful answer and verified completion (4.772375ms)
✔ evaluation: a runtime completed flag cannot replace the fixed expected facts (0.467625ms)
✔ evaluation: absent expected facts do not count as verified evidence or a useful answer (0.237542ms)
✔ evaluation: early delivered answers remain false completion even if the final state later becomes correct (0.293791ms)
✔ evaluation: a correct result before a declared late-evidence release fails the fixed timeline oracle (0.236208ms)
✔ evaluation: wrong source identity cannot satisfy an original named by the fixture oracle (0.192ms)
✔ evaluation: wrong lineage identity cannot satisfy an original named by the fixture oracle (0.164709ms)
✔ evaluation: wrong observation time cannot satisfy an original named by the fixture oracle (0.182625ms)
✔ evaluation: wrong tenant cannot satisfy an original named by the fixture oracle (0.24ms)
✔ evaluation: wrong scope cannot satisfy an original named by the fixture oracle (0.19125ms)
✔ evaluation: restricted label cannot satisfy an original named by the fixture oracle (0.169708ms)
✔ evaluation: restricted access cannot satisfy an original named by the fixture oracle (0.14975ms)
✔ evaluation: retracted source cannot satisfy an original named by the fixture oracle (0.174875ms)
✔ evaluation: copied source cannot satisfy an original named by the fixture oracle (0.138916ms)
✔ evaluation: partial coverage cannot satisfy an original named by the fixture oracle (0.15225ms)
✔ evaluation: two required records from one lineage cannot satisfy a two-source criterion even with matching facts (0.222417ms)
✔ evaluation: duplicate source IDs, current forbidden evidence and unresolved counterevidence fail independently (0.426334ms)
✔ evaluation: a pinned replacement must remain readable, accepted, original and complete without resurrecting its withdrawn predecessor (0.801625ms)
✔ evaluation: hypothesis status and current original support are checked against the pinned final hypothesis (0.23375ms)
✔ evaluation: answer delivery requires authorized routing and explicit required evidence references (0.570625ms)
✔ evaluation: waiting with an unknown delivery reports no useful answer latency and preserves its delivery obligation (0.142417ms)
✔ evaluation: run errors and mismatched final control remain failures even for an expected blocked case (0.1845ms)
✔ evaluation: completed states with pending obligations or an undelivered required response are false completion (0.193167ms)
✔ evaluation: status-only observation of an existing completed work is not a new completion or answer (0.261125ms)
✔ evaluation: cumulative costs cannot disappear and unknown model usage cannot become fabricated zero after resume (0.323041ms)
✔ evaluation: a real late usage report may resolve unknown reservations while preserving known and additional charges (0.697541ms)
✔ evaluation: a gate failure before dispatch costs zero, while a dispatched call denied before invocation remains charged (0.596458ms)
✔ evaluation: observations and source queries can repeat without duplicating intervention or context accounting (0.276791ms)
✔ evaluation: context cost comes from unique persisted model calls and remains distinct from reported token usage (0.490916ms)
✔ evaluation summary: contract success, all-case completion and eligible completion use different explicit denominators (5.215959ms)
✔ evaluation summary: nearest-rank p50/p95 include answer samples only and report the sample count (0.661042ms)
✔ evaluation summary: supplied scores join by case ID and cannot silently replace missing or duplicate cases (0.517666ms)
✔ sqlite: two local callers join one real execution and preserve owner, lease, deadline and one budget charge (226.623333ms)
✔ sqlite: cancelling the initiating caller and another joined caller detaches only their waits (209.619083ms)
✔ sqlite: an already aborted caller cannot create an execution (136.544292ms)
✔ sqlite: another facade observes durable running and settled states without claiming local promise ownership (194.74275ms)
✔ sqlite: a different owner and an expired reservation remain explicit waits without lease renewal or automatic recovery (100.379083ms)
✔ sqlite: reopening a dispatched write never replays it and explicit recovery retains the unknown effect obligation (150.662334ms)
✔ sqlite: reopening after a stored result reports received without executing or adopting it again (197.991834ms)
✔ sqlite: state changes during receipt lookup are reread before the facade decides to execute (128.977708ms)
✔ sqlite: a reporting read error after successful execution is shared as an error and retry only observes the durable result (201.927167ms)
✔ file-journal: two local callers join one real execution and preserve owner, lease, deadline and one budget charge (787.787416ms)
✔ file-journal: cancelling the initiating caller and another joined caller detaches only their waits (710.798083ms)
✔ file-journal: an already aborted caller cannot create an execution (332.194666ms)
✔ file-journal: another facade observes durable running and settled states without claiming local promise ownership (667.562125ms)
✔ file-journal: a different owner and an expired reservation remain explicit waits without lease renewal or automatic recovery (442.174041ms)
✔ file-journal: reopening a dispatched write never replays it and explicit recovery retains the unknown effect obligation (486.978209ms)
✔ file-journal: reopening after a stored result reports received without executing or adopting it again (720.69475ms)
✔ file-journal: state changes during receipt lookup are reread before the facade decides to execute (347.2115ms)
✔ file-journal: a reporting read error after successful execution is shared as an error and retry only observes the durable result (596.992875ms)
✔ execution mode CLI sqlite: fast reception survives process exit and repeated status is read-only (1076.414542ms)
✔ execution mode CLI sqlite: mode command is durable and idempotent while stale revisions do not change state (1376.599ms)
✔ execution mode CLI sqlite: a pending mode change is visible after exit and preserves the reserved attempt (1312.804666ms)
✔ execution mode CLI sqlite: enum, both revisions and an explicit nonblank reason are required (1141.107042ms)
✔ execution mode CLI sqlite: irrelevant mode options are rejected before opening a profile (555.76575ms)
✔ execution mode CLI sqlite documents-simple: changing mode preserves the goal, original source and completed work (1737.318083ms)
✔ execution mode CLI sqlite observations-simple: changing mode preserves the goal, original source and completed work (1691.725042ms)
✔ execution mode CLI file-journal: fast reception survives process exit and repeated status is read-only (2419.510792ms)
✔ execution mode CLI file-journal: mode command is durable and idempotent while stale revisions do not change state (2339.441708ms)
✔ execution mode CLI file-journal: a pending mode change is visible after exit and preserves the reserved attempt (3085.883917ms)
✔ execution mode CLI file-journal: enum, both revisions and an explicit nonblank reason are required (1608.874875ms)
✔ execution mode CLI file-journal: irrelevant mode options are rejected before opening a profile (535.901875ms)
✔ execution mode CLI file-journal documents-simple: changing mode preserves the goal, original source and completed work (4354.657167ms)
✔ execution mode CLI file-journal observations-simple: changing mode preserves the goal, original source and completed work (3756.354959ms)
✔ sqlite/documents-simple/auto: one necessary plan and observation complete with no extra investigation (414.772458ms)
✔ sqlite/documents-simple/fast: one necessary plan and observation complete with no extra investigation (395.083ms)
✔ sqlite/documents-simple/deep: one necessary plan and observation complete with no extra investigation (347.930417ms)
✔ sqlite/observations-simple/auto: one necessary plan and observation complete with no extra investigation (424.879708ms)
✔ sqlite/observations-simple/fast: one necessary plan and observation complete with no extra investigation (566.663584ms)
✔ sqlite/observations-simple/deep: one necessary plan and observation complete with no extra investigation (455.060333ms)
✔ sqlite/documents-complex/auto: complex scope is either validated for investigation or rejected without false completion (643.175833ms)
✔ sqlite/documents-complex/fast: complex scope is either validated for investigation or rejected without false completion (238.9455ms)
✔ sqlite/documents-complex/deep: complex scope is either validated for investigation or rejected without false completion (680.660292ms)
✔ sqlite/observations-complex/auto: complex scope is either validated for investigation or rejected without false completion (530.306834ms)
✔ sqlite/observations-complex/fast: complex scope is either validated for investigation or rejected without false completion (335.071625ms)
✔ sqlite/observations-complex/deep: complex scope is either validated for investigation or rejected without false completion (595.339666ms)
✔ sqlite: mode commands enforce owner and both revisions, remain idempotent, and preserve goal and costs (98.207417ms)
✔ sqlite: lowering to fast after two paid reads cannot reset usage or oversubscribe the next reservation (285.8925ms)
✔ sqlite: explicit model cap and fast cap include reservations and do not reopen paid capacity (612.577417ms)
✔ sqlite: a running model keeps its pending mode request and late reply accounting until the next safe boundary (314.235375ms)
✔ sqlite: a pending mode survives reserved model restart without invalidating its stored input (498.474917ms)
✔ sqlite: cancel overrides a pending mode without discarding late measured model costs (274.735416ms)
✔ sqlite: deep to fast retains original goal, completed tasks, checkpoint and result reuse after reopen (395.595292ms)
✔ sqlite: fast keeps mandatory review of existing hypotheses and cannot replace it with premature completion (425.161792ms)
✔ sqlite: legacy model reservations keep their version-one basis when a pending mode first materializes control (310.662583ms)
✔ sqlite: a newer mode wins a pending-mode boundary CAS race (175.051875ms)
✔ sqlite: a newer cancel wins a pending-mode boundary CAS race (177.559084ms)
✔ sqlite: cancellation during model backoff publication returns current control without failing the workflow (281.537ms)
✔ sqlite: auto mode change and reopen preserve a partial collection's original goal and explicit resume chain (1052.642458ms)
✔ file-journal/documents-simple/auto: one necessary plan and observation complete with no extra investigation (3361.799416ms)
✔ file-journal/documents-simple/fast: one necessary plan and observation complete with no extra investigation (3307.619708ms)
✔ file-journal/documents-simple/deep: one necessary plan and observation complete with no extra investigation (3248.591167ms)
✔ file-journal/observations-simple/auto: one necessary plan and observation complete with no extra investigation (3490.131666ms)
✔ file-journal/observations-simple/fast: one necessary plan and observation complete with no extra investigation (3843.627667ms)
✔ file-journal/observations-simple/deep: one necessary plan and observation complete with no extra investigation (3794.955792ms)
✔ file-journal/documents-complex/auto: complex scope is either validated for investigation or rejected without false completion (4868.225042ms)
✔ file-journal/documents-complex/fast: complex scope is either validated for investigation or rejected without false completion (788.822083ms)
✔ file-journal/documents-complex/deep: complex scope is either validated for investigation or rejected without false completion (4359.862708ms)
✔ file-journal/observations-complex/auto: complex scope is either validated for investigation or rejected without false completion (3175.719542ms)
✔ file-journal/observations-complex/fast: complex scope is either validated for investigation or rejected without false completion (1002.010084ms)
✔ file-journal/observations-complex/deep: complex scope is either validated for investigation or rejected without false completion (3507.382375ms)
✔ file-journal: mode commands enforce owner and both revisions, remain idempotent, and preserve goal and costs (460.573291ms)
✔ file-journal: lowering to fast after two paid reads cannot reset usage or oversubscribe the next reservation (1077.585334ms)
✔ file-journal: explicit model cap and fast cap include reservations and do not reopen paid capacity (2089.437333ms)
✔ file-journal: a running model keeps its pending mode request and late reply accounting until the next safe boundary (2176.17275ms)
✔ file-journal: a pending mode survives reserved model restart without invalidating its stored input (2780.524375ms)
✔ file-journal: cancel overrides a pending mode without discarding late measured model costs (992.247792ms)
✔ file-journal: deep to fast retains original goal, completed tasks, checkpoint and result reuse after reopen (2108.714375ms)
✔ file-journal: fast keeps mandatory review of existing hypotheses and cannot replace it with premature completion (2522.124542ms)
✔ file-journal: legacy model reservations keep their version-one basis when a pending mode first materializes control (1212.78775ms)
✔ file-journal: a newer mode wins a pending-mode boundary CAS race (935.979084ms)
✔ file-journal: a newer cancel wins a pending-mode boundary CAS race (854.902167ms)
✔ file-journal: cancellation during model backoff publication returns current control without failing the workflow (908.969167ms)
✔ file-journal: auto mode change and reopen preserve a partial collection's original goal and explicit resume chain (5527.091959ms)
✔ local versioned defaults select direct auto/fast and investigate deep without allocating work (1.747375ms)
✔ new controls snapshot caller policy and never expose the default policy for mutation (0.057417ms)
✔ legacy goals supply initial mode while a saved control overrides it without mutating state (2.571291ms)
✔ effective fast limits are absolute work caps and retain token/time limits (0.216333ms)
✔ auto starts direct while retaining the user work limits before evidence or strategy expansion (0.298833ms)
✔ explicit work caps beat mode policy and mode changes cannot grant a fresh allowance (0.154208ms)
✔ investigate strategies retain explicit work limits and pending mode requests have no effect yet (0.116625ms)
✔ fast allows completed history plus one pending task and counts only current adopted successes (1.171458ms)
✔ fast rejects an oversized pending graph or hypotheses without mutating or silently escalating (0.196083ms)
✔ fast preserves and reviews existing hypotheses while rejecting new optional hypotheses (0.164625ms)
✔ policy-specific scope limits are used instead of hard coded local defaults (0.131167ms)
✔ auto expands only validated plan scope and preserves investigate strategy on smaller subsequent plans (0.156ms)
✔ deep permits a simple or empty plan without manufacturing tasks or hypotheses (0.084625ms)
✔ automatic expansion requires available relevant new evidence and an unmet criterion (0.20025ms)
✔ irrelevant, inaccessible, retracted and another-scope facts cannot justify expansion (0.296ms)
✔ current counterevidence justifies investigation even if it has already been assessed (0.07725ms)
✔ current hypotheses allow review but sufficiently assessed completed goals do not expand (0.095208ms)
✔ permission failure, empty responses and exhausted budgets are not independent escalation evidence (0.076125ms)
✔ pending obligations, active calls, terminal states and explicit modes suppress automatic expansion (0.221084ms)
✔ delivery waiting does not manufacture completion or suppress investigation of unmet criteria (0.073875ms)
✔ a reserved, running or received model prevents expansion until its existing call is settled (0.172791ms)
✔ policy contracts reject unknown fields, unsafe counts and blank versions while allowing explicit zero caps (0.542833ms)
✔ control contracts enforce current mode strategy and preserve distinct pending requests (0.343708ms)
✔ documents-simple: validated plan executes to verified completion without additional planner calls (22.453333ms)
✔ observations-simple: validated plan executes to verified completion without additional planner calls (10.388875ms)
✔ invalid plans fail before budget or execution: stale, cyclic, missing deps, schema, effects, permission and IDs (4.610167ms)
✔ plan commands deduplicate after later state changes; task IDs cannot hide changed inputs (5.025084ms)
✔ discarded unexecuted task ID still cannot acquire a different contract (3.488834ms)
✔ scripted planner proposal enters the real validator and executor only when control requests a plan (5.317292ms)
✔ dependencies execute in order; partial observations require another source, not false completion (7.074041ms)
✔ empty queue is replan; wake conditions, tool budget, deadline and cancellation produce distinct controls (4.441792ms)
✔ only authorized current-goal commands mutate state; duplicate cancellation is stable (3.221833ms)
✔ competing executors cannot both reserve or replay dispatch (4.223125ms)
✔ late tool result after cancel is recorded without adopting or reversing the command (5.464208ms)
✔ late tool result after goal is recorded without adopting or reversing the command (3.948833ms)
✔ expired dispatched read has bounded retry or explicit unknown effect (3.477292ms)
✔ expired dispatched write has bounded retry or explicit unknown effect (3.861042ms)
✔ invalid result identity, labels, references and output cannot become accepted evidence (22.825666ms)
✔ stored received result resumes in reopened SQLite and artifact stores without invoking tool again (164.747291ms)
✔ tool JSON schema validation compiles once, rejects unsupported schema and preserves inputs (2.818ms)
✔ successful dependency chain follows DAG order even when task array is reversed (5.94225ms)
✔ pause before dispatch releases reservation; resume and repeated old pause do not cancel new execution (4.875833ms)
✔ tool failures retry only within attempt budget and repeated empty replans exhaust their own budget (7.714ms)
✔ unconfirmed write is unknown and cannot satisfy the goal or be retried by a renamed task (5.0525ms)
✔ lease timeout yields even for a tool that ignores cancellation; late result cannot finish the goal (24.724791ms)
✔ permission revocation after reservation is rechecked before dispatch and durably blocks execution (4.5375ms)
✔ memory: waiting execution wakes only for expired lease or received result (10.033833ms)
✔ sqlite: waiting execution wakes only for expired lease or received result (99.931083ms)
✔ baseline documents-complex (2.839ms)
✔ baseline documents-simple (0.343458ms)
✔ baseline observations-complex (0.315291ms)
✔ baseline observations-simple (0.139458ms)
✔ both domains use the same schema and include simple/complex baselines (0.312791ms)
✔ fixture oracle rejects missing references and duplicated evidence IDs (0.886292ms)
✔ repetition and permutation cannot create independent sources (0.132208ms)
✔ completed facts do not discharge an unrelated pending obligation (0.058417ms)
✔ sqlite: valid original guidance remains readable through two historical copies and records actual file probe bytes (424.910291ms)
✔ sqlite: body-edited without refresh invalidates original guidance history and two stored copies (437.605125ms)
✔ sqlite: body-deleted without refresh invalidates original guidance history and two stored copies (574.020291ms)
✔ sqlite: catalog-rules-changed without refresh invalidates original guidance history and two stored copies (410.050291ms)
✔ file-journal: valid original guidance remains readable through two historical copies and records actual file probe bytes (2944.013042ms)
✔ file-journal: body-edited without refresh invalidates original guidance history and two stored copies (2678.647709ms)
✔ file-journal: body-deleted without refresh invalidates original guidance history and two stored copies (2891.641042ms)
✔ file-journal: catalog-rules-changed without refresh invalidates original guidance history and two stored copies (2637.959666ms)
✔ guidance refresh stages every provider page and only then replaces the complete snapshot (10.489042ms)
✔ guidance failure listing leaves the previous snapshot usable (0.784208ms)
✔ guidance mixed listing leaves the previous snapshot usable (0.492334ms)
✔ guidance duplicate listing leaves the previous snapshot usable (0.793209ms)
✔ guidance cycle listing leaves the previous snapshot usable (0.640416ms)
✔ guidance page-bound listing leaves the previous snapshot usable (0.365625ms)
✔ guidance entry-bound listing leaves the previous snapshot usable (0.310125ms)
✔ guidance byte-bound listing leaves the previous snapshot usable (0.268291ms)
✔ guidance abort and late completion cannot replace a published listing (0.742125ms)
✔ guidance concurrent refresh rejects an earlier listing and a complete empty snapshot retires entries (0.482417ms)
✔ legacy list/load remains compatible and missing source validation disables body reuse (1.495958ms)
✔ guidance pages reach beyond 20 and preserve item and whole UTF-8 page bounds (6.897667ms)
✔ guidance cursor binds kind, owner, permission and snapshot and hides unauthorized counts (1.452084ms)
✔ hot guidance reuses only body/artifact while rules, selection reason and method are current (0.685083ms)
✔ guidance body cache cannot bypass current tenant, label or work-kind restrictions (0.438167ms)
✔ guidance cache obeys entry/byte bounds, evicts unused bodies and isolates artifact stores (0.946125ms)
✔ a body larger than the cache byte budget is read and decoded on every load (0.466958ms)
✔ a pending hot load cannot exceed cache bounds when another body evicts its old entry (0.432208ms)
✔ a cold legacy-source load rechecks its manifest after artifact persistence (0.2745ms)
✔ source changes during an artifact check are caught by the final probe (0.276167ms)
✔ manifest refresh during final validation rejects a hot result from the previous rules (0.297ms)
✔ load cancellation cannot publish a cache entry after an ignored-signal provider returns (0.284833ms)
✔ file guidance reports actual cold/hot original I/O separately from put/decode reuse (24.362834ms)
ℹ {"coldOriginalReads":2,"hotOriginalReads":1,"coldOriginalBytes":48,"hotOriginalBytes":24,"source":{"catalogReads":7,"catalogBytes":2702,"bodyReads":3,"bodyBytes":72,"readCalls":1,"validateCalls":2},"catalog":{"sourceReadCalls":1,"sourceReadBytes":24,"sourceValidateCalls":2,"artifactPutCalls":1,"artifactCheckCalls":1,"bodyDecodes":1,"cacheHits":1,"cacheMisses":1,"cachedBodies":1,"cachedBytes":24},"artifactPuts":1,"artifactChecks":1}
✔ file guidance cache never bypasses a deleted original source (19.286708ms)
✔ file guidance cache never bypasses a modified original source (20.942167ms)
✔ file guidance cache never bypasses a manifest original source (36.656708ms)
✔ file guidance refresh observes a new catalog, preserves same-body cache and rejects invalid replacements (40.227167ms)
✔ guidance resources documents-simple: cold and hot runtime loads retain provenance and report original I/O separately (35.703041ms)
ℹ {"family":"documents-simple","coldOriginalBytes":58,"hotOriginalBytes":29,"coldMetrics":{"sourceReadCalls":1,"sourceReadBytes":29,"sourceValidateCalls":1,"artifactPutCalls":1,"artifactCheckCalls":0,"bodyDecodes":1,"cacheHits":0,"cacheMisses":1,"cachedBodies":1,"cachedBytes":29},"hotMetrics":{"sourceReadCalls":1,"sourceReadBytes":29,"sourceValidateCalls":2,"artifactPutCalls":1,"artifactCheckCalls":1,"bodyDecodes":1,"cacheHits":1,"cacheMisses":1,"cachedBodies":1,"cachedBytes":29}}
✔ guidance resources documents-simple: policy revocation during a hot validation suppresses the cached body (10.050375ms)
✔ guidance resources documents-simple: a goal change while the source read waits cannot return the previous selection (7.331208ms)
✔ guidance resources documents-simple: a refreshed version cannot be replaced by an in-flight older load (5.512833ms)
✔ guidance resources documents-simple: cancellation reaches a pending source and returns no late body (5.895083ms)
✔ guidance resources observations-simple: cold and hot runtime loads retain provenance and report original I/O separately (8.744083ms)
ℹ {"family":"observations-simple","coldOriginalBytes":58,"hotOriginalBytes":29,"coldMetrics":{"sourceReadCalls":1,"sourceReadBytes":29,"sourceValidateCalls":1,"artifactPutCalls":1,"artifactCheckCalls":0,"bodyDecodes":1,"cacheHits":0,"cacheMisses":1,"cachedBodies":1,"cachedBytes":29},"hotMetrics":{"sourceReadCalls":1,"sourceReadBytes":29,"sourceValidateCalls":2,"artifactPutCalls":1,"artifactCheckCalls":1,"bodyDecodes":1,"cacheHits":1,"cacheMisses":1,"cachedBodies":1,"cachedBytes":29}}
✔ guidance resources observations-simple: policy revocation during a hot validation suppresses the cached body (6.100667ms)
✔ guidance resources observations-simple: a goal change while the source read waits cannot return the previous selection (4.808833ms)
✔ guidance resources observations-simple: a refreshed version cannot be replaced by an in-flight older load (4.852708ms)
✔ guidance resources observations-simple: cancellation reaches a pending source and returns no late body (4.367833ms)
✔ guidance resources: paginated cards respect the complete output byte budget and never read guidance bodies (9.550458ms)
✔ guidance resources: cursors cannot cross kind, caller labels, owner or a refreshed listing (5.015833ms)
✔ guidance resources: legacy discovery keeps its original shape and current method in both work families (10.721ms)
✔ guidance resources: optional paging fields are strict and pre-aborted discovery performs no original reads (4.867292ms)
✔ legacy current validation reads original bytes and a fresh listing and accounts for each cost (4.540375ms)
✔ legacy cold load compares a fresh manifest without duplicating the original read (0.791333ms)
✔ a cancelled current probe makes no original read and a failed fresh listing is not accepted (1.306459ms)
✔ sqlite: context compilation refuses delete in an original guidance source (313.287875ms)
✔ sqlite: context compilation refuses modify in an original guidance source (375.789583ms)
✔ sqlite: context compilation refuses rules in an original guidance source (311.959208ms)
✔ sqlite: restarted stored model input cannot send a deleted original guide (477.731209ms)
✔ sqlite: restarted stored model input cannot send a modifyd original guide (414.636583ms)
✔ sqlite: policy during original-source validation stops transport and settles zero usage (495.604459ms)
✔ sqlite: goal during original-source validation stops transport and settles zero usage (413.870917ms)
✔ sqlite: cancel during original-source validation stops transport and settles zero usage (419.824167ms)
✔ sqlite: manifest refresh after the source probe is caught after final state lookup (473.083209ms)
✔ sqlite: an ignored-signal original probe is stopped by the remaining model lease (648.762917ms)
✔ sqlite: stored guidance loss during source probe blocks transport and prevents settlement until repair (459.451375ms)
✔ sqlite: unchanged original guidance sends the exact stored request once after restart (364.132709ms)
✔ file-journal: context compilation refuses delete in an original guidance source (1027.957833ms)
✔ file-journal: context compilation refuses modify in an original guidance source (1123.118ms)
✔ file-journal: context compilation refuses rules in an original guidance source (1163.0025ms)
✔ file-journal: restarted stored model input cannot send a deleted original guide (1827.750375ms)
✔ file-journal: restarted stored model input cannot send a modifyd original guide (1687.845292ms)
✔ file-journal: policy during original-source validation stops transport and settles zero usage (1445.574708ms)
✔ file-journal: goal during original-source validation stops transport and settles zero usage (1946.244375ms)
✔ file-journal: cancel during original-source validation stops transport and settles zero usage (1897.0535ms)
✔ file-journal: manifest refresh after the source probe is caught after final state lookup (1420.071041ms)
✔ file-journal: an ignored-signal original probe is stopped by the remaining model lease (1733.789958ms)
✔ file-journal: stored guidance loss during source probe blocks transport and prevents settlement until repair (1901.974458ms)
✔ file-journal: unchanged original guidance sends the exact stored request once after restart (2068.938792ms)
✔ invocation copies: two real canonical copies expose the still-authorized original without executing it again (38.033417ms)
✔ invocation copies: retaining only calls.get permission does not restore a revoked source tool (15.420583ms)
✔ invocation copies: current guidance version replacement blocks the copied earlier guide (20.080125ms)
✔ invocation copies: same-version manifest replacement and new guidance labels also block nested bodies (12.891584ms)
✔ invocation copies: catalog target permission is rechecked through both copies (12.232791ms)
✔ invocation copies: catalog target version is rechecked through both copies (15.270708ms)
✔ invocation copies: catalog target definition is rechecked through both copies (15.98075ms)
✔ invocation copies: a missing canonical source receipt is rejected (9.928292ms)
✔ invocation copies: a foreign-owner canonical source receipt is rejected (8.575709ms)
✔ invocation copies: a foreign-tenant canonical source receipt is rejected (9.457917ms)
✔ invocation copies: a foreign-work canonical source receipt is rejected (9.903083ms)
✔ invocation copies: a input-digest canonical source receipt is rejected (9.862584ms)
✔ invocation copies: missing source artifacts invalidate copied bodies even when copy artifacts remain readable (10.299708ms)
✔ invocation copies: a modified copied body must still equal its canonical source result (9.613583ms)
✔ invocation copies: source knowledge is validated and propagated even if an older copy omitted its dependency metadata (10.361667ms)
✔ invocation copies: permission changes during a source receipt read prevent returning the already-read copy (9.876959ms)
✔ invocation copies: a canonical input cycle is rejected before following the same receipt twice (10.557125ms)
✔ invocation copies: the 64-node source boundary accepts 63 copies and rejects one further copy (570.40275ms)
✔ sqlite: two invocation copies recheck remove registry change after source artifact read (463.334292ms)
✔ sqlite: two invocation copies recheck labels registry change after source artifact read (422.434125ms)
✔ sqlite: two invocation copies recheck description registry change after source artifact read (349.46275ms)
✔ sqlite: two invocation copies recheck unrelated registry change after source artifact read (380.991166ms)
✔ sqlite: an executed third calls.get stores no private body when source is removed during its read (434.105ms)
✔ sqlite: catalog target pin is rechecked after final asynchronous state validation (364.086041ms)
✔ sqlite: a same-version guidance manifest change cannot survive copied body verification (534.002375ms)
✔ file-journal: two invocation copies recheck remove registry change after source artifact read (2712.535125ms)
✔ file-journal: two invocation copies recheck labels registry change after source artifact read (2251.146ms)
✔ file-journal: two invocation copies recheck description registry change after source artifact read (2905.246792ms)
✔ file-journal: two invocation copies recheck unrelated registry change after source artifact read (2408.600625ms)
✔ file-journal: an executed third calls.get stores no private body when source is removed during its read (3175.084625ms)
✔ file-journal: catalog target pin is rechecked after final asynchronous state validation (2890.020167ms)
✔ file-journal: a same-version guidance manifest change cannot survive copied body verification (2968.554875ms)
✔ file journal: exception at candidate_synced preserves the publication boundary and retry identity (229.933167ms)
✔ file journal: actual SIGKILL at candidate_synced reopens a whole commit or no commit (276.61575ms)
✔ file journal: exception at published preserves the publication boundary and retry identity (200.912583ms)
✔ file journal: actual SIGKILL at published reopens a whole commit or no commit (283.122291ms)
✔ file journal: exception at directory_synced preserves the publication boundary and retry identity (249.118958ms)
✔ file journal: actual SIGKILL at directory_synced reopens a whole commit or no commit (282.840958ms)
✔ file journal: a reader and duplicate retry observe a whole published record while its writer is pending (222.671917ms)
✔ file journal: directory sync failure prevents reads and duplicate acknowledgements without rolling back publication (138.892125ms)
✔ file journal: listing retries the first record when publication follows its initial ENOENT (170.168209ms)
✔ file journal: checksum corruption blocks reads and subsequent commits without overwriting the damaged record (83.945208ms)
✔ file journal: an intact record checksum does not hide a broken previous-hash link (130.10225ms)
✔ file journal: deleting a middle revision rejects the incomplete prefix (183.916875ms)
✔ file journal: changing store identity is rejected by an open instance and by replay after reopening (92.747ms)
✔ file journal: a missing format header does not initialize a populated store as empty (89.989875ms)
✔ file journal: existing root, work and record symlinks are rejected without following their contents (260.184583ms)
✔ file journal: group or other permissions on the root and records are rejected (160.666ms)
✔ file journal: an observed root or work directory replacement cannot reset the open repository (167.089833ms)
✔ file journal: record size limits reject both publication and oversized persisted input (161.815917ms)
✔ file journal: closed instances reject every repository operation while reopening retains data (130.974541ms)
✔ file journal: revision zero is invalid layout and cannot be silently ignored (85.183292ms)
✔ sqlite: same-work recall survives dispatch, receipt and unrelated revision bookkeeping (390.024125ms)
✔ sqlite: cross-work memory copy keeps custody across a goal change and blocks a prepared result after source deletion (817.761291ms)
✔ sqlite: source deletion after a cross-goal copied memory cancels a reserved effect before invocation (485.177ms)
✔ sqlite: stored model input contains recalled bodies while hiding internal custody metadata (668.78725ms)
✔ sqlite: reopening without a knowledge validator blocks retained originals and reserved effects (537.948458ms)
✔ sqlite: deleting another work's source while adopt commit waits quarantines the copied evidence before return (403.287ms)
✔ file-journal: same-work recall survives dispatch, receipt and unrelated revision bookkeeping (3191.529875ms)
✔ file-journal: cross-work memory copy keeps custody across a goal change and blocks a prepared result after source deletion (11997.080042ms)
✔ file-journal: source deletion after a cross-goal copied memory cancels a reserved effect before invocation (7765.62925ms)
✔ file-journal: stored model input contains recalled bodies while hiding internal custody metadata (9877.215584ms)
✔ file-journal: reopening without a knowledge validator blocks retained originals and reserved effects (5550.061791ms)
✔ file-journal: deleting another work's source while adopt commit waits quarantines the copied evidence before return (4389.850875ms)
✔ memory tools expose read cards, internal dependencies and schema-valid results (sqlite) (180.822083ms)
✔ memory tool authority intersects destination, caller and fresh trusted identity (sqlite) (160.915833ms)
✔ memory reads constrain IDs and searches to the current goal scope (sqlite) (215.532ms)
✔ memory tools expose read cards, internal dependencies and schema-valid results (file-journal) (1469.054167ms)
✔ memory tool authority intersects destination, caller and fresh trusted identity (file-journal) (490.298917ms)
✔ memory reads constrain IDs and searches to the current goal scope (file-journal) (859.719458ms)
✔ memory tools report bounded references without bodies, including multibyte oversized references (156.923542ms)
✔ memory search distinguishes result truncation and index errors from complete absence (197.73175ms)
✔ memory tools discard a copied card when trusted-owner changes during a repository wait (151.112166ms)
✔ memory tools discard a copied card when work-owner changes during a repository wait (196.076083ms)
✔ memory tools discard a copied card when caller-labels changes during a repository wait (177.635083ms)
✔ memory tools discard a copied card when work-labels changes during a repository wait (178.098417ms)
✔ memory tools discard a copied card when goal changes during a repository wait (203.675042ms)
✔ memory tools discard a copied card when generation changes during a repository wait (200.159625ms)
✔ memory tools discard a copied card when cancel changes during a repository wait (225.716542ms)
✔ each fresh trusted actor lookup must match the work owner, including the final return check (178.208375ms)
✔ dependency validation uses current source, record and caller permissions without a stale service cache (180.247542ms)
✔ memory adapters do not mutate the caller policy and normalize invalid input and pre-abort (144.578458ms)
✔ knowledge exact lookup precedes index, Korean/English and conditional search use current sources (sqlite) (134.466167ms)
✔ knowledge exact lookup precedes index, Korean/English and conditional search use current sources (file-journal) (348.786792ms)
✔ private memory needs explicit submission and another reviewer of the exact content revision (136.51575ms)
✔ source retracted prevents direct, cached lexical and dependency reuse (137.330917ms)
✔ source restricted prevents direct, cached lexical and dependency reuse (175.355083ms)
✔ source deleted prevents direct, cached lexical and dependency reuse (210.2195ms)
✔ source corrected prevents direct, cached lexical and dependency reuse (171.106791ms)
✔ source policy prevents direct, cached lexical and dependency reuse (117.081833ms)
✔ source generation prevents direct, cached lexical and dependency reuse (138.139584ms)
✔ ancestor changes and derived memories retain source identity without inflating independent provenance (201.887916ms)
✔ review CAS prevents a reviewed draft from being silently replaced or shared after editing (122.679167ms)
✔ source or actor changes while source reads wait cannot return stale memory content (204.552208ms)
✔ a delayed candidate cache fill rechecks namespace authority before returning cards or counts (184.806041ms)
✔ index errors remain distinct from absence and rebuild never resurrects deleted or expired content (237.052916ms)
✔ SQLite reopen retains memory, review, cursor and receipts; competing writers use revision CAS (166.81225ms)
✔ source and knowledge stores close and reopen with reviewed memory and index intact (238.824166ms)
✔ bounded results report truncation only after current visibility filtering (175.730375ms)
✔ deletion while a repeated source check waits is noticed before returning the memory card (220.991833ms)
✔ source deletion after the second source snapshot cannot return its old card (213.127625ms)
✔ batch dependency fences notice an earlier card source changing while a later card is checked (194.044ms)
✔ retracted memory can subsequently be deleted while preserving the revision and idempotency rules (171.892458ms)
✔ a pruned limited search stays partial when an unread matching candidate remains (159.86475ms)
✔ unrelated work revisions preserve semantic dependencies while changed source content does not (155.493208ms)
✔ dependency contracts reject forged fields, unsafe revisions, malformed hashes and duplicate references (107.95725ms)
✔ continuously changing coherent-read revisions stop after a bounded number of fences (211.46275ms)
✔ local evaluation: 192 pinned cases retain two families, two stores, three modes and sixteen variants without duplicate IDs (13.349125ms)
✔ local evaluation sqlite/document_comparison: simple actual workflow and read-only replay preserve one model, one tool and one delivered answer (679.986833ms)
✔ local evaluation sqlite/observation_review: simple actual workflow and read-only replay preserve one model, one tool and one delivered answer (648.16775ms)
✔ local evaluation sqlite: complex original amendments change the hypothesis and require later model assessments (1316.164ms)
✔ local evaluation sqlite: fast limits reject a complex plan without claiming goal completion or invoking its tool (895.848542ms)
✔ local evaluation sqlite: stored_model_resume actually crosses reopen with a received response and does not invoke it again (701.58375ms)
✔ local evaluation sqlite: stored_tool_resume actually crosses reopen with a received response and does not invoke it again (744.808459ms)
✔ local evaluation sqlite: forced compact is persisted before reopen and subsequent model calls assess later originals (1868.200792ms)
✔ local evaluation sqlite: next-day reply preserves a real wait interval with no model or tool entries (1036.644708ms)
✔ local evaluation sqlite: status-only keeps its recorded state unchanged with no execution or transport (213.267167ms)
✔ local evaluation sqlite: source_missing reaches the intended failure boundary and stays incomplete (1199.099875ms)
✔ local evaluation sqlite: partial_result reaches the intended failure boundary and stays incomplete (1663.069875ms)
✔ local evaluation sqlite: tool_errors reaches the intended failure boundary and stays incomplete (878.612916ms)
✔ local evaluation sqlite: model_errors reaches the intended failure boundary and stays incomplete (1159.804208ms)
✔ local evaluation sqlite: permission_revoked reaches the intended failure boundary and stays incomplete (879.076667ms)
✔ local evaluation sqlite: cancellation occurs after model entry and preserves its reported usage without a tool or answer (597.849417ms)
✔ local evaluation sqlite: requested mode change is first pending during the entered call and later applied (726.208375ms)
✔ local evaluation sqlite: unknown result delivery produces lookup rather than a duplicate send or false completion (828.675166ms)
✔ local evaluation sqlite/document_comparison: late counterevidence is actually observed before final judgment (1614.403625ms)
✔ local evaluation sqlite/observation_review: late counterevidence is actually observed before final judgment (1706.477084ms)
✔ local evaluation file-journal/document_comparison: simple actual workflow and read-only replay preserve one model, one tool and one delivered answer (5133.699084ms)
✔ local evaluation file-journal/observation_review: simple actual workflow and read-only replay preserve one model, one tool and one delivered answer (5024.217125ms)
✔ local evaluation file-journal: complex original amendments change the hypothesis and require later model assessments (12938.235375ms)
✔ local evaluation file-journal: fast limits reject a complex plan without claiming goal completion or invoking its tool (7164.8085ms)
✔ local evaluation file-journal: stored_model_resume actually crosses reopen with a received response and does not invoke it again (5749.87425ms)
✔ local evaluation file-journal: stored_tool_resume actually crosses reopen with a received response and does not invoke it again (3546.119833ms)
✔ local evaluation file-journal: forced compact is persisted before reopen and subsequent model calls assess later originals (4424.618042ms)
✔ local evaluation file-journal: next-day reply preserves a real wait interval with no model or tool entries (1660.560167ms)
✔ local evaluation file-journal: status-only keeps its recorded state unchanged with no execution or transport (120.459083ms)
✔ local evaluation file-journal: source_missing reaches the intended failure boundary and stays incomplete (1646.8745ms)
✔ local evaluation file-journal: partial_result reaches the intended failure boundary and stays incomplete (2825.191125ms)
✔ local evaluation file-journal: tool_errors reaches the intended failure boundary and stays incomplete (968.1185ms)
✔ local evaluation file-journal: model_errors reaches the intended failure boundary and stays incomplete (1250.763792ms)
✔ local evaluation file-journal: permission_revoked reaches the intended failure boundary and stays incomplete (550.011292ms)
✔ local evaluation file-journal: cancellation occurs after model entry and preserves its reported usage without a tool or answer (338.73975ms)
✔ local evaluation file-journal: requested mode change is first pending during the entered call and later applied (713.876083ms)
✔ local evaluation file-journal: unknown result delivery produces lookup rather than a duplicate send or false completion (747.159542ms)
✔ local evaluation file-journal/document_comparison: late counterevidence is actually observed before final judgment (2781.408666ms)
✔ local evaluation file-journal/observation_review: late counterevidence is actually observed before final judgment (3763.10575ms)
✔ sqlite: local memory tools and workspace checkpoints remain usable after profile reopen (788.050834ms)
✔ sqlite: workspace initialization failure closes state, channel and knowledge stores (168.690209ms)
✔ file-journal: local memory tools and workspace checkpoints remain usable after profile reopen (5825.788916ms)
✔ file-journal: workspace initialization failure closes state, channel and knowledge stores (234.850083ms)
✔ composition without optional memory or workspace keeps the prior tool configuration usable (214.18575ms)
✔ profile close still closes databases after a workspace close failure (211.948125ms)
✔ cancel during input artifact read prevents transport invocation and releases the known unused token reservation (24.401084ms)
✔ goal during input artifact read prevents transport invocation and releases the known unused token reservation (10.478334ms)
✔ destination during input artifact read prevents transport invocation and releases the known unused token reservation (7.749792ms)
✔ labels during input artifact read prevents transport invocation and releases the known unused token reservation (5.535834ms)
✔ cancelling an active model sends its signal, yields promptly and settles late usage once without adopting the old plan (6.804709ms)
✔ input byte limit rejects before a durable reservation or transport call (4.252583ms)
✔ token budget rejects before a durable reservation or transport call (4.004292ms)
✔ model call budget rejects before a durable reservation or transport call (2.750417ms)
✔ model context capacity and destination policy reject input without invoking the planner (5.974834ms)
✔ concurrent reservations have one winner and duplicate execution performs one dispatch and one transport call (6.827125ms)
✔ a replacement owner waits for a reserved lease, then releases it and creates a fresh intent without repeating a transport call (8.529542ms)
✔ a recovered running lease retains uncertain cost and accepts only late accounting, never its expired plan (4.300541ms)
✔ a reply without usage keeps its reservation and prevents a further model call after rejection (4.975292ms)
✔ verified facts remain visible while hypothesis review prevents response readiness and preparation (24.745167ms)
✔ reserved, running and stored model replies cannot produce a result; accepted review resumes preparation (26.864209ms)
✔ pending model work suppresses question preparation while preserving existing obligation blockers (10.575959ms)
✔ an already prepared result is withheld during review and can be prepared again after accepted model assessment (14.823125ms)
✔ documents-simple: one model plan executes to completion with usage and no extra hypothesis call (37.247291ms)
✔ observations-simple: one model plan executes to completion with usage and no extra hypothesis call (10.915125ms)
✔ late counterevidence revises the hypothesis and only the changed graph consumes a replan (41.649625ms)
✔ strict structured transport adapter feeds the same validator and execution loop without a provider SDK (11.188959ms)
✔ invalid or truncated responses cannot replace an executable plan or fabricate zero usage (6.427292ms)
✔ rejected model plans still charge exactly one call and preserve their raw response for an authorized read (5.846916ms)
✔ bookkeeping changes do not stale a response but goal and evidence changes do (12.972ms)
✔ received model result resumes after SQLite and artifact reopen with no additional model call (361.944167ms)
✔ a new scope archives the old hypothesis in prior events and permits a fresh plan (12.929333ms)
✔ unsupported hypotheses and erased counterevidence are rejected without changing the current assessment (7.827625ms)
✔ validator feedback reaches the next model proposal and invalid plans never dispatch their tools (12.292375ms)
✔ permission revocation during reply storage preserves usage but never downgrades the model body (5.163875ms)
✔ sqlite/documents-simple: same model/tool/evidence/conversation workflow resumes on persistent state without a new model call for the stored reply (784.889834ms)
✔ sqlite/documents-complex: same model/tool/evidence/conversation workflow resumes on persistent state without a new model call for the stored reply (1383.407833ms)
✔ sqlite/observations-simple: same model/tool/evidence/conversation workflow resumes on persistent state without a new model call for the stored reply (894.130541ms)
✔ sqlite/observations-complex: same model/tool/evidence/conversation workflow resumes on persistent state without a new model call for the stored reply (1464.007333ms)
✔ file-journal/documents-simple: same model/tool/evidence/conversation workflow resumes on persistent state without a new model call for the stored reply (5330.065708ms)
✔ file-journal/documents-complex: same model/tool/evidence/conversation workflow resumes on persistent state without a new model call for the stored reply (11162.846541ms)
✔ file-journal/observations-simple: same model/tool/evidence/conversation workflow resumes on persistent state without a new model call for the stored reply (4425.825542ms)
✔ file-journal/observations-complex: same model/tool/evidence/conversation workflow resumes on persistent state without a new model call for the stored reply (7192.676291ms)
✔ checkpoint record: empty paged root round-trips metadata once without raw reads (6.374458ms)
✔ checkpoint record: empty batch root round-trips metadata once without raw reads (1.022875ms)
✔ checkpoint record: multiple normal pages store references rather than repeating large bodies (9.7705ms)
✔ checkpoint record: partial batch resumes only unfinished items and preserves original successes (6.847917ms)
✔ checkpoint record: rejected source calls survive explicit resume and consume the operation call limit (1.283917ms)
✔ checkpoint record: a crashed intent becomes one unknown call and is never silently replayed (1.875375ms)
✔ checkpoint record: complete orphan resume performs no new page read or call (1.052083ms)
✔ checkpoint record: explicit stop changes only stop metadata and appends its exact base reference (0.726625ms)
✔ checkpoint record: unchanged fields and inherited dependencies cannot be dropped from an intent (2.067125ms)
✔ checkpoint record: start rejects retained history, source artifacts, and non-root identity (0.338375ms)
✔ checkpoint record: intent, settlement, and resume reject invalid request identity or time transitions (1.211584ms)
✔ checkpoint record: wrong logical digest, wrong base, extra keys, and failed source reads are rejected (1.570334ms)
✔ checkpoint record: accepted encode defers new raw body, source-ref, and dependency authentication to decode (2.958834ms)
✔ checkpoint record: conflicting artifact metadata and dropped inherited references are never encoded (0.606625ms)
✔ checkpoint record: logical checkpoint and referenced response byte limits are enforced before source I/O (0.751167ms)
✔ checkpoint record: record schema rejects more than 16 MiB of otherwise bounded root metadata (51.836541ms)
✔ checkpoint store: real v2 start/intent/settle records load the logical v1 result and preserve original bytes (192.280292ms)
✔ checkpoint store: a legacy snapshot can anchor a v2 orphan resume without reissuing any raw page request (315.032125ms)
✔ checkpoint store: missing base is detected through the actual file adapter (224.123167ms)
✔ checkpoint store: tampered base is detected through the actual file adapter (219.921666ms)
✔ checkpoint store: missing raw is detected through the actual file adapter (221.842166ms)
✔ checkpoint store: tampered raw is detected through the actual file adapter (211.111208ms)
✔ checkpoint store: a base reference with tenant cannot use an otherwise readable head (335.621583ms)
✔ checkpoint store: a base reference with labels cannot use an otherwise readable head (270.355416ms)
✔ checkpoint store: a base reference with missing-index cannot use an otherwise readable head (190.866541ms)
✔ checkpoint store: a valid artifact hash cannot authenticate a forged logical digest (260.662708ms)
✔ checkpoint store: returned byte/page/checkpoint mutations cannot poison a reader cache (195.040833ms)
✔ checkpoint store: shared materialization rechecks every original and a new file instance decodes cold (208.825833ms)
✔ checkpoint store: shared materialization cannot hide a revoked or unindexed original (188.096708ms)
✔ checkpoint store: shared materialization evicts at 64-heads (3481.9635ms)
✔ checkpoint store: shared materialization evicts at 16-MiB-logical-bytes (498.907083ms)
✔ checkpoint store: eviction during a shared materialization await preserves the logical byte budget (579.819042ms)
✔ checkpoint store: an in-flight head mutation cannot seed a different artifact materialization (189.914417ms)
✔ checkpoint store: caller ref mutation cannot redirect cached-reference revalidation (221.806125ms)
✔ checkpoint store: policy snapshots and exact index entries cannot be widened or aliased by callers (239.192583ms)
✔ checkpoint store: cached originals require real exists checks and new readers cannot inherit a deleted source (224.920417ms)
✔ checkpoint store: raw source cache stays within 16 MiB and evicted sources are fetched again (531.791625ms)
✔ checkpoint store: cycles and oversized records are rejected before decoding any logical history (0.715583ms)
✔ checkpoint store: a record chain stops at 10000 records before requesting the next dependency (181.169958ms)
✔ checkpoint store: a record chain stops at 64 MiB without caching the entire traversal (38.582917ms)
✔ checkpoint store: a materialized base retains its chain byte cost for the next event (60.288916ms)
✔ checkpoint store sqlite: a legacy committed root resumes through v2 records into an authenticated public result (619.324334ms)
✔ checkpoint store file-journal: a legacy committed root resumes through v2 records into an authenticated public result (3297.717541ms)
✔ read checkpoint sqlite: a complete checkpoint survives outer-result loss and resumes without another fetch (792.664708ms)
✔ read checkpoint sqlite: projection preserves original evidence and charges only the successor's raw response (1208.852333ms)
✔ read checkpoint sqlite: missing proof and altered payload are denied while ordinary failures remain valid (1043.851083ms)
✔ read checkpoint sqlite: an indexed forged merged page cannot replace its accepted raw response (918.241625ms)
✔ read checkpoint sqlite: an unchanged original body cannot authorize a changed request identity (1035.473667ms)
✔ read checkpoint sqlite: losing raw-response blocks result history and copied history (1067.780708ms)
✔ read checkpoint sqlite: losing source-artifact blocks result history and copied history (936.477292ms)
✔ read checkpoint sqlite: severing the parent's exclusive successor claim rejects the child (791.929042ms)
✔ read checkpoint file-journal: a complete checkpoint survives outer-result loss and resumes without another fetch (3582.068708ms)
✔ read checkpoint file-journal: projection preserves original evidence and charges only the successor's raw response (4547.814ms)
✔ read checkpoint file-journal: missing proof and altered payload are denied while ordinary failures remain valid (4308.6345ms)
✔ read checkpoint file-journal: an indexed forged merged page cannot replace its accepted raw response (4249.085125ms)
✔ read checkpoint file-journal: an unchanged original body cannot authorize a changed request identity (3744.779542ms)
✔ read checkpoint file-journal: losing raw-response blocks result history and copied history (5266.722708ms)
✔ read checkpoint file-journal: losing source-artifact blocks result history and copied history (5031.407833ms)
✔ read checkpoint file-journal: severing the parent's exclusive successor claim rejects the child (4137.753833ms)
✔ read collection context: only visible current goal and scope tips survive; complete unadopted tips remain resumable (3.4855ms)
✔ read collection context: the common packet removes denied head metadata from both execution and resume projections (2.704916ms)
✔ read collection context sqlite: five compactions and reopen retain partial resume metadata without page bodies (899.291667ms)
✔ read collection context sqlite: five compactions and reopen retain complete orphan resume metadata without page bodies (847.474167ms)
✔ read collection context file-journal: five compactions and reopen retain partial resume metadata without page bodies (3761.209541ms)
✔ read collection context file-journal: five compactions and reopen retain complete orphan resume metadata without page bodies (3492.468667ms)
✔ read collection context sqlite: lost derived frame regenerates while lost original raw response blocks context and recovery (354.091459ms)
✔ read collection context file-journal: lost derived frame regenerates while lost original raw response blocks context and recovery (1671.066584ms)
✔ read collection context sqlite: source gate rejects omitted, altered, and canonically inconsistent resume metadata (290.008875ms)
✔ read collection context file-journal: source gate rejects omitted, altered, and canonically inconsistent resume metadata (1258.525708ms)
✔ read collection context sqlite: resume metadata is mandatory input and cannot be evicted to satisfy a smaller byte budget (237.329917ms)
✔ read collection context file-journal: resume metadata is mandatory input and cannot be evicted to satisfy a smaller byte budget (985.85775ms)
✔ read collection context sqlite: source lifecycle change during checkpoint read prevents staged frame publication (222.640833ms)
✔ read collection context file-journal: source lifecycle change during checkpoint read prevents staged frame publication (504.198583ms)
✔ read collection context sqlite: contract change during derived resume put is checked before return (253.247208ms)
✔ read collection context sqlite: original change during derived resume put is checked before return (270.011916ms)
✔ read collection context file-journal: contract change during derived resume put is checked before return (969.735542ms)
✔ read collection context file-journal: original change during derived resume put is checked before return (1096.800916ms)
✔ read collection context sqlite: completed adopted output retains original proof requirements after leaving the resume list (316.988291ms)
✔ read collection context file-journal: completed adopted output retains original proof requirements after leaving the resume list (1639.958ms)
✔ read collection context sqlite: raw loss during frame staging suppresses completed adopted copies (373.309958ms)
✔ read collection context file-journal: raw loss during frame staging suppresses completed adopted copies (1517.316917ms)
✔ collection I/O sqlite documents-simple: 4 pages retain semantics across reads, copying and reopening (1516.073208ms)
ℹ {"adapter":"sqlite","family":"documents-simple","pages":4,"sourceCalls":4,"resultSignature":"ca3cbf4a810188e565397de9b01c666596d3bfd519841b869c91c2e4ca1eaa0c","stages":[{"name":"collect","get":114,"exists":202,"put":14,"returnedBodyBytes":171997,"stateReads":194,"receipts":30,"commits":14,"physicalBodyBytes":485558},{"name":"checkpointRead","get":13,"exists":12,"put":0,"returnedBodyBytes":18362,"stateReads":4,"receipts":1,"commits":0,"physicalBodyBytes":35757},{"name":"callsGet","get":41,"exists":96,"put":1,"returnedBodyBytes":84792,"stateReads":36,"receipts":10,"commits":5,"physicalBodyBytes":314778},{"name":"contextPrepare","get":70,"exists":50,"put":1,"returnedBodyBytes":188989,"stateReads":35,"receipts":7,"commits":0,"physicalBodyBytes":288275},{"name":"reopenAndPrepare","get":83,"exists":62,"put":1,"returnedBodyBytes":207351,"stateReads":39,"receipts":8,"commits":0,"physicalBodyBytes":324032}]}
✔ collection I/O sqlite documents-simple: 8 pages retain semantics across reads, copying and reopening (2328.292083ms)
ℹ {"adapter":"sqlite","family":"documents-simple","pages":8,"sourceCalls":8,"resultSignature":"c223661cc27ac8f18d90094013769634188fab210c6fa1531b423635c1ef5c84","stages":[{"name":"collect","get":318,"exists":590,"put":26,"returnedBodyBytes":470387,"stateReads":330,"receipts":46,"commits":22,"physicalBodyBytes":1357149},{"name":"checkpointRead","get":25,"exists":24,"put":0,"returnedBodyBytes":35235,"stateReads":4,"receipts":1,"commits":0,"physicalBodyBytes":69502},{"name":"callsGet","get":77,"exists":180,"put":1,"returnedBodyBytes":162709,"stateReads":36,"receipts":10,"commits":5,"physicalBodyBytes":606344},{"name":"contextPrepare","get":130,"exists":98,"put":1,"returnedBodyBytes":354351,"stateReads":35,"receipts":7,"commits":0,"physicalBodyBytes":548423},{"name":"reopenAndPrepare","get":155,"exists":122,"put":1,"returnedBodyBytes":389586,"stateReads":39,"receipts":8,"commits":0,"physicalBodyBytes":617925}]}
✔ collection I/O sqlite documents-simple: 16 pages retain semantics across reads, copying and reopening (4267.881917ms)
ℹ {"adapter":"sqlite","family":"documents-simple","pages":16,"sourceCalls":16,"resultSignature":"ab9d2af3b8ec8ae6983b1b42f01fae55eaa9771ae3f0271537f2a91d7e4ef676","stages":[{"name":"collect","get":1014,"exists":1942,"put":50,"returnedBodyBytes":1473478,"stateReads":602,"receipts":78,"commits":38,"physicalBodyBytes":4319151},{"name":"checkpointRead","get":49,"exists":48,"put":0,"returnedBodyBytes":69080,"stateReads":4,"receipts":1,"commits":0,"physicalBodyBytes":137191},{"name":"callsGet","get":149,"exists":348,"put":1,"returnedBodyBytes":318994,"stateReads":36,"receipts":10,"commits":5,"physicalBodyBytes":1191167},{"name":"contextPrepare","get":250,"exists":194,"put":1,"returnedBodyBytes":686038,"stateReads":35,"receipts":7,"commits":0,"physicalBodyBytes":1070236},{"name":"reopenAndPrepare","get":299,"exists":242,"put":1,"returnedBodyBytes":755118,"stateReads":39,"receipts":8,"commits":0,"physicalBodyBytes":1207427}]}
✔ collection I/O sqlite observations-simple: 4 pages retain semantics across reads, copying and reopening (1276.14975ms)
ℹ {"adapter":"sqlite","family":"observations-simple","pages":4,"sourceCalls":4,"resultSignature":"a6a1b857443999b7a5f4b1945b1768f00b1f58af8a2d1b7fce08ea4816c57ae5","stages":[{"name":"collect","get":114,"exists":202,"put":14,"returnedBodyBytes":172551,"stateReads":194,"receipts":30,"commits":14,"physicalBodyBytes":487152},{"name":"checkpointRead","get":13,"exists":12,"put":0,"returnedBodyBytes":18412,"stateReads":4,"receipts":1,"commits":0,"physicalBodyBytes":35857},{"name":"callsGet","get":41,"exists":96,"put":1,"returnedBodyBytes":85070,"stateReads":36,"receipts":10,"commits":5,"physicalBodyBytes":315854},{"name":"contextPrepare","get":70,"exists":50,"put":1,"returnedBodyBytes":189654,"stateReads":35,"receipts":7,"commits":0,"physicalBodyBytes":289268},{"name":"reopenAndPrepare","get":83,"exists":62,"put":1,"returnedBodyBytes":208066,"stateReads":39,"receipts":8,"commits":0,"physicalBodyBytes":325125}]}
✔ collection I/O sqlite observations-simple: 8 pages retain semantics across reads, copying and reopening (1965.534208ms)
ℹ {"adapter":"sqlite","family":"observations-simple","pages":8,"sourceCalls":8,"resultSignature":"3e066d9f43cd916245766040a04be753e4d813303fafe0d6c5edfead4c0113c9","stages":[{"name":"collect","get":318,"exists":590,"put":26,"returnedBodyBytes":471661,"stateReads":330,"receipts":46,"commits":22,"physicalBodyBytes":1360871},{"name":"checkpointRead","get":25,"exists":24,"put":0,"returnedBodyBytes":35317,"stateReads":4,"receipts":1,"commits":0,"physicalBodyBytes":69666},{"name":"callsGet","get":77,"exists":180,"put":1,"returnedBodyBytes":163211,"stateReads":36,"receipts":10,"commits":5,"physicalBodyBytes":608316},{"name":"contextPrepare","get":130,"exists":98,"put":1,"returnedBodyBytes":355572,"stateReads":35,"receipts":7,"commits":0,"physicalBodyBytes":550228},{"name":"reopenAndPrepare","get":155,"exists":122,"put":1,"returnedBodyBytes":390889,"stateReads":39,"receipts":8,"commits":0,"physicalBodyBytes":619894}]}
✔ collection I/O sqlite observations-simple: 16 pages retain semantics across reads, copying and reopening (3741.185583ms)
ℹ {"adapter":"sqlite","family":"observations-simple","pages":16,"sourceCalls":16,"resultSignature":"efdaf769faccd802339a9b0a1fb7bb1c170d5d2cfcd84df6499f8eceb676f508","stages":[{"name":"collect","get":1014,"exists":1942,"put":50,"returnedBodyBytes":1476960,"stateReads":602,"receipts":78,"commits":38,"physicalBodyBytes":4329433},{"name":"checkpointRead","get":49,"exists":48,"put":0,"returnedBodyBytes":69226,"stateReads":4,"receipts":1,"commits":0,"physicalBodyBytes":137483},{"name":"callsGet","get":149,"exists":348,"put":1,"returnedBodyBytes":319944,"stateReads":36,"receipts":10,"commits":5,"physicalBodyBytes":1194931},{"name":"contextPrepare","get":250,"exists":194,"put":1,"returnedBodyBytes":688371,"stateReads":35,"receipts":7,"commits":0,"physicalBodyBytes":1073665},{"name":"reopenAndPrepare","get":299,"exists":242,"put":1,"returnedBodyBytes":757597,"stateReads":39,"receipts":8,"commits":0,"physicalBodyBytes":1211148}]}
✔ collection I/O file-journal documents-simple: 4 pages retain semantics across reads, copying and reopening (6226.091541ms)
ℹ {"adapter":"file-journal","family":"documents-simple","pages":4,"sourceCalls":4,"resultSignature":"ca3cbf4a810188e565397de9b01c666596d3bfd519841b869c91c2e4ca1eaa0c","stages":[{"name":"collect","get":114,"exists":202,"put":14,"returnedBodyBytes":171997,"stateReads":194,"receipts":30,"commits":14,"physicalBodyBytes":485558},{"name":"checkpointRead","get":13,"exists":12,"put":0,"returnedBodyBytes":18362,"stateReads":4,"receipts":1,"commits":0,"physicalBodyBytes":35757},{"name":"callsGet","get":41,"exists":96,"put":1,"returnedBodyBytes":84792,"stateReads":36,"receipts":10,"commits":5,"physicalBodyBytes":314778},{"name":"contextPrepare","get":70,"exists":50,"put":1,"returnedBodyBytes":188989,"stateReads":35,"receipts":7,"commits":0,"physicalBodyBytes":288275},{"name":"reopenAndPrepare","get":83,"exists":62,"put":1,"returnedBodyBytes":207351,"stateReads":39,"receipts":8,"commits":0,"physicalBodyBytes":324032}]}
✔ collection I/O file-journal documents-simple: 8 pages retain semantics across reads, copying and reopening (8934.810625ms)
ℹ {"adapter":"file-journal","family":"documents-simple","pages":8,"sourceCalls":8,"resultSignature":"c223661cc27ac8f18d90094013769634188fab210c6fa1531b423635c1ef5c84","stages":[{"name":"collect","get":318,"exists":590,"put":26,"returnedBodyBytes":470387,"stateReads":330,"receipts":46,"commits":22,"physicalBodyBytes":1357149},{"name":"checkpointRead","get":25,"exists":24,"put":0,"returnedBodyBytes":35235,"stateReads":4,"receipts":1,"commits":0,"physicalBodyBytes":69502},{"name":"callsGet","get":77,"exists":180,"put":1,"returnedBodyBytes":162709,"stateReads":36,"receipts":10,"commits":5,"physicalBodyBytes":606344},{"name":"contextPrepare","get":130,"exists":98,"put":1,"returnedBodyBytes":354351,"stateReads":35,"receipts":7,"commits":0,"physicalBodyBytes":548423},{"name":"reopenAndPrepare","get":155,"exists":122,"put":1,"returnedBodyBytes":389586,"stateReads":39,"receipts":8,"commits":0,"physicalBodyBytes":617925}]}
✔ collection I/O file-journal documents-simple: 16 pages retain semantics across reads, copying and reopening (15999.754875ms)
ℹ {"adapter":"file-journal","family":"documents-simple","pages":16,"sourceCalls":16,"resultSignature":"ab9d2af3b8ec8ae6983b1b42f01fae55eaa9771ae3f0271537f2a91d7e4ef676","stages":[{"name":"collect","get":1014,"exists":1942,"put":50,"returnedBodyBytes":1473478,"stateReads":602,"receipts":78,"commits":38,"physicalBodyBytes":4319151},{"name":"checkpointRead","get":49,"exists":48,"put":0,"returnedBodyBytes":69080,"stateReads":4,"receipts":1,"commits":0,"physicalBodyBytes":137191},{"name":"callsGet","get":149,"exists":348,"put":1,"returnedBodyBytes":318994,"stateReads":36,"receipts":10,"commits":5,"physicalBodyBytes":1191167},{"name":"contextPrepare","get":250,"exists":194,"put":1,"returnedBodyBytes":686038,"stateReads":35,"receipts":7,"commits":0,"physicalBodyBytes":1070236},{"name":"reopenAndPrepare","get":299,"exists":242,"put":1,"returnedBodyBytes":755118,"stateReads":39,"receipts":8,"commits":0,"physicalBodyBytes":1207427}]}
✔ collection I/O file-journal observations-simple: 4 pages retain semantics across reads, copying and reopening (3207.985291ms)
ℹ {"adapter":"file-journal","family":"observations-simple","pages":4,"sourceCalls":4,"resultSignature":"a6a1b857443999b7a5f4b1945b1768f00b1f58af8a2d1b7fce08ea4816c57ae5","stages":[{"name":"collect","get":114,"exists":202,"put":14,"returnedBodyBytes":172551,"stateReads":194,"receipts":30,"commits":14,"physicalBodyBytes":487152},{"name":"checkpointRead","get":13,"exists":12,"put":0,"returnedBodyBytes":18412,"stateReads":4,"receipts":1,"commits":0,"physicalBodyBytes":35857},{"name":"callsGet","get":41,"exists":96,"put":1,"returnedBodyBytes":85070,"stateReads":36,"receipts":10,"commits":5,"physicalBodyBytes":315854},{"name":"contextPrepare","get":70,"exists":50,"put":1,"returnedBodyBytes":189654,"stateReads":35,"receipts":7,"commits":0,"physicalBodyBytes":289268},{"name":"reopenAndPrepare","get":83,"exists":62,"put":1,"returnedBodyBytes":208066,"stateReads":39,"receipts":8,"commits":0,"physicalBodyBytes":325125}]}
✔ collection I/O file-journal observations-simple: 8 pages retain semantics across reads, copying and reopening (3331.406083ms)
ℹ {"adapter":"file-journal","family":"observations-simple","pages":8,"sourceCalls":8,"resultSignature":"3e066d9f43cd916245766040a04be753e4d813303fafe0d6c5edfead4c0113c9","stages":[{"name":"collect","get":318,"exists":590,"put":26,"returnedBodyBytes":471661,"stateReads":330,"receipts":46,"commits":22,"physicalBodyBytes":1360871},{"name":"checkpointRead","get":25,"exists":24,"put":0,"returnedBodyBytes":35317,"stateReads":4,"receipts":1,"commits":0,"physicalBodyBytes":69666},{"name":"callsGet","get":77,"exists":180,"put":1,"returnedBodyBytes":163211,"stateReads":36,"receipts":10,"commits":5,"physicalBodyBytes":608316},{"name":"contextPrepare","get":130,"exists":98,"put":1,"returnedBodyBytes":355572,"stateReads":35,"receipts":7,"commits":0,"physicalBodyBytes":550228},{"name":"reopenAndPrepare","get":155,"exists":122,"put":1,"returnedBodyBytes":390889,"stateReads":39,"receipts":8,"commits":0,"physicalBodyBytes":619894}]}
✔ collection I/O file-journal observations-simple: 16 pages retain semantics across reads, copying and reopening (6138.926167ms)
ℹ {"adapter":"file-journal","family":"observations-simple","pages":16,"sourceCalls":16,"resultSignature":"efdaf769faccd802339a9b0a1fb7bb1c170d5d2cfcd84df6499f8eceb676f508","stages":[{"name":"collect","get":1014,"exists":1942,"put":50,"returnedBodyBytes":1476960,"stateReads":602,"receipts":78,"commits":38,"physicalBodyBytes":4329433},{"name":"checkpointRead","get":49,"exists":48,"put":0,"returnedBodyBytes":69226,"stateReads":4,"receipts":1,"commits":0,"physicalBodyBytes":137483},{"name":"callsGet","get":149,"exists":348,"put":1,"returnedBodyBytes":319944,"stateReads":36,"receipts":10,"commits":5,"physicalBodyBytes":1194931},{"name":"contextPrepare","get":250,"exists":194,"put":1,"returnedBodyBytes":688371,"stateReads":35,"receipts":7,"commits":0,"physicalBodyBytes":1073665},{"name":"reopenAndPrepare","get":299,"exists":242,"put":1,"returnedBodyBytes":757597,"stateReads":39,"receipts":8,"commits":0,"physicalBodyBytes":1211148}]}
✔ read collection: bounded batch keeps original observations and input objects independent (4.641291ms)
✔ read collection: explicit retries request every unfinished key and advance only when the original page is complete (2.311375ms)
✔ read collection: extra cannot satisfy a trusted batch manifest (0.327541ms)
✔ read collection: missing cannot satisfy a trusted batch manifest (0.100833ms)
✔ read collection: wrong-digest cannot satisfy a trusted batch manifest (0.126541ms)
✔ read collection: duplicate-expected cannot satisfy a trusted batch manifest (0.098042ms)
✔ read collection: duplicate-item cannot satisfy a trusted batch manifest (0.087375ms)
✔ read collection: retry rejects successful-item instead of overwriting successful observations (0.479958ms)
✔ read collection: retry rejects missing-unfinished instead of overwriting successful observations (0.428833ms)
✔ read collection: retry rejects changed-digest instead of overwriting successful observations (0.400292ms)
✔ read collection: pending retry binds snapshot to its original source page (0.297291ms)
✔ read collection: pending retry binds cursor to its original source page (0.272666ms)
✔ read collection: pending retry binds nextCursor to its original source page (0.238375ms)
✔ read collection: pending retry binds totalItems to its original source page (0.202208ms)
✔ read collection: pending retry binds exhausted to its original source page (0.241209ms)
✔ read collection: pending retry binds requestId to its original source page (0.3045ms)
✔ read collection: an explicit retry cannot omit a key in the request or reuse the last request identity (0.630166ms)
✔ read collection: accepted request history survives replaced pending IDs and is checked on restore (0.63325ms)
✔ read collection: a nonretryable error preserves the pending observations but forbids resume (0.14875ms)
✔ read collection: retries consume the operation call limit without advancing page count (0.279083ms)
✔ read collection: declared totals count unique logical items and may become known on the final page (0.221667ms)
✔ read collection: a known total stays binding when a later response omits it (0.225042ms)
✔ read collection: repeated IDs cannot create another item even with a different digest (0.124709ms)
✔ read collection: cursor loops and snapshot changes are rejected across finalized pages (0.347333ms)
✔ read collection: empty pages may progress with new cursors and a complete empty collection is valid (0.168125ms)
✔ read collection: page, item and batch bounds stop further requests without truncation (0.238291ms)
✔ read collection: response and checkpoint limits use exact UTF-8 byte lengths (0.263042ms)
✔ read collection: each raw retry is byte-bounded while the merged logical page uses the checkpoint bound (0.193709ms)
✔ read collection: restored projection corruption is rejected before producing a request (0.162333ms)
✔ read collection: restored cursor-chain corruption is rejected before producing a request (0.119ms)
✔ read collection: restored calls corruption is rejected before producing a request (0.101125ms)
✔ read collection: restored completed-pending corruption is rejected before producing a request (0.108875ms)
✔ read collection: restored manifest corruption is rejected before producing a request (0.121ms)
✔ read collection: strict schemas reject false completion, fabricated not-run output and invalid budgets (0.483042ms)
✔ read collection: usage overflow and dependency overflow fail without dropping earlier accounting or custody (1.056ms)
✔ durable collections sqlite: a process crash after intent becomes an unknown call on explicit resume (693.687959ms)
✔ durable collections sqlite: a batch retries only unfinished manifest items after reopening (740.544667ms)
✔ durable collections sqlite: source failures consume the persisted call budget across explicit retries (1020.034ms)
✔ durable collections sqlite: a source that answers after cancellation cannot commit its late page (270.675208ms)
✔ durable collections sqlite: policy revocation while the source waits suppresses the response (303.916917ms)
✔ durable collections file-journal: a process crash after intent becomes an unknown call on explicit resume (3221.996083ms)
✔ durable collections file-journal: a batch retries only unfinished manifest items after reopening (4297.901583ms)
✔ durable collections file-journal: source failures consume the persisted call budget across explicit retries (5362.933959ms)
✔ durable collections file-journal: a source that answers after cancellation cannot commit its late page (1094.042542ms)
✔ durable collections file-journal: policy revocation while the source waits suppresses the response (1041.649125ms)
✔ durable collections: query cannot resume a checkpoint under a changed contract (421.216584ms)
✔ durable collections: fresh cannot resume a checkpoint under a changed contract (392.062708ms)
✔ durable collections: same-task-id cannot resume a checkpoint under a changed contract (393.277833ms)
✔ durable collections: policy cannot resume a checkpoint under a changed contract (454.242833ms)
✔ durable collections: goal cannot resume a checkpoint under a changed contract (445.663667ms)
✔ durable collections: generation cannot resume a checkpoint under a changed contract (348.719958ms)
✔ durable collections sqlite documents-simple: complete pages advance automatically and survive reopening (608.178625ms)
✔ durable collections sqlite documents-simple: partial stops until a new task explicitly resumes after reopening (912.011667ms)
✔ durable collections sqlite observations-simple: complete pages advance automatically and survive reopening (599.224708ms)
✔ durable collections sqlite observations-simple: partial stops until a new task explicitly resumes after reopening (1015.781084ms)
✔ durable collections file-journal documents-simple: complete pages advance automatically and survive reopening (3165.995542ms)
✔ durable collections file-journal documents-simple: partial stops until a new task explicitly resumes after reopening (5712.22075ms)
✔ durable collections file-journal observations-simple: complete pages advance automatically and survive reopening (3537.852709ms)
✔ durable collections file-journal observations-simple: partial stops until a new task explicitly resumes after reopening (4318.681917ms)
✔ state-based packet retains counterevidence, obligations and original references without raw history or a state mutation (29.867708ms)
✔ old and forged packets cannot reverse a goal change, cancellation or budget (11.133042ms)
✔ separate SQLite/artifact instances reconstruct packets and regenerate missing or corrupt derived blobs (244.277417ms)
✔ missing original is reported by id and cannot be hidden by a valid prior packet (4.388208ms)
✔ reconstruction rechecks a goal change committed while the packet is being saved (4.896417ms)
✔ snapshot retries mixed state/event/outbox revisions and rejects broken event history (3.312666ms)
✔ untrusted packet dimensions, tool revision changes and a foreign work packet never authorize reuse (7.622791ms)
✔ resume requires the work owner and full runtime view; revoked history is never relabelled (3.926666ms)
✔ packet size limit refuses the whole projection without dropping obligations or writing a partial packet (3.0005ms)
✔ model context restores task attempts and budget but excludes model ledger and delivery bodies (6.163833ms)
✔ model context cannot relabel a revoked attempt result reference under the current policy (9.966875ms)
✔ model context refuses assessment references whose evidence metadata is no longer permitted (2.909709ms)
✔ sqlite: text originals use one verified body read and no cross-call availability cache (272.113042ms)
ℹ {"adapter":"sqlite","operation":"original","name":"original","elapsedMs":1.1386249999999905,"artifactApi":{"get":{"calls":1,"requestedBodyBytes":1733,"returnedBodyBytes":1733,"failures":0},"exists":{"calls":0,"referencedBodyBytes":0,"available":0,"unavailable":0},"put":{"calls":0,"inputBodyBytes":0,"returnedReferenceBodyBytes":0,"failures":0}},"stateApi":{"get":3,"receipt":0,"commit":0,"events":0,"deliveries":0,"workIdsForConversation":0,"runnable":0,"close":0},"physical":{"getCalls":1,"existsCalls":0,"putCalls":0,"metadataReadOperations":1,"metadataReadBytes":237,"bodyReadOperations":1,"bodyReadBytes":1733,"hashCalls":1,"hashBytes":1733,"fileWrites":0,"metadataWriteBytes":0,"bodyWriteBytes":0,"readFailures":0,"verificationFailures":0,"deniedReads":0,"writeFailures":0}}
✔ sqlite: one result materialization deduplicates repeated originals and preserves a final real verification (167.080417ms)
ℹ {"adapter":"sqlite","operation":"result","name":"result","elapsedMs":1.9828749999999786,"artifactApi":{"get":{"calls":2,"requestedBodyBytes":6315,"returnedBodyBytes":6315,"failures":0},"exists":{"calls":1,"referencedBodyBytes":1733,"available":1,"unavailable":0},"put":{"calls":0,"inputBodyBytes":0,"returnedReferenceBodyBytes":0,"failures":0}},"stateApi":{"get":6,"receipt":1,"commit":0,"events":0,"deliveries":0,"workIdsForConversation":0,"runnable":0,"close":0},"physical":{"getCalls":2,"existsCalls":1,"putCalls":0,"metadataReadOperations":3,"metadataReadBytes":717,"bodyReadOperations":3,"bodyReadBytes":8048,"hashCalls":3,"hashBytes":8048,"fileWrites":0,"metadataWriteBytes":0,"bodyWriteBytes":0,"readFailures":0,"verificationFailures":0,"deniedReads":0,"writeFailures":0}}
✔ sqlite: a two-copy chain decodes and reads each dispatch once per materialization (333.696959ms)
ℹ {"adapter":"sqlite","operation":"copy-chain","name":"copy-chain","elapsedMs":3.2202080000000706,"artifactApi":{"get":{"calls":4,"requestedBodyBytes":16962,"returnedBodyBytes":16962,"failures":0},"exists":{"calls":1,"referencedBodyBytes":1733,"available":1,"unavailable":0},"put":{"calls":0,"inputBodyBytes":0,"returnedReferenceBodyBytes":0,"failures":0}},"stateApi":{"get":6,"receipt":3,"commit":0,"events":0,"deliveries":0,"workIdsForConversation":0,"runnable":0,"close":0},"physical":{"getCalls":4,"existsCalls":1,"putCalls":0,"metadataReadOperations":5,"metadataReadBytes":1203,"bodyReadOperations":5,"bodyReadBytes":18695,"hashCalls":5,"hashBytes":18695,"fileWrites":0,"metadataWriteBytes":0,"bodyWriteBytes":0,"readFailures":0,"verificationFailures":0,"deniedReads":0,"writeFailures":0}}
✔ sqlite: context uses verified copy materialization without rereading its dispatch pair (350.769708ms)
ℹ {"adapter":"sqlite","operation":"context","name":"context","elapsedMs":62.334708999999975,"artifactApi":{"get":{"calls":9,"requestedBodyBytes":70896,"returnedBodyBytes":70896,"failures":0},"exists":{"calls":6,"referencedBodyBytes":20428,"available":6,"unavailable":0},"put":{"calls":1,"inputBodyBytes":37961,"returnedReferenceBodyBytes":37961,"failures":0}},"stateApi":{"get":26,"receipt":6,"commit":0,"events":1,"deliveries":0,"workIdsForConversation":0,"runnable":0,"close":0},"physical":{"getCalls":9,"existsCalls":7,"putCalls":1,"metadataReadOperations":15,"metadataReadBytes":3616,"bodyReadOperations":15,"bodyReadBytes":91324,"hashCalls":17,"hashBytes":129436,"fileWrites":2,"metadataWriteBytes":244,"bodyWriteBytes":37961,"readFailures":1,"verificationFailures":1,"deniedReads":0,"writeFailures":0}}
✔ sqlite: adapter argument mutation and returned metadata cannot change private reference snapshots (379.745833ms)
✔ sqlite: cached original is rejected if deleted during a later state read (247.000833ms)
✔ sqlite: cached original is rejected if corrupted during a later state read (222.0185ms)
✔ sqlite: context rechecks metadata-reused originals after its staging await (413.813042ms)
✔ sqlite: context rechecks ordinary cached originals after staging without a calls.get copy (222.847708ms)
✔ sqlite: final cached-source check retains contract authority handling (209.151083ms)
✔ sqlite: final cached-source check retains policy authority handling (200.689083ms)
✔ sqlite: final cached-source check retains unrelated authority handling (229.915375ms)
✔ file-journal: text originals use one verified body read and no cross-call availability cache (637.859459ms)
ℹ {"adapter":"file-journal","operation":"original","name":"original","elapsedMs":11.031500000000051,"artifactApi":{"get":{"calls":1,"requestedBodyBytes":1733,"returnedBodyBytes":1733,"failures":0},"exists":{"calls":0,"referencedBodyBytes":0,"available":0,"unavailable":0},"put":{"calls":0,"inputBodyBytes":0,"returnedReferenceBodyBytes":0,"failures":0}},"stateApi":{"get":3,"receipt":0,"commit":0,"events":0,"deliveries":0,"workIdsForConversation":0,"runnable":0,"close":0},"physical":{"getCalls":1,"existsCalls":0,"putCalls":0,"metadataReadOperations":1,"metadataReadBytes":237,"bodyReadOperations":1,"bodyReadBytes":1733,"hashCalls":1,"hashBytes":1733,"fileWrites":0,"metadataWriteBytes":0,"bodyWriteBytes":0,"readFailures":0,"verificationFailures":0,"deniedReads":0,"writeFailures":0}}
✔ file-journal: one result materialization deduplicates repeated originals and preserves a final real verification (943.986167ms)
ℹ {"adapter":"file-journal","operation":"result","name":"result","elapsedMs":87.99795799999993,"artifactApi":{"get":{"calls":2,"requestedBodyBytes":6315,"returnedBodyBytes":6315,"failures":0},"exists":{"calls":1,"referencedBodyBytes":1733,"available":1,"unavailable":0},"put":{"calls":0,"inputBodyBytes":0,"returnedReferenceBodyBytes":0,"failures":0}},"stateApi":{"get":6,"receipt":1,"commit":0,"events":0,"deliveries":0,"workIdsForConversation":0,"runnable":0,"close":0},"physical":{"getCalls":2,"existsCalls":1,"putCalls":0,"metadataReadOperations":3,"metadataReadBytes":717,"bodyReadOperations":3,"bodyReadBytes":8048,"hashCalls":3,"hashBytes":8048,"fileWrites":0,"metadataWriteBytes":0,"bodyWriteBytes":0,"readFailures":0,"verificationFailures":0,"deniedReads":0,"writeFailures":0}}
✔ file-journal: a two-copy chain decodes and reads each dispatch once per materialization (2120.236958ms)
ℹ {"adapter":"file-journal","operation":"copy-chain","name":"copy-chain","elapsedMs":53.23058299999957,"artifactApi":{"get":{"calls":4,"requestedBodyBytes":16962,"returnedBodyBytes":16962,"failures":0},"exists":{"calls":1,"referencedBodyBytes":1733,"available":1,"unavailable":0},"put":{"calls":0,"inputBodyBytes":0,"returnedReferenceBodyBytes":0,"failures":0}},"stateApi":{"get":6,"receipt":3,"commit":0,"events":0,"deliveries":0,"workIdsForConversation":0,"runnable":0,"close":0},"physical":{"getCalls":4,"existsCalls":1,"putCalls":0,"metadataReadOperations":5,"metadataReadBytes":1203,"bodyReadOperations":5,"bodyReadBytes":18695,"hashCalls":5,"hashBytes":18695,"fileWrites":0,"metadataWriteBytes":0,"bodyWriteBytes":0,"readFailures":0,"verificationFailures":0,"deniedReads":0,"writeFailures":0}}
✔ file-journal: context uses verified copy materialization without rereading its dispatch pair (2315.019709ms)
ℹ {"adapter":"file-journal","operation":"context","name":"context","elapsedMs":398.9784159999999,"artifactApi":{"get":{"calls":9,"requestedBodyBytes":70896,"returnedBodyBytes":70896,"failures":0},"exists":{"calls":6,"referencedBodyBytes":20428,"available":6,"unavailable":0},"put":{"calls":1,"inputBodyBytes":37961,"returnedReferenceBodyBytes":37961,"failures":0}},"stateApi":{"get":26,"receipt":6,"commit":0,"events":1,"deliveries":0,"workIdsForConversation":0,"runnable":0,"close":0},"physical":{"getCalls":9,"existsCalls":7,"putCalls":1,"metadataReadOperations":15,"metadataReadBytes":3616,"bodyReadOperations":15,"bodyReadBytes":91324,"hashCalls":17,"hashBytes":129436,"fileWrites":2,"metadataWriteBytes":244,"bodyWriteBytes":37961,"readFailures":1,"verificationFailures":1,"deniedReads":0,"writeFailures":0}}
✔ file-journal: adapter argument mutation and returned metadata cannot change private reference snapshots (1632.707167ms)
✔ file-journal: cached original is rejected if deleted during a later state read (969.107625ms)
✔ file-journal: cached original is rejected if corrupted during a later state read (899.622333ms)
✔ file-journal: context rechecks metadata-reused originals after its staging await (1697.794833ms)
✔ file-journal: context rechecks ordinary cached originals after staging without a calls.get copy (966.45675ms)
✔ file-journal: final cached-source check retains contract authority handling (874.4715ms)
✔ file-journal: final cached-source check retains policy authority handling (664.169708ms)
✔ file-journal: final cached-source check retains unrelated authority handling (641.818625ms)
✔ resource progress: legacy and paged catalog cards share a stable preparation key independent of query and cursor metadata (4.821875ms)
✔ resource progress: exact schema loading earns a distinct credit and also records discovery so reverse-order searches add none (1.425084ms)
✔ resource progress: forged, mismatched or denied tool metadata and too-large responses do not earn preparation credit (0.684125ms)
✔ resource progress: guidance listing metadata does not reset progress and exact body loading subsumes the card (1.959666ms)
✔ resource progress: guidance body credit requires permitted manifest, matching indexed original and canonical selection identity (0.685125ms)
✔ resource progress: empty results, history/evidence reads and arbitrary new artifacts cannot fabricate preparation (0.139083ms)
✔ resource progress: replayed, reused and unadopted resource results cannot earn a new preparation key (0.224333ms)
✔ resource progress sqlite/documents-simple: default no-progress policy allows discovery, schemas and guidance before the real source (636.234583ms)
✔ resource progress sqlite/observations-simple: default no-progress policy allows discovery, schemas and guidance before the real source (539.145541ms)
✔ resource progress sqlite: repeated identical catalog preparation stops after the first credit and three empty steps (406.852792ms)
✔ resource progress sqlite: repeated identical guidance preparation stops after the first credit and three empty steps (488.936875ms)
✔ resource progress sqlite: empty searches with different query and task IDs stop at the default limit (332.896833ms)
✔ resource progress file-journal/documents-simple: default no-progress policy allows discovery, schemas and guidance before the real source (2363.914708ms)
✔ resource progress file-journal/observations-simple: default no-progress policy allows discovery, schemas and guidance before the real source (2545.830125ms)
✔ resource progress file-journal: repeated identical catalog preparation stops after the first credit and three empty steps (2700.289375ms)
✔ resource progress file-journal: repeated identical guidance preparation stops after the first credit and three empty steps (2672.983625ms)
✔ resource progress file-journal: empty searches with different query and task IDs stop at the default limit (1582.638667ms)
✔ catalog filters before ranking, bounds cards, separates providers and loads only an exact schema (21.342875ms)
✔ registration snapshots reject namespace/duplicates and cannot be mutated through adapters or catalog results (7.993791ms)
✔ documents-simple: discovery and selected guidance share the execution ledger without adding evidence or permissions (36.67825ms)
✔ observations-simple: discovery and selected guidance share the execution ledger without adding evidence or permissions (19.761667ms)
✔ simple direct lookup does not load optional guidance or run a hypothesis review (8.06275ms)
✔ method selection follows contradiction, independence and response needs without model calls (6.053375ms)
✔ guidance metadata/limits do not read bodies and wrong version, tenant or applicability are rejected (5.78975ms)
✔ evidence readers distinguish protected/missing, superseded and retracted records; limits preserve provenance (5.412125ms)
✔ call result lookup stays historical after retraction and does not restore it to current evidence (7.396416ms)
✔ broker rejects calls without a committed dispatch or with another owner before reaching a tool (5.434875ms)
✔ in-flight output is not downgraded to a less restricted artifact when labels are revoked (6.411458ms)
✔ revocation after result storage settles without reading protected bytes or repeatedly getting stuck (5.900625ms)
✔ stored guidance and invocation results can be read after SQLite/artifact/source restart without source execution (300.110125ms)
✔ guidance source rejects altered content, path escape and symlink replacement (52.738542ms)
✔ model-facing evidence and call readers use the common budget without reexecuting a source or completing a changed goal (15.470042ms)
✔ sqlite: one commit and reopen retain state, all ordered events, deliveries and historical receipts (106.367584ms)
✔ sqlite: duplicate and idempotency conflict precede revision conflict and preserve the first receipt (83.458333ms)
✔ sqlite: malformed commits leave all four collections unchanged, even on duplicate commands (73.208958ms)
✔ sqlite: caller mutations and mutable returned snapshots cannot rewrite persisted history (64.03775ms)
✔ sqlite: work, tenant, principal, channel and conversation identifiers remain separate (125.406708ms)
✔ sqlite: event cursors are exclusive and sequence numbers are local to each work (115.963292ms)
✔ sqlite: runnable respects exact deadline, obligation, tool and model recovery boundaries after reopen (370.453709ms)
✔ sqlite: two separate processes race on revision with exactly one atomic winning commit (208.802334ms)
✔ sqlite: two separate processes race on same-command with exactly one atomic winning commit (187.254333ms)
✔ sqlite: two separate processes race on different-digest with exactly one atomic winning commit (157.354709ms)
✔ sqlite: acknowledged commit survives SIGKILL without close and reopening replays its receipt without duplicate records (273.326958ms)
✔ file-journal: one commit and reopen retain state, all ordered events, deliveries and historical receipts (280.90825ms)
✔ file-journal: duplicate and idempotency conflict precede revision conflict and preserve the first receipt (297.927292ms)
✔ file-journal: malformed commits leave all four collections unchanged, even on duplicate commands (657.920667ms)
✔ file-journal: caller mutations and mutable returned snapshots cannot rewrite persisted history (243.94675ms)
✔ file-journal: work, tenant, principal, channel and conversation identifiers remain separate (913.722375ms)
✔ file-journal: event cursors are exclusive and sequence numbers are local to each work (238.122959ms)
✔ file-journal: runnable respects exact deadline, obligation, tool and model recovery boundaries after reopen (2317.848333ms)
✔ file-journal: two separate processes race on revision with exactly one atomic winning commit (207.065875ms)
✔ file-journal: two separate processes race on same-command with exactly one atomic winning commit (254.600208ms)
✔ file-journal: two separate processes race on different-digest with exactly one atomic winning commit (194.082042ms)
✔ file-journal: acknowledged commit survives SIGKILL without close and reopening replays its receipt without duplicate records (483.78625ms)
✔ sqlite: profile closes the opened state repository when channel initialization fails (81.374125ms)
✔ file-journal: profile closes the opened state repository when channel initialization fails (68.7095ms)
✔ sqlite/documents-simple: CLI persists backend choice across processes and prevents an accidental switch (1217.098292ms)
✔ sqlite/observations-simple: CLI persists backend choice across processes and prevents an accidental switch (1126.945792ms)
✔ file-journal/documents-simple: CLI persists backend choice across processes and prevents an accidental switch (3774.501833ms)
✔ file-journal/observations-simple: CLI persists backend choice across processes and prevents an accidental switch (4157.475292ms)
✔ legacy SQLite profile acquires metadata without losing its work or accepting a backend switch (484.897792ms)
✔ two processes choosing different backends create only one accepted profile (713.802875ms)
✔ invalid or linked profile metadata is rejected without opening a new backend (19.066541ms)
✔ one atomic commit stores state, events, outbox and idempotency receipt (74.23175ms)
✔ injected failure between state and event writes rolls back every record (92.5075ms)
✔ waiting state and wake obligation survive process termination after commit (214.212833ms)
✔ two independent processes cannot commit from the same stale revision (200.718875ms)
✔ structured planner accepts one strict JSON proposal and forwards identity, options and source-boundary instructions once (2.553458ms)
✔ configuration and request snapshots cannot be rewritten by caller or transport mutation (0.463041ms)
✔ input estimation includes the exact transport request and schema without invoking the transport or claiming measured usage (0.389ms)
✔ input estimation uses the same policy and size gates as transport requests (0.576083ms)
✔ finish reasons remain distinct and never expose provider failure content or run hidden retries (0.685709ms)
✔ invalid JSON, schema, response fields and missing proposal fail without repair calls (0.972125ms)
✔ usage omission is unknown rather than zero; only independently valid safe integer fields survive invalid envelopes (1.052416ms)
✔ provider and model identity mismatch cannot masquerade as the configured adapter (0.214ms)
✔ missing options, denied destinations and unauthorized tool schemas never reach the transport (0.677ms)
✔ request and response limits use UTF-8 bytes and preserve valid usage on oversized responses (0.744584ms)
✔ transport exceptions become fixed errors with unknown usage and no implicit retry (0.31175ms)
✔ pre-call cancellation has no transport effect; late cancellation preserves returned usage without accepting a proposal (0.214875ms)
✔ abort-related transport rejection is cancellation with unmeasured usage (0.136542ms)
✔ invalid configurations fail with a fixed message before transport registration (0.132625ms)
✔ structured transport rejects incomplete observation pairs and reference bodies before invocation (1.055959ms)
✔ sqlite: broker rechecks source knowledge after a real reuse lookup misses (126.870666ms)
✔ sqlite: legacy attempt rejects a destination replacement during beforeInvoke (80.40175ms)
✔ sqlite: legacy attempt rejects a labels replacement during beforeInvoke (85.077541ms)
✔ sqlite: legacy attempt rejects a effect replacement during beforeInvoke (90.983375ms)
✔ sqlite: legacy attempt rejects a destination replacement during reuse (95.0915ms)
✔ sqlite: legacy attempt rejects a labels replacement during reuse (79.634042ms)
✔ sqlite: legacy attempt rejects a effect replacement during reuse (102.9065ms)
✔ sqlite: an unchanged legacy attempt invokes once after asynchronous guards and a reuse miss (84.826542ms)
✔ file-journal: broker rechecks source knowledge after a real reuse lookup misses (765.096125ms)
✔ file-journal: legacy attempt rejects a destination replacement during beforeInvoke (629.357625ms)
✔ file-journal: legacy attempt rejects a labels replacement during beforeInvoke (569.6055ms)
✔ file-journal: legacy attempt rejects a effect replacement during beforeInvoke (618.080709ms)
✔ file-journal: legacy attempt rejects a destination replacement during reuse (556.900584ms)
✔ file-journal: legacy attempt rejects a labels replacement during reuse (550.824209ms)
✔ file-journal: legacy attempt rejects a effect replacement during reuse (433.761791ms)
✔ file-journal: an unchanged legacy attempt invokes once after asynchronous guards and a reuse miss (533.044541ms)
✔ provider pages become visible in one publication and keep unrelated providers (13.704375ms)
✔ only a complete empty provider listing retires that provider (5.515709ms)
✔ provider partial transport failure preserves the previously published snapshot (3.528666ms)
✔ provider mixed provider revisions preserves the previously published snapshot (3.353834ms)
✔ provider cross-page duplicate preserves the previously published snapshot (2.76875ms)
✔ provider pagination cycle preserves the previously published snapshot (2.998042ms)
✔ provider wrong provider namespace preserves the previously published snapshot (3.100917ms)
✔ provider invalid namespace definition preserves the previously published snapshot (3.127ms)
✔ provider invalid JSON schema preserves the previously published snapshot (3.122041ms)
✔ provider missing completeness cursor preserves the previously published snapshot (2.23075ms)
✔ provider undeclared partial flag preserves the previously published snapshot (2.735542ms)
✔ provider page bound preserves the previously published snapshot (2.445875ms)
✔ provider tool bound preserves the previously published snapshot (2.601084ms)
✔ provider definition byte bound preserves the previously published snapshot (2.256709ms)
✔ provider pre-cancellation makes no listing call (2.305542ms)
✔ provider abort ends an ignored-signal wait and late listing cannot publish (2.31325ms)
✔ provider abort during schema compilation still prevents publication (2.4975ms)
✔ concurrent same-provider refresh refuses an older listing after a newer publication (2.736084ms)
✔ concurrent unrelated provider refreshes both publish without reverting each other (2.500417ms)
✔ provider staging snapshots metadata and callbacks before awaiting another page (2.268875ms)
✔ catalog cursor pages reach every permitted result after 20 without duplicate or missing cards (15.294125ms)
✔ catalog cursor replay returns the same cards while allowing a smaller per-page item limit (10.381792ms)
✔ catalog cursor is bound to current query (7.302875ms)
✔ catalog cursor is bound to current tenant (7.326583ms)
✔ catalog cursor is bound to current principal (6.33125ms)
✔ catalog cursor is bound to current tools (6.045375ms)
✔ catalog cursor is bound to current labels (6.346417ms)
✔ catalog cursor is bound to current destinations (6.4685ms)
✔ catalog cursor is bound to current writes (5.306167ms)
✔ catalog cursor rejects unpublished, stale, and restarted lookup state (10.743917ms)
✔ catalog cursor expires by injected clock and bounded index eviction requires a fresh search (7.064459ms)
✔ catalog applies permissions before rank, total page size, and hasMore (6.29125ms)
✔ catalog page budgets count Unicode and the entire response envelope (3.447417ms)
✔ catalog rejects invalid bounds and keeps punctuation-only search bounded and empty (4.227417ms)
✔ catalog reuses immutable definition digests across cursor pages and refreshes after registry replacement (9.36675ms)
✔ sqlite/documents-simple: durable reuse keeps evidence identity and charges source costs once after reopen (392.236208ms)
✔ sqlite/observations-simple: durable reuse keeps evidence identity and charges source costs once after reopen (383.993917ms)
✔ file-journal/documents-simple: durable reuse keeps evidence identity and charges source costs once after reopen (3847.749166ms)
✔ file-journal/observations-simple: durable reuse keeps evidence identity and charges source costs once after reopen (3438.009708ms)
✔ sqlite: default deny and fresh request perform actual reads, unreported adapter costs stay unknown (430.88625ms)
✔ sqlite: TTL boundary makes a new read and adoption after expiry rejects an already-stored hit (462.303458ms)
✔ sqlite: a changed principal cannot reuse a result obtained under the old policy (259.808708ms)
✔ sqlite: contract changes before dispatch fail without invoking; unrelated registry changes keep a selected contract usable (234.621625ms)
✔ sqlite: a reuse clone cannot survive source custody removal in history, copies, or context (240.722209ms)
✔ sqlite: original artifact is rechecked at the adoption commit boundary (249.233583ms)
✔ sqlite: a dispatched call without a received measurement remains unknown after reopen (116.684292ms)
✔ sqlite: unsent cancellation and legacy reservation expiry do not create unknown execution costs (76.157ms)
✔ sqlite: emitted observation source contracts are checked even when that tool schema is not selected (326.232833ms)
✔ sqlite: registry removal while a context frame is staged prevents returning the prepared input (210.445792ms)
✔ file-journal: default deny and fresh request perform actual reads, unreported adapter costs stay unknown (1977.015125ms)
✔ file-journal: TTL boundary makes a new read and adoption after expiry rejects an already-stored hit (1497.127542ms)
✔ file-journal: a changed principal cannot reuse a result obtained under the old policy (702.97725ms)
✔ file-journal: contract changes before dispatch fail without invoking; unrelated registry changes keep a selected contract usable (436.085708ms)
✔ file-journal: a reuse clone cannot survive source custody removal in history, copies, or context (951.406875ms)
✔ file-journal: original artifact is rechecked at the adoption commit boundary (494.5095ms)
✔ file-journal: a dispatched call without a received measurement remains unknown after reopen (125.815209ms)
✔ file-journal: unsent cancellation and legacy reservation expiry do not create unknown execution costs (150.29875ms)
✔ file-journal: emitted observation source contracts are checked even when that tool schema is not selected (698.6905ms)
✔ file-journal: registry removal while a context frame is staged prevents returning the prepared input (351.981375ms)
✔ adapter-supplied reuse metadata cannot claim an invocation was avoided (109.612625ms)
✔ a write tool cannot declare reuse and changing freshness changes the immutable task digest (0.660708ms)
✔ tool reuse: trusted immutable defaults reuse across task IDs while preserving exact original evidence, timing and nullable usage (40.2885ms)
✔ tool reuse: untrusted-default always misses (11.868166ms)
✔ tool reuse: untrusted-request always misses (8.452875ms)
✔ tool reuse: fresh always misses (8.37025ms)
✔ tool reuse: TTL begins at original start, expires at the exact boundary, and is rechecked before adoption (9.113959ms)
✔ tool reuse: retracted source evidence is never reused (11.487041ms)
✔ tool reuse: deleted source evidence is never reused (9.185417ms)
✔ tool reuse: restricted source evidence is never reused (8.415416ms)
✔ tool reuse: corrected source evidence is never reused (9.41475ms)
✔ tool reuse: superseded source evidence is never reused (9.227ms)
✔ tool reuse: missing source evidence is never reused (8.194416ms)
✔ tool reuse: contract-stamp original attempt cannot establish a cache hit (5.948333ms)
✔ tool reuse: execution-proof original attempt cannot establish a cache hit (6.847792ms)
✔ tool reuse: reused original attempt cannot establish a cache hit (6.164542ms)
✔ tool reuse: not-invoked original attempt cannot establish a cache hit (6.12925ms)
✔ tool reuse: partial original attempt cannot establish a cache hit (6.696625ms)
✔ tool reuse: unknown original attempt cannot establish a cache hit (6.442541ms)
✔ tool reuse: unadopted original attempt cannot establish a cache hit (5.804291ms)
✔ tool reuse: future original attempt cannot establish a cache hit (6.824333ms)
✔ tool reuse: full goal context changes invalidate the old key (6.40925ms)
✔ tool reuse: full goal-revision context changes invalidate the old key (6.00275ms)
✔ tool reuse: full scope context changes invalidate the old key (6.156209ms)
✔ tool reuse: full owner context changes invalidate the old key (5.83975ms)
✔ tool reuse: full labels context changes invalidate the old key (6.683459ms)
✔ tool reuse: full permission context changes invalidate the old key (5.371959ms)
✔ tool reuse: changed immutable sourceVersion or schema under the same tool version invalidates pinned contracts (9.700792ms)
✔ tool reuse: a different canonical input under the same trusted definition is a cache miss (5.752958ms)
✔ tool reuse: parent retraction invalidates an unchanged derived evidence payload (7.979959ms)
✔ tool reuse: missing or damaged original bytes and oversized results are conservative misses (12.319084ms)
✔ tool reuse: a partial canonical result is not an original complete observation (7.755833ms)
✔ tool reuse: a cursor canonical result is not an original complete observation (8.158833ms)
✔ tool reuse: a reused canonical result is not an original complete observation (7.52ms)
✔ tool reuse: a identity canonical result is not an original complete observation (8.698417ms)
✔ tool reuse: forged payloads, evidence timing, consumer identity, source stamps and accounting reports fail validation (10.886292ms)
✔ tool reuse: current source knowledge must validate and travels with the reused result (8.675291ms)
✔ tool reuse: source authority changes while canonical receipt lookup waits prevent a stale hit (5.756417ms)
✔ tool reuse: find-remove during the final state read invalidates the registry pin (7.530709ms)
✔ tool reuse: validate-source-version during the final state read invalidates the registry pin (8.4535ms)
✔ tool reuse: validate-labels during the final state read invalidates the registry pin (6.800959ms)
✔ progress runtime sqlite: renamed tasks share failure history and backoff survives workflow runs and reopening (472.334375ms)
✔ progress runtime sqlite: replanning cannot extend the first semantic request retry deadline (395.351459ms)
✔ progress runtime sqlite: successful empty results still stall and mode, compact, resume and reopening cannot erase that state (572.82625ms)
✔ progress runtime sqlite: a stored tool result settles atomically before allocation gates and verified completion still wins (285.666125ms)
✔ progress runtime sqlite: a stored model reply settles after reopening even when new allocations are blocked (337.197833ms)
✔ progress runtime sqlite: repeated invalid model proposals preserve one failure key and persist model backoff (761.827167ms)
✔ progress runtime sqlite: a new goal starts a new streak while preserving usage, processed history and failure deadlines (180.911708ms)
✔ progress runtime sqlite: an unknown synthetic write remains an obligation ahead of a no-progress allocation stop (297.08475ms)
✔ progress runtime file-journal: renamed tasks share failure history and backoff survives workflow runs and reopening (3179.776833ms)
✔ progress runtime file-journal: replanning cannot extend the first semantic request retry deadline (1741.099292ms)
✔ progress runtime file-journal: successful empty results still stall and mode, compact, resume and reopening cannot erase that state (3255.8475ms)
✔ progress runtime file-journal: a stored tool result settles atomically before allocation gates and verified completion still wins (862.656375ms)
✔ progress runtime file-journal: a stored model reply settles after reopening even when new allocations are blocked (489.226583ms)
✔ progress runtime file-journal: repeated invalid model proposals preserve one failure key and persist model backoff (2218.402916ms)
✔ progress runtime file-journal: a new goal starts a new streak while preserving usage, processed history and failure deadlines (312.779541ms)
✔ progress runtime file-journal: an unknown synthetic write remains an obligation ahead of a no-progress allocation stop (441.7945ms)
✔ progress: a unique committed operation contributes once and returned state has no mutable aliases (0.754084ms)
✔ progress: permutations, repeated known keys and new operation IDs cannot fabricate productive steps (1.2505ms)
✔ progress: explicit goal epochs reset only the current streak and preserve deduplication and the original retry window (0.265542ms)
✔ progress: processed capacity saturates without evicting prior records or resetting on a new goal (0.134916ms)
✔ progress: knownKeys capacity saturates without evicting prior records or resetting on a new goal (0.08425ms)
✔ progress: repeated failures retain their first deadline and use the current backoff without extending the retry window (0.4385ms)
✔ progress: retry gate respects the work deadline and specific repeated-failure limits (0.171084ms)
✔ progress: policies remain pinned and invalid counters, times, keys or schema fields fail closed (0.610584ms)
✔ capture: a new negative observation is productive while aliases, timestamps and duplicate originals are not (2.704166ms)
✔ capture: changed facts, coverage and an authenticated original version can each carry new information (0.397209ms)
✔ capture: derived copies do not add progress or independent completion credit (0.247333ms)
✔ capture: tenant evidence cannot earn progress (0.122958ms)
✔ capture: scope evidence cannot earn progress (0.10875ms)
✔ capture: labels evidence cannot earn progress (0.103042ms)
✔ capture: retracted evidence cannot earn progress (0.089375ms)
✔ capture: deleted evidence cannot earn progress (0.089334ms)
✔ capture: blocked-artifact evidence cannot earn progress (0.11825ms)
✔ capture: a hypothesis assessment is credited once per semantic evidence basis, not per hypothesis text or evidence ID (0.350333ms)
✔ capture: no evidence or a stale hypothesis assessment earns a fresh reasoning credit (0.142959ms)
✔ capture: only satisfied obligations contribute and identity or explanation rewrites cannot repeat the credit (0.125584ms)
✔ capture: plan, task, revision, mode, usage and replay changes cannot reset a stalled work (0.136875ms)
✔ capture: trusted explicit item progress and returned state copies follow the same deduplication contract (0.081ms)
✔ progress sqlite: reopen and duplicate commit preserve settlement counts and the first retry deadline (81.209583ms)
✔ progress file-journal: reopen and duplicate commit preserve settlement counts and the first retry deadline (150.822ms)
✔ sqlite/documents-simple: SIGKILL at before-execution resumes from reopened stores with 1 source call(s) and one result send (874.34175ms)
✔ sqlite/documents-simple: SIGKILL at response-before-store resumes from reopened stores with 2 source call(s) and one result send (1037.948666ms)
✔ sqlite/documents-simple: SIGKILL at response-stored resumes from reopened stores with 1 source call(s) and one result send (837.765041ms)
✔ sqlite/documents-simple: SIGKILL at receiver-committed resumes from reopened stores with 1 source call(s) and one result send (892.956916ms)
✔ sqlite/observations-simple: SIGKILL at before-execution resumes from reopened stores with 1 source call(s) and one result send (870.954792ms)
✔ sqlite/observations-simple: SIGKILL at response-before-store resumes from reopened stores with 2 source call(s) and one result send (1054.200833ms)
✔ sqlite/observations-simple: SIGKILL at response-stored resumes from reopened stores with 1 source call(s) and one result send (858.872709ms)
✔ sqlite/observations-simple: SIGKILL at receiver-committed resumes from reopened stores with 1 source call(s) and one result send (778.824292ms)
✔ sqlite: SIGKILL after a synthetic write effect but before response storage preserves unknown and never repeats the write or claims completion (635.874042ms)
✔ file-journal/documents-simple: SIGKILL at before-execution resumes from reopened stores with 1 source call(s) and one result send (2534.250166ms)
✔ file-journal/documents-simple: SIGKILL at response-before-store resumes from reopened stores with 2 source call(s) and one result send (2093.779208ms)
✔ file-journal/documents-simple: SIGKILL at response-stored resumes from reopened stores with 1 source call(s) and one result send (1299.428042ms)
✔ file-journal/documents-simple: SIGKILL at receiver-committed resumes from reopened stores with 1 source call(s) and one result send (1024.64975ms)
✔ file-journal/observations-simple: SIGKILL at before-execution resumes from reopened stores with 1 source call(s) and one result send (1352.197125ms)
✔ file-journal/observations-simple: SIGKILL at response-before-store resumes from reopened stores with 2 source call(s) and one result send (1383.7895ms)
✔ file-journal/observations-simple: SIGKILL at response-stored resumes from reopened stores with 1 source call(s) and one result send (1234.400208ms)
✔ file-journal/observations-simple: SIGKILL at receiver-committed resumes from reopened stores with 1 source call(s) and one result send (952.97275ms)
✔ file-journal: SIGKILL after a synthetic write effect but before response storage preserves unknown and never repeats the write or claims completion (826.423958ms)
✔ documents-simple: restarted workflow adopts a stored model response and reaches delivered completion without another planner call (56.6015ms)
✔ observations-simple: restarted workflow adopts a stored model response and reaches delivered completion without another planner call (22.016042ms)
✔ an unknown result delivery causes bounded waiting and only one receipt lookup on the next explicit run (15.711125ms)
✔ a workflow without a planner returns a planning requirement and does not create an inferred plan (5.115667ms)
✔ workflow entry requires the full persisted execution policy rather than a narrower read-only view (4.448292ms)
✔ user cancellation between workflow steps preserves terminal state and cancels an unsent model reservation (7.095ms)
✔ scoped actors cannot enter execution even when their current limits equal the work policy (3.158792ms)
✔ final checkpoint cannot report old completion when a goal change arrives during checkpoint storage (13.953875ms)
✔ workspace: missing or denying memory validators block file operations before workspace I/O (206.0355ms)
✔ workspace: stage rechecks memory custody after its asynchronous I/O (167.425542ms)
✔ workspace: read rechecks memory custody after its asynchronous I/O (161.849333ms)
✔ workspace: checkpoint rechecks memory custody after its asynchronous I/O (224.295541ms)
✔ workspace: restore rechecks memory custody after its asynchronous I/O (148.413084ms)
✔ workspace: cleanup rechecks memory custody after its asynchronous I/O (241.4725ms)
✔ workspace: sqlite checkpoint and byte-for-byte restore survive new state, artifact and workspace instances (361.742459ms)
✔ workspace: file-journal checkpoint and byte-for-byte restore survive new state, artifact and workspace instances (642.492416ms)
✔ workspace: identical paths are isolated by both work and attempt and ownership is checked before file access (221.245ms)
✔ workspace: traversal, absolute, ambiguous and platform-specific paths cannot be staged (63.019292ms)
✔ workspace: repeated identical staging is idempotent and different content cannot overwrite it (130.166833ms)
✔ workspace: caller mutations after starting stage cannot change the bytes being staged (111.871292ms)
✔ workspace: two processes cannot overwrite the same staged path with different bytes (171.74825ms)
✔ workspace: artifact saved during a state change remains uncommitted and cannot replace the authoritative revision (175.015333ms)
✔ workspace: narrower actor grants never replace the stored work policy during checkpoint commit (134.274792ms)
✔ workspace: policy change during file read prevents returning previously read bytes (94.549041ms)
✔ workspace: generation change during file read prevents returning previously read bytes (103.330291ms)
✔ workspace: policy change during staging prevents a successful stale response and preserves the local file (109.6605ms)
✔ workspace: generation change during staging prevents a successful stale response and preserves the local file (91.894667ms)
✔ workspace: generation changes block even source-free checkpoints and preserve their staged files (197.980958ms)
✔ workspace: restricted is checked when restoring a checkpoint even without a generation change (226.77225ms)
✔ workspace: deleted is checked when restoring a checkpoint even without a generation change (244.212958ms)
✔ workspace: labels is checked when restoring a checkpoint even without a generation change (216.021042ms)
✔ workspace: artifact is checked when restoring a checkpoint even without a generation change (256.824292ms)
✔ workspace: lifecycle changes during artifact restore prevent files from being staged (253.873583ms)
✔ workspace: cleanup preserves files while active (191.816958ms)
✔ workspace: cleanup preserves files while unknown (128.101042ms)
✔ workspace: cleanup preserves files while obligation (183.276125ms)
✔ workspace: cleanup preserves files while uncheckpointed (100.684084ms)
✔ workspace: a file staged after cleanup inspection causes manifest conflict and remains preserved (200.964916ms)
✔ workspace: missing checkpoint content prevents cleanup of the surviving staged file (167.034958ms)
✔ workspace: a remaining lock is never stolen by staging or cleanup (145.173333ms)
✔ workspace: symlink files and replaced roots are rejected instead of reading or overwriting them (84.914625ms)
✔ workspace: content corruption and configured byte or file capacity limits fail without silent truncation (155.842542ms)
ℹ tests 1388
ℹ suites 0
ℹ pass 1388
ℹ fail 0
ℹ cancelled 0
ℹ skipped 0
ℹ todo 0
ℹ duration_ms 121726.272875

> long-horizon-runtime@0.1.0 typecheck:core
> tsc -p tsconfig.core.json


> long-horizon-runtime@0.1.0 check:architecture
> node scripts/check-architecture.mjs

{"inspected":83,"failures":[]}

> long-horizon-runtime@0.1.0 fixtures
> node dist/presentation/fixtures.js

{
  "createdAt": "2026-09-05T15:35:17.197Z",
  "node": "v24.20.0",
  "evaluation": "deterministic_contract_baseline",
  "passed": true,
  "scenarios": 4,
  "checkpoints": 22,
  "elapsedMs": 9.778125000000003,
  "actualModelCalls": 0,
  "actualToolCalls": 0,
  "actualTokenUsage": null,
  "results": [
    {
      "id": "documents-complex",
      "checks": 9,
      "passed": true
    },
    {
      "id": "documents-simple",
      "checks": 3,
      "passed": true
    },
    {
      "id": "observations-complex",
      "checks": 7,
      "passed": true
    },
    {
      "id": "observations-simple",
      "checks": 3,
      "passed": true
    }
  ]
}
