
> long-horizon-runtime@0.1.0 verify
> npm test && npm run typecheck:core && npm run check:architecture && npm run fixtures


> long-horizon-runtime@0.1.0 test
> npm run build && node --test dist/tests/*.test.js


> long-horizon-runtime@0.1.0 build
> tsc -p tsconfig.json && node scripts/record-build.mjs

✔ artifact I/O: metrics snapshots are independent and reset does not modify stored artifacts (66.741084ms)
✔ artifact I/O: first put counts its missing existence probe, exact UTF-8 hashes, and two atomic file writes (27.35775ms)
✔ artifact I/O: duplicate put verifies the existing body and performs no file writes (34.007125ms)
✔ artifact I/O: put repairs a corrupt existing object after counting the failed verification (108.790125ms)
✔ artifact I/O: get and exists each perform independent metadata, body, and integrity work under concurrent reads (54.125583ms)
✔ artifact I/O: tenant and label denials count API calls without opening or hashing files (59.784291ms)
✔ artifact I/O: missing json counts failed opens without claiming unread body bytes (57.072ms)
✔ artifact I/O: missing blob counts failed opens without claiming unread body bytes (40.783666ms)
✔ artifact I/O: invalid metadata is a verification failure after a successful metadata read (74.677042ms)
✔ artifact I/O: a metadata reference mismatch stops before body read or hashing (73.073333ms)
✔ artifact I/O: same-size tampering hashes the read body (47.306167ms)
✔ artifact I/O: length mismatch preserves the existing hash short circuit (82.802042ms)
✔ artifact I/O: a body symlink remains unreadable and contributes no target bytes (74.718959ms)
✔ content, metadata and permissions survive artifact store restart (70.921041ms)
✔ same bytes under different tenant/labels never share an accessible reference (113.473458ms)
✔ corrupt bytes, missing originals, path traversal and symlink substitution are rejected (81.0785ms)
✔ artifact stored before failed state commit is reused after reopening, without dangling references (151.807792ms)
✔ execution intent and unadopted result persist independently of evidence acceptance (178.130875ms)
✔ budget crash sqlite: SIGKILL after durable child-genesis resumes one grant without Tool or Planner entry (612.096959ms)
✔ budget crash sqlite: SIGKILL after durable parent-grant resumes one grant without Tool or Planner entry (705.51825ms)
✔ budget crash sqlite: SIGKILL after durable child-activation resumes one grant without Tool or Planner entry (635.602542ms)
✔ budget crash sqlite: SIGKILL after parent-draining retains consumed usage and cancels unsent tool once (1198.430166ms)
✔ budget crash sqlite: SIGKILL after child-fence retains consumed usage and cancels unsent tool once (1248.350375ms)
✔ budget crash sqlite: SIGKILL after parent-settlement retains consumed usage and cancels unsent tool once (1476.027959ms)
✔ budget crash sqlite: SIGKILL after parent-draining retains consumed usage and cancels unsent model once (1543.861917ms)
✔ budget crash sqlite: SIGKILL after child-fence retains consumed usage and cancels unsent model once (1262.061375ms)
✔ budget crash sqlite: SIGKILL after parent-settlement retains consumed usage and cancels unsent model once (1286.812333ms)
✔ budget crash file-journal: SIGKILL after durable child-genesis resumes one grant without Tool or Planner entry (1379.929167ms)
✔ budget crash file-journal: SIGKILL after durable parent-grant resumes one grant without Tool or Planner entry (1626.07675ms)
✔ budget crash file-journal: SIGKILL after durable child-activation resumes one grant without Tool or Planner entry (1199.7405ms)
✔ budget crash file-journal: SIGKILL after parent-draining retains consumed usage and cancels unsent tool once (5130.613917ms)
✔ budget crash file-journal: SIGKILL after child-fence retains consumed usage and cancels unsent tool once (4710.5955ms)
✔ budget crash file-journal: SIGKILL after parent-settlement retains consumed usage and cancels unsent tool once (4212.698333ms)
✔ budget crash file-journal: SIGKILL after parent-draining retains consumed usage and cancels unsent model once (4967.059084ms)
✔ budget crash file-journal: SIGKILL after child-fence retains consumed usage and cancels unsent model once (5507.767041ms)
✔ budget crash file-journal: SIGKILL after parent-settlement retains consumed usage and cancels unsent model once (4860.365708ms)
✔ budget runtime sqlite: child execution settles once across duplicate creation, reconciliation and reopen without copying evidence (373.494166ms)
✔ budget runtime sqlite: parent remaining calls execute while escrow prevents parent and sibling over-allocation (226.682333ms)
✔ budget runtime sqlite: concurrent sibling grants cannot oversubscribe one parent's remaining budget (162.58075ms)
✔ budget runtime sqlite: a child's last logical tool call is consumed by an actual dispatch and cannot be minted by a new task ID (343.740292ms)
✔ budget runtime sqlite: actual model dispatch and reported tokens remain charged when its plan is rejected (594.094792ms)
✔ budget runtime sqlite: a child token cap below the estimated reservation prevents durable model allocation and transport (157.961333ms)
✔ budget runtime sqlite: revoking an unsent tool reservation fences the child and returns only unused escrow (224.48175ms)
✔ budget runtime sqlite: revoking an unsent model reservation fences the child and returns only unused escrow (338.420125ms)
✔ budget runtime sqlite: revoke retains an active model's unknown usage, then late accounting settles once without adopting its plan (651.355541ms)
✔ budget runtime sqlite: unknown write effects keep the grant outstanding after revoke and restart (402.46775ms)
✔ budget runtime sqlite: reported model overage is charged to the parent without clamping and prevents further funding (484.031458ms)
✔ budget runtime sqlite: reducing limits preserves committed charges and child deadlines while blocking new grants (287.332ms)
✔ budget runtime sqlite: pending genesis cannot execute before funding (150.140916ms)
✔ budget runtime sqlite: pending genesis cannot execute before funding and parent cancellation wins activation (156.639833ms)
✔ budget runtime sqlite: child funding rejects broader authority, altered duplicate commands and work ID reattachment (111.33075ms)
✔ budget runtime sqlite: grant commit ACK loss resumes the same grant and child without another allocation (351.942459ms)
✔ budget runtime sqlite: activation commit ACK loss resumes the same grant and child without another allocation (299.90775ms)
✔ budget runtime sqlite: revocation during child activation installs a fence that the stale activation cannot overwrite (221.063541ms)
✔ budget runtime sqlite: revoke after tool dispatch and before entry prevents transport while keeping the logical dispatch charge (308.944417ms)
✔ budget runtime sqlite: revoke after model dispatch and before entry prevents transport while keeping the logical dispatch charge (580.164417ms)
✔ budget runtime sqlite: actual replan adoption spends the child's delegated replan allowance once (788.702ms)
✔ budget runtime sqlite: nested child execution reconciles through both grants without double charging or copying originals (504.740334ms)
✔ budget runtime sqlite: an unfunded pending child cannot turn resume or a new goal into execution authority (199.272333ms)
✔ budget runtime sqlite: a parent goal change fences a child's previously reserved tool before entry (290.884209ms)
✔ budget runtime sqlite: a parent policy change fences a child's previously reserved tool before entry (246.678583ms)
✔ budget runtime sqlite: a parent deadline change fences a child's previously reserved tool before entry (238.011542ms)
✔ budget runtime sqlite: a partially reported model response retains known tokens and unknown reservation after revoke and reopen (463.191916ms)
✔ budget runtime sqlite: sibling overage received during a tool dispatch ACK delay prevents its actual entry despite stale parent accounting (690.637125ms)
✔ budget runtime sqlite: sibling overage received during a model dispatch ACK delay prevents its actual entry despite stale parent accounting (721.627208ms)
✔ budget runtime file-journal: child execution settles once across duplicate creation, reconciliation and reopen without copying evidence (3137.312083ms)
✔ budget runtime file-journal: parent remaining calls execute while escrow prevents parent and sibling over-allocation (2434.877625ms)
✔ budget runtime file-journal: concurrent sibling grants cannot oversubscribe one parent's remaining budget (803.166625ms)
✔ budget runtime file-journal: a child's last logical tool call is consumed by an actual dispatch and cannot be minted by a new task ID (2243.836083ms)
✔ budget runtime file-journal: actual model dispatch and reported tokens remain charged when its plan is rejected (1505.930125ms)
✔ budget runtime file-journal: a child token cap below the estimated reservation prevents durable model allocation and transport (945.035625ms)
✔ budget runtime file-journal: revoking an unsent tool reservation fences the child and returns only unused escrow (1354.352917ms)
✔ budget runtime file-journal: revoking an unsent model reservation fences the child and returns only unused escrow (1349.373125ms)
✔ budget runtime file-journal: revoke retains an active model's unknown usage, then late accounting settles once without adopting its plan (2095.392792ms)
✔ budget runtime file-journal: unknown write effects keep the grant outstanding after revoke and restart (1405.5685ms)
✔ budget runtime file-journal: reported model overage is charged to the parent without clamping and prevents further funding (1257.093209ms)
✔ budget runtime file-journal: reducing limits preserves committed charges and child deadlines while blocking new grants (2313.166916ms)
✔ budget runtime file-journal: pending genesis cannot execute before funding (2074.857417ms)
✔ budget runtime file-journal: pending genesis cannot execute before funding and parent cancellation wins activation (570.821417ms)
✔ budget runtime file-journal: child funding rejects broader authority, altered duplicate commands and work ID reattachment (678.82525ms)
✔ budget runtime file-journal: grant commit ACK loss resumes the same grant and child without another allocation (778.67725ms)
✔ budget runtime file-journal: activation commit ACK loss resumes the same grant and child without another allocation (457.17025ms)
✔ budget runtime file-journal: revocation during child activation installs a fence that the stale activation cannot overwrite (784.117416ms)
✔ budget runtime file-journal: revoke after tool dispatch and before entry prevents transport while keeping the logical dispatch charge (2117.864ms)
✔ budget runtime file-journal: revoke after model dispatch and before entry prevents transport while keeping the logical dispatch charge (2013.833791ms)
✔ budget runtime file-journal: actual replan adoption spends the child's delegated replan allowance once (3461.711208ms)
✔ budget runtime file-journal: nested child execution reconciles through both grants without double charging or copying originals (4721.455792ms)
✔ budget runtime file-journal: an unfunded pending child cannot turn resume or a new goal into execution authority (716.857334ms)
✔ budget runtime file-journal: a parent goal change fences a child's previously reserved tool before entry (2159.911958ms)
✔ budget runtime file-journal: a parent policy change fences a child's previously reserved tool before entry (2011.944417ms)
✔ budget runtime file-journal: a parent deadline change fences a child's previously reserved tool before entry (2043.564292ms)
✔ budget runtime file-journal: a partially reported model response retains known tokens and unknown reservation after revoke and reopen (2488.439958ms)
✔ budget runtime file-journal: sibling overage received during a tool dispatch ACK delay prevents its actual entry despite stale parent accounting (4407.0065ms)
✔ budget runtime file-journal: sibling overage received during a model dispatch ACK delay prevents its actual entry despite stale parent accounting (3593.666458ms)
✔ budget exposure: own usage and reservations add each dimension without charging elapsed time or unknown counts as tokens (0.673875ms)
✔ budget exposure: active and draining escrow count once even when the same child usage has already been observed (0.604291ms)
✔ budget exposure: usage above allocation and outstanding reservations remain visible in independent dimensions (0.144875ms)
✔ budget exposure: settling replaces escrow with accounted plus reserved amounts and repeated reads cannot refund twice (0.183417ms)
✔ budget exposure: unknown and partially reported model usage keeps reserved tokens even on a settled summary (2.563459ms)
✔ budget exposure: a lower parent limit preserves actual costs and reports each excess without negative remaining values (0.176542ms)
✔ budget exposure: separate grants sum but duplicate IDs and duplicate child funding records are rejected (0.804916ms)
✔ budget exposure: zero-funded grants remain explicit and cannot hide a later reported expense (0.169791ms)
✔ budget exposure: max-safe totals are exact and overflow in local, grant, aggregate or combined arithmetic fails closed (0.580542ms)
✔ budget exposure: fractional, negative, nonfinite, unsafe and missing values never become zero (0.887792ms)
✔ budget exposure: grant schema keeps authority identity strict and requires a state revision for observed or settled accounting (0.909084ms)
✔ budget exposure: parent links preserve pending, active and draining as different stored phases without conferring allocation authority (0.851583ms)
✔ budget exposure: empty and absent grant lists are equivalent while malformed and over-cap lists are rejected (57.667584ms)
✔ budget exposure: projections and strict schema copies share no mutable vectors with the ledger (0.123375ms)
✔ CLI resumes across processes, keeps conversation/work identities and separates disconnect, pause and cancel (4568.226417ms)
✔ CLI human output is reception plus result, with no internal events or ANSI: documents-simple (1329.472667ms)
✔ CLI human output is reception plus result, with no internal events or ANSI: observations-simple (1357.641917ms)
✔ CLI goal changes require an explicit revision and failures have no success JSON on stdout (1200.727458ms)
✔ CLI checkpoint is a derived reference and an old resume file does not reverse a paused work (2749.369791ms)
✔ continuation context sqlite: protected claim and canonical v1 originals survive five compactions and reopen (1968.101625ms)
✔ continuation context sqlite: late malformed parent receive cannot rewrite a claimed source (1148.620375ms)
✔ continuation context sqlite: missing head fences an otherwise unchanged claim (1152.708583ms)
✔ continuation context sqlite: missing result fences an otherwise unchanged claim (1301.125959ms)
✔ continuation context sqlite: missing observation fences an otherwise unchanged claim (1321.86375ms)
✔ continuation context sqlite: corrupt v1 parent data and invalid bounded decode never produce a resume (1124.915042ms)
✔ continuation context sqlite: original loss during model_context storage is checked before return (1158.182958ms)
✔ continuation context sqlite: original loss during runtime_resume storage is checked before return (1229.682625ms)
✔ continuation context sqlite: visibility hides a claim while obligations remain and undeclared raw fields are discarded (1056.370584ms)
✔ continuation context sqlite: unavailable continuation proof readers fail closed even without reconciliation records (1170.636583ms)
✔ continuation context file-journal: protected claim and canonical v1 originals survive five compactions and reopen (7898.959417ms)
✔ continuation context file-journal: late malformed parent receive cannot rewrite a claimed source (3518.827417ms)
✔ continuation context file-journal: missing head fences an otherwise unchanged claim (3539.746958ms)
✔ continuation context file-journal: missing result fences an otherwise unchanged claim (3226.068166ms)
✔ continuation context file-journal: missing observation fences an otherwise unchanged claim (4610.131125ms)
✔ continuation context file-journal: corrupt v1 parent data and invalid bounded decode never produce a resume (3757.694208ms)
✔ continuation context file-journal: original loss during model_context storage is checked before return (3718.608958ms)
✔ continuation context file-journal: original loss during runtime_resume storage is checked before return (4187.264458ms)
✔ continuation context file-journal: visibility hides a claim while obligations remain and undeclared raw fields are discarded (4558.964708ms)
✔ continuation context file-journal: unavailable continuation proof readers fail closed even without reconciliation records (4970.970583ms)
✔ computer continuation contract: optional fields leave legacy state, context and task digests unchanged (9.646708ms)
✔ computer continuation contract: control metadata cannot carry raw actions, offsets or two resume mechanisms (1.716125ms)
✔ computer continuation contract: counters, depth and mode cannot revive the action window or exceed inherited limits (22.330708ms)
✔ computer continuation planning: exact parent and proof participate in task identity, including historical plans (27.796333ms)
✔ computer continuation tools: proof metadata is mandatory and refresh cannot install an invalid or cacheable adapter (7.283ms)
✔ computer continuation tools: resume is required exactly for marked tools and verify needs no write permission (10.202583ms)
✔ computer continuation transition: claim and a new reserved attempt plus budget must be committed together (0.647625ms)
✔ computer continuation transition: a claimed parent cannot be replaced, removed or assigned a second sibling (1.765292ms)
✔ computer continuation transition: source result, checkpoint and task identity stay immutable while the child progresses (0.473292ms)
✔ computer continuation transition: an unknown parent requires the exact settled proof and source basis (0.445208ms)
✔ computer continuation transition: a later generation inherits root limits and cannot reset counters, depth or the action deadline (0.603ms)
✔ memory: continuation CAS admits one sibling, preserves its receipt on retry and rejects history edits atomically (8.819208ms)
✔ sqlite: continuation CAS admits one sibling, preserves its receipt on retry and rejects history edits atomically (78.919167ms)
✔ file-journal: continuation CAS admits one sibling, preserves its receipt on retry and rejects history edits atomically (724.168708ms)
✔ sqlite: structurally valid continue and verify plans fail before acceptance or cost (145.041375ms)
✔ sqlite: a stored continuation plan cannot create a new attempt or budget reservation (109.550125ms)
✔ sqlite: a stored continuation reservation cannot dispatch or enter through execute (165.004083ms)
✔ sqlite: even an existing dispatch receipt cannot invoke a continuation adapter or its reuse hook (179.058042ms)
✔ file-journal: structurally valid continue and verify plans fail before acceptance or cost (751.841417ms)
✔ file-journal: a stored continuation plan cannot create a new attempt or budget reservation (1046.096416ms)
✔ file-journal: a stored continuation reservation cannot dispatch or enter through execute (990.097125ms)
✔ file-journal: even an existing dispatch receipt cannot invoke a continuation adapter or its reuse hook (757.727958ms)
✔ computer operation contract: identity binds the requested input without copying the observed screen or mutable lease (2.061334ms)
✔ computer operation contract: every routing and action component distinguishes an otherwise reused operation id (0.964958ms)
✔ computer operation contract: strict identity retains the bounded typed-action boundary (0.540417ms)
✔ computer operation contract: receipts record a decision and never treat an unknown response as a negative effect (1.13725ms)
✔ computer operation contract: lookup cannot claim found without a receipt or turn an absent proof into not_applied (0.64175ms)
✔ SIGKILL after durable Save permits exact original receipt lookup in a new epoch without replaying input (177.045708ms)
✔ SIGKILL before Save leaves an absent receipt unknown rather than inventing a not-applied receipt (196.023875ms)
✔ sqlite: lost receive ACK preserves the committed reconciliation response and settles without another lookup (1362.682167ms)
✔ sqlite: pause during an actual driver lookup fences its late receipt while retaining the read charge and effect obligation (1152.840875ms)
✔ sqlite: goal during an actual driver lookup fences its late receipt while retaining the read charge and effect obligation (1125.420042ms)
✔ file-journal: lost receive ACK preserves the committed reconciliation response and settles without another lookup (7035.644375ms)
✔ file-journal: pause during an actual driver lookup fences its late receipt while retaining the read charge and effect obligation (5158.891834ms)
✔ file-journal: goal during an actual driver lookup fences its late receipt while retaining the read charge and effect obligation (4021.368792ms)
✔ reconciliation context sqlite: reserved metadata and original refs survive compaction and repository reopen (1677.157125ms)
✔ reconciliation context sqlite: settled metadata and original refs survive compaction and repository reopen (2209.914416ms)
✔ reconciliation context sqlite: missing proof rejects source reuse, compaction and restore (1799.447667ms)
✔ reconciliation context sqlite: corrupt proof rejects source reuse, compaction and restore (1705.148417ms)
✔ reconciliation context sqlite: proof loss during model_context staging is rejected before return (1509.074833ms)
✔ reconciliation context sqlite: proof loss during runtime_resume staging is rejected before return (1422.624ms)
✔ reconciliation context sqlite: lifecycle and read permission changes hide the index and prevent resume without dropping the pending obligation (1500.985292ms)
✔ reconciliation context sqlite: a runtime without an effect proof reader rejects settled metadata (1297.059625ms)
✔ reconciliation context file-journal: reserved metadata and original refs survive compaction and repository reopen (5613.807333ms)
✔ reconciliation context file-journal: settled metadata and original refs survive compaction and repository reopen (10772.0825ms)
✔ reconciliation context file-journal: missing proof rejects source reuse, compaction and restore (7252.501416ms)
✔ reconciliation context file-journal: corrupt proof rejects source reuse, compaction and restore (6441.126875ms)
✔ reconciliation context file-journal: proof loss during model_context staging is rejected before return (7221.085458ms)
✔ reconciliation context file-journal: proof loss during runtime_resume staging is rejected before return (6883.03625ms)
✔ reconciliation context file-journal: lifecycle and read permission changes hide the index and prevent resume without dropping the pending obligation (7144.781542ms)
✔ reconciliation context file-journal: a runtime without an effect proof reader rejects settled metadata (6523.782208ms)
✔ computer reconciliation contract: optional index preserves legacy states and contexts without adding empty metadata (6.378625ms)
✔ computer reconciliation contract: metadata remains strict and bounded without accepting raw action or duplicate ids (19.014ms)
✔ computer reconciliation contract: received and settled require different proof stages and a timed response (0.376083ms)
✔ computer reconciliation contract: lookup outcome does not erase an earlier applied prefix or invent a known absence (0.136125ms)
✔ computer reconciliation transition: intent identity and the first response, proof, and timestamps cannot be replaced (2.108667ms)
✔ computer reconciliation transition: new records cannot skip dispatch and existing records cannot disappear or restart (0.646ms)
✔ computer reconciliation transition: known claims remain historical even when the proof is invalidated (1.963708ms)
✔ computer reconciliation transition: original task identity, result, and checkpoint remain fixed across late updates (1.242875ms)
✔ memory: reconciliation CAS retains original results, rejects rollback atomically, and preserves historical receipts (9.101791ms)
✔ sqlite: reconciliation CAS retains original results, rejects rollback atomically, and preserves historical receipts (186.912833ms)
✔ file-journal: reconciliation CAS retains original results, rejects rollback atomically, and preserves historical receipts (1264.898625ms)
✔ sqlite: receipt identity and driver mismatches cannot close an effect and retain the measured read (2467.043ms)
✔ sqlite: a lease acquisition that ignores abort cannot hold cancellation or enter lookup later (1091.225125ms)
✔ sqlite: a reconciled expired input keeps its intent head and null result when the original runner returns late (1067.8615ms)
✔ sqlite: revoking a parent grant refunds an unused query and prevents a fresh lookup allowance (1370.842792ms)
✔ file-journal: receipt identity and driver mismatches cannot close an effect and retain the measured read (10206.178416ms)
✔ file-journal: a lease acquisition that ignores abort cannot hold cancellation or enter lookup later (3375.915375ms)
✔ file-journal: a reconciled expired input keeps its intent head and null result when the original runner returns late (3821.878209ms)
✔ file-journal: revoking a parent grant refunds an unused query and prevents a fresh lookup allowance (4948.32325ms)
✔ reconciliation outbox sqlite: current proof permits one result send and delivery obligation settlement (1773.094083ms)
✔ reconciliation outbox sqlite: narrowed tool authority preserves proof validation while channel restrictions still apply (3380.677541ms)
✔ reconciliation outbox sqlite: proof loss at the same revision prevents any result transport (1536.128083ms)
✔ reconciliation outbox sqlite: proof loss defers lookup of an already sent uncertain result (1631.906916ms)
✔ reconciliation outbox sqlite: proof loss after the send claim is checked before entering the sink (1523.034959ms)
✔ reconciliation outbox sqlite: proof loss in the pre-lookup artifact await prevents receipt lookup (1437.876583ms)
✔ reconciliation outbox sqlite: proof loss during send keeps the delivery unadopted without resending (1290.475875ms)
✔ reconciliation outbox sqlite: proof loss during receipt lookup cannot close the delivery obligation (1310.318333ms)
✔ reconciliation outbox sqlite: the commit guard rechecks proof after awaited artifact validation (1301.82075ms)
✔ reconciliation outbox file-journal: current proof permits one result send and delivery obligation settlement (7014.200541ms)
✔ reconciliation outbox file-journal: narrowed tool authority preserves proof validation while channel restrictions still apply (14613.805625ms)
✔ reconciliation outbox file-journal: proof loss at the same revision prevents any result transport (6536.842125ms)
✔ reconciliation outbox file-journal: proof loss defers lookup of an already sent uncertain result (9308.231917ms)
✔ reconciliation outbox file-journal: proof loss after the send claim is checked before entering the sink (7947.477041ms)
✔ reconciliation outbox file-journal: proof loss in the pre-lookup artifact await prevents receipt lookup (7971.480041ms)
✔ reconciliation outbox file-journal: proof loss during send keeps the delivery unadopted without resending (7708.668ms)
✔ reconciliation outbox file-journal: proof loss during receipt lookup cannot close the delivery obligation (9313.22975ms)
✔ reconciliation outbox file-journal: the commit guard rechecks proof after awaited artifact validation (8156.417583ms)
✔ sqlite: reserve command receipt is required to authenticate an otherwise intact reconciliation proof (1572.171166ms)
✔ sqlite: dispatch command receipt is required to authenticate an otherwise intact reconciliation proof (1577.562417ms)
✔ sqlite: receive command receipt is required to authenticate an otherwise intact reconciliation proof (1454.712541ms)
✔ sqlite: settle command receipt is required to authenticate an otherwise intact reconciliation proof (1410.009333ms)
✔ sqlite: concurrent identical reserve, execute, and settle calls retain one intent, one lookup charge, and one proof (1254.421916ms)
✔ file-journal: reserve command receipt is required to authenticate an otherwise intact reconciliation proof (6469.249333ms)
✔ file-journal: dispatch command receipt is required to authenticate an otherwise intact reconciliation proof (5393.04175ms)
✔ file-journal: receive command receipt is required to authenticate an otherwise intact reconciliation proof (4998.25375ms)
✔ file-journal: settle command receipt is required to authenticate an otherwise intact reconciliation proof (5927.784709ms)
✔ file-journal: concurrent identical reserve, execute, and settle calls retain one intent, one lookup charge, and one proof (5741.136958ms)
✔ sqlite: SIGKILL after reconciliation reservation preserves its owner and refunds only on expiry before an explicit new command (1727.379416ms)
✔ sqlite: SIGKILL during dispatched lookup retains unknown usage and never reissues that command across expiry (1522.572875ms)
✔ sqlite: SIGKILL after received reconciliation settles the stored timely response after lease expiry with no new lookup or input (1412.443583ms)
✔ sqlite: SIGKILL after settlement reopens a current separate proof and duplicate commands remain read-only (1349.56825ms)
✔ file-journal: SIGKILL after reconciliation reservation preserves its owner and refunds only on expiry before an explicit new command (5840.584916ms)
✔ file-journal: SIGKILL during dispatched lookup retains unknown usage and never reissues that command across expiry (6337.7005ms)
✔ file-journal: SIGKILL after received reconciliation settles the stored timely response after lease expiry with no new lookup or input (6493.265375ms)
✔ file-journal: SIGKILL after settlement reopens a current separate proof and duplicate commands remain read-only (6783.184209ms)
✔ sqlite: screen result depends on the live reconciliation proof even when the state revision and previous cursor are unchanged (1367.033416ms)
✔ sqlite: proof loss during diagnostics projection withholds an already prepared result before returning a cursor (1171.729209ms)
✔ sqlite: a reader without the effect verifier cannot treat stored settled metadata as current proof (1165.951458ms)
✔ file-journal: screen result depends on the live reconciliation proof even when the state revision and previous cursor are unchanged (7797.096375ms)
✔ file-journal: proof loss during diagnostics projection withholds an already prepared result before returning a cursor (7709.014416ms)
✔ file-journal: a reader without the effect verifier cannot treat stored settled metadata as current proof (6805.823292ms)
✔ sqlite: explicit reconciliation records a read response and separate effect proof without adopting or changing the original input (1049.601583ms)
✔ sqlite: recorded not-applied receipts resolve only the unknown step and preserve a prior applied prefix (1816.894583ms)
✔ sqlite: a missing driver receipt remains unresolved and repeating the same request neither repeats input nor lookup (769.420792ms)
✔ sqlite: duplicate command and execution charge one lookup while changed payload conflicts (1145.983709ms)
✔ sqlite: exhausted lookup budget refuses reservation without a driver call or a stored intent (901.621917ms)
✔ sqlite: receipt lookup requires current read authority but does not require permission to issue another input (1035.162208ms)
✔ sqlite: an expired unused reconciliation reservation is released and the same request never dispatches later (933.448709ms)
✔ sqlite: loss of a settled proof reopens the effect obligation while preserving the old receipt, claim, and original head (1117.858834ms)
✔ file-journal: explicit reconciliation records a read response and separate effect proof without adopting or changing the original input (5202.372041ms)
✔ file-journal: recorded not-applied receipts resolve only the unknown step and preserve a prior applied prefix (11287.7535ms)
✔ file-journal: a missing driver receipt remains unresolved and repeating the same request neither repeats input nor lookup (5285.05525ms)
✔ file-journal: duplicate command and execution charge one lookup while changed payload conflicts (6248.118417ms)
✔ file-journal: exhausted lookup budget refuses reservation without a driver call or a stored intent (3743.63425ms)
✔ file-journal: receipt lookup requires current read authority but does not require permission to issue another input (5614.37525ms)
✔ file-journal: an expired unused reconciliation reservation is released and the same request never dispatches later (4868.844167ms)
✔ file-journal: loss of a settled proof reopens the effect obligation while preserving the old receipt, claim, and original head (6097.532292ms)
✔ computer context sqlite: five compactions and restart preserve running input metadata (624.756375ms)
✔ computer context sqlite: five compactions and restart preserve unknown input metadata (696.500416ms)
✔ computer context file-journal: five compactions and restart preserve running input metadata (2244.583375ms)
✔ computer context file-journal: five compactions and restart preserve unknown input metadata (3122.150667ms)
✔ computer context sqlite: deleted head blocks compaction, source fence and restore (310.100833ms)
✔ computer context sqlite: modified head blocks compaction, source fence and restore (402.059542ms)
✔ computer context file-journal: deleted head blocks compaction, source fence and restore (1188.78675ms)
✔ computer context file-journal: modified head blocks compaction, source fence and restore (1173.500459ms)
✔ computer context sqlite: mandatory input metadata cannot be evicted, altered or reassigned to a later goal (347.066333ms)
✔ computer context file-journal: mandatory input metadata cannot be evicted, altered or reassigned to a later goal (1167.622916ms)
✔ computer context sqlite: head loss during model_context staging is checked before return (373.266458ms)
✔ computer context sqlite: head loss during runtime_resume staging is checked before return (326.958291ms)
✔ computer context file-journal: head loss during model_context staging is checked before return (941.602ms)
✔ computer context file-journal: head loss during runtime_resume staging is checked before return (944.782167ms)
✔ computer context sqlite: current knowledge, source lifecycle and read permissions still fence metadata (290.507916ms)
✔ computer context file-journal: current knowledge, source lifecycle and read permissions still fence metadata (1057.804459ms)
✔ computer contracts: tool inputs cannot select a driver address, add hidden actions or exceed a short batch (16.080666ms)
✔ computer contracts: malformed observations cannot acquire trustworthy refs or silently omit their usage (1.890833ms)
✔ computer contracts: a name match is insufficient when another hidden target shares that name (0.194708ms)
✔ computer contracts: a truncated view cannot prove a unique target or element condition (0.167375ms)
✔ computer contracts: byte limits count UTF-8 bytes and successful validation detaches the source (0.253333ms)
✔ computer contracts: observations cannot move backwards or switch sessions behind the same task (0.485834ms)
✔ computer contracts: conditions require explicit own values and never use prototype facts or coercion (0.268833ms)
✔ computer contracts: intent, application and observation verification cannot be collapsed into complete (1.694ms)
✔ sqlite: a failed observation artifact write retains the driver's measured call (182.207042ms)
✔ sqlite: intent persistence failure proves no driver entry and keeps the failed step diagnostic (459.099166ms)
✔ sqlite: cancellation before driver entry settles no-input and proof revoked=false fences adoption (565.745292ms)
✔ sqlite: cancellation before driver entry settles no-input and proof revoked=true fences adoption (659.846833ms)
✔ sqlite: a failure cannot downgrade the committed unknown effect or measured usage prefix (1002.994ms)
✔ sqlite: removing the proof provider at the receive commit fence cannot accept a no-effect result (593.886833ms)
✔ sqlite: provider removal between no-effect validation and adoption cannot skip the captured proof fence (703.021584ms)
✔ sqlite: completion must match the checkpoint and only explicitly confirmed facts become evidence (1188.99625ms)
✔ sqlite: losing the checkpoint original between receive and adopt prevents completion (1115.753541ms)
✔ sqlite: losing the observation original between receive and adopt prevents completion (1063.925166ms)
✔ sqlite: diagnostic reads recheck retained knowledge before and after original IO (1090.717791ms)
✔ file-journal: a failed observation artifact write retains the driver's measured call (1001.02425ms)
✔ file-journal: intent persistence failure proves no driver entry and keeps the failed step diagnostic (3036.978792ms)
✔ file-journal: cancellation before driver entry settles no-input and proof revoked=false fences adoption (3122.023167ms)
✔ file-journal: cancellation before driver entry settles no-input and proof revoked=true fences adoption (3069.959125ms)
✔ file-journal: a failure cannot downgrade the committed unknown effect or measured usage prefix (3548.819583ms)
✔ file-journal: removing the proof provider at the receive commit fence cannot accept a no-effect result (2452.034167ms)
✔ file-journal: provider removal between no-effect validation and adoption cannot skip the captured proof fence (2774.140792ms)
✔ file-journal: completion must match the checkpoint and only explicitly confirmed facts become evidence (4038.562083ms)
✔ file-journal: losing the checkpoint original between receive and adopt prevents completion (3406.473167ms)
✔ file-journal: losing the observation original between receive and adopt prevents completion (4413.307625ms)
✔ file-journal: diagnostic reads recheck retained knowledge before and after original IO (4040.936125ms)
✔ sqlite: SIGKILL after Save leaves committed intent unknown across recovery, goal change and cancellation without replay (1066.708833ms)
✔ sqlite: SIGKILL after received result permits one adoption and rejects an old-epoch observation for a new input (1366.380416ms)
✔ file-journal: SIGKILL after Save leaves committed intent unknown across recovery, goal change and cancellation without replay (4852.812709ms)
✔ file-journal: SIGKILL after received result permits one adoption and rejects an old-epoch observation for a new input (6245.96175ms)
✔ sqlite: registered computer tools observe, apply, prove and adopt a completed synthetic note (1291.7925ms)
✔ sqlite: rerendered or restarted observations stop before the first input (977.768625ms)
✔ sqlite: a copied observation from another work remains foreign even when its artifact bytes are present (638.583292ms)
✔ sqlite: ambiguous and partial observations cannot select a target for the batch (1262.410167ms)
✔ sqlite: step two not-applied preserves the confirmed first input without claiming batch completion (1004.512542ms)
✔ sqlite: applied-unknown save creates a reconciliation block and neither execute replay nor replanning adds an input (1011.199708ms)
✔ sqlite: goal, policy and cancellation changes across an awaited response prevent the next input (2017.60175ms)
✔ sqlite: late readiness is observed through bounded waits before subsequent note inputs (1358.593709ms)
✔ sqlite: another runtime revoking writes during the driver's own input delay prevents every input (539.183083ms)
✔ sqlite: false or too-late conditions consume one deadline and cannot reset time or continue to Save (1853.234959ms)
✔ sqlite: stored successful result can be read and adopted after reopening without replaying app input (1349.861875ms)
✔ sqlite: strict action contracts reject injected script fields while document text has no command authority (1163.829792ms)
✔ file-journal: registered computer tools observe, apply, prove and adopt a completed synthetic note (3903.560333ms)
✔ file-journal: rerendered or restarted observations stop before the first input (3809.140583ms)
✔ file-journal: a copied observation from another work remains foreign even when its artifact bytes are present (1941.953834ms)
✔ file-journal: ambiguous and partial observations cannot select a target for the batch (4925.007417ms)
✔ file-journal: step two not-applied preserves the confirmed first input without claiming batch completion (4026.360334ms)
✔ file-journal: applied-unknown save creates a reconciliation block and neither execute replay nor replanning adds an input (4164.779375ms)
✔ file-journal: goal, policy and cancellation changes across an awaited response prevent the next input (9148.694334ms)
✔ file-journal: late readiness is observed through bounded waits before subsequent note inputs (5424.896791ms)
✔ file-journal: another runtime revoking writes during the driver's own input delay prevents every input (3075.946584ms)
✔ file-journal: false or too-late conditions consume one deadline and cannot reset time or continue to Save (6718.739791ms)
✔ file-journal: stored successful result can be read and adopted after reopening without replaying app input (4391.810625ms)
✔ file-journal: strict action contracts reject injected script fields while document text has no command authority (3963.975708ms)
✔ context compiler sqlite/documents-complex: five published working sets retain counterevidence and rediscover an early original (1823.1055ms)
✔ context compiler sqlite/observations-complex: five published working sets retain counterevidence and rediscover an early original (2162.980542ms)
✔ context compiler file-journal/documents-complex: five published working sets retain counterevidence and rediscover an early original (9767.532792ms)
✔ context compiler file-journal/observations-complex: five published working sets retain counterevidence and rediscover an early original (9823.425458ms)
✔ context compiler sqlite: five compactions preserve canonical unknown effect and timed response obligations (578.060417ms)
✔ context compiler file-journal: five compactions preserve canonical unknown effect and timed response obligations (2829.151584ms)
✔ context compiler sqlite: selected schemas reduce the actual structured transport request and preserve precise byte accounting (258.499708ms)
ℹ {"backend":"sqlite","baselinePacketBytes":4700,"baselineToolBytes":516593,"packetBytes":2471,"toolBytes":33733,"envelopeBytes":36282,"requestBytes":41589,"selectedToolCount":13,"catalogTotal":81}
✔ context compiler file-journal: selected schemas reduce the actual structured transport request and preserve precise byte accounting (442.373708ms)
ℹ {"backend":"file-journal","baselinePacketBytes":4700,"baselineToolBytes":516593,"packetBytes":2471,"toolBytes":33733,"envelopeBytes":36282,"requestBytes":41589,"selectedToolCount":13,"catalogTotal":81}
✔ context compiler sqlite: an oversized mandatory goal fails before candidate storage or transport (159.765875ms)
✔ context compiler file-journal: an oversized mandatory goal fails before candidate storage or transport (246.992458ms)
✔ context copy: a canonical two-level invocation copy cannot restore guidance body after its catalog version is replaced (59.095667ms)
✔ context copy: two nested call results stop exposing a tool body when original tool permission is revoked (26.124167ms)
✔ context dispatch sqlite: persisted reservation does not send removed registration (353.732958ms)
✔ context dispatch sqlite: persisted reservation does not send replacement version (317.522916ms)
✔ context dispatch sqlite: persisted reservation does not send changed input schema under the same ID and version (438.946375ms)
✔ context dispatch sqlite: persisted reservation does not send changed allowed labels under the same ID and version (364.010209ms)
✔ context dispatch sqlite: persisted reservation does not send changed allowed destination under the same ID and version (356.361125ms)
✔ context dispatch file-journal: persisted reservation does not send removed registration (1226.8585ms)
✔ context dispatch file-journal: persisted reservation does not send replacement version (1079.082083ms)
✔ context dispatch file-journal: persisted reservation does not send changed input schema under the same ID and version (889.979916ms)
✔ context dispatch file-journal: persisted reservation does not send changed allowed labels under the same ID and version (836.073667ms)
✔ context dispatch file-journal: persisted reservation does not send changed allowed destination under the same ID and version (923.824083ms)
✔ context dispatch sqlite: persisted guidance required-rules change is checked before transport (454.972792ms)
✔ context dispatch sqlite: persisted guidance version change is checked before transport (428.113958ms)
✔ context dispatch file-journal: persisted guidance required-rules change is checked before transport (1363.551541ms)
✔ context dispatch file-journal: persisted guidance version change is checked before transport (1549.973958ms)
✔ context dispatch sqlite: unchanged tool and trusted guidance contracts resume the stored request once (557.069417ms)
✔ context dispatch file-journal: unchanged tool and trusted guidance contracts resume the stored request once (1700.748917ms)
✔ context guidance: trusted required rules, exact version and hash survive published body eviction (52.7475ms)
✔ context guidance: a manifest without required rules keeps the full original and fails a smaller input budget (19.798958ms)
✔ context guidance: result-provided rules cannot replace an absent trusted manifest rule set (9.327333ms)
✔ context guidance: current label revocation prevents a previously published original from reappearing (12.836958ms)
✔ context guidance: a missing original cannot be recovered from its copied tool result or prior frame (12.71625ms)
✔ context guidance: replacing the catalog version does not expose the superseded loaded body (15.222208ms)
✔ context guidance: replacing trusted bytes under the same version rejects the old manifest and body (7.360834ms)
✔ context guidance: a stored result with a mismatched attemptId is rejected (7.384834ms)
✔ context guidance: a stored result with a mismatched resultId is rejected (7.911334ms)
✔ context guidance: the actual dispatch receipt must match the adopted attempt task digest (7.741ms)
✔ sqlite/model_call_reserved: publishing requires the derived blob, later loss permits commits and regeneration while original loss blocks both (335.159541ms)
✔ sqlite/context_compacted: publishing requires the derived blob, later loss permits commits and regeneration while original loss blocks both (360.233041ms)
✔ sqlite: publishing detects a context head reference conflict before committing (210.034292ms)
✔ sqlite: a blocked context candidate cannot be newly published even when its bytes remain (202.812792ms)
✔ sqlite/retract: lifecycle retires the context head and access removal also blocks its retained artifact (226.474ms)
✔ sqlite/correct: lifecycle retires the context head and access removal also blocks its retained artifact (254.380875ms)
✔ sqlite/restrict: lifecycle retires the context head and access removal also blocks its retained artifact (246.765084ms)
✔ sqlite/delete: lifecycle retires the context head and access removal also blocks its retained artifact (190.666625ms)
✔ sqlite/dependency_changed: lifecycle retires the context head and access removal also blocks its retained artifact (219.481084ms)
✔ file-journal/model_call_reserved: publishing requires the derived blob, later loss permits commits and regeneration while original loss blocks both (689.592ms)
✔ file-journal/context_compacted: publishing requires the derived blob, later loss permits commits and regeneration while original loss blocks both (668.820167ms)
✔ file-journal: publishing detects a context head reference conflict before committing (188.829834ms)
✔ file-journal: a blocked context candidate cannot be newly published even when its bytes remain (188.346625ms)
✔ file-journal/retract: lifecycle retires the context head and access removal also blocks its retained artifact (238.589291ms)
✔ file-journal/correct: lifecycle retires the context head and access removal also blocks its retained artifact (356.963834ms)
✔ file-journal/restrict: lifecycle retires the context head and access removal also blocks its retained artifact (281.956208ms)
✔ file-journal/delete: lifecycle retires the context head and access removal also blocks its retained artifact (312.9305ms)
✔ file-journal/dependency_changed: lifecycle retires the context head and access removal also blocks its retained artifact (337.220833ms)
✔ sqlite: source deletion during the context head exists check prevents reservation and head publication (461.392167ms)
✔ sqlite: source deletion inside repository commit retires the published head and cancels the model reservation before returning (528.756458ms)
✔ sqlite: losing the prior frame does not turn an old catalog request into a conflict with the current task version (505.943667ms)
✔ file-journal: source deletion during the context head exists check prevents reservation and head publication (5451.586667ms)
✔ file-journal: source deletion inside repository commit retires the published head and cancels the model reservation before returning (5822.085333ms)
✔ file-journal: losing the prior frame does not turn an old catalog request into a conflict with the current task version (2073.796ms)
✔ required full and reference information survives optional content pressure (2.604958ms)
✔ a full value cheaper than its required reference satisfies the minimum without overflow (0.185333ms)
✔ a required reference cap rejects contradictory bounds and never substitutes a cheaper full payload (0.342291ms)
✔ optional reference caps consume only reference bytes and remain omitted when that representation does not fit (0.189875ms)
✔ a reference cap overrides full residency and new use without counting references as full reloads (0.542583ms)
✔ high and low watermarks retain compact mode until the lower boundary is crossed (0.139458ms)
✔ mere inclusion is not actual use and an idle full value does not automatically reload (0.454708ms)
✔ a new actual use marker refreshes usage and reloads the same digest once (0.276708ms)
✔ minimum residency delays idle eviction for two cycles while the hard budget still wins (0.173292ms)
✔ five changing working sets preserve old counterevidence, pending and unknown references (0.564375ms)
✔ removed authority and changed digests cannot be revived by resident or use history (0.365334ms)
✔ decisions are stable by minimum, priority, real use, recency, residence and key (0.167375ms)
✔ recently evicted content waits through cooldown unless actual use or a minimum requires it (0.106209ms)
✔ memo storage is bounded and prioritizes selected residents without changing decisions (0.653292ms)
✔ inputs and previous memo stay immutable and byte sums match selected representations (0.115334ms)
✔ duplicate keys, malformed items, invalid budgets and inconsistent memo are rejected (0.841334ms)
✔ context store stages an immutable frame without publishing it and reads the installed basis N from revision N+1 (54.346958ms)
✔ context store sqlite: derived frame and installed head survive separate reopened instances (166.877875ms)
✔ context store file-journal: derived frame and installed head survive separate reopened instances (250.844792ms)
✔ context store regenerates a missing derived frame without editing the authoritative head (83.857834ms)
✔ context store regenerates a corrupt derived frame without editing the authoritative head (80.073584ms)
✔ context store regenerates a invalid-json derived frame without editing the authoritative head (96.713333ms)
✔ context store regenerates a invalid-schema derived frame without editing the authoritative head (128.035625ms)
✔ context store excludes a foreign-work previous head or frame (124.090625ms)
✔ context store excludes a foreign-tenant previous head or frame (71.459083ms)
✔ context store excludes a cycle previous head or frame (60.221ms)
✔ context store excludes a basis previous head or frame (76.95425ms)
✔ context store excludes a unpublished previous head or frame (54.038292ms)
✔ context store excludes a policy previous head or frame (77.864ms)
✔ context store excludes a goal previous head or frame (69.789ms)
✔ context store excludes a generation previous head or frame (69.8635ms)
✔ context store excludes a blocked previous head or frame (42.210167ms)
✔ context store excludes a underlabelled previous head or frame (105.609333ms)
✔ context store checks stale frame basis and forbidden packet policy before writing any candidate (9.874ms)
✔ context store previous rejects goal changes during artifact I/O (48.432208ms)
✔ context store previous rejects policy changes during artifact I/O (48.7635ms)
✔ context store previous rejects generation changes during artifact I/O (68.089667ms)
✔ context store previous rejects source changes during artifact I/O (50.982458ms)
✔ context store put rejects goal changes during artifact I/O (65.866833ms)
✔ context store put rejects policy changes during artifact I/O (59.233334ms)
✔ context store put rejects generation changes during artifact I/O (72.5655ms)
✔ context store put rejects source changes during artifact I/O (54.107959ms)
✔ context store readback rejects goal changes during artifact I/O (44.954834ms)
✔ context store readback rejects policy changes during artifact I/O (69.534416ms)
✔ context store readback rejects generation changes during artifact I/O (46.174083ms)
✔ context store readback rejects source changes during artifact I/O (44.987291ms)
✔ context store never turns state or source failure during a missing-frame read into successful regeneration (38.270375ms)
✔ context store refuses unavailable knowledge even when there is no previous head (7.595208ms)
✔ context store leaves the previous head intact when candidate storage fails (44.754834ms)
✔ context store rejects a relabelled put receipt or altered readback bytes and never publishes a head (57.418167ms)
✔ context store applies byte limits before writing or loading a derived frame (54.056625ms)
✔ canonical state has explicit nulls, bounded revisions and no provider/SQL objects (2.323333ms)
✔ goal validation cannot silently drop unknown authorization fields or empty completion rules (0.109583ms)
✔ partial result is distinct from complete result and API errors are not evidence of absence (0.460792ms)
✔ plan and context explicitly bind state and goal revisions (0.526417ms)
✔ invalid provider content is not included in validation error text (0.1035ms)
✔ a late counterexample prevents a previously delivered answer from being displayed as the current result (647.662417ms)
✔ a public snapshot retries a goal change during artifact verification (440.8855ms)
✔ conversation view keeps message selection and public status on the same revision (581.050041ms)
✔ cancelled work displays its status rather than its historical delivered result (624.013625ms)
✔ request acceptance is atomic, duplicate input is stable and each conversation can bind several works (18.972125ms)
✔ failed acceptance commit creates neither a work nor a reception acknowledgment (91.6665ms)
✔ analysis, response preparation, delivery and completion are distinct; retransmission never collects evidence again (23.1775ms)
✔ analysis-only completion does not pretend that its result was prepared or delivered (7.991ms)
✔ pending questions are grouped once and resolving a question cannot waive required result delivery (5.891ms)
✔ independent dispatchers claim once and receipt reconciliation after restart does not send again (66.58875ms)
✔ ambiguous delivery with no idempotency stays unknown, including repeated and timed-out lookup (12.247208ms)
✔ idempotent absent receipt permits only a bounded later retry and permanent failure stays visible (3.913083ms)
✔ goal before delivery prevents an obsolete or unauthorized result from being sent (7.125083ms)
✔ cancel before delivery prevents an obsolete or unauthorized result from being sent (6.637208ms)
✔ labels before delivery prevents an obsolete or unauthorized result from being sent (5.623833ms)
✔ destination before delivery prevents an obsolete or unauthorized result from being sent (5.296167ms)
✔ pause preserves pending delivery and resume can complete it without another source call (6.874666ms)
✔ late confirmed delivery is historical and cannot satisfy a revised goal (5.806709ms)
✔ an uncertain old-goal delivery retains its uncertainty when superseded by a new goal (6.013167ms)
✔ SIGKILL between channel commit and outbox settlement recovers from two reopened databases without another send (236.099167ms)
✔ a never-dispatched response can be prepared after permission restoration, and large questions retain their full artifact (16.045417ms)
✔ sqlite/documents-simple: delete blocks derived copies and pending result; restart preserves tombstone and cancellation works after bytes are absent (518.988375ms)
✔ sqlite/observations-simple: delete blocks derived copies and pending result; restart preserves tombstone and cancellation works after bytes are absent (503.316292ms)
✔ file-journal/documents-simple: delete blocks derived copies and pending result; restart preserves tombstone and cancellation works after bytes are absent (2464.096917ms)
✔ file-journal/observations-simple: delete blocks derived copies and pending result; restart preserves tombstone and cancellation works after bytes are absent (1585.531791ms)
✔ sqlite: lifecycle ownership, concurrent generation and command identity are enforced (220.258959ms)
✔ sqlite: a question prepared before access removal is superseded without sending its text (325.948042ms)
✔ sqlite: data removal preserves an already dispatched write as an unresolved effect (219.887958ms)
✔ sqlite: tool reply is revalidated after lifecycle change during artifact storage (288.140583ms)
✔ sqlite: model reply is revalidated after lifecycle change during artifact storage (387.959083ms)
✔ sqlite: validity retraction allows labelled historical inspection and correction uses a new immutable evidence ID (228.747833ms)
✔ sqlite: a stored core.calls.get copy cannot expose deleted source content (347.057167ms)
✔ sqlite: evidence read rechecks a lifecycle change during artifact I/O (262.734209ms)
✔ sqlite: original read rechecks a lifecycle change during artifact I/O (224.58875ms)
✔ sqlite: result read rechecks a lifecycle change during artifact I/O (303.340084ms)
✔ sqlite: old dispatched tool reply after deletion is stored only as a sanitized failure (294.7175ms)
✔ sqlite: late model reply after deletion retains measured usage without retaining forbidden proposal text (421.057417ms)
✔ file-journal: lifecycle ownership, concurrent generation and command identity are enforced (1362.068667ms)
✔ file-journal: a question prepared before access removal is superseded without sending its text (1705.428459ms)
✔ file-journal: data removal preserves an already dispatched write as an unresolved effect (1056.287292ms)
✔ file-journal: tool reply is revalidated after lifecycle change during artifact storage (1074.756792ms)
✔ file-journal: model reply is revalidated after lifecycle change during artifact storage (1165.9545ms)
✔ file-journal: validity retraction allows labelled historical inspection and correction uses a new immutable evidence ID (933.8755ms)
✔ file-journal: a stored core.calls.get copy cannot expose deleted source content (2269.050792ms)
✔ file-journal: evidence read rechecks a lifecycle change during artifact I/O (1088.167708ms)
✔ file-journal: original read rechecks a lifecycle change during artifact I/O (1124.939542ms)
✔ file-journal: result read rechecks a lifecycle change during artifact I/O (954.422417ms)
✔ file-journal: old dispatched tool reply after deletion is stored only as a sanitized failure (904.377542ms)
✔ file-journal: late model reply after deletion retains measured usage without retaining forbidden proposal text (1302.689083ms)
✔ sqlite: restricted work reaches neither external estimator nor model even without an evidence body (71.153333ms)
✔ sqlite: authorized internal model retains the floor through a forced compact and stored request (108.529917ms)
✔ sqlite: disclosure revoked during source assembly stops the estimator before it receives prose (109.791459ms)
✔ sqlite: revoked model disclosure cancels a stored request before adapter entry (89.13925ms)
✔ sqlite: disclosure revoked during stored model input read stops the final transport (131.493666ms)
✔ sqlite: tool access labels cannot authorize restricted task inputs to an external tool (122.405209ms)
✔ sqlite: read permission narrowing does not relabel old task prose as public (131.62975ms)
✔ sqlite: authorized internal tool receives one invocation after current disclosure check (139.209209ms)
✔ sqlite: changed disclosure during asynchronous tool preflight stops adapter entry (151.738708ms)
✔ sqlite: denied channel cannot receive even a queued acknowledgement from restricted work (131.032083ms)
✔ sqlite: disclosure revocation preserves unknown delivery and prevents full-body lookup (127.761208ms)
✔ sqlite: still-authorized unknown delivery uses lookup without resending (113.724125ms)
✔ sqlite: policy changed during artifact check stops an unknown question lookup (230.896333ms)
✔ sqlite: child budget cannot omit or expand parent disclosure policy (58.933042ms)
✔ sqlite: child read-scope narrowing inherits the parent prose floor and blocks model export (122.812583ms)
✔ sqlite: legacy parent cannot classify copied work prose by creating a boundary-enabled child (73.171917ms)
✔ sqlite: floor and active policy cannot be removed by a direct state commit (72.093833ms)
✔ sqlite: classifying a preexisting legacy work requires explicit migration (71.718375ms)
✔ file-journal: restricted work reaches neither external estimator nor model even without an evidence body (168.923542ms)
✔ file-journal: authorized internal model retains the floor through a forced compact and stored request (704.158417ms)
✔ file-journal: disclosure revoked during source assembly stops the estimator before it receives prose (184.688792ms)
✔ file-journal: revoked model disclosure cancels a stored request before adapter entry (307.11725ms)
✔ file-journal: disclosure revoked during stored model input read stops the final transport (530.028458ms)
✔ file-journal: tool access labels cannot authorize restricted task inputs to an external tool (570.752708ms)
✔ file-journal: read permission narrowing does not relabel old task prose as public (601.992625ms)
✔ file-journal: authorized internal tool receives one invocation after current disclosure check (563.71275ms)
✔ file-journal: changed disclosure during asynchronous tool preflight stops adapter entry (618.151708ms)
✔ file-journal: denied channel cannot receive even a queued acknowledgement from restricted work (488.869792ms)
✔ file-journal: disclosure revocation preserves unknown delivery and prevents full-body lookup (847.116958ms)
✔ file-journal: still-authorized unknown delivery uses lookup without resending (889.841417ms)
✔ file-journal: policy changed during artifact check stops an unknown question lookup (1182.791458ms)
✔ file-journal: child budget cannot omit or expand parent disclosure policy (319.951416ms)
✔ file-journal: child read-scope narrowing inherits the parent prose floor and blocks model export (743.14675ms)
✔ file-journal: legacy parent cannot classify copied work prose by creating a boundary-enabled child (171.658292ms)
✔ file-journal: floor and active policy cannot be removed by a direct state commit (194.893208ms)
✔ file-journal: classifying a preexisting legacy work requires explicit migration (161.911833ms)
✔ memory state adapter applies the same floor transition guard as persistent adapters (0.725667ms)
✔ direct structured adapter denies estimation and transport using the retained context floor (1.24325ms)
✔ disclosure comparison: twelve A/B/C transport cases use two fixture families and reopened persistent stores (11315.913292ms)
✔ disclosure comparison: independent scoring rejects injected outbound originals even with rewritten measurement claims (235.4475ms)
✔ disclosure comparison: empty release, missing raw checks and advisory authority cannot become passing zero-leak samples (2042.986916ms)
✔ disclosure comparison: same-lineage and renamed copies retain root dependency while missing roots cannot independently complete (1.734208ms)
✔ disclosure comparison: tool and A2A data cannot add policy authority to a strict model proposal or mutate stored work (1.674666ms)
✔ destination rules combine read authority, destination, surface and labels (1.023875ms)
✔ duplicate destinations and rules with arbitrary output keys or ambiguous mappings are rejected (1.803083ms)
✔ child policies cannot remove destination restrictions or increase release budgets (0.09ms)
✔ sqlite: release keeps only finite mapped facts and preserves immutable internal source proof (157.744167ms)
✔ sqlite: retry and reopen reuse the recorded release without resetting its budget (187.351875ms)
✔ sqlite: lineage aliases count repeated copies as the same source (174.881291ms)
✔ sqlite: release does not accept data-supplied policy, an unknown field value, or missing evidence (147.992ms)
✔ sqlite: restrict invalidates a stored release and preserves prior disclosure usage (159.6325ms)
✔ sqlite: retract invalidates a stored release and preserves prior disclosure usage (170.320292ms)
✔ sqlite: supersede invalidates a stored release and preserves prior disclosure usage (168.807167ms)
✔ sqlite: delete invalidates a stored release and preserves prior disclosure usage (153.845292ms)
✔ sqlite: policy invalidates a stored release and preserves prior disclosure usage (152.9785ms)
✔ sqlite: goal invalidates a stored release and preserves prior disclosure usage (157.520459ms)
✔ sqlite: current read restrictions and wrong actor prevent release and later read (141.474583ms)
✔ sqlite: policy revocation during original read prevents publication (132.559041ms)
✔ sqlite: raw source gates cover every export surface without reclassifying the source (124.874041ms)
✔ sqlite: accumulated bytes and request identity remain binding (160.932125ms)
✔ sqlite: concurrent release publication does not overspend a one-release budget (163.737792ms)
✔ sqlite: release proof and cumulative history cannot be deleted or rewritten (208.069ms)
✔ file-journal: release keeps only finite mapped facts and preserves immutable internal source proof (380.512333ms)
✔ file-journal: retry and reopen reuse the recorded release without resetting its budget (962.43025ms)
✔ file-journal: lineage aliases count repeated copies as the same source (417.963792ms)
✔ file-journal: release does not accept data-supplied policy, an unknown field value, or missing evidence (264.576ms)
✔ file-journal: restrict invalidates a stored release and preserves prior disclosure usage (532.016417ms)
✔ file-journal: retract invalidates a stored release and preserves prior disclosure usage (575.9025ms)
✔ file-journal: supersede invalidates a stored release and preserves prior disclosure usage (542.020958ms)
✔ file-journal: delete invalidates a stored release and preserves prior disclosure usage (592.178375ms)
✔ file-journal: policy invalidates a stored release and preserves prior disclosure usage (503.663833ms)
✔ file-journal: goal invalidates a stored release and preserves prior disclosure usage (276.793708ms)
✔ file-journal: current read restrictions and wrong actor prevent release and later read (496.341375ms)
✔ file-journal: policy revocation during original read prevents publication (305.572792ms)
✔ file-journal: raw source gates cover every export surface without reclassifying the source (1293.928375ms)
✔ file-journal: accumulated bytes and request identity remain binding (700.1305ms)
✔ file-journal: concurrent release publication does not overspend a one-release budget (699.874083ms)
✔ file-journal: release proof and cumulative history cannot be deleted or rewritten (500.103834ms)
✔ sqlite: a generic artifact reference cannot bypass its connected evidence restriction (195.889ms)
✔ sqlite: changed or unavailable memory dependencies stop release and raw views (182.960375ms)
✔ sqlite: a new lineage on derived evidence does not create a new independent root (226.968708ms)
✔ sqlite: a lost commit response cannot erase a disclosure or give its budget back (160.679584ms)
✔ sqlite: an unclassified new work cannot opt in with an empty label floor (126.293958ms)
✔ file-journal: a generic artifact reference cannot bypass its connected evidence restriction (255.77575ms)
✔ file-journal: changed or unavailable memory dependencies stop release and raw views (603.802958ms)
✔ file-journal: a new lineage on derived evidence does not create a new independent root (678.89675ms)
✔ file-journal: a lost commit response cannot erase a disclosure or give its budget back (517.302667ms)
✔ file-journal: an unclassified new work cannot opt in with an empty label floor (167.815125ms)
✔ sqlite: every released transport entry rechecks source authority and receiver binding (165.018292ms)
✔ sqlite: revocation during released source validation prevents receiver entry (180.927625ms)
✔ sqlite: a receiver exception is an unknown outcome with retained release usage and no source-bearing error (136.023417ms)
✔ file-journal: every released transport entry rechecks source authority and receiver binding (731.487834ms)
✔ file-journal: revocation during released source validation prevents receiver entry (523.81225ms)
✔ file-journal: a receiver exception is an unknown outcome with retained release usage and no source-bearing error (542.130459ms)
✔ sqlite: initial model disclosure denial returns a durable blocked workflow and checkpoint (238.794792ms)
✔ sqlite: revoked reserved model is accounted as unused and resumes with one fresh call after reopen (362.1795ms)
✔ sqlite: disclosure changes inside dispatch preflight settle a known-unused reservation instead of escaping (180.991667ms)
✔ sqlite: required result channel denial persists blocked state and can resume delivery from checkpoint (197.075ms)
✔ sqlite: completed analysis keeps its terminal state while unavailable channel yields an undelivered response (219.966292ms)
✔ sqlite: an unsuccessful resume under unchanged channel policy blocks again without becoming runnable (172.887041ms)
✔ sqlite: simultaneous cancel and disclosure revocation preserve user control and unused accounting (177.113083ms)
✔ sqlite: simultaneous pause and disclosure revocation preserve user control and unused accounting (212.83ms)
✔ file-journal: initial model disclosure denial returns a durable blocked workflow and checkpoint (1585.645541ms)
✔ file-journal: revoked reserved model is accounted as unused and resumes with one fresh call after reopen (6751.961416ms)
✔ file-journal: disclosure changes inside dispatch preflight settle a known-unused reservation instead of escaping (1938.7795ms)
✔ file-journal: required result channel denial persists blocked state and can resume delivery from checkpoint (2614.951083ms)
✔ file-journal: completed analysis keeps its terminal state while unavailable channel yields an undelivered response (2769.17125ms)
✔ file-journal: an unsuccessful resume under unchanged channel policy blocks again without becoming runnable (1922.47375ms)
✔ file-journal: simultaneous cancel and disclosure revocation preserve user control and unused accounting (1752.9245ms)
✔ file-journal: simultaneous pause and disclosure revocation preserve user control and unused accounting (1274.827333ms)
✔ inject all local ports without a database or channel SDK: documents-simple (5.977125ms)
✔ inject all local ports without a database or channel SDK: observations-simple (0.61725ms)
✔ scripted planner honors cancellation and cannot mutate caller state (0.786542ms)
✔ fake sink exposes delivery uncertainty and deduplicates only matching content (0.265708ms)
✔ sqlite: injected invalid retained proof blocks every pending ack, question and failure before transport (243.80475ms)
✔ sqlite: retained failed proof blocks receipt lookup and settlement for uncertain ack, question and failure (110.404ms)
✔ sqlite: settled-to-failed transition during send cannot adopt an already returned channel receipt (524.083125ms)
✔ sqlite: failed-only retained proof is checked again at the final delivery commit after an artifact await (558.700459ms)
✔ file-journal: injected invalid retained proof blocks every pending ack, question and failure before transport (1708.786333ms)
✔ file-journal: retained failed proof blocks receipt lookup and settlement for uncertain ack, question and failure (807.685334ms)
✔ file-journal: settled-to-failed transition during send cannot adopt an already returned channel receipt (2938.838125ms)
✔ file-journal: failed-only retained proof is checked again at the final delivery commit after an artifact await (2732.447916ms)
✔ effect proofs: a legacy work uses neither the optional checker nor any refresh mutation (16.957917ms)
✔ effect proofs: settled claims require a checker and checker failures stay unavailable (9.515833ms)
✔ effect proofs: missing checker reopens the original obligation and cancels ordinary reservations once without rewriting proof history (6.222208ms)
✔ effect proofs: expired reserved lookup releases only an undispatched reservation and preserves measured uncertainty (5.588958ms)
✔ effect proofs: expired running lookup releases only an undispatched reservation and preserves measured uncertainty (3.921959ms)
✔ effect proofs: lifecycle deletion reopens a settled effect and quarantines all linked references without changing received facts or timestamps (6.377875ms)
✔ effect proofs: a committed tool dispatch with missing proof authority cannot silently bypass the broker (7.312458ms)
✔ effect proofs: a committed tool dispatch with invalid proof authority cannot silently bypass the broker (5.531ms)
✔ effect proofs: a committed tool dispatch with valid proof authority cannot silently bypass the broker (4.718916ms)
✔ effect proofs: a reuse await that loses proof validity is checked before implementation entry (4.192917ms)
✔ effect proofs: invalid proof prevents new model reservation before compiling input (4.016333ms)
✔ effect proofs: losing proof during model input read prevents actual planner entry and still settles the dispatched call (9.089417ms)
✔ effect proofs: loss during adoption artifact checks rejects a stored model proposal while preserving usage (6.169375ms)
✔ effect proofs: a valid checker permits one model invocation and adoption with the historical proof unchanged (5.621709ms)
✔ effect proofs: proof loss during result body storage prevents response publication (6.042625ms)
✔ effect proofs: a same-revision snapshot suppresses an existing result when its proof becomes unavailable during the read (4.2115ms)
✔ sqlite: work resource bodies and metadata use canonical effect proof with a narrowed caller and fail without a checker (601.658666ms)
✔ sqlite: proof invalidation during original or stored result I/O cannot return the already read body (515.240166ms)
✔ sqlite: disclosure release, saved payload, raw read and receiver entry all retain current source effect proof (606.852959ms)
✔ sqlite: private, derived and cached shared memory cannot outlive the original work effect proof (527.065917ms)
✔ sqlite: source proof authentication does not recursively validate memory copied into that same work (1364.859125ms)
✔ sqlite: a failed historical effect proof stays required after refresh and reopen until the same source is explicitly proved again (1932.878416ms)
✔ file-journal: work resource bodies and metadata use canonical effect proof with a narrowed caller and fail without a checker (1637.143375ms)
✔ file-journal: proof invalidation during original or stored result I/O cannot return the already read body (1485.483667ms)
✔ file-journal: disclosure release, saved payload, raw read and receiver entry all retain current source effect proof (1956.082583ms)
✔ file-journal: private, derived and cached shared memory cannot outlive the original work effect proof (2410.980625ms)
✔ file-journal: source proof authentication does not recursively validate memory copied into that same work (7420.660834ms)
✔ file-journal: a failed historical effect proof stays required after refresh and reopen until the same source is explicitly proved again (11687.484459ms)
✔ evaluation build: none checks source and executed output together (99.691292ms)
✔ evaluation build: source checks source and executed output together (89.755125ms)
✔ evaluation build: compiled checks source and executed output together (91.850125ms)
✔ evaluation build: missing checks source and executed output together (98.908667ms)
✔ evaluation build: runtime checks source and executed output together (110.073542ms)
✔ evaluation build: orphan checks source and executed output together (136.282125ms)
✔ evaluation build: a source change during case selection cannot relabel older compiled execution (185.39325ms)
✔ sqlite: readonly evaluation replay authenticates full receipt history, old originals and the current resume packet after reopen (289.00675ms)
✔ sqlite: version, pins and independently recomputed score are required without writes (317.552541ms)
✔ sqlite: receipt omission, duplicates, absent receipts and changed stored states fail closed (200.440834ms)
✔ sqlite: altered oracle and expected outcome cannot be blessed by recomputing sample and score hashes (197.971792ms)
✔ sqlite: rehashing an altered or dropped intermediate completion cannot bypass receipt-state binding (235.815291ms)
✔ sqlite: repeated readonly observations and explicit status-only measurement preserve historical receipt validation (238.148125ms)
✔ sqlite: omitted historical artifacts and conflicting refs are detected independently of the supplied list (249.791209ms)
✔ sqlite: deleted original is unavailable even with intact state, score and resume blob (292.192ms)
✔ sqlite: corrupt original is unavailable even with intact state, score and resume blob (265.732625ms)
✔ sqlite: historical_deleted original is unavailable even with intact state, score and resume blob (226.120625ms)
✔ sqlite: wrong owner and the current actor's narrower label policy cannot replay source bytes (243.643958ms)
✔ sqlite: a currently indexed original cannot override a durable lifecycle tombstone (279.139417ms)
✔ sqlite: foreign, body-altered and lost resume packets fail without regeneration (512.176917ms)
✔ sqlite: canonical changes during original I/O prevent a successful replay result (264.744708ms)
✔ sqlite: a receipt changed after initial validation is caught at the final read boundary (232.140417ms)
✔ sqlite: caller mutation cannot replace the in-flight sample and current actor revocation is detected (253.554ms)
✔ file-journal: readonly evaluation replay authenticates full receipt history, old originals and the current resume packet after reopen (924.774625ms)
✔ file-journal: version, pins and independently recomputed score are required without writes (549.197042ms)
✔ file-journal: receipt omission, duplicates, absent receipts and changed stored states fail closed (949.803625ms)
✔ file-journal: altered oracle and expected outcome cannot be blessed by recomputing sample and score hashes (649.7875ms)
✔ file-journal: rehashing an altered or dropped intermediate completion cannot bypass receipt-state binding (918.665917ms)
✔ file-journal: repeated readonly observations and explicit status-only measurement preserve historical receipt validation (963.389167ms)
✔ file-journal: omitted historical artifacts and conflicting refs are detected independently of the supplied list (1081.04475ms)
✔ file-journal: deleted original is unavailable even with intact state, score and resume blob (780.763917ms)
✔ file-journal: corrupt original is unavailable even with intact state, score and resume blob (659.579541ms)
✔ file-journal: historical_deleted original is unavailable even with intact state, score and resume blob (671.957041ms)
✔ file-journal: wrong owner and the current actor's narrower label policy cannot replay source bytes (683.390709ms)
✔ file-journal: a currently indexed original cannot override a durable lifecycle tombstone (801.077584ms)
✔ file-journal: foreign, body-altered and lost resume packets fail without regeneration (1355.650209ms)
✔ file-journal: canonical changes during original I/O prevent a successful replay result (783.163375ms)
✔ file-journal: a receipt changed after initial validation is caught at the final read boundary (673.056334ms)
✔ file-journal: caller mutation cannot replace the in-flight sample and current actor revocation is detected (997.676708ms)
✔ forgotten evidence is rediscovered by ID, source, locator or facts without returning fact bodies (25.511792ms)
✔ hidden, retracted, superseded and parent-retracted evidence never contributes cards or hasMore (10.490541ms)
✔ Korean NFC and NFD clues and English case variants find the same current evidence (7.663792ms)
✔ the evidence discovery tool preserves bounded current-card and partial-call semantics (5.787375ms)
✔ locator truncation preserves the exact evidence ID and reports partial coverage without inventing more matches (5.105916ms)
✔ different owners, tenants and narrower caller labels cannot inspect evidence discovery cards (6.2455ms)
✔ retained knowledge failure at validation 1 blocks cards before return (6.157542ms)
✔ retained knowledge failure at validation 2 blocks cards before return (5.039208ms)
✔ a work retaining knowledge cannot discover derived evidence without its current validator (5.098333ms)
✔ a goal change while the final source-state read waits prevents returning earlier-scope cards (6.10625ms)
✔ caller permission narrowing during the knowledge gate is detected even without a work revision change (4.423667ms)
✔ strict discovery arguments reject extra authority, excessive query length and invalid limits (4.931334ms)
✔ instructions in source facts remain data and discovery changes no facts, goal, plan or authority (4.909208ms)
✔ pre-aborted discovery uses the common read wrapper without reading the work (4.662334ms)
✔ current and historical views enforce own access, tenant, scope and artifact labels while omitted access stays available (0.925666ms)
✔ two generations of derived evidence lose current validity when an ancestor is retracted or superseded, while history stays readable (0.17125ms)
✔ ancestor restriction, deletion, missing reference or revoked labels blocks current and historical descendants (0.083292ms)
✔ a correction remains a monotonic supersession after retraction, restriction, deletion or permission loss (0.129042ms)
✔ supersession uses the full valid version chain and is independent of record ordering (0.062833ms)
✔ foreign tenant, scope, source, lineage and invalid time cannot suppress a valid original (0.086667ms)
✔ a replacement does not depend on a superseded body being current or present in a selected view (0.833166ms)
✔ cyclic, missing and ambiguous derived references fail closed without removing independent evidence (0.073583ms)
✔ deep derived chains are evaluated without recursive call-stack growth and do not become independent sources (8.088583ms)
✔ record intake accepts parents and descendants in either order and preserves caller objects (3.711333ms)
✔ record intake requires inherited labels on both derivation and replacement edges (0.586667ms)
✔ record intake requires artifact labels to cover the evidence and rejects artifacts outside policy (0.531125ms)
✔ new records inherit transitive dependency labels even if a legacy intermediate record was under-labelled (0.203209ms)
✔ shared ancestry across multiple parents is not mistaken for a cycle (0.089ms)
✔ derived intake refuses historical or inaccessible ancestors and checks validity after the whole incoming batch (0.336042ms)
✔ replacement intake permits an accessible retracted target but never an inaccessible historical target (0.16125ms)
✔ record intake rejects missing references and invalid tenant, scope, source, lineage or time on replacements (0.263542ms)
✔ record intake rejects self, indirect and mixed cycles before accepting partial lineage (0.119ms)
✔ omitted and explicit available access are idempotently equivalent but content or access changes cannot overwrite an ID (0.493875ms)
✔ tool-result validation preserves effect, error and artifact guards while using the shared record intake (0.211334ms)
✔ evaluation: fixture truth distinguishes acknowledgement, first original, delivered useful answer and verified completion (4.134542ms)
✔ evaluation: a runtime completed flag cannot replace the fixed expected facts (0.743958ms)
✔ evaluation: absent expected facts do not count as verified evidence or a useful answer (0.261666ms)
✔ evaluation: early delivered answers remain false completion even if the final state later becomes correct (0.330583ms)
✔ evaluation: a correct result before a declared late-evidence release fails the fixed timeline oracle (0.251375ms)
✔ evaluation: wrong source identity cannot satisfy an original named by the fixture oracle (0.202708ms)
✔ evaluation: wrong lineage identity cannot satisfy an original named by the fixture oracle (0.180333ms)
✔ evaluation: wrong observation time cannot satisfy an original named by the fixture oracle (0.196417ms)
✔ evaluation: wrong tenant cannot satisfy an original named by the fixture oracle (0.251542ms)
✔ evaluation: wrong scope cannot satisfy an original named by the fixture oracle (0.19625ms)
✔ evaluation: restricted label cannot satisfy an original named by the fixture oracle (0.176666ms)
✔ evaluation: restricted access cannot satisfy an original named by the fixture oracle (0.222584ms)
✔ evaluation: retracted source cannot satisfy an original named by the fixture oracle (0.200334ms)
✔ evaluation: copied source cannot satisfy an original named by the fixture oracle (0.156208ms)
✔ evaluation: partial coverage cannot satisfy an original named by the fixture oracle (0.12475ms)
✔ evaluation: two required records from one lineage cannot satisfy a two-source criterion even with matching facts (0.185166ms)
✔ evaluation: duplicate source IDs, current forbidden evidence and unresolved counterevidence fail independently (0.683625ms)
✔ evaluation: a pinned replacement must remain readable, accepted, original and complete without resurrecting its withdrawn predecessor (0.901667ms)
✔ evaluation: hypothesis status and current original support are checked against the pinned final hypothesis (0.256708ms)
✔ evaluation: answer delivery requires authorized routing and explicit required evidence references (0.605334ms)
✔ evaluation: waiting with an unknown delivery reports no useful answer latency and preserves its delivery obligation (0.137792ms)
✔ evaluation: run errors and mismatched final control remain failures even for an expected blocked case (0.179292ms)
✔ evaluation: completed states with pending obligations or an undelivered required response are false completion (0.203125ms)
✔ evaluation: status-only observation of an existing completed work is not a new completion or answer (0.63975ms)
✔ evaluation: cumulative costs cannot disappear and unknown model usage cannot become fabricated zero after resume (0.464291ms)
✔ evaluation: a real late usage report may resolve unknown reservations while preserving known and additional charges (0.280333ms)
✔ evaluation: a gate failure before dispatch costs zero, while a dispatched call denied before invocation remains charged (0.727834ms)
✔ evaluation: observations and source queries can repeat without duplicating intervention or context accounting (0.256333ms)
✔ evaluation: context cost comes from unique persisted model calls and remains distinct from reported token usage (0.474666ms)
✔ evaluation summary: contract success, all-case completion and eligible completion use different explicit denominators (4.938584ms)
✔ evaluation summary: nearest-rank p50/p95 include answer samples only and report the sample count (0.622875ms)
✔ evaluation summary: supplied scores join by case ID and cannot silently replace missing or duplicate cases (0.825666ms)
✔ sqlite: two local callers join one real execution and preserve owner, lease, deadline and one budget charge (185.128292ms)
✔ sqlite: cancelling the initiating caller and another joined caller detaches only their waits (192.775459ms)
✔ sqlite: an already aborted caller cannot create an execution (118.363708ms)
✔ sqlite: another facade observes durable running and settled states without claiming local promise ownership (237.153958ms)
✔ sqlite: a different owner and an expired reservation remain explicit waits without lease renewal or automatic recovery (156.957708ms)
✔ sqlite: reopening a dispatched write never replays it and explicit recovery retains the unknown effect obligation (209.734375ms)
✔ sqlite: reopening after a stored result reports received without executing or adopting it again (199.727459ms)
✔ sqlite: state changes during receipt lookup are reread before the facade decides to execute (94.145375ms)
✔ sqlite: a reporting read error after successful execution is shared as an error and retry only observes the durable result (172.07925ms)
✔ file-journal: two local callers join one real execution and preserve owner, lease, deadline and one budget charge (947.730958ms)
✔ file-journal: cancelling the initiating caller and another joined caller detaches only their waits (821.963084ms)
✔ file-journal: an already aborted caller cannot create an execution (377.058875ms)
✔ file-journal: another facade observes durable running and settled states without claiming local promise ownership (775.858125ms)
✔ file-journal: a different owner and an expired reservation remain explicit waits without lease renewal or automatic recovery (579.845ms)
✔ file-journal: reopening a dispatched write never replays it and explicit recovery retains the unknown effect obligation (771.941083ms)
✔ file-journal: reopening after a stored result reports received without executing or adopting it again (757.839541ms)
✔ file-journal: state changes during receipt lookup are reread before the facade decides to execute (480.958041ms)
✔ file-journal: a reporting read error after successful execution is shared as an error and retry only observes the durable result (798.944875ms)
✔ execution mode CLI sqlite: fast reception survives process exit and repeated status is read-only (1193.412417ms)
✔ execution mode CLI sqlite: mode command is durable and idempotent while stale revisions do not change state (1513.529041ms)
✔ execution mode CLI sqlite: a pending mode change is visible after exit and preserves the reserved attempt (1607.915334ms)
✔ execution mode CLI sqlite: enum, both revisions and an explicit nonblank reason are required (1245.702417ms)
✔ execution mode CLI sqlite: irrelevant mode options are rejected before opening a profile (592.005834ms)
✔ execution mode CLI sqlite documents-simple: changing mode preserves the goal, original source and completed work (1717.196208ms)
✔ execution mode CLI sqlite observations-simple: changing mode preserves the goal, original source and completed work (1720.233041ms)
✔ execution mode CLI file-journal: fast reception survives process exit and repeated status is read-only (2232.322292ms)
✔ execution mode CLI file-journal: mode command is durable and idempotent while stale revisions do not change state (2264.938667ms)
✔ execution mode CLI file-journal: a pending mode change is visible after exit and preserves the reserved attempt (3238.789459ms)
✔ execution mode CLI file-journal: enum, both revisions and an explicit nonblank reason are required (1747.799792ms)
✔ execution mode CLI file-journal: irrelevant mode options are rejected before opening a profile (568.032209ms)
✔ execution mode CLI file-journal documents-simple: changing mode preserves the goal, original source and completed work (4301.275042ms)
✔ execution mode CLI file-journal observations-simple: changing mode preserves the goal, original source and completed work (4398.909541ms)
✔ sqlite/documents-simple/auto: one necessary plan and observation complete with no extra investigation (514.730666ms)
✔ sqlite/documents-simple/fast: one necessary plan and observation complete with no extra investigation (464.247875ms)
✔ sqlite/documents-simple/deep: one necessary plan and observation complete with no extra investigation (480.162625ms)
✔ sqlite/observations-simple/auto: one necessary plan and observation complete with no extra investigation (408.053791ms)
✔ sqlite/observations-simple/fast: one necessary plan and observation complete with no extra investigation (480.182ms)
✔ sqlite/observations-simple/deep: one necessary plan and observation complete with no extra investigation (442.709292ms)
✔ sqlite/documents-complex/auto: complex scope is either validated for investigation or rejected without false completion (821.966792ms)
✔ sqlite/documents-complex/fast: complex scope is either validated for investigation or rejected without false completion (288.049167ms)
✔ sqlite/documents-complex/deep: complex scope is either validated for investigation or rejected without false completion (510.969458ms)
✔ sqlite/observations-complex/auto: complex scope is either validated for investigation or rejected without false completion (504.612167ms)
✔ sqlite/observations-complex/fast: complex scope is either validated for investigation or rejected without false completion (254.96125ms)
✔ sqlite/observations-complex/deep: complex scope is either validated for investigation or rejected without false completion (569.063959ms)
✔ sqlite: mode commands enforce owner and both revisions, remain idempotent, and preserve goal and costs (124.671208ms)
✔ sqlite: lowering to fast after two paid reads cannot reset usage or oversubscribe the next reservation (267.924334ms)
✔ sqlite: explicit model cap and fast cap include reservations and do not reopen paid capacity (714.014042ms)
✔ sqlite: a running model keeps its pending mode request and late reply accounting until the next safe boundary (442.627291ms)
✔ sqlite: a pending mode survives reserved model restart without invalidating its stored input (512.419834ms)
✔ sqlite: cancel overrides a pending mode without discarding late measured model costs (304.863667ms)
✔ sqlite: deep to fast retains original goal, completed tasks, checkpoint and result reuse after reopen (429.875208ms)
✔ sqlite: fast keeps mandatory review of existing hypotheses and cannot replace it with premature completion (402.24475ms)
✔ sqlite: legacy model reservations keep their version-one basis when a pending mode first materializes control (305.421292ms)
✔ sqlite: a newer mode wins a pending-mode boundary CAS race (248.945542ms)
✔ sqlite: a newer cancel wins a pending-mode boundary CAS race (187.258625ms)
✔ sqlite: cancellation during model backoff publication returns current control without failing the workflow (278.872ms)
✔ sqlite: auto mode change and reopen preserve a partial collection's original goal and explicit resume chain (870.45275ms)
✔ file-journal/documents-simple/auto: one necessary plan and observation complete with no extra investigation (3422.261709ms)
✔ file-journal/documents-simple/fast: one necessary plan and observation complete with no extra investigation (3851.772167ms)
✔ file-journal/documents-simple/deep: one necessary plan and observation complete with no extra investigation (3233.3735ms)
✔ file-journal/observations-simple/auto: one necessary plan and observation complete with no extra investigation (4000.875166ms)
✔ file-journal/observations-simple/fast: one necessary plan and observation complete with no extra investigation (4106.817959ms)
✔ file-journal/observations-simple/deep: one necessary plan and observation complete with no extra investigation (4352.692667ms)
✔ file-journal/documents-complex/auto: complex scope is either validated for investigation or rejected without false completion (5813.294875ms)
✔ file-journal/documents-complex/fast: complex scope is either validated for investigation or rejected without false completion (1102.852792ms)
✔ file-journal/documents-complex/deep: complex scope is either validated for investigation or rejected without false completion (5340.549417ms)
✔ file-journal/observations-complex/auto: complex scope is either validated for investigation or rejected without false completion (3303.911917ms)
✔ file-journal/observations-complex/fast: complex scope is either validated for investigation or rejected without false completion (759.946333ms)
✔ file-journal/observations-complex/deep: complex scope is either validated for investigation or rejected without false completion (2801.027042ms)
✔ file-journal: mode commands enforce owner and both revisions, remain idempotent, and preserve goal and costs (342.805542ms)
✔ file-journal: lowering to fast after two paid reads cannot reset usage or oversubscribe the next reservation (1408.217459ms)
✔ file-journal: explicit model cap and fast cap include reservations and do not reopen paid capacity (2651.983458ms)
✔ file-journal: a running model keeps its pending mode request and late reply accounting until the next safe boundary (2004.68725ms)
✔ file-journal: a pending mode survives reserved model restart without invalidating its stored input (3120.946ms)
✔ file-journal: cancel overrides a pending mode without discarding late measured model costs (1257.337666ms)
✔ file-journal: deep to fast retains original goal, completed tasks, checkpoint and result reuse after reopen (2261.963708ms)
✔ file-journal: fast keeps mandatory review of existing hypotheses and cannot replace it with premature completion (2824.109458ms)
✔ file-journal: legacy model reservations keep their version-one basis when a pending mode first materializes control (1077.469208ms)
✔ file-journal: a newer mode wins a pending-mode boundary CAS race (843.188625ms)
✔ file-journal: a newer cancel wins a pending-mode boundary CAS race (1061.550917ms)
✔ file-journal: cancellation during model backoff publication returns current control without failing the workflow (1154.145416ms)
✔ file-journal: auto mode change and reopen preserve a partial collection's original goal and explicit resume chain (5332.819584ms)
✔ local versioned defaults select direct auto/fast and investigate deep without allocating work (1.659167ms)
✔ new controls snapshot caller policy and never expose the default policy for mutation (0.08025ms)
✔ legacy goals supply initial mode while a saved control overrides it without mutating state (2.65ms)
✔ effective fast limits are absolute work caps and retain token/time limits (0.194208ms)
✔ auto starts direct while retaining the user work limits before evidence or strategy expansion (0.303333ms)
✔ explicit work caps beat mode policy and mode changes cannot grant a fresh allowance (0.146459ms)
✔ investigate strategies retain explicit work limits and pending mode requests have no effect yet (0.119958ms)
✔ fast allows completed history plus one pending task and counts only current adopted successes (1.154375ms)
✔ fast rejects an oversized pending graph or hypotheses without mutating or silently escalating (0.207042ms)
✔ fast preserves and reviews existing hypotheses while rejecting new optional hypotheses (0.172375ms)
✔ policy-specific scope limits are used instead of hard coded local defaults (0.128209ms)
✔ auto expands only validated plan scope and preserves investigate strategy on smaller subsequent plans (0.150542ms)
✔ deep permits a simple or empty plan without manufacturing tasks or hypotheses (0.075583ms)
✔ automatic expansion requires available relevant new evidence and an unmet criterion (0.194666ms)
✔ irrelevant, inaccessible, retracted and another-scope facts cannot justify expansion (0.273958ms)
✔ current counterevidence justifies investigation even if it has already been assessed (0.073167ms)
✔ current hypotheses allow review but sufficiently assessed completed goals do not expand (0.103666ms)
✔ permission failure, empty responses and exhausted budgets are not independent escalation evidence (0.076167ms)
✔ pending obligations, active calls, terminal states and explicit modes suppress automatic expansion (0.212959ms)
✔ delivery waiting does not manufacture completion or suppress investigation of unmet criteria (0.062125ms)
✔ a reserved, running or received model prevents expansion until its existing call is settled (0.156041ms)
✔ policy contracts reject unknown fields, unsafe counts and blank versions while allowing explicit zero caps (0.542625ms)
✔ control contracts enforce current mode strategy and preserve distinct pending requests (0.338583ms)
✔ documents-simple: validated plan executes to verified completion without additional planner calls (24.54ms)
✔ observations-simple: validated plan executes to verified completion without additional planner calls (10.11625ms)
✔ invalid plans fail before budget or execution: stale, cyclic, missing deps, schema, effects, permission and IDs (5.219958ms)
✔ plan commands deduplicate after later state changes; task IDs cannot hide changed inputs (5.64725ms)
✔ discarded unexecuted task ID still cannot acquire a different contract (4.296042ms)
✔ scripted planner proposal enters the real validator and executor only when control requests a plan (6.106084ms)
✔ dependencies execute in order; partial observations require another source, not false completion (8.301167ms)
✔ empty queue is replan; wake conditions, tool budget, deadline and cancellation produce distinct controls (5.010875ms)
✔ only authorized current-goal commands mutate state; duplicate cancellation is stable (3.646458ms)
✔ competing executors cannot both reserve or replay dispatch (4.958ms)
✔ late tool result after cancel is recorded without adopting or reversing the command (4.391666ms)
✔ late tool result after goal is recorded without adopting or reversing the command (5.38ms)
✔ expired dispatched read has bounded retry or explicit unknown effect (3.566875ms)
✔ expired dispatched write has bounded retry or explicit unknown effect (4.733667ms)
✔ invalid result identity, labels, references and output cannot become accepted evidence (26.678209ms)
✔ stored received result resumes in reopened SQLite and artifact stores without invoking tool again (246.7435ms)
✔ tool JSON schema validation compiles once, rejects unsupported schema and preserves inputs (2.691666ms)
✔ successful dependency chain follows DAG order even when task array is reversed (6.615875ms)
✔ pause before dispatch releases reservation; resume and repeated old pause do not cancel new execution (4.64675ms)
✔ tool failures retry only within attempt budget and repeated empty replans exhaust their own budget (6.949541ms)
✔ unconfirmed write is unknown and cannot satisfy the goal or be retried by a renamed task (5.096125ms)
✔ lease timeout yields even for a tool that ignores cancellation; late result cannot finish the goal (25.435625ms)
✔ permission revocation after reservation is rechecked before dispatch and durably blocks execution (3.591416ms)
✔ memory: waiting execution wakes only for expired lease or received result (9.352708ms)
✔ sqlite: waiting execution wakes only for expired lease or received result (107.740167ms)
✔ baseline documents-complex (2.69025ms)
✔ baseline documents-simple (0.237292ms)
✔ baseline observations-complex (0.279584ms)
✔ baseline observations-simple (0.122833ms)
✔ both domains use the same schema and include simple/complex baselines (0.532958ms)
✔ fixture oracle rejects missing references and duplicated evidence IDs (0.861459ms)
✔ repetition and permutation cannot create independent sources (0.154958ms)
✔ completed facts do not discharge an unrelated pending obligation (0.062375ms)
✔ sqlite: goal change rejects a mode changed by another channel without modifying goal, control or receipts (282.678334ms)
✔ sqlite: goal control is rechecked after a commit CAS conflict and cannot overwrite the winning mode (321.843458ms)
✔ sqlite: unrelated commit contention retries the same goal request while incrementing control exactly once (294.698042ms)
✔ sqlite: successful goal replay remains idempotent after a later mode change and restart (395.00425ms)
✔ sqlite: goal mutation requires a positive safe control revision and strict fields before any receipt or state change (332.803875ms)
✔ sqlite: a legacy goal without stored execution control still requires its explicit initial revision (336.028792ms)
✔ sqlite: CLI goal changes require both explicit revisions, reject stale control and replay the saved receipt (1342.908834ms)
✔ sqlite: Web strict goal input carries control revision through HTTP and rejects a newer channel mode (339.921416ms)
✔ file-journal: goal change rejects a mode changed by another channel without modifying goal, control or receipts (998.058417ms)
✔ file-journal: goal control is rechecked after a commit CAS conflict and cannot overwrite the winning mode (1060.871875ms)
✔ file-journal: unrelated commit contention retries the same goal request while incrementing control exactly once (894.935458ms)
✔ file-journal: successful goal replay remains idempotent after a later mode change and restart (1150.913625ms)
✔ file-journal: goal mutation requires a positive safe control revision and strict fields before any receipt or state change (860.668792ms)
✔ file-journal: a legacy goal without stored execution control still requires its explicit initial revision (535.833459ms)
✔ file-journal: CLI goal changes require both explicit revisions, reject stale control and replay the saved receipt (1950.156584ms)
✔ file-journal: Web strict goal input carries control revision through HTTP and rejects a newer channel mode (1722.631625ms)
✔ Web goal schema accepts only an explicit positive safe numeric control revision (0.541167ms)
✔ sqlite: valid original guidance remains readable through two historical copies and records actual file probe bytes (504.770209ms)
✔ sqlite: body-edited without refresh invalidates original guidance history and two stored copies (423.972208ms)
✔ sqlite: body-deleted without refresh invalidates original guidance history and two stored copies (572.269125ms)
✔ sqlite: catalog-rules-changed without refresh invalidates original guidance history and two stored copies (576.472625ms)
✔ file-journal: valid original guidance remains readable through two historical copies and records actual file probe bytes (3193.702667ms)
✔ file-journal: body-edited without refresh invalidates original guidance history and two stored copies (3070.055084ms)
✔ file-journal: body-deleted without refresh invalidates original guidance history and two stored copies (2480.708417ms)
✔ file-journal: catalog-rules-changed without refresh invalidates original guidance history and two stored copies (3133.444625ms)
✔ guidance refresh stages every provider page and only then replaces the complete snapshot (11.923375ms)
✔ guidance failure listing leaves the previous snapshot usable (0.892583ms)
✔ guidance mixed listing leaves the previous snapshot usable (0.485083ms)
✔ guidance duplicate listing leaves the previous snapshot usable (0.435041ms)
✔ guidance cycle listing leaves the previous snapshot usable (0.366958ms)
✔ guidance page-bound listing leaves the previous snapshot usable (0.279208ms)
✔ guidance entry-bound listing leaves the previous snapshot usable (0.293416ms)
✔ guidance byte-bound listing leaves the previous snapshot usable (0.226166ms)
✔ guidance abort and late completion cannot replace a published listing (0.466667ms)
✔ guidance concurrent refresh rejects an earlier listing and a complete empty snapshot retires entries (1.022625ms)
✔ legacy list/load remains compatible and missing source validation disables body reuse (1.513417ms)
✔ guidance pages reach beyond 20 and preserve item and whole UTF-8 page bounds (6.251375ms)
✔ guidance cursor binds kind, owner, permission and snapshot and hides unauthorized counts (1.76275ms)
✔ hot guidance reuses only body/artifact while rules, selection reason and method are current (0.700792ms)
✔ guidance body cache cannot bypass current tenant, label or work-kind restrictions (0.419833ms)
✔ guidance cache obeys entry/byte bounds, evicts unused bodies and isolates artifact stores (0.647541ms)
✔ a body larger than the cache byte budget is read and decoded on every load (0.419792ms)
✔ a pending hot load cannot exceed cache bounds when another body evicts its old entry (0.373833ms)
✔ a cold legacy-source load rechecks its manifest after artifact persistence (0.247791ms)
✔ source changes during an artifact check are caught by the final probe (0.271125ms)
✔ manifest refresh during final validation rejects a hot result from the previous rules (0.288583ms)
✔ load cancellation cannot publish a cache entry after an ignored-signal provider returns (0.260291ms)
✔ file guidance reports actual cold/hot original I/O separately from put/decode reuse (22.324ms)
ℹ {"coldOriginalReads":2,"hotOriginalReads":1,"coldOriginalBytes":48,"hotOriginalBytes":24,"source":{"catalogReads":7,"catalogBytes":2702,"bodyReads":3,"bodyBytes":72,"readCalls":1,"validateCalls":2},"catalog":{"sourceReadCalls":1,"sourceReadBytes":24,"sourceValidateCalls":2,"artifactPutCalls":1,"artifactCheckCalls":1,"bodyDecodes":1,"cacheHits":1,"cacheMisses":1,"cachedBodies":1,"cachedBytes":24},"artifactPuts":1,"artifactChecks":1}
✔ file guidance cache never bypasses a deleted original source (31.822667ms)
✔ file guidance cache never bypasses a modified original source (21.533041ms)
✔ file guidance cache never bypasses a manifest original source (23.523583ms)
✔ file guidance refresh observes a new catalog, preserves same-body cache and rejects invalid replacements (43.54325ms)
✔ guidance resources documents-simple: cold and hot runtime loads retain provenance and report original I/O separately (39.306125ms)
ℹ {"family":"documents-simple","coldOriginalBytes":58,"hotOriginalBytes":29,"coldMetrics":{"sourceReadCalls":1,"sourceReadBytes":29,"sourceValidateCalls":1,"artifactPutCalls":1,"artifactCheckCalls":0,"bodyDecodes":1,"cacheHits":0,"cacheMisses":1,"cachedBodies":1,"cachedBytes":29},"hotMetrics":{"sourceReadCalls":1,"sourceReadBytes":29,"sourceValidateCalls":2,"artifactPutCalls":1,"artifactCheckCalls":1,"bodyDecodes":1,"cacheHits":1,"cacheMisses":1,"cachedBodies":1,"cachedBytes":29}}
✔ guidance resources documents-simple: policy revocation during a hot validation suppresses the cached body (10.254584ms)
✔ guidance resources documents-simple: a goal change while the source read waits cannot return the previous selection (7.29925ms)
✔ guidance resources documents-simple: a refreshed version cannot be replaced by an in-flight older load (6.176625ms)
✔ guidance resources documents-simple: cancellation reaches a pending source and returns no late body (6.047792ms)
✔ guidance resources observations-simple: cold and hot runtime loads retain provenance and report original I/O separately (9.025542ms)
ℹ {"family":"observations-simple","coldOriginalBytes":58,"hotOriginalBytes":29,"coldMetrics":{"sourceReadCalls":1,"sourceReadBytes":29,"sourceValidateCalls":1,"artifactPutCalls":1,"artifactCheckCalls":0,"bodyDecodes":1,"cacheHits":0,"cacheMisses":1,"cachedBodies":1,"cachedBytes":29},"hotMetrics":{"sourceReadCalls":1,"sourceReadBytes":29,"sourceValidateCalls":2,"artifactPutCalls":1,"artifactCheckCalls":1,"bodyDecodes":1,"cacheHits":1,"cacheMisses":1,"cachedBodies":1,"cachedBytes":29}}
✔ guidance resources observations-simple: policy revocation during a hot validation suppresses the cached body (6.1385ms)
✔ guidance resources observations-simple: a goal change while the source read waits cannot return the previous selection (5.230708ms)
✔ guidance resources observations-simple: a refreshed version cannot be replaced by an in-flight older load (5.816875ms)
✔ guidance resources observations-simple: cancellation reaches a pending source and returns no late body (5.021541ms)
✔ guidance resources: paginated cards respect the complete output byte budget and never read guidance bodies (10.510958ms)
✔ guidance resources: cursors cannot cross kind, caller labels, owner or a refreshed listing (4.151208ms)
✔ guidance resources: legacy discovery keeps its original shape and current method in both work families (9.0835ms)
✔ guidance resources: optional paging fields are strict and pre-aborted discovery performs no original reads (4.584666ms)
✔ legacy current validation reads original bytes and a fresh listing and accounts for each cost (5.354458ms)
✔ legacy cold load compares a fresh manifest without duplicating the original read (0.955167ms)
✔ a cancelled current probe makes no original read and a failed fresh listing is not accepted (0.4735ms)
✔ sqlite: context compilation refuses delete in an original guidance source (413.202583ms)
✔ sqlite: context compilation refuses modify in an original guidance source (375.383208ms)
✔ sqlite: context compilation refuses rules in an original guidance source (296.574208ms)
✔ sqlite: restarted stored model input cannot send a deleted original guide (418.748875ms)
✔ sqlite: restarted stored model input cannot send a modifyd original guide (430.565541ms)
✔ sqlite: policy during original-source validation stops transport and settles zero usage (370.994959ms)
✔ sqlite: goal during original-source validation stops transport and settles zero usage (459.881292ms)
✔ sqlite: cancel during original-source validation stops transport and settles zero usage (402.426875ms)
✔ sqlite: manifest refresh after the source probe is caught after final state lookup (374.687583ms)
✔ sqlite: an ignored-signal original probe is stopped by the remaining model lease (708.179542ms)
✔ sqlite: stored guidance loss during source probe blocks transport and prevents settlement until repair (516.646208ms)
✔ sqlite: unchanged original guidance sends the exact stored request once after restart (442.113417ms)
✔ file-journal: context compilation refuses delete in an original guidance source (1203.173542ms)
✔ file-journal: context compilation refuses modify in an original guidance source (1138.705792ms)
✔ file-journal: context compilation refuses rules in an original guidance source (856.526208ms)
✔ file-journal: restarted stored model input cannot send a deleted original guide (1518.323375ms)
✔ file-journal: restarted stored model input cannot send a modifyd original guide (1913.020959ms)
✔ file-journal: policy during original-source validation stops transport and settles zero usage (1933.849834ms)
✔ file-journal: goal during original-source validation stops transport and settles zero usage (1798.9345ms)
✔ file-journal: cancel during original-source validation stops transport and settles zero usage (1525.359417ms)
✔ file-journal: manifest refresh after the source probe is caught after final state lookup (1604.602125ms)
✔ file-journal: an ignored-signal original probe is stopped by the remaining model lease (2064.922709ms)
✔ file-journal: stored guidance loss during source probe blocks transport and prevents settlement until repair (2032.858917ms)
✔ file-journal: unchanged original guidance sends the exact stored request once after restart (1931.92175ms)
✔ invocation copies: two real canonical copies expose the still-authorized original without executing it again (42.3775ms)
✔ invocation copies: retaining only calls.get permission does not restore a revoked source tool (16.673292ms)
✔ invocation copies: current guidance version replacement blocks the copied earlier guide (21.044541ms)
✔ invocation copies: same-version manifest replacement and new guidance labels also block nested bodies (13.718875ms)
✔ invocation copies: catalog target permission is rechecked through both copies (11.932958ms)
✔ invocation copies: catalog target version is rechecked through both copies (16.811083ms)
✔ invocation copies: catalog target definition is rechecked through both copies (16.421292ms)
✔ invocation copies: a missing canonical source receipt is rejected (9.906583ms)
✔ invocation copies: a foreign-owner canonical source receipt is rejected (9.268083ms)
✔ invocation copies: a foreign-tenant canonical source receipt is rejected (9.743417ms)
✔ invocation copies: a foreign-work canonical source receipt is rejected (9.4955ms)
✔ invocation copies: a input-digest canonical source receipt is rejected (9.472ms)
✔ invocation copies: missing source artifacts invalidate copied bodies even when copy artifacts remain readable (9.845042ms)
✔ invocation copies: a modified copied body must still equal its canonical source result (8.741041ms)
✔ invocation copies: source knowledge is validated and propagated even if an older copy omitted its dependency metadata (12.155375ms)
✔ invocation copies: permission changes during a source receipt read prevent returning the already-read copy (9.442916ms)
✔ invocation copies: a canonical input cycle is rejected before following the same receipt twice (9.60825ms)
✔ invocation copies: the 64-node source boundary accepts 63 copies and rejects one further copy (624.666625ms)
✔ sqlite: two invocation copies recheck remove registry change after source artifact read (370.638875ms)
✔ sqlite: two invocation copies recheck labels registry change after source artifact read (394.170083ms)
✔ sqlite: two invocation copies recheck description registry change after source artifact read (353.726958ms)
✔ sqlite: two invocation copies recheck unrelated registry change after source artifact read (385.926583ms)
✔ sqlite: an executed third calls.get stores no private body when source is removed during its read (477.002792ms)
✔ sqlite: catalog target pin is rechecked after final asynchronous state validation (418.018042ms)
✔ sqlite: a same-version guidance manifest change cannot survive copied body verification (568.899667ms)
✔ file-journal: two invocation copies recheck remove registry change after source artifact read (2969.011167ms)
✔ file-journal: two invocation copies recheck labels registry change after source artifact read (2496.217458ms)
✔ file-journal: two invocation copies recheck description registry change after source artifact read (2806.669333ms)
✔ file-journal: two invocation copies recheck unrelated registry change after source artifact read (2954.847459ms)
✔ file-journal: an executed third calls.get stores no private body when source is removed during its read (3694.928167ms)
✔ file-journal: catalog target pin is rechecked after final asynchronous state validation (3126.974584ms)
✔ file-journal: a same-version guidance manifest change cannot survive copied body verification (3224.030792ms)
✔ file journal: exception at candidate_synced preserves the publication boundary and retry identity (193.360042ms)
✔ file journal: actual SIGKILL at candidate_synced reopens a whole commit or no commit (264.449541ms)
✔ file journal: exception at published preserves the publication boundary and retry identity (202.216167ms)
✔ file journal: actual SIGKILL at published reopens a whole commit or no commit (235.067458ms)
✔ file journal: exception at directory_synced preserves the publication boundary and retry identity (221.15675ms)
✔ file journal: actual SIGKILL at directory_synced reopens a whole commit or no commit (294.477959ms)
✔ file journal: a reader and duplicate retry observe a whole published record while its writer is pending (187.781292ms)
✔ file journal: directory sync failure prevents reads and duplicate acknowledgements without rolling back publication (144.883459ms)
✔ file journal: listing retries the first record when publication follows its initial ENOENT (159.212875ms)
✔ file journal: checksum corruption blocks reads and subsequent commits without overwriting the damaged record (89.026625ms)
✔ file journal: an intact record checksum does not hide a broken previous-hash link (132.101792ms)
✔ file journal: deleting a middle revision rejects the incomplete prefix (194.924584ms)
✔ file journal: changing store identity is rejected by an open instance and by replay after reopening (104.009125ms)
✔ file journal: a missing format header does not initialize a populated store as empty (68.826125ms)
✔ file journal: existing root, work and record symlinks are rejected without following their contents (314.915625ms)
✔ file journal: group or other permissions on the root and records are rejected (150.847333ms)
✔ file journal: an observed root or work directory replacement cannot reset the open repository (158.642708ms)
✔ file journal: record size limits reject both publication and oversized persisted input (136.339125ms)
✔ file journal: closed instances reject every repository operation while reopening retains data (140.125625ms)
✔ file journal: revision zero is invalid layout and cannot be silently ignored (104.014125ms)
✔ sqlite: custody-free reads keep their original I/O path and a W to M to W custody cycle remains finite (142.235542ms)
✔ sqlite: external K revise blocks direct, derived and cached M before W is refreshed (160.61775ms)
✔ sqlite: external K retract blocks direct, derived and cached M before W is refreshed (183.924417ms)
✔ sqlite: external K expire blocks direct, derived and cached M before W is refreshed (205.008958ms)
✔ sqlite: external K generation blocks direct, derived and cached M before W is refreshed (181.73275ms)
✔ sqlite: a shared reader uses current M authority without impersonating its owner's private K actor (229.988834ms)
✔ sqlite: custody does not reconstruct an unconfirmed reviewer-only permission (160.925875ms)
✔ sqlite: custody entry and byte limits fail closed before reading unbounded knowledge records (1287.209917ms)
✔ sqlite: a derivedFrom cycle remains invalid even when its work custody graph is finite (193.686375ms)
✔ sqlite: external memory changed during closure collection cannot survive the stable snapshot (150.220208ms)
✔ file-journal: custody-free reads keep their original I/O path and a W to M to W custody cycle remains finite (514.346958ms)
✔ file-journal: external K revise blocks direct, derived and cached M before W is refreshed (911.303541ms)
✔ file-journal: external K retract blocks direct, derived and cached M before W is refreshed (1358.220709ms)
✔ file-journal: external K expire blocks direct, derived and cached M before W is refreshed (1134.721708ms)
✔ file-journal: external K generation blocks direct, derived and cached M before W is refreshed (1514.484625ms)
✔ file-journal: a shared reader uses current M authority without impersonating its owner's private K actor (980.964458ms)
✔ file-journal: custody does not reconstruct an unconfirmed reviewer-only permission (462.517958ms)
✔ file-journal: custody entry and byte limits fail closed before reading unbounded knowledge records (700.127084ms)
✔ file-journal: a derivedFrom cycle remains invalid even when its work custody graph is finite (718.82675ms)
✔ file-journal: external memory changed during closure collection cannot survive the stable snapshot (762.936625ms)
✔ sqlite: same-work recall survives dispatch, receipt and unrelated revision bookkeeping (389.996125ms)
✔ sqlite: cross-work memory copy keeps custody across a goal change and blocks a prepared result after source deletion (815.509167ms)
✔ sqlite: source deletion after a cross-goal copied memory cancels a reserved effect before invocation (510.878375ms)
✔ sqlite: stored model input contains recalled bodies while hiding internal custody metadata (627.791042ms)
✔ sqlite: reopening without a knowledge validator blocks retained originals and reserved effects (492.797334ms)
✔ sqlite: deleting another work's source while adopt commit waits quarantines the copied evidence before return (408.997167ms)
✔ file-journal: same-work recall survives dispatch, receipt and unrelated revision bookkeeping (3335.43425ms)
✔ file-journal: cross-work memory copy keeps custody across a goal change and blocks a prepared result after source deletion (12778.298625ms)
✔ file-journal: source deletion after a cross-goal copied memory cancels a reserved effect before invocation (7780.185292ms)
✔ file-journal: stored model input contains recalled bodies while hiding internal custody metadata (9271.723542ms)
✔ file-journal: reopening without a knowledge validator blocks retained originals and reserved effects (5062.647584ms)
✔ file-journal: deleting another work's source while adopt commit waits quarantines the copied evidence before return (4194.10525ms)
✔ memory tools expose read cards, internal dependencies and schema-valid results (sqlite) (224.371666ms)
✔ memory tool authority intersects destination, caller and fresh trusted identity (sqlite) (185.361334ms)
✔ memory reads constrain IDs and searches to the current goal scope (sqlite) (170.123958ms)
✔ memory tools expose read cards, internal dependencies and schema-valid results (file-journal) (1825.749042ms)
✔ memory tool authority intersects destination, caller and fresh trusted identity (file-journal) (398.821292ms)
✔ memory reads constrain IDs and searches to the current goal scope (file-journal) (463.139625ms)
✔ memory tools report bounded references without bodies, including multibyte oversized references (157.104667ms)
✔ memory search distinguishes result truncation and index errors from complete absence (133.570333ms)
✔ memory tools discard a copied card when trusted-owner changes during a repository wait (159.368875ms)
✔ memory tools discard a copied card when work-owner changes during a repository wait (151.663583ms)
✔ memory tools discard a copied card when caller-labels changes during a repository wait (175.636416ms)
✔ memory tools discard a copied card when work-labels changes during a repository wait (150.289292ms)
✔ memory tools discard a copied card when goal changes during a repository wait (132.832041ms)
✔ memory tools discard a copied card when generation changes during a repository wait (126.979791ms)
✔ memory tools discard a copied card when cancel changes during a repository wait (114.608667ms)
✔ each fresh trusted actor lookup must match the work owner, including the final return check (109.168417ms)
✔ dependency validation uses current source, record and caller permissions without a stale service cache (183.091667ms)
✔ memory adapters do not mutate the caller policy and normalize invalid input and pre-abort (165.581458ms)
✔ knowledge exact lookup precedes index, Korean/English and conditional search use current sources (sqlite) (149.977667ms)
✔ knowledge exact lookup precedes index, Korean/English and conditional search use current sources (file-journal) (448.554291ms)
✔ private memory needs explicit submission and another reviewer of the exact content revision (195.632833ms)
✔ source retracted prevents direct, cached lexical and dependency reuse (184.001083ms)
✔ source restricted prevents direct, cached lexical and dependency reuse (140.395917ms)
✔ source deleted prevents direct, cached lexical and dependency reuse (216.526209ms)
✔ source corrected prevents direct, cached lexical and dependency reuse (171.770125ms)
✔ source policy prevents direct, cached lexical and dependency reuse (110.375666ms)
✔ source generation prevents direct, cached lexical and dependency reuse (99.076166ms)
✔ ancestor changes and derived memories retain source identity without inflating independent provenance (154.591792ms)
✔ review CAS prevents a reviewed draft from being silently replaced or shared after editing (118.948125ms)
✔ source or actor changes while source reads wait cannot return stale memory content (125.887ms)
✔ a delayed candidate cache fill rechecks namespace authority before returning cards or counts (119.653416ms)
✔ index errors remain distinct from absence and rebuild never resurrects deleted or expired content (152.630334ms)
✔ SQLite reopen retains memory, review, cursor and receipts; competing writers use revision CAS (127.912084ms)
✔ source and knowledge stores close and reopen with reviewed memory and index intact (145.750291ms)
✔ bounded results report truncation only after current visibility filtering (186.019125ms)
✔ deletion while a repeated source check waits is noticed before returning the memory card (139.823083ms)
✔ source deletion after the second source snapshot cannot return its old card (126.972958ms)
✔ batch dependency fences notice an earlier card source changing while a later card is checked (165.7305ms)
✔ retracted memory can subsequently be deleted while preserving the revision and idempotency rules (139.18375ms)
✔ a pruned limited search stays partial when an unread matching candidate remains (197.989958ms)
✔ unrelated work revisions preserve semantic dependencies while changed source content does not (208.824292ms)
✔ dependency contracts reject forged fields, unsafe revisions, malformed hashes and duplicate references (159.990709ms)
✔ continuously changing coherent-read revisions stop after a bounded number of fences (229.203667ms)
✔ local evaluation: 192 pinned cases retain two families, two stores, three modes and sixteen variants without duplicate IDs (13.83475ms)
✔ local evaluation sqlite/document_comparison: simple actual workflow and read-only replay preserve one model, one tool and one delivered answer (670.079541ms)
✔ local evaluation sqlite/observation_review: simple actual workflow and read-only replay preserve one model, one tool and one delivered answer (676.876333ms)
✔ local evaluation sqlite: complex original amendments change the hypothesis and require later model assessments (1665.741208ms)
✔ local evaluation sqlite: fast limits reject a complex plan without claiming goal completion or invoking its tool (969.0525ms)
✔ local evaluation sqlite: stored_model_resume actually crosses reopen with a received response and does not invoke it again (796.794667ms)
✔ local evaluation sqlite: stored_tool_resume actually crosses reopen with a received response and does not invoke it again (1021.952916ms)
✔ local evaluation sqlite: forced compact is persisted before reopen and subsequent model calls assess later originals (2182.727625ms)
✔ local evaluation sqlite: next-day reply preserves a real wait interval with no model or tool entries (1475.071708ms)
✔ local evaluation sqlite: status-only keeps its recorded state unchanged with no execution or transport (307.345791ms)
✔ local evaluation sqlite: source_missing reaches the intended failure boundary and stays incomplete (1406.558375ms)
✔ local evaluation sqlite: partial_result reaches the intended failure boundary and stays incomplete (1953.951416ms)
✔ local evaluation sqlite: tool_errors reaches the intended failure boundary and stays incomplete (1075.556208ms)
✔ local evaluation sqlite: model_errors reaches the intended failure boundary and stays incomplete (995.901125ms)
✔ local evaluation sqlite: permission_revoked reaches the intended failure boundary and stays incomplete (710.397291ms)
✔ local evaluation sqlite: cancellation occurs after model entry and preserves its reported usage without a tool or answer (411.835833ms)
✔ local evaluation sqlite: requested mode change is first pending during the entered call and later applied (720.259334ms)
✔ local evaluation sqlite: unknown result delivery produces lookup rather than a duplicate send or false completion (828.925959ms)
✔ local evaluation sqlite/document_comparison: late counterevidence is actually observed before final judgment (1718.669459ms)
✔ local evaluation sqlite/observation_review: late counterevidence is actually observed before final judgment (2216.830541ms)
✔ local evaluation file-journal/document_comparison: simple actual workflow and read-only replay preserve one model, one tool and one delivered answer (4980.040416ms)
✔ local evaluation file-journal/observation_review: simple actual workflow and read-only replay preserve one model, one tool and one delivered answer (4077.936584ms)
✔ local evaluation file-journal: complex original amendments change the hypothesis and require later model assessments (12751.139833ms)
✔ local evaluation file-journal: fast limits reject a complex plan without claiming goal completion or invoking its tool (7724.426ms)
✔ local evaluation file-journal: stored_model_resume actually crosses reopen with a received response and does not invoke it again (5780.226625ms)
✔ local evaluation file-journal: stored_tool_resume actually crosses reopen with a received response and does not invoke it again (5461.43825ms)
✔ local evaluation file-journal: forced compact is persisted before reopen and subsequent model calls assess later originals (10510.555792ms)
✔ local evaluation file-journal: next-day reply preserves a real wait interval with no model or tool entries (4375.302542ms)
✔ local evaluation file-journal: status-only keeps its recorded state unchanged with no execution or transport (297.520292ms)
✔ local evaluation file-journal: source_missing reaches the intended failure boundary and stays incomplete (1999.614333ms)
✔ local evaluation file-journal: partial_result reaches the intended failure boundary and stays incomplete (2116.804542ms)
✔ local evaluation file-journal: tool_errors reaches the intended failure boundary and stays incomplete (1060.263042ms)
✔ local evaluation file-journal: model_errors reaches the intended failure boundary and stays incomplete (1479.819833ms)
✔ local evaluation file-journal: permission_revoked reaches the intended failure boundary and stays incomplete (656.848875ms)
✔ local evaluation file-journal: cancellation occurs after model entry and preserves its reported usage without a tool or answer (321.946625ms)
✔ local evaluation file-journal: requested mode change is first pending during the entered call and later applied (586.088959ms)
✔ local evaluation file-journal: unknown result delivery produces lookup rather than a duplicate send or false completion (706.608292ms)
✔ local evaluation file-journal/document_comparison: late counterevidence is actually observed before final judgment (1672.191958ms)
✔ local evaluation file-journal/observation_review: late counterevidence is actually observed before final judgment (2077.215666ms)
✔ sqlite: local memory tools and workspace checkpoints remain usable after profile reopen (978.007041ms)
✔ sqlite: workspace initialization failure closes state, channel and knowledge stores (224.470291ms)
✔ file-journal: local memory tools and workspace checkpoints remain usable after profile reopen (6493.144666ms)
✔ file-journal: workspace initialization failure closes state, channel and knowledge stores (237.8445ms)
✔ composition without optional memory or workspace keeps the prior tool configuration usable (370.702125ms)
✔ profile close still closes databases after a workspace close failure (326.995292ms)
✔ sqlite: accepted work, request replay, and queries stay separate from fixture execution (565.256666ms)
✔ sqlite: document question is atomic, actionable, and does not interpret reply text (831.780209ms)
✔ sqlite: current ownership, route, and disclosure gates apply to reads and mutations (213.724958ms)
✔ sqlite: web attachment observes an existing CLI primary without re-sending or changing it (562.753917ms)
✔ sqlite: goal and mode commands preserve optimistic revisions and durable idempotency (623.598833ms)
✔ sqlite: pause does not wait behind an active run and a replay cannot start another run (975.084542ms)
✔ sqlite: cancel does not wait behind an active run and a replay cannot start another run (608.079375ms)
✔ sqlite: an unfinished durable run is not repeated by the same request after restart (954.056084ms)
✔ sqlite: a goal changed while the old run intent is acknowledged never receives that run's plan (864.008041ms)
✔ sqlite: workflow entry rejects a stale pinned goal before recovery or execution (462.891125ms)
✔ sqlite: paged lists recheck every returned card and omit a card revoked while another is read (2054.209708ms)
✔ sqlite: at most four distinct works execute concurrently and draining admits no new mutations (1807.264667ms)
✔ file-journal: accepted work, request replay, and queries stay separate from fixture execution (4202.227875ms)
✔ file-journal: document question is atomic, actionable, and does not interpret reply text (5360.64075ms)
✔ file-journal: current ownership, route, and disclosure gates apply to reads and mutations (722.042708ms)
✔ file-journal: web attachment observes an existing CLI primary without re-sending or changing it (2815.749709ms)
✔ file-journal: goal and mode commands preserve optimistic revisions and durable idempotency (3207.705708ms)
✔ file-journal: pause does not wait behind an active run and a replay cannot start another run (3549.469958ms)
✔ file-journal: cancel does not wait behind an active run and a replay cannot start another run (1818.859833ms)
✔ file-journal: an unfinished durable run is not repeated by the same request after restart (2597.877209ms)
✔ file-journal: a goal changed while the old run intent is acknowledged never receives that run's plan (3769.457625ms)
✔ file-journal: workflow entry rejects a stale pinned goal before recovery or execution (883.689083ms)
✔ file-journal: paged lists recheck every returned card and omit a card revoked while another is read (14640.526542ms)
✔ file-journal: at most four distinct works execute concurrently and draining admits no new mutations (9936.809458ms)
✔ cancel during input artifact read prevents transport invocation and releases the known unused token reservation (25.691834ms)
✔ goal during input artifact read prevents transport invocation and releases the known unused token reservation (9.993125ms)
✔ destination during input artifact read prevents transport invocation and releases the known unused token reservation (7.147084ms)
✔ labels during input artifact read prevents transport invocation and releases the known unused token reservation (5.6045ms)
✔ cancelling an active model sends its signal, yields promptly and settles late usage once without adopting the old plan (7.6425ms)
✔ input byte limit rejects before a durable reservation or transport call (3.441917ms)
✔ token budget rejects before a durable reservation or transport call (4.341ms)
✔ model call budget rejects before a durable reservation or transport call (2.793291ms)
✔ model context capacity and destination policy reject input without invoking the planner (6.369208ms)
✔ concurrent reservations have one winner and duplicate execution performs one dispatch and one transport call (7.392ms)
✔ a replacement owner waits for a reserved lease, then releases it and creates a fresh intent without repeating a transport call (9.354041ms)
✔ a recovered running lease retains uncertain cost and accepts only late accounting, never its expired plan (5.956125ms)
✔ a reply without usage keeps its reservation and prevents a further model call after rejection (5.678584ms)
✔ verified facts remain visible while hypothesis review prevents response readiness and preparation (28.064459ms)
✔ reserved, running and stored model replies cannot produce a result; accepted review resumes preparation (30.381834ms)
✔ pending model work suppresses question preparation while preserving existing obligation blockers (12.330417ms)
✔ an already prepared result is withheld during review and can be prepared again after accepted model assessment (15.402333ms)
✔ documents-simple: one model plan executes to completion with usage and no extra hypothesis call (40.436875ms)
✔ observations-simple: one model plan executes to completion with usage and no extra hypothesis call (12.886292ms)
✔ late counterevidence revises the hypothesis and only the changed graph consumes a replan (49.293208ms)
✔ strict structured transport adapter feeds the same validator and execution loop without a provider SDK (9.8085ms)
✔ invalid or truncated responses cannot replace an executable plan or fabricate zero usage (6.996834ms)
✔ rejected model plans still charge exactly one call and preserve their raw response for an authorized read (6.645291ms)
✔ bookkeeping changes do not stale a response but goal and evidence changes do (12.70975ms)
✔ received model result resumes after SQLite and artifact reopen with no additional model call (390.260917ms)
✔ a new scope archives the old hypothesis in prior events and permits a fresh plan (12.869ms)
✔ unsupported hypotheses and erased counterevidence are rejected without changing the current assessment (7.8715ms)
✔ validator feedback reaches the next model proposal and invalid plans never dispatch their tools (13.537833ms)
✔ permission revocation during reply storage preserves usage but never downgrades the model body (5.428542ms)
✔ sqlite/documents-simple: same model/tool/evidence/conversation workflow resumes on persistent state without a new model call for the stored reply (920.536917ms)
✔ sqlite/documents-complex: same model/tool/evidence/conversation workflow resumes on persistent state without a new model call for the stored reply (2265.85075ms)
✔ sqlite/observations-simple: same model/tool/evidence/conversation workflow resumes on persistent state without a new model call for the stored reply (1059.825916ms)
✔ sqlite/observations-complex: same model/tool/evidence/conversation workflow resumes on persistent state without a new model call for the stored reply (1933.753708ms)
✔ file-journal/documents-simple: same model/tool/evidence/conversation workflow resumes on persistent state without a new model call for the stored reply (5799.219083ms)
✔ file-journal/documents-complex: same model/tool/evidence/conversation workflow resumes on persistent state without a new model call for the stored reply (10938.912166ms)
✔ file-journal/observations-simple: same model/tool/evidence/conversation workflow resumes on persistent state without a new model call for the stored reply (3636.615708ms)
✔ file-journal/observations-complex: same model/tool/evidence/conversation workflow resumes on persistent state without a new model call for the stored reply (7785.847708ms)
✔ checkpoint record: empty paged root round-trips metadata once without raw reads (5.164833ms)
✔ checkpoint record: empty batch root round-trips metadata once without raw reads (1.485417ms)
✔ checkpoint record: multiple normal pages store references rather than repeating large bodies (11.30375ms)
✔ checkpoint record: partial batch resumes only unfinished items and preserves original successes (7.232875ms)
✔ checkpoint record: rejected source calls survive explicit resume and consume the operation call limit (1.658542ms)
✔ checkpoint record: a crashed intent becomes one unknown call and is never silently replayed (1.916375ms)
✔ checkpoint record: complete orphan resume performs no new page read or call (1.082625ms)
✔ checkpoint record: explicit stop changes only stop metadata and appends its exact base reference (1.131167ms)
✔ checkpoint record: unchanged fields and inherited dependencies cannot be dropped from an intent (2.079083ms)
✔ checkpoint record: start rejects retained history, source artifacts, and non-root identity (0.340375ms)
✔ checkpoint record: intent, settlement, and resume reject invalid request identity or time transitions (1.485542ms)
✔ checkpoint record: wrong logical digest, wrong base, extra keys, and failed source reads are rejected (1.578791ms)
✔ checkpoint record: accepted encode defers new raw body, source-ref, and dependency authentication to decode (3.347916ms)
✔ checkpoint record: conflicting artifact metadata and dropped inherited references are never encoded (0.658459ms)
✔ checkpoint record: logical checkpoint and referenced response byte limits are enforced before source I/O (0.875917ms)
✔ checkpoint record: record schema rejects more than 16 MiB of otherwise bounded root metadata (55.221916ms)
✔ checkpoint store: real v2 start/intent/settle records load the logical v1 result and preserve original bytes (240.180291ms)
✔ checkpoint store: a legacy snapshot can anchor a v2 orphan resume without reissuing any raw page request (301.786083ms)
✔ checkpoint store: missing base is detected through the actual file adapter (205.413ms)
✔ checkpoint store: tampered base is detected through the actual file adapter (199.939875ms)
✔ checkpoint store: missing raw is detected through the actual file adapter (236.192916ms)
✔ checkpoint store: tampered raw is detected through the actual file adapter (267.978667ms)
✔ checkpoint store: a base reference with tenant cannot use an otherwise readable head (329.082333ms)
✔ checkpoint store: a base reference with labels cannot use an otherwise readable head (318.3725ms)
✔ checkpoint store: a base reference with missing-index cannot use an otherwise readable head (203.129791ms)
✔ checkpoint store: a valid artifact hash cannot authenticate a forged logical digest (304.765709ms)
✔ checkpoint store: returned byte/page/checkpoint mutations cannot poison a reader cache (216.069125ms)
✔ checkpoint store: shared materialization rechecks every original and a new file instance decodes cold (216.75375ms)
✔ checkpoint store: shared materialization cannot hide a revoked or unindexed original (224.899084ms)
✔ checkpoint store: shared materialization evicts at 64-heads (3626.997375ms)
✔ checkpoint store: shared materialization evicts at 16-MiB-logical-bytes (670.019208ms)
✔ checkpoint store: eviction during a shared materialization await preserves the logical byte budget (574.300542ms)
✔ checkpoint store: an in-flight head mutation cannot seed a different artifact materialization (202.493625ms)
✔ checkpoint store: caller ref mutation cannot redirect cached-reference revalidation (260.024625ms)
✔ checkpoint store: policy snapshots and exact index entries cannot be widened or aliased by callers (278.969958ms)
✔ checkpoint store: cached originals require real exists checks and new readers cannot inherit a deleted source (185.715334ms)
✔ checkpoint store: raw source cache stays within 16 MiB and evicted sources are fetched again (463.244541ms)
✔ checkpoint store: cycles and oversized records are rejected before decoding any logical history (0.762ms)
✔ checkpoint store: a record chain stops at 10000 records before requesting the next dependency (177.926583ms)
✔ checkpoint store: a record chain stops at 64 MiB without caching the entire traversal (34.205958ms)
✔ checkpoint store: a materialized base retains its chain byte cost for the next event (62.238083ms)
✔ checkpoint store sqlite: a legacy committed root resumes through v2 records into an authenticated public result (553.637542ms)
✔ checkpoint store file-journal: a legacy committed root resumes through v2 records into an authenticated public result (3314.986167ms)
✔ read checkpoint sqlite: a complete checkpoint survives outer-result loss and resumes without another fetch (884.845417ms)
✔ read checkpoint sqlite: projection preserves original evidence and charges only the successor's raw response (1239.4995ms)
✔ read checkpoint sqlite: missing proof and altered payload are denied while ordinary failures remain valid (1188.608583ms)
✔ read checkpoint sqlite: an indexed forged merged page cannot replace its accepted raw response (1183.862292ms)
✔ read checkpoint sqlite: an unchanged original body cannot authorize a changed request identity (1197.94025ms)
✔ read checkpoint sqlite: losing raw-response blocks result history and copied history (1327.940042ms)
✔ read checkpoint sqlite: losing source-artifact blocks result history and copied history (1225.978042ms)
✔ read checkpoint sqlite: severing the parent's exclusive successor claim rejects the child (992.723125ms)
✔ read checkpoint file-journal: a complete checkpoint survives outer-result loss and resumes without another fetch (3665.11475ms)
✔ read checkpoint file-journal: projection preserves original evidence and charges only the successor's raw response (5076.194166ms)
✔ read checkpoint file-journal: missing proof and altered payload are denied while ordinary failures remain valid (3639.317584ms)
✔ read checkpoint file-journal: an indexed forged merged page cannot replace its accepted raw response (3448.135334ms)
✔ read checkpoint file-journal: an unchanged original body cannot authorize a changed request identity (4054.627084ms)
✔ read checkpoint file-journal: losing raw-response blocks result history and copied history (4515.985208ms)
✔ read checkpoint file-journal: losing source-artifact blocks result history and copied history (5399.387375ms)
✔ read checkpoint file-journal: severing the parent's exclusive successor claim rejects the child (4146.74ms)
✔ read collection context: only visible current goal and scope tips survive; complete unadopted tips remain resumable (3.910583ms)
✔ read collection context: the common packet removes denied head metadata from both execution and resume projections (3.027458ms)
✔ read collection context sqlite: five compactions and reopen retain partial resume metadata without page bodies (930.179083ms)
✔ read collection context sqlite: five compactions and reopen retain complete orphan resume metadata without page bodies (886.561084ms)
✔ read collection context file-journal: five compactions and reopen retain partial resume metadata without page bodies (3903.753042ms)
✔ read collection context file-journal: five compactions and reopen retain complete orphan resume metadata without page bodies (3401.592667ms)
✔ read collection context sqlite: lost derived frame regenerates while lost original raw response blocks context and recovery (377.26825ms)
✔ read collection context file-journal: lost derived frame regenerates while lost original raw response blocks context and recovery (2077.113291ms)
✔ read collection context sqlite: source gate rejects omitted, altered, and canonically inconsistent resume metadata (298.812125ms)
✔ read collection context file-journal: source gate rejects omitted, altered, and canonically inconsistent resume metadata (1111.852542ms)
✔ read collection context sqlite: resume metadata is mandatory input and cannot be evicted to satisfy a smaller byte budget (272.969084ms)
✔ read collection context file-journal: resume metadata is mandatory input and cannot be evicted to satisfy a smaller byte budget (821.772167ms)
✔ read collection context sqlite: source lifecycle change during checkpoint read prevents staged frame publication (150.046791ms)
✔ read collection context file-journal: source lifecycle change during checkpoint read prevents staged frame publication (731.89ms)
✔ read collection context sqlite: contract change during derived resume put is checked before return (267.930625ms)
✔ read collection context sqlite: original change during derived resume put is checked before return (295.780958ms)
✔ read collection context file-journal: contract change during derived resume put is checked before return (984.64425ms)
✔ read collection context file-journal: original change during derived resume put is checked before return (883.242084ms)
✔ read collection context sqlite: completed adopted output retains original proof requirements after leaving the resume list (257.873125ms)
✔ read collection context file-journal: completed adopted output retains original proof requirements after leaving the resume list (1209.302ms)
✔ read collection context sqlite: raw loss during frame staging suppresses completed adopted copies (383.4695ms)
✔ read collection context file-journal: raw loss during frame staging suppresses completed adopted copies (1086.523708ms)
✔ collection I/O sqlite documents-simple: 4 pages retain semantics across reads, copying and reopening (1555.507834ms)
ℹ {"adapter":"sqlite","family":"documents-simple","pages":4,"sourceCalls":4,"resultSignature":"ca3cbf4a810188e565397de9b01c666596d3bfd519841b869c91c2e4ca1eaa0c","stages":[{"name":"collect","get":114,"exists":202,"put":14,"returnedBodyBytes":171997,"stateReads":197,"receipts":30,"commits":14,"physicalBodyBytes":485558},{"name":"checkpointRead","get":13,"exists":12,"put":0,"returnedBodyBytes":18362,"stateReads":4,"receipts":1,"commits":0,"physicalBodyBytes":35757},{"name":"callsGet","get":41,"exists":96,"put":1,"returnedBodyBytes":84792,"stateReads":41,"receipts":10,"commits":5,"physicalBodyBytes":314778},{"name":"contextPrepare","get":70,"exists":50,"put":1,"returnedBodyBytes":188989,"stateReads":37,"receipts":7,"commits":0,"physicalBodyBytes":288275},{"name":"reopenAndPrepare","get":83,"exists":62,"put":1,"returnedBodyBytes":207351,"stateReads":41,"receipts":8,"commits":0,"physicalBodyBytes":324032}]}
✔ collection I/O sqlite documents-simple: 8 pages retain semantics across reads, copying and reopening (2083.002375ms)
ℹ {"adapter":"sqlite","family":"documents-simple","pages":8,"sourceCalls":8,"resultSignature":"c223661cc27ac8f18d90094013769634188fab210c6fa1531b423635c1ef5c84","stages":[{"name":"collect","get":318,"exists":590,"put":26,"returnedBodyBytes":470387,"stateReads":333,"receipts":46,"commits":22,"physicalBodyBytes":1357149},{"name":"checkpointRead","get":25,"exists":24,"put":0,"returnedBodyBytes":35235,"stateReads":4,"receipts":1,"commits":0,"physicalBodyBytes":69502},{"name":"callsGet","get":77,"exists":180,"put":1,"returnedBodyBytes":162709,"stateReads":41,"receipts":10,"commits":5,"physicalBodyBytes":606344},{"name":"contextPrepare","get":130,"exists":98,"put":1,"returnedBodyBytes":354351,"stateReads":37,"receipts":7,"commits":0,"physicalBodyBytes":548423},{"name":"reopenAndPrepare","get":155,"exists":122,"put":1,"returnedBodyBytes":389586,"stateReads":41,"receipts":8,"commits":0,"physicalBodyBytes":617925}]}
✔ collection I/O sqlite documents-simple: 16 pages retain semantics across reads, copying and reopening (4422.708ms)
ℹ {"adapter":"sqlite","family":"documents-simple","pages":16,"sourceCalls":16,"resultSignature":"ab9d2af3b8ec8ae6983b1b42f01fae55eaa9771ae3f0271537f2a91d7e4ef676","stages":[{"name":"collect","get":1014,"exists":1942,"put":50,"returnedBodyBytes":1473478,"stateReads":605,"receipts":78,"commits":38,"physicalBodyBytes":4319151},{"name":"checkpointRead","get":49,"exists":48,"put":0,"returnedBodyBytes":69080,"stateReads":4,"receipts":1,"commits":0,"physicalBodyBytes":137191},{"name":"callsGet","get":149,"exists":348,"put":1,"returnedBodyBytes":318994,"stateReads":41,"receipts":10,"commits":5,"physicalBodyBytes":1191167},{"name":"contextPrepare","get":250,"exists":194,"put":1,"returnedBodyBytes":686038,"stateReads":37,"receipts":7,"commits":0,"physicalBodyBytes":1070236},{"name":"reopenAndPrepare","get":299,"exists":242,"put":1,"returnedBodyBytes":755118,"stateReads":41,"receipts":8,"commits":0,"physicalBodyBytes":1207427}]}
✔ collection I/O sqlite observations-simple: 4 pages retain semantics across reads, copying and reopening (1268.544333ms)
ℹ {"adapter":"sqlite","family":"observations-simple","pages":4,"sourceCalls":4,"resultSignature":"a6a1b857443999b7a5f4b1945b1768f00b1f58af8a2d1b7fce08ea4816c57ae5","stages":[{"name":"collect","get":114,"exists":202,"put":14,"returnedBodyBytes":172551,"stateReads":197,"receipts":30,"commits":14,"physicalBodyBytes":487152},{"name":"checkpointRead","get":13,"exists":12,"put":0,"returnedBodyBytes":18412,"stateReads":4,"receipts":1,"commits":0,"physicalBodyBytes":35857},{"name":"callsGet","get":41,"exists":96,"put":1,"returnedBodyBytes":85070,"stateReads":41,"receipts":10,"commits":5,"physicalBodyBytes":315854},{"name":"contextPrepare","get":70,"exists":50,"put":1,"returnedBodyBytes":189654,"stateReads":37,"receipts":7,"commits":0,"physicalBodyBytes":289268},{"name":"reopenAndPrepare","get":83,"exists":62,"put":1,"returnedBodyBytes":208066,"stateReads":41,"receipts":8,"commits":0,"physicalBodyBytes":325125}]}
✔ collection I/O sqlite observations-simple: 8 pages retain semantics across reads, copying and reopening (1861.04325ms)
ℹ {"adapter":"sqlite","family":"observations-simple","pages":8,"sourceCalls":8,"resultSignature":"3e066d9f43cd916245766040a04be753e4d813303fafe0d6c5edfead4c0113c9","stages":[{"name":"collect","get":318,"exists":590,"put":26,"returnedBodyBytes":471661,"stateReads":333,"receipts":46,"commits":22,"physicalBodyBytes":1360871},{"name":"checkpointRead","get":25,"exists":24,"put":0,"returnedBodyBytes":35317,"stateReads":4,"receipts":1,"commits":0,"physicalBodyBytes":69666},{"name":"callsGet","get":77,"exists":180,"put":1,"returnedBodyBytes":163211,"stateReads":41,"receipts":10,"commits":5,"physicalBodyBytes":608316},{"name":"contextPrepare","get":130,"exists":98,"put":1,"returnedBodyBytes":355572,"stateReads":37,"receipts":7,"commits":0,"physicalBodyBytes":550228},{"name":"reopenAndPrepare","get":155,"exists":122,"put":1,"returnedBodyBytes":390889,"stateReads":41,"receipts":8,"commits":0,"physicalBodyBytes":619894}]}
✔ collection I/O sqlite observations-simple: 16 pages retain semantics across reads, copying and reopening (3697.739541ms)
ℹ {"adapter":"sqlite","family":"observations-simple","pages":16,"sourceCalls":16,"resultSignature":"efdaf769faccd802339a9b0a1fb7bb1c170d5d2cfcd84df6499f8eceb676f508","stages":[{"name":"collect","get":1014,"exists":1942,"put":50,"returnedBodyBytes":1476960,"stateReads":605,"receipts":78,"commits":38,"physicalBodyBytes":4329433},{"name":"checkpointRead","get":49,"exists":48,"put":0,"returnedBodyBytes":69226,"stateReads":4,"receipts":1,"commits":0,"physicalBodyBytes":137483},{"name":"callsGet","get":149,"exists":348,"put":1,"returnedBodyBytes":319944,"stateReads":41,"receipts":10,"commits":5,"physicalBodyBytes":1194931},{"name":"contextPrepare","get":250,"exists":194,"put":1,"returnedBodyBytes":688371,"stateReads":37,"receipts":7,"commits":0,"physicalBodyBytes":1073665},{"name":"reopenAndPrepare","get":299,"exists":242,"put":1,"returnedBodyBytes":757597,"stateReads":41,"receipts":8,"commits":0,"physicalBodyBytes":1211148}]}
✔ collection I/O file-journal documents-simple: 4 pages retain semantics across reads, copying and reopening (5506.89375ms)
ℹ {"adapter":"file-journal","family":"documents-simple","pages":4,"sourceCalls":4,"resultSignature":"ca3cbf4a810188e565397de9b01c666596d3bfd519841b869c91c2e4ca1eaa0c","stages":[{"name":"collect","get":114,"exists":202,"put":14,"returnedBodyBytes":171997,"stateReads":197,"receipts":30,"commits":14,"physicalBodyBytes":485558},{"name":"checkpointRead","get":13,"exists":12,"put":0,"returnedBodyBytes":18362,"stateReads":4,"receipts":1,"commits":0,"physicalBodyBytes":35757},{"name":"callsGet","get":41,"exists":96,"put":1,"returnedBodyBytes":84792,"stateReads":41,"receipts":10,"commits":5,"physicalBodyBytes":314778},{"name":"contextPrepare","get":70,"exists":50,"put":1,"returnedBodyBytes":188989,"stateReads":37,"receipts":7,"commits":0,"physicalBodyBytes":288275},{"name":"reopenAndPrepare","get":83,"exists":62,"put":1,"returnedBodyBytes":207351,"stateReads":41,"receipts":8,"commits":0,"physicalBodyBytes":324032}]}
✔ collection I/O file-journal documents-simple: 8 pages retain semantics across reads, copying and reopening (8905.180708ms)
ℹ {"adapter":"file-journal","family":"documents-simple","pages":8,"sourceCalls":8,"resultSignature":"c223661cc27ac8f18d90094013769634188fab210c6fa1531b423635c1ef5c84","stages":[{"name":"collect","get":318,"exists":590,"put":26,"returnedBodyBytes":470387,"stateReads":333,"receipts":46,"commits":22,"physicalBodyBytes":1357149},{"name":"checkpointRead","get":25,"exists":24,"put":0,"returnedBodyBytes":35235,"stateReads":4,"receipts":1,"commits":0,"physicalBodyBytes":69502},{"name":"callsGet","get":77,"exists":180,"put":1,"returnedBodyBytes":162709,"stateReads":41,"receipts":10,"commits":5,"physicalBodyBytes":606344},{"name":"contextPrepare","get":130,"exists":98,"put":1,"returnedBodyBytes":354351,"stateReads":37,"receipts":7,"commits":0,"physicalBodyBytes":548423},{"name":"reopenAndPrepare","get":155,"exists":122,"put":1,"returnedBodyBytes":389586,"stateReads":41,"receipts":8,"commits":0,"physicalBodyBytes":617925}]}
✔ collection I/O file-journal documents-simple: 16 pages retain semantics across reads, copying and reopening (15674.967209ms)
ℹ {"adapter":"file-journal","family":"documents-simple","pages":16,"sourceCalls":16,"resultSignature":"ab9d2af3b8ec8ae6983b1b42f01fae55eaa9771ae3f0271537f2a91d7e4ef676","stages":[{"name":"collect","get":1014,"exists":1942,"put":50,"returnedBodyBytes":1473478,"stateReads":605,"receipts":78,"commits":38,"physicalBodyBytes":4319151},{"name":"checkpointRead","get":49,"exists":48,"put":0,"returnedBodyBytes":69080,"stateReads":4,"receipts":1,"commits":0,"physicalBodyBytes":137191},{"name":"callsGet","get":149,"exists":348,"put":1,"returnedBodyBytes":318994,"stateReads":41,"receipts":10,"commits":5,"physicalBodyBytes":1191167},{"name":"contextPrepare","get":250,"exists":194,"put":1,"returnedBodyBytes":686038,"stateReads":37,"receipts":7,"commits":0,"physicalBodyBytes":1070236},{"name":"reopenAndPrepare","get":299,"exists":242,"put":1,"returnedBodyBytes":755118,"stateReads":41,"receipts":8,"commits":0,"physicalBodyBytes":1207427}]}
✔ collection I/O file-journal observations-simple: 4 pages retain semantics across reads, copying and reopening (6013.973708ms)
ℹ {"adapter":"file-journal","family":"observations-simple","pages":4,"sourceCalls":4,"resultSignature":"a6a1b857443999b7a5f4b1945b1768f00b1f58af8a2d1b7fce08ea4816c57ae5","stages":[{"name":"collect","get":114,"exists":202,"put":14,"returnedBodyBytes":172551,"stateReads":197,"receipts":30,"commits":14,"physicalBodyBytes":487152},{"name":"checkpointRead","get":13,"exists":12,"put":0,"returnedBodyBytes":18412,"stateReads":4,"receipts":1,"commits":0,"physicalBodyBytes":35857},{"name":"callsGet","get":41,"exists":96,"put":1,"returnedBodyBytes":85070,"stateReads":41,"receipts":10,"commits":5,"physicalBodyBytes":315854},{"name":"contextPrepare","get":70,"exists":50,"put":1,"returnedBodyBytes":189654,"stateReads":37,"receipts":7,"commits":0,"physicalBodyBytes":289268},{"name":"reopenAndPrepare","get":83,"exists":62,"put":1,"returnedBodyBytes":208066,"stateReads":41,"receipts":8,"commits":0,"physicalBodyBytes":325125}]}
✔ collection I/O file-journal observations-simple: 8 pages retain semantics across reads, copying and reopening (8870.988208ms)
ℹ {"adapter":"file-journal","family":"observations-simple","pages":8,"sourceCalls":8,"resultSignature":"3e066d9f43cd916245766040a04be753e4d813303fafe0d6c5edfead4c0113c9","stages":[{"name":"collect","get":318,"exists":590,"put":26,"returnedBodyBytes":471661,"stateReads":333,"receipts":46,"commits":22,"physicalBodyBytes":1360871},{"name":"checkpointRead","get":25,"exists":24,"put":0,"returnedBodyBytes":35317,"stateReads":4,"receipts":1,"commits":0,"physicalBodyBytes":69666},{"name":"callsGet","get":77,"exists":180,"put":1,"returnedBodyBytes":163211,"stateReads":41,"receipts":10,"commits":5,"physicalBodyBytes":608316},{"name":"contextPrepare","get":130,"exists":98,"put":1,"returnedBodyBytes":355572,"stateReads":37,"receipts":7,"commits":0,"physicalBodyBytes":550228},{"name":"reopenAndPrepare","get":155,"exists":122,"put":1,"returnedBodyBytes":390889,"stateReads":41,"receipts":8,"commits":0,"physicalBodyBytes":619894}]}
✔ collection I/O file-journal observations-simple: 16 pages retain semantics across reads, copying and reopening (8517.85075ms)
ℹ {"adapter":"file-journal","family":"observations-simple","pages":16,"sourceCalls":16,"resultSignature":"efdaf769faccd802339a9b0a1fb7bb1c170d5d2cfcd84df6499f8eceb676f508","stages":[{"name":"collect","get":1014,"exists":1942,"put":50,"returnedBodyBytes":1476960,"stateReads":605,"receipts":78,"commits":38,"physicalBodyBytes":4329433},{"name":"checkpointRead","get":49,"exists":48,"put":0,"returnedBodyBytes":69226,"stateReads":4,"receipts":1,"commits":0,"physicalBodyBytes":137483},{"name":"callsGet","get":149,"exists":348,"put":1,"returnedBodyBytes":319944,"stateReads":41,"receipts":10,"commits":5,"physicalBodyBytes":1194931},{"name":"contextPrepare","get":250,"exists":194,"put":1,"returnedBodyBytes":688371,"stateReads":37,"receipts":7,"commits":0,"physicalBodyBytes":1073665},{"name":"reopenAndPrepare","get":299,"exists":242,"put":1,"returnedBodyBytes":757597,"stateReads":41,"receipts":8,"commits":0,"physicalBodyBytes":1211148}]}
✔ read collection: bounded batch keeps original observations and input objects independent (4.850584ms)
✔ read collection: explicit retries request every unfinished key and advance only when the original page is complete (2.333125ms)
✔ read collection: extra cannot satisfy a trusted batch manifest (0.30525ms)
✔ read collection: missing cannot satisfy a trusted batch manifest (0.097042ms)
✔ read collection: wrong-digest cannot satisfy a trusted batch manifest (0.138375ms)
✔ read collection: duplicate-expected cannot satisfy a trusted batch manifest (0.1085ms)
✔ read collection: duplicate-item cannot satisfy a trusted batch manifest (0.094209ms)
✔ read collection: retry rejects successful-item instead of overwriting successful observations (0.512666ms)
✔ read collection: retry rejects missing-unfinished instead of overwriting successful observations (0.371083ms)
✔ read collection: retry rejects changed-digest instead of overwriting successful observations (0.372958ms)
✔ read collection: pending retry binds snapshot to its original source page (0.300375ms)
✔ read collection: pending retry binds cursor to its original source page (0.371583ms)
✔ read collection: pending retry binds nextCursor to its original source page (0.270833ms)
✔ read collection: pending retry binds totalItems to its original source page (0.246917ms)
✔ read collection: pending retry binds exhausted to its original source page (0.234083ms)
✔ read collection: pending retry binds requestId to its original source page (0.647708ms)
✔ read collection: an explicit retry cannot omit a key in the request or reuse the last request identity (0.246167ms)
✔ read collection: accepted request history survives replaced pending IDs and is checked on restore (0.438583ms)
✔ read collection: a nonretryable error preserves the pending observations but forbids resume (0.131417ms)
✔ read collection: retries consume the operation call limit without advancing page count (0.25325ms)
✔ read collection: declared totals count unique logical items and may become known on the final page (0.216917ms)
✔ read collection: a known total stays binding when a later response omits it (0.22525ms)
✔ read collection: repeated IDs cannot create another item even with a different digest (0.109917ms)
✔ read collection: cursor loops and snapshot changes are rejected across finalized pages (0.283958ms)
✔ read collection: empty pages may progress with new cursors and a complete empty collection is valid (0.147208ms)
✔ read collection: page, item and batch bounds stop further requests without truncation (0.210417ms)
✔ read collection: response and checkpoint limits use exact UTF-8 byte lengths (0.363584ms)
✔ read collection: each raw retry is byte-bounded while the merged logical page uses the checkpoint bound (0.390667ms)
✔ read collection: restored projection corruption is rejected before producing a request (0.213417ms)
✔ read collection: restored cursor-chain corruption is rejected before producing a request (0.143625ms)
✔ read collection: restored calls corruption is rejected before producing a request (0.1305ms)
✔ read collection: restored completed-pending corruption is rejected before producing a request (0.133125ms)
✔ read collection: restored manifest corruption is rejected before producing a request (0.188458ms)
✔ read collection: strict schemas reject false completion, fabricated not-run output and invalid budgets (0.559ms)
✔ read collection: usage overflow and dependency overflow fail without dropping earlier accounting or custody (1.581375ms)
✔ durable collections sqlite: a process crash after intent becomes an unknown call on explicit resume (801.976ms)
✔ durable collections sqlite: a batch retries only unfinished manifest items after reopening (815.500958ms)
✔ durable collections sqlite: source failures consume the persisted call budget across explicit retries (1192.833334ms)
✔ durable collections sqlite: a source that answers after cancellation cannot commit its late page (276.133042ms)
✔ durable collections sqlite: policy revocation while the source waits suppresses the response (246.055583ms)
✔ durable collections file-journal: a process crash after intent becomes an unknown call on explicit resume (3194.396417ms)
✔ durable collections file-journal: a batch retries only unfinished manifest items after reopening (3486.812666ms)
✔ durable collections file-journal: source failures consume the persisted call budget across explicit retries (5223.232375ms)
✔ durable collections file-journal: a source that answers after cancellation cannot commit its late page (1247.254417ms)
✔ durable collections file-journal: policy revocation while the source waits suppresses the response (826.483125ms)
✔ durable collections: query cannot resume a checkpoint under a changed contract (496.944083ms)
✔ durable collections: fresh cannot resume a checkpoint under a changed contract (332.989458ms)
✔ durable collections: same-task-id cannot resume a checkpoint under a changed contract (409.866625ms)
✔ durable collections: policy cannot resume a checkpoint under a changed contract (522.925458ms)
✔ durable collections: goal cannot resume a checkpoint under a changed contract (436.922334ms)
✔ durable collections: generation cannot resume a checkpoint under a changed contract (495.990292ms)
✔ durable collections sqlite documents-simple: complete pages advance automatically and survive reopening (720.876708ms)
✔ durable collections sqlite documents-simple: partial stops until a new task explicitly resumes after reopening (1196.041084ms)
✔ durable collections sqlite observations-simple: complete pages advance automatically and survive reopening (608.523625ms)
✔ durable collections sqlite observations-simple: partial stops until a new task explicitly resumes after reopening (964.343542ms)
✔ durable collections file-journal documents-simple: complete pages advance automatically and survive reopening (3453.094375ms)
✔ durable collections file-journal documents-simple: partial stops until a new task explicitly resumes after reopening (5395.800208ms)
✔ durable collections file-journal observations-simple: complete pages advance automatically and survive reopening (3632.050417ms)
✔ durable collections file-journal observations-simple: partial stops until a new task explicitly resumes after reopening (5015.636917ms)
✔ state-based packet retains counterevidence, obligations and original references without raw history or a state mutation (30.152375ms)
✔ old and forged packets cannot reverse a goal change, cancellation or budget (10.025833ms)
✔ separate SQLite/artifact instances reconstruct packets and regenerate missing or corrupt derived blobs (193.2645ms)
✔ missing original is reported by id and cannot be hidden by a valid prior packet (7.011458ms)
✔ reconstruction rechecks a goal change committed while the packet is being saved (5.9255ms)
✔ snapshot retries mixed state/event/outbox revisions and rejects broken event history (5.658417ms)
✔ untrusted packet dimensions, tool revision changes and a foreign work packet never authorize reuse (8.400833ms)
✔ resume requires the work owner and full runtime view; revoked history is never relabelled (4.5775ms)
✔ packet size limit refuses the whole projection without dropping obligations or writing a partial packet (3.787333ms)
✔ model context restores task attempts and budget but excludes model ledger and delivery bodies (6.189667ms)
✔ model context cannot relabel a revoked attempt result reference under the current policy (8.392958ms)
✔ model context refuses assessment references whose evidence metadata is no longer permitted (3.10875ms)
✔ sqlite: text originals use one verified body read and no cross-call availability cache (178.214333ms)
ℹ {"adapter":"sqlite","operation":"original","name":"original","elapsedMs":0.7984170000000006,"artifactApi":{"get":{"calls":1,"requestedBodyBytes":1733,"returnedBodyBytes":1733,"failures":0},"exists":{"calls":0,"referencedBodyBytes":0,"available":0,"unavailable":0},"put":{"calls":0,"inputBodyBytes":0,"returnedReferenceBodyBytes":0,"failures":0}},"stateApi":{"get":4,"receipt":0,"commit":0,"events":0,"recentEventMetadata":0,"deliveries":0,"workIdsForConversation":0,"conversationWorkPage":0,"runnable":0,"close":0},"physical":{"getCalls":1,"existsCalls":0,"putCalls":0,"metadataReadOperations":1,"metadataReadBytes":237,"bodyReadOperations":1,"bodyReadBytes":1733,"hashCalls":1,"hashBytes":1733,"fileWrites":0,"metadataWriteBytes":0,"bodyWriteBytes":0,"readFailures":0,"verificationFailures":0,"deniedReads":0,"writeFailures":0}}
✔ sqlite: one result materialization deduplicates repeated originals and preserves a final real verification (207.955083ms)
ℹ {"adapter":"sqlite","operation":"result","name":"result","elapsedMs":3.8978329999999914,"artifactApi":{"get":{"calls":2,"requestedBodyBytes":6315,"returnedBodyBytes":6315,"failures":0},"exists":{"calls":1,"referencedBodyBytes":1733,"available":1,"unavailable":0},"put":{"calls":0,"inputBodyBytes":0,"returnedReferenceBodyBytes":0,"failures":0}},"stateApi":{"get":10,"receipt":1,"commit":0,"events":0,"recentEventMetadata":0,"deliveries":0,"workIdsForConversation":0,"conversationWorkPage":0,"runnable":0,"close":0},"physical":{"getCalls":2,"existsCalls":1,"putCalls":0,"metadataReadOperations":3,"metadataReadBytes":717,"bodyReadOperations":3,"bodyReadBytes":8048,"hashCalls":3,"hashBytes":8048,"fileWrites":0,"metadataWriteBytes":0,"bodyWriteBytes":0,"readFailures":0,"verificationFailures":0,"deniedReads":0,"writeFailures":0}}
✔ sqlite: a two-copy chain decodes and reads each dispatch once per materialization (396.760834ms)
ℹ {"adapter":"sqlite","operation":"copy-chain","name":"copy-chain","elapsedMs":3.965249999999969,"artifactApi":{"get":{"calls":4,"requestedBodyBytes":16962,"returnedBodyBytes":16962,"failures":0},"exists":{"calls":1,"referencedBodyBytes":1733,"available":1,"unavailable":0},"put":{"calls":0,"inputBodyBytes":0,"returnedReferenceBodyBytes":0,"failures":0}},"stateApi":{"get":10,"receipt":3,"commit":0,"events":0,"recentEventMetadata":0,"deliveries":0,"workIdsForConversation":0,"conversationWorkPage":0,"runnable":0,"close":0},"physical":{"getCalls":4,"existsCalls":1,"putCalls":0,"metadataReadOperations":5,"metadataReadBytes":1203,"bodyReadOperations":5,"bodyReadBytes":18695,"hashCalls":5,"hashBytes":18695,"fileWrites":0,"metadataWriteBytes":0,"bodyWriteBytes":0,"readFailures":0,"verificationFailures":0,"deniedReads":0,"writeFailures":0}}
✔ sqlite: context uses verified copy materialization without rereading its dispatch pair (443.6585ms)
ℹ {"adapter":"sqlite","operation":"context","name":"context","elapsedMs":52.962790999999925,"artifactApi":{"get":{"calls":9,"requestedBodyBytes":70896,"returnedBodyBytes":70896,"failures":0},"exists":{"calls":6,"referencedBodyBytes":20428,"available":6,"unavailable":0},"put":{"calls":1,"inputBodyBytes":37961,"returnedReferenceBodyBytes":37961,"failures":0}},"stateApi":{"get":34,"receipt":6,"commit":0,"events":1,"recentEventMetadata":0,"deliveries":0,"workIdsForConversation":0,"conversationWorkPage":0,"runnable":0,"close":0},"physical":{"getCalls":9,"existsCalls":7,"putCalls":1,"metadataReadOperations":15,"metadataReadBytes":3616,"bodyReadOperations":15,"bodyReadBytes":91324,"hashCalls":17,"hashBytes":129436,"fileWrites":2,"metadataWriteBytes":244,"bodyWriteBytes":37961,"readFailures":1,"verificationFailures":1,"deniedReads":0,"writeFailures":0}}
✔ sqlite: adapter argument mutation and returned metadata cannot change private reference snapshots (329.202916ms)
✔ sqlite: cached original is rejected if deleted during a later state read (198.645417ms)
✔ sqlite: cached original is rejected if corrupted during a later state read (187.888041ms)
✔ sqlite: context rechecks metadata-reused originals after its staging await (342.133375ms)
✔ sqlite: context rechecks ordinary cached originals after staging without a calls.get copy (214.037416ms)
✔ sqlite: final cached-source check retains contract authority handling (232.851667ms)
✔ sqlite: final cached-source check retains policy authority handling (157.397708ms)
✔ sqlite: final cached-source check retains unrelated authority handling (208.215042ms)
✔ file-journal: text originals use one verified body read and no cross-call availability cache (792.176875ms)
ℹ {"adapter":"file-journal","operation":"original","name":"original","elapsedMs":41.4716669999998,"artifactApi":{"get":{"calls":1,"requestedBodyBytes":1733,"returnedBodyBytes":1733,"failures":0},"exists":{"calls":0,"referencedBodyBytes":0,"available":0,"unavailable":0},"put":{"calls":0,"inputBodyBytes":0,"returnedReferenceBodyBytes":0,"failures":0}},"stateApi":{"get":4,"receipt":0,"commit":0,"events":0,"recentEventMetadata":0,"deliveries":0,"workIdsForConversation":0,"conversationWorkPage":0,"runnable":0,"close":0},"physical":{"getCalls":1,"existsCalls":0,"putCalls":0,"metadataReadOperations":1,"metadataReadBytes":237,"bodyReadOperations":1,"bodyReadBytes":1733,"hashCalls":1,"hashBytes":1733,"fileWrites":0,"metadataWriteBytes":0,"bodyWriteBytes":0,"readFailures":0,"verificationFailures":0,"deniedReads":0,"writeFailures":0}}
✔ file-journal: one result materialization deduplicates repeated originals and preserves a final real verification (873.047917ms)
ℹ {"adapter":"file-journal","operation":"result","name":"result","elapsedMs":113.40124999999989,"artifactApi":{"get":{"calls":2,"requestedBodyBytes":6315,"returnedBodyBytes":6315,"failures":0},"exists":{"calls":1,"referencedBodyBytes":1733,"available":1,"unavailable":0},"put":{"calls":0,"inputBodyBytes":0,"returnedReferenceBodyBytes":0,"failures":0}},"stateApi":{"get":10,"receipt":1,"commit":0,"events":0,"recentEventMetadata":0,"deliveries":0,"workIdsForConversation":0,"conversationWorkPage":0,"runnable":0,"close":0},"physical":{"getCalls":2,"existsCalls":1,"putCalls":0,"metadataReadOperations":3,"metadataReadBytes":717,"bodyReadOperations":3,"bodyReadBytes":8048,"hashCalls":3,"hashBytes":8048,"fileWrites":0,"metadataWriteBytes":0,"bodyWriteBytes":0,"readFailures":0,"verificationFailures":0,"deniedReads":0,"writeFailures":0}}
✔ file-journal: a two-copy chain decodes and reads each dispatch once per materialization (1990.717125ms)
ℹ {"adapter":"file-journal","operation":"copy-chain","name":"copy-chain","elapsedMs":176.0590830000001,"artifactApi":{"get":{"calls":4,"requestedBodyBytes":16962,"returnedBodyBytes":16962,"failures":0},"exists":{"calls":1,"referencedBodyBytes":1733,"available":1,"unavailable":0},"put":{"calls":0,"inputBodyBytes":0,"returnedReferenceBodyBytes":0,"failures":0}},"stateApi":{"get":10,"receipt":3,"commit":0,"events":0,"recentEventMetadata":0,"deliveries":0,"workIdsForConversation":0,"conversationWorkPage":0,"runnable":0,"close":0},"physical":{"getCalls":4,"existsCalls":1,"putCalls":0,"metadataReadOperations":5,"metadataReadBytes":1203,"bodyReadOperations":5,"bodyReadBytes":18695,"hashCalls":5,"hashBytes":18695,"fileWrites":0,"metadataWriteBytes":0,"bodyWriteBytes":0,"readFailures":0,"verificationFailures":0,"deniedReads":0,"writeFailures":0}}
✔ file-journal: context uses verified copy materialization without rereading its dispatch pair (3153.609375ms)
ℹ {"adapter":"file-journal","operation":"context","name":"context","elapsedMs":623.4992089999996,"artifactApi":{"get":{"calls":9,"requestedBodyBytes":70896,"returnedBodyBytes":70896,"failures":0},"exists":{"calls":6,"referencedBodyBytes":20428,"available":6,"unavailable":0},"put":{"calls":1,"inputBodyBytes":37961,"returnedReferenceBodyBytes":37961,"failures":0}},"stateApi":{"get":34,"receipt":6,"commit":0,"events":1,"recentEventMetadata":0,"deliveries":0,"workIdsForConversation":0,"conversationWorkPage":0,"runnable":0,"close":0},"physical":{"getCalls":9,"existsCalls":7,"putCalls":1,"metadataReadOperations":15,"metadataReadBytes":3616,"bodyReadOperations":15,"bodyReadBytes":91324,"hashCalls":17,"hashBytes":129436,"fileWrites":2,"metadataWriteBytes":244,"bodyWriteBytes":37961,"readFailures":1,"verificationFailures":1,"deniedReads":0,"writeFailures":0}}
✔ file-journal: adapter argument mutation and returned metadata cannot change private reference snapshots (2184.469708ms)
✔ file-journal: cached original is rejected if deleted during a later state read (745.57025ms)
✔ file-journal: cached original is rejected if corrupted during a later state read (1056.300958ms)
✔ file-journal: context rechecks metadata-reused originals after its staging await (1867.837042ms)
✔ file-journal: context rechecks ordinary cached originals after staging without a calls.get copy (871.728875ms)
✔ file-journal: final cached-source check retains contract authority handling (693.815709ms)
✔ file-journal: final cached-source check retains policy authority handling (1009.400333ms)
✔ file-journal: final cached-source check retains unrelated authority handling (945.710458ms)
✔ resource progress: legacy and paged catalog cards share a stable preparation key independent of query and cursor metadata (4.254041ms)
✔ resource progress: exact schema loading earns a distinct credit and also records discovery so reverse-order searches add none (1.307708ms)
✔ resource progress: forged, mismatched or denied tool metadata and too-large responses do not earn preparation credit (0.862583ms)
✔ resource progress: guidance listing metadata does not reset progress and exact body loading subsumes the card (1.218166ms)
✔ resource progress: guidance body credit requires permitted manifest, matching indexed original and canonical selection identity (0.858875ms)
✔ resource progress: empty results, history/evidence reads and arbitrary new artifacts cannot fabricate preparation (0.223791ms)
✔ resource progress: replayed, reused and unadopted resource results cannot earn a new preparation key (0.296375ms)
✔ resource progress sqlite/documents-simple: default no-progress policy allows discovery, schemas and guidance before the real source (552.565ms)
✔ resource progress sqlite/observations-simple: default no-progress policy allows discovery, schemas and guidance before the real source (574.352583ms)
✔ resource progress sqlite: repeated identical catalog preparation stops after the first credit and three empty steps (523.343292ms)
✔ resource progress sqlite: repeated identical guidance preparation stops after the first credit and three empty steps (528.178041ms)
✔ resource progress sqlite: empty searches with different query and task IDs stop at the default limit (384.159792ms)
✔ resource progress file-journal/documents-simple: default no-progress policy allows discovery, schemas and guidance before the real source (2836.098ms)
✔ resource progress file-journal/observations-simple: default no-progress policy allows discovery, schemas and guidance before the real source (3200.183541ms)
✔ resource progress file-journal: repeated identical catalog preparation stops after the first credit and three empty steps (2850.375875ms)
✔ resource progress file-journal: repeated identical guidance preparation stops after the first credit and three empty steps (2909.291125ms)
✔ resource progress file-journal: empty searches with different query and task IDs stop at the default limit (2202.834083ms)
✔ catalog filters before ranking, bounds cards, separates providers and loads only an exact schema (22.692125ms)
✔ registration snapshots reject namespace/duplicates and cannot be mutated through adapters or catalog results (9.50325ms)
✔ documents-simple: discovery and selected guidance share the execution ledger without adding evidence or permissions (37.640291ms)
✔ observations-simple: discovery and selected guidance share the execution ledger without adding evidence or permissions (23.179458ms)
✔ simple direct lookup does not load optional guidance or run a hypothesis review (8.181542ms)
✔ method selection follows contradiction, independence and response needs without model calls (5.8795ms)
✔ guidance metadata/limits do not read bodies and wrong version, tenant or applicability are rejected (6.171125ms)
✔ evidence readers distinguish protected/missing, superseded and retracted records; limits preserve provenance (5.66675ms)
✔ call result lookup stays historical after retraction and does not restore it to current evidence (7.518708ms)
✔ broker rejects calls without a committed dispatch or with another owner before reaching a tool (5.552417ms)
✔ in-flight output is not downgraded to a less restricted artifact when labels are revoked (6.930083ms)
✔ revocation after result storage settles without reading protected bytes or repeatedly getting stuck (6.010041ms)
✔ stored guidance and invocation results can be read after SQLite/artifact/source restart without source execution (430.613625ms)
✔ guidance source rejects altered content, path escape and symlink replacement (64.827125ms)
✔ model-facing evidence and call readers use the common budget without reexecuting a source or completing a changed goal (16.066959ms)
✔ sqlite: one commit and reopen retain state, all ordered events, deliveries and historical receipts (100.229833ms)
✔ sqlite: duplicate and idempotency conflict precede revision conflict and preserve the first receipt (87.5335ms)
✔ sqlite: malformed commits leave all four collections unchanged, even on duplicate commands (79.995458ms)
✔ sqlite: caller mutations and mutable returned snapshots cannot rewrite persisted history (87.943625ms)
✔ sqlite: work, tenant, principal, channel and conversation identifiers remain separate (140.375792ms)
✔ sqlite: event cursors are exclusive and sequence numbers are local to each work (121.213042ms)
✔ sqlite: runnable respects exact deadline, obligation, tool and model recovery boundaries after reopen (349.839875ms)
✔ sqlite: two separate processes race on revision with exactly one atomic winning commit (140.853334ms)
✔ sqlite: two separate processes race on same-command with exactly one atomic winning commit (143.366916ms)
✔ sqlite: two separate processes race on different-digest with exactly one atomic winning commit (118.750667ms)
✔ sqlite: acknowledged commit survives SIGKILL without close and reopening replays its receipt without duplicate records (232.685917ms)
✔ file-journal: one commit and reopen retain state, all ordered events, deliveries and historical receipts (200.128458ms)
✔ file-journal: duplicate and idempotency conflict precede revision conflict and preserve the first receipt (311.871292ms)
✔ file-journal: malformed commits leave all four collections unchanged, even on duplicate commands (500.086125ms)
✔ file-journal: caller mutations and mutable returned snapshots cannot rewrite persisted history (237.894667ms)
✔ file-journal: work, tenant, principal, channel and conversation identifiers remain separate (824.851291ms)
✔ file-journal: event cursors are exclusive and sequence numbers are local to each work (298.829167ms)
✔ file-journal: runnable respects exact deadline, obligation, tool and model recovery boundaries after reopen (2742.936875ms)
✔ file-journal: two separate processes race on revision with exactly one atomic winning commit (288.03325ms)
✔ file-journal: two separate processes race on same-command with exactly one atomic winning commit (236.985292ms)
✔ file-journal: two separate processes race on different-digest with exactly one atomic winning commit (234.823333ms)
✔ file-journal: acknowledged commit survives SIGKILL without close and reopening replays its receipt without duplicate records (446.339333ms)
✔ sqlite: profile closes the opened state repository when channel initialization fails (96.378708ms)
✔ file-journal: profile closes the opened state repository when channel initialization fails (69.290542ms)
✔ sqlite/documents-simple: CLI persists backend choice across processes and prevents an accidental switch (1623.267875ms)
✔ sqlite/observations-simple: CLI persists backend choice across processes and prevents an accidental switch (1240.541208ms)
✔ file-journal/documents-simple: CLI persists backend choice across processes and prevents an accidental switch (4253.80075ms)
✔ file-journal/observations-simple: CLI persists backend choice across processes and prevents an accidental switch (3586.345792ms)
✔ legacy SQLite profile acquires metadata without losing its work or accepting a backend switch (503.381958ms)
✔ two processes choosing different backends create only one accepted profile (786.393958ms)
✔ invalid or linked profile metadata is rejected without opening a new backend (15.029042ms)
✔ memory: recent metadata is bounded at the requested revision and omits payloads without changing state (13.071ms)
✔ memory: pages progress once per matching work across Unicode IDs and isolate the complete binding scope (5.542083ms)
✔ memory: query limits, malformed cursors and empty repositories have a defined result (9.050125ms)
✔ sqlite: recent metadata is bounded at the requested revision and omits payloads without changing state (293.47525ms)
✔ sqlite: pages progress once per matching work across Unicode IDs and isolate the complete binding scope (314.31825ms)
✔ sqlite: query limits, malformed cursors and empty repositories have a defined result (42.993875ms)
✔ file-journal: recent metadata is bounded at the requested revision and omits payloads without changing state (640.019625ms)
✔ file-journal: pages progress once per matching work across Unicode IDs and isolate the complete binding scope (973.999667ms)
✔ file-journal: query limits, malformed cursors and empty repositories have a defined result (53.935042ms)
✔ journal: each page inspects only its directory budget and a foreign-only page still advances (659.925792ms)
✔ journal: cold, warm and external append distinguish body hashing from parsed and replayed records (534.182875ms)
✔ journal: a warm query rejects same-length after caching the complete history (185.677458ms)
✔ journal: a warm query rejects middle-delete after caching the complete history (216.935209ms)
✔ journal: a warm query rejects tail-delete after caching the complete history (178.362209ms)
✔ journal: a warm query rejects replacement after caching the complete history (206.817125ms)
✔ journal: a warm query rejects symlink after caching the complete history (212.450042ms)
✔ journal: a warm query rejects mode after caching the complete history (206.298625ms)
✔ journal: a warm query rejects header after caching the complete history (189.958583ms)
✔ journal: a warm read still fails when the directory durability fence fails (102.955958ms)
✔ journal: a normal pending-link cleanup during a warm read retries the entire record once (143.989875ms)
✔ journal: repeated record changes exhaust the bounded read retry and fail closed (67.801083ms)
✔ journal: cache accounting includes historical receipt snapshots and eviction releases record identities (155.041083ms)
✔ journal: a delayed older commit acknowledgement cannot lower a newer observed head with caching disabled (176.540583ms)
✔ sqlite: transactional migration backfills query indexes and an already open legacy writer keeps them current (156.209792ms)
✔ sqlite: migration failure rolls back schema and leaves the legacy records unchanged (100.821042ms)
✔ sqlite: reopening an intermediate v2 store rebuilds stale indexes and replaces old triggers transactionally (108.793333ms)
✔ sqlite: a failed index write rolls back canonical state, events, receipt and binding changes together (46.209333ms)
✔ sqlite: bounded query SQL selects metadata and IDs without loading event or work bodies (49.927125ms)
✔ one atomic commit stores state, events, outbox and idempotency receipt (52.847792ms)
✔ injected failure between state and event writes rolls back every record (89.669541ms)
✔ waiting state and wake obligation survive process termination after commit (216.875334ms)
✔ two independent processes cannot commit from the same stale revision (178.624042ms)
✔ structured planner accepts one strict JSON proposal and forwards identity, options and source-boundary instructions once (2.70025ms)
✔ configuration and request snapshots cannot be rewritten by caller or transport mutation (0.619083ms)
✔ input estimation includes the exact transport request and schema without invoking the transport or claiming measured usage (0.378875ms)
✔ input estimation uses the same policy and size gates as transport requests (0.6835ms)
✔ finish reasons remain distinct and never expose provider failure content or run hidden retries (0.547792ms)
✔ invalid JSON, schema, response fields and missing proposal fail without repair calls (0.957417ms)
✔ usage omission is unknown rather than zero; only independently valid safe integer fields survive invalid envelopes (1.099209ms)
✔ provider and model identity mismatch cannot masquerade as the configured adapter (0.215292ms)
✔ missing options, denied destinations and unauthorized tool schemas never reach the transport (0.404708ms)
✔ request and response limits use UTF-8 bytes and preserve valid usage on oversized responses (0.251875ms)
✔ transport exceptions become fixed errors with unknown usage and no implicit retry (0.154167ms)
✔ pre-call cancellation has no transport effect; late cancellation preserves returned usage without accepting a proposal (0.2425ms)
✔ abort-related transport rejection is cancellation with unmeasured usage (0.140166ms)
✔ invalid configurations fail with a fixed message before transport registration (0.118125ms)
✔ structured transport rejects incomplete observation pairs and reference bodies before invocation (2.185625ms)
✔ synthetic document inputs produce independently observed app facts and separate session/call usage (4.7875ms)
✔ every lease identity dimension is checked at input and a forged grant applies no input (1.057ms)
✔ stale observation identity and focus are rejected with zero input (1.181334ms)
✔ current target uniqueness, ref, role, name, visibility and enabled state gate the actual target (0.753375ms)
✔ an expired delayed input cannot reach a new owner and old release cannot release the new lease (0.551417ms)
✔ human handoff interrupts pending input, invalidates old views and remains owned after agent release (0.325041ms)
✔ cancellation and shared deadline are rechecked after a driver delay without injecting late input (0.395375ms)
✔ wait observes late readiness using virtual condition changes and a single remaining deadline (0.608125ms)
✔ applied-but-unknown save retains its effect and exact operation replay never saves twice (0.286458ms)
✔ concurrent identical operations join while timeout injection and hook failure apply zero input (0.308917ms)
✔ bounded partial observations never expose omitted targets for action or silently exceed bytes (0.145709ms)
✔ durable synthetic contents and input counts survive reconstruction while leases and observations do not (144.408791ms)
✔ authority is required after delay and host hook, and focus is rechecked after asynchronous authorization (0.79375ms)
✔ synthetic fill accepts the shared 8192-character limit and rejects an oversized value before input (0.46225ms)
✔ synthetic receipts: applied and explicitly not-applied records are durable before response and lookup changes no app bytes (95.079458ms)
✔ synthetic receipts: applied-unknown and negative receipts remain queryable by their original epoch after restart (113.393792ms)
✔ synthetic receipts: missing identities and changed action, target, view or focus never inherit another receipt (1.105583ms)
✔ synthetic receipts: another work cannot read an original receipt even with a valid current session grant (0.294875ms)
✔ synthetic receipts: denied or missing read authority, cancelled signals and expired grants disclose no receipt (0.888916ms)
✔ synthetic receipts: cancellation, expiry and owner replacement during read authorization are checked again (0.517667ms)
✔ synthetic receipts: a pending input lookup returns unknown without joining or executing the action (0.354708ms)
✔ synthetic receipts: legacy app contents migrate without inventing operation proofs from saved values or counts (38.859708ms)
✔ synthetic receipts: a full bounded ledger rejects new input, keeps old proofs and remains full after reopen (95.804458ms)
✔ synthetic receipts: a reopened full ledger cannot relabel an old applied command as not-applied (66.120125ms)
✔ synthetic receipts: hundreds of distinct refused operations keep diagnostics bounded and preserve the original proof (48.850958ms)
✔ synthetic receipts: pending operation memory caps authorization waits and retains the first response without duplicate input (123.40725ms)
✔ synthetic receipts: delayed concurrent operations cannot overfill a one-record ledger (55.540375ms)
✔ synthetic receipts: malformed, duplicate and oversized persisted receipt sets fail before replacing the file (113.132458ms)
✔ synthetic receipts: an older instance cannot overwrite the newer epoch or its existing receipt file (79.698042ms)
✔ synthetic receipts: mutable lookup inputs and returned receipts cannot change the pinned identity or cached proof (1.203958ms)
✔ synthetic computer storage: reopening prevents the stale owner from publishing its old app as a fresh observation (63.787459ms)
✔ synthetic computer storage: stale delayed search interrupts waiters without throwing or overwriting the reopened file (112.619375ms)
✔ synthetic computer storage: lost directory-sync acknowledgement preserves an applied receipt while blocking new inputs (75.948292ms)
✔ sqlite: broker rechecks source knowledge after a real reuse lookup misses (212.662875ms)
✔ sqlite: legacy attempt rejects a destination replacement during beforeInvoke (121.733708ms)
✔ sqlite: legacy attempt rejects a labels replacement during beforeInvoke (143.130791ms)
✔ sqlite: legacy attempt rejects a effect replacement during beforeInvoke (126.876959ms)
✔ sqlite: legacy attempt rejects a destination replacement during reuse (156.90025ms)
✔ sqlite: legacy attempt rejects a labels replacement during reuse (124.998833ms)
✔ sqlite: legacy attempt rejects a effect replacement during reuse (132.456166ms)
✔ sqlite: an unchanged legacy attempt invokes once after asynchronous guards and a reuse miss (116.939959ms)
✔ file-journal: broker rechecks source knowledge after a real reuse lookup misses (583.727333ms)
✔ file-journal: legacy attempt rejects a destination replacement during beforeInvoke (628.75325ms)
✔ file-journal: legacy attempt rejects a labels replacement during beforeInvoke (281.932833ms)
✔ file-journal: legacy attempt rejects a effect replacement during beforeInvoke (537.390625ms)
✔ file-journal: legacy attempt rejects a destination replacement during reuse (693.668792ms)
✔ file-journal: legacy attempt rejects a labels replacement during reuse (493.761ms)
✔ file-journal: legacy attempt rejects a effect replacement during reuse (451.21125ms)
✔ file-journal: an unchanged legacy attempt invokes once after asynchronous guards and a reuse miss (249.76275ms)
✔ provider pages become visible in one publication and keep unrelated providers (15.489125ms)
✔ only a complete empty provider listing retires that provider (5.008209ms)
✔ provider partial transport failure preserves the previously published snapshot (4.596042ms)
✔ provider mixed provider revisions preserves the previously published snapshot (3.021042ms)
✔ provider cross-page duplicate preserves the previously published snapshot (2.862083ms)
✔ provider pagination cycle preserves the previously published snapshot (2.793791ms)
✔ provider wrong provider namespace preserves the previously published snapshot (2.236292ms)
✔ provider invalid namespace definition preserves the previously published snapshot (2.782458ms)
✔ provider invalid JSON schema preserves the previously published snapshot (3.364ms)
✔ provider missing completeness cursor preserves the previously published snapshot (2.268167ms)
✔ provider undeclared partial flag preserves the previously published snapshot (2.631667ms)
✔ provider page bound preserves the previously published snapshot (2.158958ms)
✔ provider tool bound preserves the previously published snapshot (2.268334ms)
✔ provider definition byte bound preserves the previously published snapshot (1.937583ms)
✔ provider pre-cancellation makes no listing call (2.716667ms)
✔ provider abort ends an ignored-signal wait and late listing cannot publish (2.315625ms)
✔ provider abort during schema compilation still prevents publication (2.223667ms)
✔ concurrent same-provider refresh refuses an older listing after a newer publication (2.702167ms)
✔ concurrent unrelated provider refreshes both publish without reverting each other (2.1745ms)
✔ provider staging snapshots metadata and callbacks before awaiting another page (2.329ms)
✔ catalog cursor pages reach every permitted result after 20 without duplicate or missing cards (18.559ms)
✔ catalog cursor replay returns the same cards while allowing a smaller per-page item limit (10.14825ms)
✔ catalog cursor is bound to current query (6.518041ms)
✔ catalog cursor is bound to current tenant (6.528083ms)
✔ catalog cursor is bound to current principal (6.660958ms)
✔ catalog cursor is bound to current tools (5.702959ms)
✔ catalog cursor is bound to current labels (8.025ms)
✔ catalog cursor is bound to current destinations (5.749083ms)
✔ catalog cursor is bound to current writes (6.731167ms)
✔ catalog cursor rejects unpublished, stale, and restarted lookup state (10.856209ms)
✔ catalog cursor expires by injected clock and bounded index eviction requires a fresh search (6.818708ms)
✔ catalog applies permissions before rank, total page size, and hasMore (7.196375ms)
✔ catalog page budgets count Unicode and the entire response envelope (2.828917ms)
✔ catalog rejects invalid bounds and keeps punctuation-only search bounded and empty (4.682917ms)
✔ catalog reuses immutable definition digests across cursor pages and refreshes after registry replacement (9.452541ms)
✔ sqlite/documents-simple: durable reuse keeps evidence identity and charges source costs once after reopen (420.0305ms)
✔ sqlite/observations-simple: durable reuse keeps evidence identity and charges source costs once after reopen (422.690917ms)
✔ file-journal/documents-simple: durable reuse keeps evidence identity and charges source costs once after reopen (3407.668417ms)
✔ file-journal/observations-simple: durable reuse keeps evidence identity and charges source costs once after reopen (3842.682ms)
✔ sqlite: default deny and fresh request perform actual reads, unreported adapter costs stay unknown (446.644583ms)
✔ sqlite: TTL boundary makes a new read and adoption after expiry rejects an already-stored hit (386.561041ms)
✔ sqlite: a changed principal cannot reuse a result obtained under the old policy (255.878583ms)
✔ sqlite: contract changes before dispatch fail without invoking; unrelated registry changes keep a selected contract usable (196.765458ms)
✔ sqlite: a reuse clone cannot survive source custody removal in history, copies, or context (304.605ms)
✔ sqlite: original artifact is rechecked at the adoption commit boundary (215.236042ms)
✔ sqlite: a dispatched call without a received measurement remains unknown after reopen (81.7565ms)
✔ sqlite: unsent cancellation and legacy reservation expiry do not create unknown execution costs (76.194958ms)
✔ sqlite: emitted observation source contracts are checked even when that tool schema is not selected (254.044917ms)
✔ sqlite: registry removal while a context frame is staged prevents returning the prepared input (191.756208ms)
✔ file-journal: default deny and fresh request perform actual reads, unreported adapter costs stay unknown (2299.657625ms)
✔ file-journal: TTL boundary makes a new read and adoption after expiry rejects an already-stored hit (3047.364625ms)
✔ file-journal: a changed principal cannot reuse a result obtained under the old policy (1178.951542ms)
✔ file-journal: contract changes before dispatch fail without invoking; unrelated registry changes keep a selected contract usable (960.215833ms)
✔ file-journal: a reuse clone cannot survive source custody removal in history, copies, or context (1443.293333ms)
✔ file-journal: original artifact is rechecked at the adoption commit boundary (1303.2955ms)
✔ file-journal: a dispatched call without a received measurement remains unknown after reopen (241.854875ms)
✔ file-journal: unsent cancellation and legacy reservation expiry do not create unknown execution costs (287.122041ms)
✔ file-journal: emitted observation source contracts are checked even when that tool schema is not selected (1095.152708ms)
✔ file-journal: registry removal while a context frame is staged prevents returning the prepared input (285.468584ms)
✔ adapter-supplied reuse metadata cannot claim an invocation was avoided (130.29275ms)
✔ a write tool cannot declare reuse and changing freshness changes the immutable task digest (0.795708ms)
✔ tool reuse: trusted immutable defaults reuse across task IDs while preserving exact original evidence, timing and nullable usage (49.008666ms)
✔ tool reuse: untrusted-default always misses (13.239291ms)
✔ tool reuse: untrusted-request always misses (8.808291ms)
✔ tool reuse: fresh always misses (9.303541ms)
✔ tool reuse: TTL begins at original start, expires at the exact boundary, and is rechecked before adoption (11.26ms)
✔ tool reuse: retracted source evidence is never reused (10.793583ms)
✔ tool reuse: deleted source evidence is never reused (10.291417ms)
✔ tool reuse: restricted source evidence is never reused (10.459792ms)
✔ tool reuse: corrected source evidence is never reused (9.906542ms)
✔ tool reuse: superseded source evidence is never reused (11.358583ms)
✔ tool reuse: missing source evidence is never reused (9.8945ms)
✔ tool reuse: contract-stamp original attempt cannot establish a cache hit (6.761625ms)
✔ tool reuse: execution-proof original attempt cannot establish a cache hit (8.486666ms)
✔ tool reuse: reused original attempt cannot establish a cache hit (6.917334ms)
✔ tool reuse: not-invoked original attempt cannot establish a cache hit (6.254083ms)
✔ tool reuse: partial original attempt cannot establish a cache hit (6.603959ms)
✔ tool reuse: unknown original attempt cannot establish a cache hit (7.2155ms)
✔ tool reuse: unadopted original attempt cannot establish a cache hit (6.938083ms)
✔ tool reuse: future original attempt cannot establish a cache hit (7.189959ms)
✔ tool reuse: full goal context changes invalidate the old key (7.194792ms)
✔ tool reuse: full goal-revision context changes invalidate the old key (7.089417ms)
✔ tool reuse: full scope context changes invalidate the old key (6.686083ms)
✔ tool reuse: full owner context changes invalidate the old key (6.73825ms)
✔ tool reuse: full labels context changes invalidate the old key (9.505542ms)
✔ tool reuse: full permission context changes invalidate the old key (6.870541ms)
✔ tool reuse: changed immutable sourceVersion or schema under the same tool version invalidates pinned contracts (10.078375ms)
✔ tool reuse: a different canonical input under the same trusted definition is a cache miss (7.209792ms)
✔ tool reuse: parent retraction invalidates an unchanged derived evidence payload (8.77625ms)
✔ tool reuse: missing or damaged original bytes and oversized results are conservative misses (16.761791ms)
✔ tool reuse: a partial canonical result is not an original complete observation (8.865958ms)
✔ tool reuse: a cursor canonical result is not an original complete observation (9.325542ms)
✔ tool reuse: a reused canonical result is not an original complete observation (9.153875ms)
✔ tool reuse: a identity canonical result is not an original complete observation (7.920292ms)
✔ tool reuse: forged payloads, evidence timing, consumer identity, source stamps and accounting reports fail validation (12.370583ms)
✔ tool reuse: current source knowledge must validate and travels with the reused result (9.411875ms)
✔ tool reuse: source authority changes while canonical receipt lookup waits prevent a stale hit (8.18475ms)
✔ tool reuse: find-remove during the final state read invalidates the registry pin (8.340208ms)
✔ tool reuse: validate-source-version during the final state read invalidates the registry pin (8.169917ms)
✔ tool reuse: validate-labels during the final state read invalidates the registry pin (8.110292ms)
✔ tool result validation: proof requirement is part of the contract and missing callbacks reject registration atomically (13.200875ms)
✔ tool result validation: assigning new fields or callback on the original adapter cannot alter a registered proof (6.905792ms)
✔ tool result validation: provider callback receives detached state and result values (4.21425ms)
✔ tool result validation: same-version replacement while awaiting a proof invalidates the pending answer (3.214042ms)
✔ tool result validation: removal or unrelated provider refresh has the correct registration scope (5.347708ms)
✔ tool result validation: legacy tools retain optional validation and rejected or malformed proofs fail closed (12.628667ms)
✔ Web HTTP → stored workflow → restart is readonly (sqlite) (1045.027ms)
✔ Web HTTP → stored workflow → restart is readonly (file-journal) (6164.502709ms)
✔ web session is one-time, per-instance, HttpOnly; reload and static reads never execute (30.579334ms)
✔ web Host, Origin, Fetch Metadata, CSRF and strict JSON reject before controller entry (12.632792ms)
✔ web exact assets, methods and cursor options do not expose files or internal errors (14.346167ms)
✔ web session expiry during body blocks mutation entry, logout blocks late view payload (26.042834ms)
✔ web bootstrap expires and authenticated request rate has a finite window (327.88075ms)
✔ web SSE emits projection changes at same revision, reconnect is readonly, denial closes (3035.988208ms)
✔ web SSE session revocation, stream cap and lifetime release resources (37.186083ms)
✔ closed SSE keeps physical read slots until completion; reconnect cannot create unbounded reads (372.871083ms)
✔ web pending run permits independent cancel and disconnect does not call cancel (16.086084ms)
✔ browser view: same-revision source invalidation replaces a result without sorting opaque cursors (0.694791ms)
✔ browser view: unavailable invalidates pending details and unchanged cannot resurrect revoked content (0.130542ms)
✔ browser view: an accepted conversation refresh invalidates an older in-flight detail response (0.081167ms)
✔ browser view: work identity, level, revision and goal version cannot be mixed or reversed (0.084625ms)
✔ browser view: repeated message identities update in place while new goal versions have distinct identities (0.111083ms)
✔ browser view: snapshots clone data and invalidate other levels without mutating the previous view (0.08825ms)
✔ browser view: state and cursors remain isolated across two selected works (0.055875ms)
✔ browser view: history readers are not treated as pinned to the end of a scroll region (0.037125ms)
✔ browser reads: serialization starts the next request only after the prior read completes (0.142083ms)
✔ browser reads: unavailability discards already-queued old reads and a new selection has its own queue epoch (0.116167ms)
✔ browser reads: a failed read does not permanently block later explicit reads (0.193917ms)
✔ browser stream: unchanged events make no reads and a burst of changes has at most one follow-up read (0.16275ms)
✔ browser stream: an invalidated stream cannot start its queued follow-up refresh (0.822792ms)
✔ browser stream: delayed change notifications only read the current same-revision source state (0.101834ms)
✔ browser acceptance: a lost response keeps the same receipt identity for an explicit retry (0.088208ms)
✔ browser acceptance: the same receipt after a lost response produces one work in a receipt-based fake receiver (0.039875ms)
✔ browser status: stored completion is distinct from a currently invalidated result (0.032834ms)
✔ browser goal editing: changing only the description preserves the current fast mode over the original goal mode (0.097209ms)
✔ browser goal editing: a pending requested mode is preserved and its control revision is pinned (0.034959ms)
✔ browser goal editing: a control, goal or work change rejects submission without changing the input draft (0.101583ms)
✔ browser goal editing: an explicit refreshed basis retains user edits and adopts the latest requested mode (0.050209ms)
✔ progress runtime sqlite: renamed tasks share failure history and backoff survives workflow runs and reopening (379.404042ms)
✔ progress runtime sqlite: replanning cannot extend the first semantic request retry deadline (296.825875ms)
✔ progress runtime sqlite: successful empty results still stall and mode, compact, resume and reopening cannot erase that state (474.286625ms)
✔ progress runtime sqlite: a stored tool result settles atomically before allocation gates and verified completion still wins (226.262166ms)
✔ progress runtime sqlite: a stored model reply settles after reopening even when new allocations are blocked (211.970042ms)
✔ progress runtime sqlite: repeated invalid model proposals preserve one failure key and persist model backoff (660.950958ms)
✔ progress runtime sqlite: a new goal starts a new streak while preserving usage, processed history and failure deadlines (167.889792ms)
✔ progress runtime sqlite: an unknown synthetic write remains an obligation ahead of a no-progress allocation stop (253.619083ms)
✔ progress runtime file-journal: renamed tasks share failure history and backoff survives workflow runs and reopening (3442.133583ms)
✔ progress runtime file-journal: replanning cannot extend the first semantic request retry deadline (1984.098125ms)
✔ progress runtime file-journal: successful empty results still stall and mode, compact, resume and reopening cannot erase that state (3108.024625ms)
✔ progress runtime file-journal: a stored tool result settles atomically before allocation gates and verified completion still wins (1609.816083ms)
✔ progress runtime file-journal: a stored model reply settles after reopening even when new allocations are blocked (1101.954ms)
✔ progress runtime file-journal: repeated invalid model proposals preserve one failure key and persist model backoff (3314.188083ms)
✔ progress runtime file-journal: a new goal starts a new streak while preserving usage, processed history and failure deadlines (551.753375ms)
✔ progress runtime file-journal: an unknown synthetic write remains an obligation ahead of a no-progress allocation stop (836.023125ms)
✔ progress: a unique committed operation contributes once and returned state has no mutable aliases (0.781167ms)
✔ progress: permutations, repeated known keys and new operation IDs cannot fabricate productive steps (1.177458ms)
✔ progress: explicit goal epochs reset only the current streak and preserve deduplication and the original retry window (0.446833ms)
✔ progress: processed capacity saturates without evicting prior records or resetting on a new goal (0.16675ms)
✔ progress: knownKeys capacity saturates without evicting prior records or resetting on a new goal (0.088666ms)
✔ progress: repeated failures retain their first deadline and use the current backoff without extending the retry window (0.419875ms)
✔ progress: retry gate respects the work deadline and specific repeated-failure limits (0.305709ms)
✔ progress: policies remain pinned and invalid counters, times, keys or schema fields fail closed (0.491542ms)
✔ capture: a new negative observation is productive while aliases, timestamps and duplicate originals are not (2.555875ms)
✔ capture: changed facts, coverage and an authenticated original version can each carry new information (0.372291ms)
✔ capture: derived copies do not add progress or independent completion credit (0.242208ms)
✔ capture: tenant evidence cannot earn progress (0.158375ms)
✔ capture: scope evidence cannot earn progress (0.121ms)
✔ capture: labels evidence cannot earn progress (0.099375ms)
✔ capture: retracted evidence cannot earn progress (0.088792ms)
✔ capture: deleted evidence cannot earn progress (0.090542ms)
✔ capture: blocked-artifact evidence cannot earn progress (0.132417ms)
✔ capture: a hypothesis assessment is credited once per semantic evidence basis, not per hypothesis text or evidence ID (0.333334ms)
✔ capture: no evidence or a stale hypothesis assessment earns a fresh reasoning credit (0.135ms)
✔ capture: only satisfied obligations contribute and identity or explanation rewrites cannot repeat the credit (0.133667ms)
✔ capture: plan, task, revision, mode, usage and replay changes cannot reset a stalled work (0.129917ms)
✔ capture: trusted explicit item progress and returned state copies follow the same deduplication contract (0.075208ms)
✔ progress sqlite: reopen and duplicate commit preserve settlement counts and the first retry deadline (90.088916ms)
✔ progress file-journal: reopen and duplicate commit preserve settlement counts and the first retry deadline (186.849417ms)
✔ sqlite: page options cannot replace the trusted actor or conversation route (207.534667ms)
✔ sqlite: diagnostics uses metadata through the current revision and never requests full event payloads (288.788667ms)
✔ sqlite: a denied-only list page stops after one candidate page and continues after a detached anchor (1280.5465ms)
✔ sqlite: list cursor handles expire, stay instance scoped, and are evicted without resolving all IDs (161.318334ms)
✔ file-journal: page options cannot replace the trusted actor or conversation route (433.599417ms)
✔ file-journal: diagnostics uses metadata through the current revision and never requests full event payloads (629.97825ms)
✔ file-journal: a denied-only list page stops after one candidate page and continues after a detached anchor (15373.82775ms)
✔ file-journal: list cursor handles expire, stay instance scoped, and are evicted without resolving all IDs (105.2575ms)
✔ sqlite: public CLI cursor survives process reconnect without executing or changing the work (1851.846625ms)
✔ sqlite: public CLI binds reconnect to the registered conversation and keeps the primary reply route (2078.427625ms)
✔ sqlite: delivered results disappear from the current CLI view after a goal change and explicit cancel (1972.756ms)
✔ file-journal: public CLI cursor survives process reconnect without executing or changing the work (2728.243041ms)
✔ file-journal: public CLI binds reconnect to the registered conversation and keeps the primary reply route (3260.595916ms)
✔ file-journal: delivered results disappear from the current CLI view after a goal change and explicit cancel (3739.566083ms)
✔ public CLI rejects ambiguous view flags without printing a success response (484.725167ms)
✔ human work view labels prepared outputs and never turns unknown delivery into delivered or read (0.558917ms)
✔ human work view keeps stored completion separate from a currently invalid result (0.063666ms)
✔ human work view strips terminal controls and gives a bounded status reason without replaying diagnostics (0.088584ms)
✔ human work view makes observing another reply route explicit and keeps unchanged output quiet (0.386709ms)
✔ sqlite: empty accepted work reads and reopens without executing, writing, or sending (62.942959ms)
✔ sqlite: ownership, exact route, current read restriction, and diagnostics are distinct checks (74.784375ms)
✔ sqlite: legacy read labels also protect retained text (45.088375ms)
✔ sqlite: cursors bind level, route, actor rights, and work without moving the primary reply (68.630542ms)
✔ sqlite: verified prepared results remain distinct from pending and unknown delivery (164.267875ms)
✔ sqlite: missing source and corrupt response withhold a same-revision result before cursor matching (65.690833ms)
✔ sqlite: originals, goals, cancellation, and hypothesis review invalidate historical replies (90.195833ms)
✔ sqlite: only the current pending question is displayed and resolved questions disappear (73.911417ms)
✔ sqlite: losing a separate hypothesis basis withholds the result consistently at every view level (73.951208ms)
✔ sqlite: a derived evidence card requires every original ancestor to remain available (62.905958ms)
✔ sqlite: knowledge changes reject current and repeated reads without refreshing state (57.712459ms)
✔ sqlite: revocation during artifact reads or final state checks prevents unchanged and snapshots (87.18375ms)
✔ sqlite: a disappearing original during projection is revalidated before returning a cached cursor (58.648167ms)
✔ sqlite: detail and diagnostic cards are bounded and omit raw inputs, outputs, event payloads, and controls (107.976792ms)
✔ file-journal: empty accepted work reads and reopens without executing, writing, or sending (387.999125ms)
✔ file-journal: ownership, exact route, current read restriction, and diagnostics are distinct checks (436.924542ms)
✔ file-journal: legacy read labels also protect retained text (151.667416ms)
✔ file-journal: cursors bind level, route, actor rights, and work without moving the primary reply (558.226041ms)
✔ file-journal: verified prepared results remain distinct from pending and unknown delivery (2111.757666ms)
✔ file-journal: missing source and corrupt response withhold a same-revision result before cursor matching (483.363459ms)
✔ file-journal: originals, goals, cancellation, and hypothesis review invalidate historical replies (747.782333ms)
✔ file-journal: only the current pending question is displayed and resolved questions disappear (378.104208ms)
✔ file-journal: losing a separate hypothesis basis withholds the result consistently at every view level (863.901542ms)
✔ file-journal: a derived evidence card requires every original ancestor to remain available (474.829125ms)
✔ file-journal: knowledge changes reject current and repeated reads without refreshing state (347.000333ms)
✔ file-journal: revocation during artifact reads or final state checks prevents unchanged and snapshots (684.878458ms)
✔ file-journal: a disappearing original during projection is revalidated before returning a cached cursor (450.0575ms)
✔ file-journal: detail and diagnostic cards are bounded and omit raw inputs, outputs, event payloads, and controls (515.915916ms)
✔ sqlite/documents-simple: SIGKILL at before-execution resumes from reopened stores with 1 source call(s) and one result send (906.504084ms)
✔ sqlite/documents-simple: SIGKILL at response-before-store resumes from reopened stores with 2 source call(s) and one result send (1055.35025ms)
✔ sqlite/documents-simple: SIGKILL at response-stored resumes from reopened stores with 1 source call(s) and one result send (844.80975ms)
✔ sqlite/documents-simple: SIGKILL at receiver-committed resumes from reopened stores with 1 source call(s) and one result send (841.495083ms)
✔ sqlite/observations-simple: SIGKILL at before-execution resumes from reopened stores with 1 source call(s) and one result send (904.925709ms)
✔ sqlite/observations-simple: SIGKILL at response-before-store resumes from reopened stores with 2 source call(s) and one result send (956.766958ms)
✔ sqlite/observations-simple: SIGKILL at response-stored resumes from reopened stores with 1 source call(s) and one result send (943.908709ms)
✔ sqlite/observations-simple: SIGKILL at receiver-committed resumes from reopened stores with 1 source call(s) and one result send (928.6755ms)
✔ sqlite: SIGKILL after a synthetic write effect but before response storage preserves unknown and never repeats the write or claims completion (709.094208ms)
✔ file-journal/documents-simple: SIGKILL at before-execution resumes from reopened stores with 1 source call(s) and one result send (3626.391166ms)
✔ file-journal/documents-simple: SIGKILL at response-before-store resumes from reopened stores with 2 source call(s) and one result send (3127.516083ms)
✔ file-journal/documents-simple: SIGKILL at response-stored resumes from reopened stores with 1 source call(s) and one result send (1548.990584ms)
✔ file-journal/documents-simple: SIGKILL at receiver-committed resumes from reopened stores with 1 source call(s) and one result send (1190.418208ms)
✔ file-journal/observations-simple: SIGKILL at before-execution resumes from reopened stores with 1 source call(s) and one result send (1021.724042ms)
✔ file-journal/observations-simple: SIGKILL at response-before-store resumes from reopened stores with 2 source call(s) and one result send (968.259625ms)
✔ file-journal/observations-simple: SIGKILL at response-stored resumes from reopened stores with 1 source call(s) and one result send (929.844459ms)
✔ file-journal/observations-simple: SIGKILL at receiver-committed resumes from reopened stores with 1 source call(s) and one result send (997.26525ms)
✔ file-journal: SIGKILL after a synthetic write effect but before response storage preserves unknown and never repeats the write or claims completion (923.470459ms)
✔ documents-simple: restarted workflow adopts a stored model response and reaches delivered completion without another planner call (59.435083ms)
✔ observations-simple: restarted workflow adopts a stored model response and reaches delivered completion without another planner call (21.627125ms)
✔ an unknown result delivery causes bounded waiting and only one receipt lookup on the next explicit run (17.315959ms)
✔ a workflow without a planner returns a planning requirement and does not create an inferred plan (6.471333ms)
✔ workflow entry requires the full persisted execution policy rather than a narrower read-only view (5.154417ms)
✔ user cancellation between workflow steps preserves terminal state and cancels an unsent model reservation (8.190791ms)
✔ scoped actors cannot enter execution even when their current limits equal the work policy (3.512959ms)
✔ final checkpoint cannot report old completion when a goal change arrives during checkpoint storage (16.297333ms)
✔ workspace: missing or denying memory validators block file operations before workspace I/O (183.37675ms)
✔ workspace: stage rechecks memory custody after its asynchronous I/O (194.426209ms)
✔ workspace: read rechecks memory custody after its asynchronous I/O (206.117084ms)
✔ workspace: checkpoint rechecks memory custody after its asynchronous I/O (202.674459ms)
✔ workspace: restore rechecks memory custody after its asynchronous I/O (123.132083ms)
✔ workspace: cleanup rechecks memory custody after its asynchronous I/O (203.742584ms)
✔ workspace: sqlite checkpoint and byte-for-byte restore survive new state, artifact and workspace instances (374.447792ms)
✔ workspace: file-journal checkpoint and byte-for-byte restore survive new state, artifact and workspace instances (905.770583ms)
✔ workspace: identical paths are isolated by both work and attempt and ownership is checked before file access (263.689208ms)
✔ workspace: traversal, absolute, ambiguous and platform-specific paths cannot be staged (61.187ms)
✔ workspace: repeated identical staging is idempotent and different content cannot overwrite it (133.632042ms)
✔ workspace: caller mutations after starting stage cannot change the bytes being staged (76.033792ms)
✔ workspace: two processes cannot overwrite the same staged path with different bytes (163.251541ms)
✔ workspace: artifact saved during a state change remains uncommitted and cannot replace the authoritative revision (131.688709ms)
✔ workspace: narrower actor grants never replace the stored work policy during checkpoint commit (121.835166ms)
✔ workspace: policy change during file read prevents returning previously read bytes (89.977667ms)
✔ workspace: generation change during file read prevents returning previously read bytes (88.146959ms)
✔ workspace: policy change during staging prevents a successful stale response and preserves the local file (68.888333ms)
✔ workspace: generation change during staging prevents a successful stale response and preserves the local file (85.9715ms)
✔ workspace: generation changes block even source-free checkpoints and preserve their staged files (167.651875ms)
✔ workspace: restricted is checked when restoring a checkpoint even without a generation change (177.133167ms)
✔ workspace: deleted is checked when restoring a checkpoint even without a generation change (196.996042ms)
✔ workspace: labels is checked when restoring a checkpoint even without a generation change (188.055083ms)
✔ workspace: artifact is checked when restoring a checkpoint even without a generation change (165.019208ms)
✔ workspace: lifecycle changes during artifact restore prevent files from being staged (187.111625ms)
✔ workspace: cleanup preserves files while active (135.15375ms)
✔ workspace: cleanup preserves files while unknown (127.630167ms)
✔ workspace: cleanup preserves files while obligation (132.875458ms)
✔ workspace: cleanup preserves files while uncheckpointed (107.890167ms)
✔ workspace: a file staged after cleanup inspection causes manifest conflict and remains preserved (199.476459ms)
✔ workspace: missing checkpoint content prevents cleanup of the surviving staged file (139.650542ms)
✔ workspace: a remaining lock is never stolen by staging or cleanup (111.626958ms)
✔ workspace: symlink files and replaced roots are rejected instead of reading or overwriting them (68.280917ms)
✔ workspace: content corruption and configured byte or file capacity limits fail without silent truncation (139.740833ms)
ℹ tests 1853
ℹ suites 0
ℹ pass 1853
ℹ fail 0
ℹ cancelled 0
ℹ skipped 0
ℹ todo 0
ℹ duration_ms 207453.42025

> long-horizon-runtime@0.1.0 typecheck:core
> tsc -p tsconfig.core.json


> long-horizon-runtime@0.1.0 check:architecture
> node scripts/check-architecture.mjs

{"inspected":97,"failures":[]}

> long-horizon-runtime@0.1.0 fixtures
> node dist/presentation/fixtures.js

{
  "createdAt": "2026-09-06T01:18:47.358Z",
  "node": "v24.20.0",
  "evaluation": "deterministic_contract_baseline",
  "passed": true,
  "scenarios": 4,
  "checkpoints": 22,
  "elapsedMs": 10.408541999999997,
  "actualModelCalls": 0,
  "actualToolCalls": 0,
  "actualTokenUsage": null,
  "results": [
    {
      "id": "documents-complex",
      "checks": 9,
      "passed": true
    },
    {
      "id": "documents-simple",
      "checks": 3,
      "passed": true
    },
    {
      "id": "observations-complex",
      "checks": 7,
      "passed": true
    },
    {
      "id": "observations-simple",
      "checks": 3,
      "passed": true
    }
  ]
}
