
> long-horizon-runtime@0.1.0 verify
> npm test && npm run typecheck:core && npm run check:architecture && npm run fixtures


> long-horizon-runtime@0.1.0 test
> npm run build && node --test dist/tests/*.test.js


> long-horizon-runtime@0.1.0 build
> tsc -p tsconfig.json && node scripts/record-build.mjs

✔ artifact I/O: metrics snapshots are independent and reset does not modify stored artifacts (36.382416ms)
✔ artifact I/O: first put counts its missing existence probe, exact UTF-8 hashes, and two atomic file writes (45.829ms)
✔ artifact I/O: duplicate put verifies the existing body and performs no file writes (58.780625ms)
✔ artifact I/O: put repairs a corrupt existing object after counting the failed verification (103.322459ms)
✔ artifact I/O: get and exists each perform independent metadata, body, and integrity work under concurrent reads (56.491416ms)
✔ artifact I/O: tenant and label denials count API calls without opening or hashing files (60.469208ms)
✔ artifact I/O: missing json counts failed opens without claiming unread body bytes (45.152458ms)
✔ artifact I/O: missing blob counts failed opens without claiming unread body bytes (56.394958ms)
✔ artifact I/O: invalid metadata is a verification failure after a successful metadata read (70.776083ms)
✔ artifact I/O: a metadata reference mismatch stops before body read or hashing (56.7215ms)
✔ artifact I/O: same-size tampering hashes the read body (60.528125ms)
✔ artifact I/O: length mismatch preserves the existing hash short circuit (77.905917ms)
✔ artifact I/O: a body symlink remains unreadable and contributes no target bytes (79.325625ms)
✔ content, metadata and permissions survive artifact store restart (63.766208ms)
✔ same bytes under different tenant/labels never share an accessible reference (143.9925ms)
✔ corrupt bytes, missing originals, path traversal and symlink substitution are rejected (84.604291ms)
✔ artifact stored before failed state commit is reused after reopening, without dangling references (118.360041ms)
✔ execution intent and unadopted result persist independently of evidence acceptance (163.538875ms)
✔ budget crash sqlite: SIGKILL after durable child-genesis resumes one grant without Tool or Planner entry (641.157625ms)
✔ budget crash sqlite: SIGKILL after durable parent-grant resumes one grant without Tool or Planner entry (677.754041ms)
✔ budget crash sqlite: SIGKILL after durable child-activation resumes one grant without Tool or Planner entry (559.898958ms)
✔ budget crash sqlite: SIGKILL after parent-draining retains consumed usage and cancels unsent tool once (1271.429166ms)
✔ budget crash sqlite: SIGKILL after child-fence retains consumed usage and cancels unsent tool once (1151.275583ms)
✔ budget crash sqlite: SIGKILL after parent-settlement retains consumed usage and cancels unsent tool once (1199.920958ms)
✔ budget crash sqlite: SIGKILL after parent-draining retains consumed usage and cancels unsent model once (1252.88875ms)
✔ budget crash sqlite: SIGKILL after child-fence retains consumed usage and cancels unsent model once (1203.901041ms)
✔ budget crash sqlite: SIGKILL after parent-settlement retains consumed usage and cancels unsent model once (1235.076208ms)
✔ budget crash file-journal: SIGKILL after durable child-genesis resumes one grant without Tool or Planner entry (1212.520167ms)
✔ budget crash file-journal: SIGKILL after durable parent-grant resumes one grant without Tool or Planner entry (1592.051542ms)
✔ budget crash file-journal: SIGKILL after durable child-activation resumes one grant without Tool or Planner entry (1234.991375ms)
✔ budget crash file-journal: SIGKILL after parent-draining retains consumed usage and cancels unsent tool once (5846.159667ms)
✔ budget crash file-journal: SIGKILL after child-fence retains consumed usage and cancels unsent tool once (4814.900084ms)
✔ budget crash file-journal: SIGKILL after parent-settlement retains consumed usage and cancels unsent tool once (5225.556584ms)
✔ budget crash file-journal: SIGKILL after parent-draining retains consumed usage and cancels unsent model once (5829.904209ms)
✔ budget crash file-journal: SIGKILL after child-fence retains consumed usage and cancels unsent model once (5175.013417ms)
✔ budget crash file-journal: SIGKILL after parent-settlement retains consumed usage and cancels unsent model once (5615.314292ms)
✔ budget runtime sqlite: child execution settles once across duplicate creation, reconciliation and reopen without copying evidence (288.145416ms)
✔ budget runtime sqlite: parent remaining calls execute while escrow prevents parent and sibling over-allocation (307.935542ms)
✔ budget runtime sqlite: concurrent sibling grants cannot oversubscribe one parent's remaining budget (157.055708ms)
✔ budget runtime sqlite: a child's last logical tool call is consumed by an actual dispatch and cannot be minted by a new task ID (292.524125ms)
✔ budget runtime sqlite: actual model dispatch and reported tokens remain charged when its plan is rejected (361.905667ms)
✔ budget runtime sqlite: a child token cap below the estimated reservation prevents durable model allocation and transport (154.514625ms)
✔ budget runtime sqlite: revoking an unsent tool reservation fences the child and returns only unused escrow (207.980208ms)
✔ budget runtime sqlite: revoking an unsent model reservation fences the child and returns only unused escrow (287.594875ms)
✔ budget runtime sqlite: revoke retains an active model's unknown usage, then late accounting settles once without adopting its plan (558.67725ms)
✔ budget runtime sqlite: unknown write effects keep the grant outstanding after revoke and restart (400.578875ms)
✔ budget runtime sqlite: reported model overage is charged to the parent without clamping and prevents further funding (482.929583ms)
✔ budget runtime sqlite: reducing limits preserves committed charges and child deadlines while blocking new grants (375.085375ms)
✔ budget runtime sqlite: pending genesis cannot execute before funding (290.057834ms)
✔ budget runtime sqlite: pending genesis cannot execute before funding and parent cancellation wins activation (144.788875ms)
✔ budget runtime sqlite: child funding rejects broader authority, altered duplicate commands and work ID reattachment (127.946334ms)
✔ budget runtime sqlite: grant commit ACK loss resumes the same grant and child without another allocation (195.893708ms)
✔ budget runtime sqlite: activation commit ACK loss resumes the same grant and child without another allocation (229.3015ms)
✔ budget runtime sqlite: revocation during child activation installs a fence that the stale activation cannot overwrite (224.775125ms)
✔ budget runtime sqlite: revoke after tool dispatch and before entry prevents transport while keeping the logical dispatch charge (325.841292ms)
✔ budget runtime sqlite: revoke after model dispatch and before entry prevents transport while keeping the logical dispatch charge (513.071417ms)
✔ budget runtime sqlite: actual replan adoption spends the child's delegated replan allowance once (604.144375ms)
✔ budget runtime sqlite: nested child execution reconciles through both grants without double charging or copying originals (478.316666ms)
✔ budget runtime sqlite: an unfunded pending child cannot turn resume or a new goal into execution authority (194.103917ms)
✔ budget runtime sqlite: a parent goal change fences a child's previously reserved tool before entry (183.732875ms)
✔ budget runtime sqlite: a parent policy change fences a child's previously reserved tool before entry (272.947291ms)
✔ budget runtime sqlite: a parent deadline change fences a child's previously reserved tool before entry (131.151667ms)
✔ budget runtime sqlite: a partially reported model response retains known tokens and unknown reservation after revoke and reopen (484.77475ms)
✔ budget runtime sqlite: sibling overage received during a tool dispatch ACK delay prevents its actual entry despite stale parent accounting (685.012167ms)
✔ budget runtime sqlite: sibling overage received during a model dispatch ACK delay prevents its actual entry despite stale parent accounting (698.00925ms)
✔ budget runtime file-journal: child execution settles once across duplicate creation, reconciliation and reopen without copying evidence (2959.205666ms)
✔ budget runtime file-journal: parent remaining calls execute while escrow prevents parent and sibling over-allocation (2566.687417ms)
✔ budget runtime file-journal: concurrent sibling grants cannot oversubscribe one parent's remaining budget (816.852667ms)
✔ budget runtime file-journal: a child's last logical tool call is consumed by an actual dispatch and cannot be minted by a new task ID (3219.852541ms)
✔ budget runtime file-journal: actual model dispatch and reported tokens remain charged when its plan is rejected (1588.199542ms)
✔ budget runtime file-journal: a child token cap below the estimated reservation prevents durable model allocation and transport (700.760625ms)
✔ budget runtime file-journal: revoking an unsent tool reservation fences the child and returns only unused escrow (1441.905ms)
✔ budget runtime file-journal: revoking an unsent model reservation fences the child and returns only unused escrow (1589.056458ms)
✔ budget runtime file-journal: revoke retains an active model's unknown usage, then late accounting settles once without adopting its plan (2281.587333ms)
✔ budget runtime file-journal: unknown write effects keep the grant outstanding after revoke and restart (2433.3935ms)
✔ budget runtime file-journal: reported model overage is charged to the parent without clamping and prevents further funding (2357.764917ms)
✔ budget runtime file-journal: reducing limits preserves committed charges and child deadlines while blocking new grants (2886.931583ms)
✔ budget runtime file-journal: pending genesis cannot execute before funding (1805.065875ms)
✔ budget runtime file-journal: pending genesis cannot execute before funding and parent cancellation wins activation (358.429208ms)
✔ budget runtime file-journal: child funding rejects broader authority, altered duplicate commands and work ID reattachment (414.916292ms)
✔ budget runtime file-journal: grant commit ACK loss resumes the same grant and child without another allocation (730.941ms)
✔ budget runtime file-journal: activation commit ACK loss resumes the same grant and child without another allocation (443.281958ms)
✔ budget runtime file-journal: revocation during child activation installs a fence that the stale activation cannot overwrite (871.015667ms)
✔ budget runtime file-journal: revoke after tool dispatch and before entry prevents transport while keeping the logical dispatch charge (2367.442667ms)
✔ budget runtime file-journal: revoke after model dispatch and before entry prevents transport while keeping the logical dispatch charge (2160.179542ms)
✔ budget runtime file-journal: actual replan adoption spends the child's delegated replan allowance once (4715.112042ms)
✔ budget runtime file-journal: nested child execution reconciles through both grants without double charging or copying originals (4463.079375ms)
✔ budget runtime file-journal: an unfunded pending child cannot turn resume or a new goal into execution authority (559.723916ms)
✔ budget runtime file-journal: a parent goal change fences a child's previously reserved tool before entry (1601.879042ms)
✔ budget runtime file-journal: a parent policy change fences a child's previously reserved tool before entry (1705.020583ms)
✔ budget runtime file-journal: a parent deadline change fences a child's previously reserved tool before entry (1461.731958ms)
✔ budget runtime file-journal: a partially reported model response retains known tokens and unknown reservation after revoke and reopen (2491.120375ms)
✔ budget runtime file-journal: sibling overage received during a tool dispatch ACK delay prevents its actual entry despite stale parent accounting (4569.831833ms)
✔ budget runtime file-journal: sibling overage received during a model dispatch ACK delay prevents its actual entry despite stale parent accounting (3873.329459ms)
✔ budget exposure: own usage and reservations add each dimension without charging elapsed time or unknown counts as tokens (1.329625ms)
✔ budget exposure: active and draining escrow count once even when the same child usage has already been observed (7.4195ms)
✔ budget exposure: usage above allocation and outstanding reservations remain visible in independent dimensions (0.111584ms)
✔ budget exposure: settling replaces escrow with accounted plus reserved amounts and repeated reads cannot refund twice (0.102ms)
✔ budget exposure: unknown and partially reported model usage keeps reserved tokens even on a settled summary (7.412917ms)
✔ budget exposure: a lower parent limit preserves actual costs and reports each excess without negative remaining values (0.432875ms)
✔ budget exposure: separate grants sum but duplicate IDs and duplicate child funding records are rejected (1.349875ms)
✔ budget exposure: zero-funded grants remain explicit and cannot hide a later reported expense (0.105459ms)
✔ budget exposure: max-safe totals are exact and overflow in local, grant, aggregate or combined arithmetic fails closed (0.3755ms)
✔ budget exposure: fractional, negative, nonfinite, unsafe and missing values never become zero (0.676ms)
✔ budget exposure: grant schema keeps authority identity strict and requires a state revision for observed or settled accounting (0.456958ms)
✔ budget exposure: parent links preserve pending, active and draining as different stored phases without conferring allocation authority (3.5065ms)
✔ budget exposure: empty and absent grant lists are equivalent while malformed and over-cap lists are rejected (92.778958ms)
✔ budget exposure: projections and strict schema copies share no mutable vectors with the ledger (0.135125ms)
✔ CLI resumes across processes, keeps conversation/work identities and separates disconnect, pause and cancel (4531.656084ms)
✔ CLI human output is reception plus result, with no internal events or ANSI: documents-simple (1107.250375ms)
✔ CLI human output is reception plus result, with no internal events or ANSI: observations-simple (1140.326667ms)
✔ CLI goal changes require an explicit revision and failures have no success JSON on stdout (1225.767958ms)
✔ CLI checkpoint is a derived reference and an old resume file does not reverse a paused work (2753.988917ms)
✔ computer context sqlite: five compactions and restart preserve running input metadata (780.873666ms)
✔ computer context sqlite: five compactions and restart preserve unknown input metadata (694.271083ms)
✔ computer context file-journal: five compactions and restart preserve running input metadata (3411.181334ms)
✔ computer context file-journal: five compactions and restart preserve unknown input metadata (3368.96625ms)
✔ computer context sqlite: deleted head blocks compaction, source fence and restore (330.21275ms)
✔ computer context sqlite: modified head blocks compaction, source fence and restore (333.407667ms)
✔ computer context file-journal: deleted head blocks compaction, source fence and restore (1041.203083ms)
✔ computer context file-journal: modified head blocks compaction, source fence and restore (970.894917ms)
✔ computer context sqlite: mandatory input metadata cannot be evicted, altered or reassigned to a later goal (304.860333ms)
✔ computer context file-journal: mandatory input metadata cannot be evicted, altered or reassigned to a later goal (1110.918458ms)
✔ computer context sqlite: head loss during model_context staging is checked before return (271.023791ms)
✔ computer context sqlite: head loss during runtime_resume staging is checked before return (316.650708ms)
✔ computer context file-journal: head loss during model_context staging is checked before return (896.625042ms)
✔ computer context file-journal: head loss during runtime_resume staging is checked before return (812.309375ms)
✔ computer context sqlite: current knowledge, source lifecycle and read permissions still fence metadata (291.126417ms)
✔ computer context file-journal: current knowledge, source lifecycle and read permissions still fence metadata (1005.744375ms)
✔ computer contracts: tool inputs cannot select a driver address, add hidden actions or exceed a short batch (85.264083ms)
✔ computer contracts: malformed observations cannot acquire trustworthy refs or silently omit their usage (5.81ms)
✔ computer contracts: a name match is insufficient when another hidden target shares that name (0.212542ms)
✔ computer contracts: a truncated view cannot prove a unique target or element condition (0.187458ms)
✔ computer contracts: byte limits count UTF-8 bytes and successful validation detaches the source (0.264ms)
✔ computer contracts: observations cannot move backwards or switch sessions behind the same task (0.21725ms)
✔ computer contracts: conditions require explicit own values and never use prototype facts or coercion (0.40925ms)
✔ computer contracts: intent, application and observation verification cannot be collapsed into complete (2.272666ms)
✔ sqlite: a failed observation artifact write retains the driver's measured call (208.098334ms)
✔ sqlite: intent persistence failure proves no driver entry and keeps the failed step diagnostic (653.1565ms)
✔ sqlite: cancellation before driver entry settles no-input and proof revoked=false fences adoption (807.705833ms)
✔ sqlite: cancellation before driver entry settles no-input and proof revoked=true fences adoption (818.013291ms)
✔ sqlite: a failure cannot downgrade the committed unknown effect or measured usage prefix (1097.782958ms)
✔ sqlite: removing the proof provider at the receive commit fence cannot accept a no-effect result (696.352125ms)
✔ sqlite: provider removal between no-effect validation and adoption cannot skip the captured proof fence (775.608167ms)
✔ sqlite: completion must match the checkpoint and only explicitly confirmed facts become evidence (1211.838542ms)
✔ sqlite: losing the checkpoint original between receive and adopt prevents completion (1037.795166ms)
✔ sqlite: losing the observation original between receive and adopt prevents completion (1121.948916ms)
✔ sqlite: diagnostic reads recheck retained knowledge before and after original IO (1159.891125ms)
✔ file-journal: a failed observation artifact write retains the driver's measured call (776.810625ms)
✔ file-journal: intent persistence failure proves no driver entry and keeps the failed step diagnostic (2834.59775ms)
✔ file-journal: cancellation before driver entry settles no-input and proof revoked=false fences adoption (3011.974583ms)
✔ file-journal: cancellation before driver entry settles no-input and proof revoked=true fences adoption (2922.429959ms)
✔ file-journal: a failure cannot downgrade the committed unknown effect or measured usage prefix (3094.520875ms)
✔ file-journal: removing the proof provider at the receive commit fence cannot accept a no-effect result (2644.979292ms)
✔ file-journal: provider removal between no-effect validation and adoption cannot skip the captured proof fence (2603.935875ms)
✔ file-journal: completion must match the checkpoint and only explicitly confirmed facts become evidence (4030.967666ms)
✔ file-journal: losing the checkpoint original between receive and adopt prevents completion (4038.300583ms)
✔ file-journal: losing the observation original between receive and adopt prevents completion (3641.627209ms)
✔ file-journal: diagnostic reads recheck retained knowledge before and after original IO (3904.537958ms)
✔ sqlite: SIGKILL after Save leaves committed intent unknown across recovery, goal change and cancellation without replay (1246.895042ms)
✔ sqlite: SIGKILL after received result permits one adoption and rejects an old-epoch observation for a new input (1662.164833ms)
✔ file-journal: SIGKILL after Save leaves committed intent unknown across recovery, goal change and cancellation without replay (4763.121333ms)
✔ file-journal: SIGKILL after received result permits one adoption and rejects an old-epoch observation for a new input (5930.736167ms)
✔ sqlite: registered computer tools observe, apply, prove and adopt a completed synthetic note (1294.547625ms)
✔ sqlite: rerendered or restarted observations stop before the first input (982.043208ms)
✔ sqlite: a copied observation from another work remains foreign even when its artifact bytes are present (639.781916ms)
✔ sqlite: ambiguous and partial observations cannot select a target for the batch (1279.818833ms)
✔ sqlite: step two not-applied preserves the confirmed first input without claiming batch completion (1060.798583ms)
✔ sqlite: applied-unknown save creates a reconciliation block and neither execute replay nor replanning adds an input (1097.993708ms)
✔ sqlite: goal, policy and cancellation changes across an awaited response prevent the next input (2048.140833ms)
✔ sqlite: late readiness is observed through bounded waits before subsequent note inputs (1451.576959ms)
✔ sqlite: another runtime revoking writes during the driver's own input delay prevents every input (585.910208ms)
✔ sqlite: false or too-late conditions consume one deadline and cannot reset time or continue to Save (1629.849917ms)
✔ sqlite: stored successful result can be read and adopted after reopening without replaying app input (1116.95875ms)
✔ sqlite: strict action contracts reject injected script fields while document text has no command authority (1029.096959ms)
✔ file-journal: registered computer tools observe, apply, prove and adopt a completed synthetic note (4471.778333ms)
✔ file-journal: rerendered or restarted observations stop before the first input (3377.325125ms)
✔ file-journal: a copied observation from another work remains foreign even when its artifact bytes are present (2156.47925ms)
✔ file-journal: ambiguous and partial observations cannot select a target for the batch (4891.219584ms)
✔ file-journal: step two not-applied preserves the confirmed first input without claiming batch completion (4079.005041ms)
✔ file-journal: applied-unknown save creates a reconciliation block and neither execute replay nor replanning adds an input (3606.587916ms)
✔ file-journal: goal, policy and cancellation changes across an awaited response prevent the next input (8781.967041ms)
✔ file-journal: late readiness is observed through bounded waits before subsequent note inputs (5592.102417ms)
✔ file-journal: another runtime revoking writes during the driver's own input delay prevents every input (2605.007292ms)
✔ file-journal: false or too-late conditions consume one deadline and cannot reset time or continue to Save (6774.455625ms)
✔ file-journal: stored successful result can be read and adopted after reopening without replaying app input (4511.350834ms)
✔ file-journal: strict action contracts reject injected script fields while document text has no command authority (4217.914708ms)
✔ context compiler sqlite/documents-complex: five published working sets retain counterevidence and rediscover an early original (2210.299834ms)
✔ context compiler sqlite/observations-complex: five published working sets retain counterevidence and rediscover an early original (2094.62075ms)
✔ context compiler file-journal/documents-complex: five published working sets retain counterevidence and rediscover an early original (10388.155458ms)
✔ context compiler file-journal/observations-complex: five published working sets retain counterevidence and rediscover an early original (9437.127708ms)
✔ context compiler sqlite: five compactions preserve canonical unknown effect and timed response obligations (571.268291ms)
✔ context compiler file-journal: five compactions preserve canonical unknown effect and timed response obligations (2293.851167ms)
✔ context compiler sqlite: selected schemas reduce the actual structured transport request and preserve precise byte accounting (199.04975ms)
ℹ {"backend":"sqlite","baselinePacketBytes":4700,"baselineToolBytes":516593,"packetBytes":2471,"toolBytes":33733,"envelopeBytes":36282,"requestBytes":41004,"selectedToolCount":13,"catalogTotal":81}
✔ context compiler file-journal: selected schemas reduce the actual structured transport request and preserve precise byte accounting (303.541833ms)
ℹ {"backend":"file-journal","baselinePacketBytes":4700,"baselineToolBytes":516593,"packetBytes":2471,"toolBytes":33733,"envelopeBytes":36282,"requestBytes":41004,"selectedToolCount":13,"catalogTotal":81}
✔ context compiler sqlite: an oversized mandatory goal fails before candidate storage or transport (136.003166ms)
✔ context compiler file-journal: an oversized mandatory goal fails before candidate storage or transport (223.87825ms)
✔ context copy: a canonical two-level invocation copy cannot restore guidance body after its catalog version is replaced (88.777125ms)
✔ context copy: two nested call results stop exposing a tool body when original tool permission is revoked (35.379875ms)
✔ context dispatch sqlite: persisted reservation does not send removed registration (373.387042ms)
✔ context dispatch sqlite: persisted reservation does not send replacement version (287.29075ms)
✔ context dispatch sqlite: persisted reservation does not send changed input schema under the same ID and version (354.788083ms)
✔ context dispatch sqlite: persisted reservation does not send changed allowed labels under the same ID and version (404.335042ms)
✔ context dispatch sqlite: persisted reservation does not send changed allowed destination under the same ID and version (327.895625ms)
✔ context dispatch file-journal: persisted reservation does not send removed registration (1122.238167ms)
✔ context dispatch file-journal: persisted reservation does not send replacement version (1063.332292ms)
✔ context dispatch file-journal: persisted reservation does not send changed input schema under the same ID and version (1064.784375ms)
✔ context dispatch file-journal: persisted reservation does not send changed allowed labels under the same ID and version (1022.168125ms)
✔ context dispatch file-journal: persisted reservation does not send changed allowed destination under the same ID and version (1038.591208ms)
✔ context dispatch sqlite: persisted guidance required-rules change is checked before transport (533.853ms)
✔ context dispatch sqlite: persisted guidance version change is checked before transport (558.077083ms)
✔ context dispatch file-journal: persisted guidance required-rules change is checked before transport (1678.114333ms)
✔ context dispatch file-journal: persisted guidance version change is checked before transport (1888.741417ms)
✔ context dispatch sqlite: unchanged tool and trusted guidance contracts resume the stored request once (523.308166ms)
✔ context dispatch file-journal: unchanged tool and trusted guidance contracts resume the stored request once (1871.706375ms)
✔ context guidance: trusted required rules, exact version and hash survive published body eviction (60.233792ms)
✔ context guidance: a manifest without required rules keeps the full original and fails a smaller input budget (22.556167ms)
✔ context guidance: result-provided rules cannot replace an absent trusted manifest rule set (10.252833ms)
✔ context guidance: current label revocation prevents a previously published original from reappearing (17.1725ms)
✔ context guidance: a missing original cannot be recovered from its copied tool result or prior frame (14.509583ms)
✔ context guidance: replacing the catalog version does not expose the superseded loaded body (16.551042ms)
✔ context guidance: replacing trusted bytes under the same version rejects the old manifest and body (8.166ms)
✔ context guidance: a stored result with a mismatched attemptId is rejected (8.230583ms)
✔ context guidance: a stored result with a mismatched resultId is rejected (8.224291ms)
✔ context guidance: the actual dispatch receipt must match the adopted attempt task digest (9.480542ms)
✔ sqlite/model_call_reserved: publishing requires the derived blob, later loss permits commits and regeneration while original loss blocks both (339.681709ms)
✔ sqlite/context_compacted: publishing requires the derived blob, later loss permits commits and regeneration while original loss blocks both (283.329583ms)
✔ sqlite: publishing detects a context head reference conflict before committing (166.019875ms)
✔ sqlite: a blocked context candidate cannot be newly published even when its bytes remain (160.704667ms)
✔ sqlite/retract: lifecycle retires the context head and access removal also blocks its retained artifact (197.810667ms)
✔ sqlite/correct: lifecycle retires the context head and access removal also blocks its retained artifact (178.185334ms)
✔ sqlite/restrict: lifecycle retires the context head and access removal also blocks its retained artifact (222.139666ms)
✔ sqlite/delete: lifecycle retires the context head and access removal also blocks its retained artifact (234.491042ms)
✔ sqlite/dependency_changed: lifecycle retires the context head and access removal also blocks its retained artifact (196.423834ms)
✔ file-journal/model_call_reserved: publishing requires the derived blob, later loss permits commits and regeneration while original loss blocks both (611.838458ms)
✔ file-journal/context_compacted: publishing requires the derived blob, later loss permits commits and regeneration while original loss blocks both (637.942625ms)
✔ file-journal: publishing detects a context head reference conflict before committing (201.006958ms)
✔ file-journal: a blocked context candidate cannot be newly published even when its bytes remain (210.519083ms)
✔ file-journal/retract: lifecycle retires the context head and access removal also blocks its retained artifact (379.975708ms)
✔ file-journal/correct: lifecycle retires the context head and access removal also blocks its retained artifact (399.841833ms)
✔ file-journal/restrict: lifecycle retires the context head and access removal also blocks its retained artifact (386.142042ms)
✔ file-journal/delete: lifecycle retires the context head and access removal also blocks its retained artifact (355.835ms)
✔ file-journal/dependency_changed: lifecycle retires the context head and access removal also blocks its retained artifact (359.1455ms)
✔ sqlite: source deletion during the context head exists check prevents reservation and head publication (560.259667ms)
✔ sqlite: source deletion inside repository commit retires the published head and cancels the model reservation before returning (538.601333ms)
✔ sqlite: losing the prior frame does not turn an old catalog request into a conflict with the current task version (516.365375ms)
✔ file-journal: source deletion during the context head exists check prevents reservation and head publication (5826.851375ms)
✔ file-journal: source deletion inside repository commit retires the published head and cancels the model reservation before returning (5819.060458ms)
✔ file-journal: losing the prior frame does not turn an old catalog request into a conflict with the current task version (1875.067625ms)
✔ required full and reference information survives optional content pressure (3.5325ms)
✔ a full value cheaper than its required reference satisfies the minimum without overflow (0.497166ms)
✔ a required reference cap rejects contradictory bounds and never substitutes a cheaper full payload (0.446791ms)
✔ optional reference caps consume only reference bytes and remain omitted when that representation does not fit (0.211958ms)
✔ a reference cap overrides full residency and new use without counting references as full reloads (0.798541ms)
✔ high and low watermarks retain compact mode until the lower boundary is crossed (0.189417ms)
✔ mere inclusion is not actual use and an idle full value does not automatically reload (0.304ms)
✔ a new actual use marker refreshes usage and reloads the same digest once (0.2085ms)
✔ minimum residency delays idle eviction for two cycles while the hard budget still wins (0.170792ms)
✔ five changing working sets preserve old counterevidence, pending and unknown references (1.209584ms)
✔ removed authority and changed digests cannot be revived by resident or use history (0.472208ms)
✔ decisions are stable by minimum, priority, real use, recency, residence and key (0.265334ms)
✔ recently evicted content waits through cooldown unless actual use or a minimum requires it (0.116792ms)
✔ memo storage is bounded and prioritizes selected residents without changing decisions (0.588375ms)
✔ inputs and previous memo stay immutable and byte sums match selected representations (0.123875ms)
✔ duplicate keys, malformed items, invalid budgets and inconsistent memo are rejected (1.062875ms)
✔ context store stages an immutable frame without publishing it and reads the installed basis N from revision N+1 (85.683667ms)
✔ context store sqlite: derived frame and installed head survive separate reopened instances (136.377375ms)
✔ context store file-journal: derived frame and installed head survive separate reopened instances (372.226709ms)
✔ context store regenerates a missing derived frame without editing the authoritative head (71.831375ms)
✔ context store regenerates a corrupt derived frame without editing the authoritative head (61.868167ms)
✔ context store regenerates a invalid-json derived frame without editing the authoritative head (105.051917ms)
✔ context store regenerates a invalid-schema derived frame without editing the authoritative head (123.802875ms)
✔ context store excludes a foreign-work previous head or frame (116.983916ms)
✔ context store excludes a foreign-tenant previous head or frame (41.720292ms)
✔ context store excludes a cycle previous head or frame (68.271125ms)
✔ context store excludes a basis previous head or frame (69.495667ms)
✔ context store excludes a unpublished previous head or frame (50.87675ms)
✔ context store excludes a policy previous head or frame (47.188583ms)
✔ context store excludes a goal previous head or frame (53.405917ms)
✔ context store excludes a generation previous head or frame (56.592417ms)
✔ context store excludes a blocked previous head or frame (49.908541ms)
✔ context store excludes a underlabelled previous head or frame (103.861292ms)
✔ context store checks stale frame basis and forbidden packet policy before writing any candidate (5.967958ms)
✔ context store previous rejects goal changes during artifact I/O (77.640375ms)
✔ context store previous rejects policy changes during artifact I/O (54.351458ms)
✔ context store previous rejects generation changes during artifact I/O (56.714541ms)
✔ context store previous rejects source changes during artifact I/O (58.14175ms)
✔ context store put rejects goal changes during artifact I/O (65.876583ms)
✔ context store put rejects policy changes during artifact I/O (58.724334ms)
✔ context store put rejects generation changes during artifact I/O (66.995708ms)
✔ context store put rejects source changes during artifact I/O (49.788542ms)
✔ context store readback rejects goal changes during artifact I/O (51.155333ms)
✔ context store readback rejects policy changes during artifact I/O (70.018917ms)
✔ context store readback rejects generation changes during artifact I/O (70.934292ms)
✔ context store readback rejects source changes during artifact I/O (68.037334ms)
✔ context store never turns state or source failure during a missing-frame read into successful regeneration (72.090708ms)
✔ context store refuses unavailable knowledge even when there is no previous head (7.752583ms)
✔ context store leaves the previous head intact when candidate storage fails (75.737208ms)
✔ context store rejects a relabelled put receipt or altered readback bytes and never publishes a head (78.31725ms)
✔ context store applies byte limits before writing or loading a derived frame (81.495958ms)
✔ canonical state has explicit nulls, bounded revisions and no provider/SQL objects (2.504875ms)
✔ goal validation cannot silently drop unknown authorization fields or empty completion rules (0.156875ms)
✔ partial result is distinct from complete result and API errors are not evidence of absence (0.537416ms)
✔ plan and context explicitly bind state and goal revisions (0.538708ms)
✔ invalid provider content is not included in validation error text (0.113625ms)
✔ a late counterexample prevents a previously delivered answer from being displayed as the current result (660.406167ms)
✔ a public snapshot retries a goal change during artifact verification (576.732208ms)
✔ conversation view keeps message selection and public status on the same revision (626.748542ms)
✔ cancelled work displays its status rather than its historical delivered result (558.121208ms)
✔ request acceptance is atomic, duplicate input is stable and each conversation can bind several works (19.078666ms)
✔ failed acceptance commit creates neither a work nor a reception acknowledgment (85.494792ms)
✔ analysis, response preparation, delivery and completion are distinct; retransmission never collects evidence again (23.438292ms)
✔ analysis-only completion does not pretend that its result was prepared or delivered (8.711ms)
✔ pending questions are grouped once and resolving a question cannot waive required result delivery (5.864084ms)
✔ independent dispatchers claim once and receipt reconciliation after restart does not send again (53.710541ms)
✔ ambiguous delivery with no idempotency stays unknown, including repeated and timed-out lookup (12.284583ms)
✔ idempotent absent receipt permits only a bounded later retry and permanent failure stays visible (4.509458ms)
✔ goal before delivery prevents an obsolete or unauthorized result from being sent (7.324417ms)
✔ cancel before delivery prevents an obsolete or unauthorized result from being sent (7.039417ms)
✔ labels before delivery prevents an obsolete or unauthorized result from being sent (6.560417ms)
✔ destination before delivery prevents an obsolete or unauthorized result from being sent (5.755291ms)
✔ pause preserves pending delivery and resume can complete it without another source call (7.282166ms)
✔ late confirmed delivery is historical and cannot satisfy a revised goal (7.04125ms)
✔ an uncertain old-goal delivery retains its uncertainty when superseded by a new goal (6.391917ms)
✔ SIGKILL between channel commit and outbox settlement recovers from two reopened databases without another send (302.438459ms)
✔ a never-dispatched response can be prepared after permission restoration, and large questions retain their full artifact (15.545542ms)
✔ sqlite/documents-simple: delete blocks derived copies and pending result; restart preserves tombstone and cancellation works after bytes are absent (574.133083ms)
✔ sqlite/observations-simple: delete blocks derived copies and pending result; restart preserves tombstone and cancellation works after bytes are absent (460.23ms)
✔ file-journal/documents-simple: delete blocks derived copies and pending result; restart preserves tombstone and cancellation works after bytes are absent (1986.027167ms)
✔ file-journal/observations-simple: delete blocks derived copies and pending result; restart preserves tombstone and cancellation works after bytes are absent (1721.943791ms)
✔ sqlite: lifecycle ownership, concurrent generation and command identity are enforced (249.945292ms)
✔ sqlite: a question prepared before access removal is superseded without sending its text (286.002084ms)
✔ sqlite: data removal preserves an already dispatched write as an unresolved effect (209.77675ms)
✔ sqlite: tool reply is revalidated after lifecycle change during artifact storage (284.940666ms)
✔ sqlite: model reply is revalidated after lifecycle change during artifact storage (342.762833ms)
✔ sqlite: validity retraction allows labelled historical inspection and correction uses a new immutable evidence ID (263.22425ms)
✔ sqlite: a stored core.calls.get copy cannot expose deleted source content (386.536ms)
✔ sqlite: evidence read rechecks a lifecycle change during artifact I/O (209.157416ms)
✔ sqlite: original read rechecks a lifecycle change during artifact I/O (205.866708ms)
✔ sqlite: result read rechecks a lifecycle change during artifact I/O (224.565292ms)
✔ sqlite: old dispatched tool reply after deletion is stored only as a sanitized failure (287.2585ms)
✔ sqlite: late model reply after deletion retains measured usage without retaining forbidden proposal text (389.949625ms)
✔ file-journal: lifecycle ownership, concurrent generation and command identity are enforced (938.914917ms)
✔ file-journal: a question prepared before access removal is superseded without sending its text (1470.800375ms)
✔ file-journal: data removal preserves an already dispatched write as an unresolved effect (921.066625ms)
✔ file-journal: tool reply is revalidated after lifecycle change during artifact storage (1060.911875ms)
✔ file-journal: model reply is revalidated after lifecycle change during artifact storage (1143.991583ms)
✔ file-journal: validity retraction allows labelled historical inspection and correction uses a new immutable evidence ID (1115.965375ms)
✔ file-journal: a stored core.calls.get copy cannot expose deleted source content (2040.98525ms)
✔ file-journal: evidence read rechecks a lifecycle change during artifact I/O (882.61925ms)
✔ file-journal: original read rechecks a lifecycle change during artifact I/O (749.992917ms)
✔ file-journal: result read rechecks a lifecycle change during artifact I/O (821.759667ms)
✔ file-journal: old dispatched tool reply after deletion is stored only as a sanitized failure (732.827709ms)
✔ file-journal: late model reply after deletion retains measured usage without retaining forbidden proposal text (1069.482375ms)
✔ sqlite: restricted work reaches neither external estimator nor model even without an evidence body (77.188083ms)
✔ sqlite: authorized internal model retains the floor through a forced compact and stored request (108.952916ms)
✔ sqlite: disclosure revoked during source assembly stops the estimator before it receives prose (123.614584ms)
✔ sqlite: revoked model disclosure cancels a stored request before adapter entry (79.27525ms)
✔ sqlite: disclosure revoked during stored model input read stops the final transport (76.76625ms)
✔ sqlite: tool access labels cannot authorize restricted task inputs to an external tool (89.800375ms)
✔ sqlite: read permission narrowing does not relabel old task prose as public (97.012042ms)
✔ sqlite: authorized internal tool receives one invocation after current disclosure check (115.872959ms)
✔ sqlite: changed disclosure during asynchronous tool preflight stops adapter entry (100.13475ms)
✔ sqlite: denied channel cannot receive even a queued acknowledgement from restricted work (93.276041ms)
✔ sqlite: disclosure revocation preserves unknown delivery and prevents full-body lookup (147.211333ms)
✔ sqlite: still-authorized unknown delivery uses lookup without resending (117.13675ms)
✔ sqlite: policy changed during artifact check stops an unknown question lookup (172.317208ms)
✔ sqlite: child budget cannot omit or expand parent disclosure policy (68.574334ms)
✔ sqlite: child read-scope narrowing inherits the parent prose floor and blocks model export (98.073375ms)
✔ sqlite: legacy parent cannot classify copied work prose by creating a boundary-enabled child (77.789083ms)
✔ sqlite: floor and active policy cannot be removed by a direct state commit (49.906584ms)
✔ sqlite: classifying a preexisting legacy work requires explicit migration (87.063833ms)
✔ file-journal: restricted work reaches neither external estimator nor model even without an evidence body (138.832667ms)
✔ file-journal: authorized internal model retains the floor through a forced compact and stored request (589.039209ms)
✔ file-journal: disclosure revoked during source assembly stops the estimator before it receives prose (264.884083ms)
✔ file-journal: revoked model disclosure cancels a stored request before adapter entry (409.714333ms)
✔ file-journal: disclosure revoked during stored model input read stops the final transport (496.139417ms)
✔ file-journal: tool access labels cannot authorize restricted task inputs to an external tool (294.01325ms)
✔ file-journal: read permission narrowing does not relabel old task prose as public (587.936625ms)
✔ file-journal: authorized internal tool receives one invocation after current disclosure check (481.932916ms)
✔ file-journal: changed disclosure during asynchronous tool preflight stops adapter entry (535.716459ms)
✔ file-journal: denied channel cannot receive even a queued acknowledgement from restricted work (453.179667ms)
✔ file-journal: disclosure revocation preserves unknown delivery and prevents full-body lookup (752.972583ms)
✔ file-journal: still-authorized unknown delivery uses lookup without resending (794.938833ms)
✔ file-journal: policy changed during artifact check stops an unknown question lookup (863.009459ms)
✔ file-journal: child budget cannot omit or expand parent disclosure policy (264.17175ms)
✔ file-journal: child read-scope narrowing inherits the parent prose floor and blocks model export (618.763416ms)
✔ file-journal: legacy parent cannot classify copied work prose by creating a boundary-enabled child (171.537375ms)
✔ file-journal: floor and active policy cannot be removed by a direct state commit (154.217625ms)
✔ file-journal: classifying a preexisting legacy work requires explicit migration (137.51775ms)
✔ memory state adapter applies the same floor transition guard as persistent adapters (0.853292ms)
✔ direct structured adapter denies estimation and transport using the retained context floor (1.134959ms)
✔ disclosure comparison: twelve A/B/C transport cases use two fixture families and reopened persistent stores (10048.069959ms)
✔ disclosure comparison: independent scoring rejects injected outbound originals even with rewritten measurement claims (193.095042ms)
✔ disclosure comparison: empty release, missing raw checks and advisory authority cannot become passing zero-leak samples (2035.481833ms)
✔ disclosure comparison: same-lineage and renamed copies retain root dependency while missing roots cannot independently complete (1.45ms)
✔ disclosure comparison: tool and A2A data cannot add policy authority to a strict model proposal or mutate stored work (1.250041ms)
✔ destination rules combine read authority, destination, surface and labels (0.75375ms)
✔ duplicate destinations and rules with arbitrary output keys or ambiguous mappings are rejected (2.082375ms)
✔ child policies cannot remove destination restrictions or increase release budgets (0.093959ms)
✔ sqlite: release keeps only finite mapped facts and preserves immutable internal source proof (125.537833ms)
✔ sqlite: retry and reopen reuse the recorded release without resetting its budget (184.007375ms)
✔ sqlite: lineage aliases count repeated copies as the same source (114.444167ms)
✔ sqlite: release does not accept data-supplied policy, an unknown field value, or missing evidence (100.197875ms)
✔ sqlite: restrict invalidates a stored release and preserves prior disclosure usage (121.285458ms)
✔ sqlite: retract invalidates a stored release and preserves prior disclosure usage (123.853208ms)
✔ sqlite: supersede invalidates a stored release and preserves prior disclosure usage (154.066958ms)
✔ sqlite: delete invalidates a stored release and preserves prior disclosure usage (168.624458ms)
✔ sqlite: policy invalidates a stored release and preserves prior disclosure usage (152.242792ms)
✔ sqlite: goal invalidates a stored release and preserves prior disclosure usage (187.561541ms)
✔ sqlite: current read restrictions and wrong actor prevent release and later read (148.57675ms)
✔ sqlite: policy revocation during original read prevents publication (151.633959ms)
✔ sqlite: raw source gates cover every export surface without reclassifying the source (144.389708ms)
✔ sqlite: accumulated bytes and request identity remain binding (154.242417ms)
✔ sqlite: concurrent release publication does not overspend a one-release budget (137.386458ms)
✔ sqlite: release proof and cumulative history cannot be deleted or rewritten (184.702958ms)
✔ file-journal: release keeps only finite mapped facts and preserves immutable internal source proof (466.559125ms)
✔ file-journal: retry and reopen reuse the recorded release without resetting its budget (961.122291ms)
✔ file-journal: lineage aliases count repeated copies as the same source (457.439083ms)
✔ file-journal: release does not accept data-supplied policy, an unknown field value, or missing evidence (323.352542ms)
✔ file-journal: restrict invalidates a stored release and preserves prior disclosure usage (524.536375ms)
✔ file-journal: retract invalidates a stored release and preserves prior disclosure usage (452.309125ms)
✔ file-journal: supersede invalidates a stored release and preserves prior disclosure usage (487.477458ms)
✔ file-journal: delete invalidates a stored release and preserves prior disclosure usage (484.019709ms)
✔ file-journal: policy invalidates a stored release and preserves prior disclosure usage (405.18125ms)
✔ file-journal: goal invalidates a stored release and preserves prior disclosure usage (404.162958ms)
✔ file-journal: current read restrictions and wrong actor prevent release and later read (435.57725ms)
✔ file-journal: policy revocation during original read prevents publication (272.8265ms)
✔ file-journal: raw source gates cover every export surface without reclassifying the source (842.359417ms)
✔ file-journal: accumulated bytes and request identity remain binding (549.876667ms)
✔ file-journal: concurrent release publication does not overspend a one-release budget (518.84425ms)
✔ file-journal: release proof and cumulative history cannot be deleted or rewritten (448.601375ms)
✔ sqlite: a generic artifact reference cannot bypass its connected evidence restriction (147.976125ms)
✔ sqlite: changed or unavailable memory dependencies stop release and raw views (112.268583ms)
✔ sqlite: a new lineage on derived evidence does not create a new independent root (162.1075ms)
✔ sqlite: a lost commit response cannot erase a disclosure or give its budget back (163.173667ms)
✔ sqlite: an unclassified new work cannot opt in with an empty label floor (91.797375ms)
✔ file-journal: a generic artifact reference cannot bypass its connected evidence restriction (250.953292ms)
✔ file-journal: changed or unavailable memory dependencies stop release and raw views (534.885583ms)
✔ file-journal: a new lineage on derived evidence does not create a new independent root (643.835375ms)
✔ file-journal: a lost commit response cannot erase a disclosure or give its budget back (488.773ms)
✔ file-journal: an unclassified new work cannot opt in with an empty label floor (146.893334ms)
✔ sqlite: every released transport entry rechecks source authority and receiver binding (121.857208ms)
✔ sqlite: revocation during released source validation prevents receiver entry (143.168ms)
✔ sqlite: a receiver exception is an unknown outcome with retained release usage and no source-bearing error (182.202875ms)
✔ file-journal: every released transport entry rechecks source authority and receiver binding (743.878291ms)
✔ file-journal: revocation during released source validation prevents receiver entry (516.113541ms)
✔ file-journal: a receiver exception is an unknown outcome with retained release usage and no source-bearing error (553.639042ms)
✔ sqlite: initial model disclosure denial returns a durable blocked workflow and checkpoint (204.206333ms)
✔ sqlite: revoked reserved model is accounted as unused and resumes with one fresh call after reopen (499.9865ms)
✔ sqlite: disclosure changes inside dispatch preflight settle a known-unused reservation instead of escaping (231.439125ms)
✔ sqlite: required result channel denial persists blocked state and can resume delivery from checkpoint (299.865916ms)
✔ sqlite: completed analysis keeps its terminal state while unavailable channel yields an undelivered response (203.043458ms)
✔ sqlite: an unsuccessful resume under unchanged channel policy blocks again without becoming runnable (111.426959ms)
✔ sqlite: simultaneous cancel and disclosure revocation preserve user control and unused accounting (204.413959ms)
✔ sqlite: simultaneous pause and disclosure revocation preserve user control and unused accounting (159.677833ms)
✔ file-journal: initial model disclosure denial returns a durable blocked workflow and checkpoint (1689.582333ms)
✔ file-journal: revoked reserved model is accounted as unused and resumes with one fresh call after reopen (5520.243791ms)
✔ file-journal: disclosure changes inside dispatch preflight settle a known-unused reservation instead of escaping (1959.508333ms)
✔ file-journal: required result channel denial persists blocked state and can resume delivery from checkpoint (2384.9695ms)
✔ file-journal: completed analysis keeps its terminal state while unavailable channel yields an undelivered response (2688.913125ms)
✔ file-journal: an unsuccessful resume under unchanged channel policy blocks again without becoming runnable (1852.985ms)
✔ file-journal: simultaneous cancel and disclosure revocation preserve user control and unused accounting (1809.1435ms)
✔ file-journal: simultaneous pause and disclosure revocation preserve user control and unused accounting (1833.018375ms)
✔ inject all local ports without a database or channel SDK: documents-simple (8.732458ms)
✔ inject all local ports without a database or channel SDK: observations-simple (0.801834ms)
✔ scripted planner honors cancellation and cannot mutate caller state (0.687792ms)
✔ fake sink exposes delivery uncertainty and deduplicates only matching content (0.125375ms)
✔ evaluation build: none checks source and executed output together (141.584416ms)
✔ evaluation build: source checks source and executed output together (129.219875ms)
✔ evaluation build: compiled checks source and executed output together (100.400417ms)
✔ evaluation build: missing checks source and executed output together (94.76525ms)
✔ evaluation build: runtime checks source and executed output together (112.697042ms)
✔ evaluation build: orphan checks source and executed output together (126.161667ms)
✔ evaluation build: a source change during case selection cannot relabel older compiled execution (172.459833ms)
✔ sqlite: readonly evaluation replay authenticates full receipt history, old originals and the current resume packet after reopen (296.217833ms)
✔ sqlite: version, pins and independently recomputed score are required without writes (224.308042ms)
✔ sqlite: receipt omission, duplicates, absent receipts and changed stored states fail closed (237.622334ms)
✔ sqlite: altered oracle and expected outcome cannot be blessed by recomputing sample and score hashes (223.852167ms)
✔ sqlite: rehashing an altered or dropped intermediate completion cannot bypass receipt-state binding (190.247792ms)
✔ sqlite: repeated readonly observations and explicit status-only measurement preserve historical receipt validation (271.706959ms)
✔ sqlite: omitted historical artifacts and conflicting refs are detected independently of the supplied list (249.206959ms)
✔ sqlite: deleted original is unavailable even with intact state, score and resume blob (234.004042ms)
✔ sqlite: corrupt original is unavailable even with intact state, score and resume blob (286.637958ms)
✔ sqlite: historical_deleted original is unavailable even with intact state, score and resume blob (282.313708ms)
✔ sqlite: wrong owner and the current actor's narrower label policy cannot replay source bytes (252.353625ms)
✔ sqlite: a currently indexed original cannot override a durable lifecycle tombstone (258.954375ms)
✔ sqlite: foreign, body-altered and lost resume packets fail without regeneration (428.19225ms)
✔ sqlite: canonical changes during original I/O prevent a successful replay result (261.079708ms)
✔ sqlite: a receipt changed after initial validation is caught at the final read boundary (258.123375ms)
✔ sqlite: caller mutation cannot replace the in-flight sample and current actor revocation is detected (247.605916ms)
✔ file-journal: readonly evaluation replay authenticates full receipt history, old originals and the current resume packet after reopen (876.033458ms)
✔ file-journal: version, pins and independently recomputed score are required without writes (576.716833ms)
✔ file-journal: receipt omission, duplicates, absent receipts and changed stored states fail closed (806.987542ms)
✔ file-journal: altered oracle and expected outcome cannot be blessed by recomputing sample and score hashes (544.020542ms)
✔ file-journal: rehashing an altered or dropped intermediate completion cannot bypass receipt-state binding (878.89275ms)
✔ file-journal: repeated readonly observations and explicit status-only measurement preserve historical receipt validation (1096.059209ms)
✔ file-journal: omitted historical artifacts and conflicting refs are detected independently of the supplied list (961.801167ms)
✔ file-journal: deleted original is unavailable even with intact state, score and resume blob (642.005792ms)
✔ file-journal: corrupt original is unavailable even with intact state, score and resume blob (729.128375ms)
✔ file-journal: historical_deleted original is unavailable even with intact state, score and resume blob (664.799083ms)
✔ file-journal: wrong owner and the current actor's narrower label policy cannot replay source bytes (641.445834ms)
✔ file-journal: a currently indexed original cannot override a durable lifecycle tombstone (763.146792ms)
✔ file-journal: foreign, body-altered and lost resume packets fail without regeneration (1423.808ms)
✔ file-journal: canonical changes during original I/O prevent a successful replay result (847.296292ms)
✔ file-journal: a receipt changed after initial validation is caught at the final read boundary (687.852333ms)
✔ file-journal: caller mutation cannot replace the in-flight sample and current actor revocation is detected (1087.080792ms)
✔ forgotten evidence is rediscovered by ID, source, locator or facts without returning fact bodies (24.694458ms)
✔ hidden, retracted, superseded and parent-retracted evidence never contributes cards or hasMore (11.51525ms)
✔ Korean NFC and NFD clues and English case variants find the same current evidence (7.194125ms)
✔ the evidence discovery tool preserves bounded current-card and partial-call semantics (6.034875ms)
✔ locator truncation preserves the exact evidence ID and reports partial coverage without inventing more matches (5.317375ms)
✔ different owners, tenants and narrower caller labels cannot inspect evidence discovery cards (6.197542ms)
✔ retained knowledge failure at validation 1 blocks cards before return (6.279792ms)
✔ retained knowledge failure at validation 2 blocks cards before return (6.471542ms)
✔ a work retaining knowledge cannot discover derived evidence without its current validator (6.147ms)
✔ a goal change while the final source-state read waits prevents returning earlier-scope cards (6.388917ms)
✔ caller permission narrowing during the knowledge gate is detected even without a work revision change (5.516417ms)
✔ strict discovery arguments reject extra authority, excessive query length and invalid limits (5.32925ms)
✔ instructions in source facts remain data and discovery changes no facts, goal, plan or authority (5.206458ms)
✔ pre-aborted discovery uses the common read wrapper without reading the work (4.61ms)
✔ current and historical views enforce own access, tenant, scope and artifact labels while omitted access stays available (0.810917ms)
✔ two generations of derived evidence lose current validity when an ancestor is retracted or superseded, while history stays readable (0.13775ms)
✔ ancestor restriction, deletion, missing reference or revoked labels blocks current and historical descendants (0.088333ms)
✔ a correction remains a monotonic supersession after retraction, restriction, deletion or permission loss (0.134333ms)
✔ supersession uses the full valid version chain and is independent of record ordering (0.065375ms)
✔ foreign tenant, scope, source, lineage and invalid time cannot suppress a valid original (0.097625ms)
✔ a replacement does not depend on a superseded body being current or present in a selected view (0.045375ms)
✔ cyclic, missing and ambiguous derived references fail closed without removing independent evidence (0.051625ms)
✔ deep derived chains are evaluated without recursive call-stack growth and do not become independent sources (9.094542ms)
✔ record intake accepts parents and descendants in either order and preserves caller objects (3.966541ms)
✔ record intake requires inherited labels on both derivation and replacement edges (1.052375ms)
✔ record intake requires artifact labels to cover the evidence and rejects artifacts outside policy (0.490667ms)
✔ new records inherit transitive dependency labels even if a legacy intermediate record was under-labelled (0.297667ms)
✔ shared ancestry across multiple parents is not mistaken for a cycle (0.113625ms)
✔ derived intake refuses historical or inaccessible ancestors and checks validity after the whole incoming batch (0.407333ms)
✔ replacement intake permits an accessible retracted target but never an inaccessible historical target (0.156708ms)
✔ record intake rejects missing references and invalid tenant, scope, source, lineage or time on replacements (0.2765ms)
✔ record intake rejects self, indirect and mixed cycles before accepting partial lineage (0.124333ms)
✔ omitted and explicit available access are idempotently equivalent but content or access changes cannot overwrite an ID (0.554125ms)
✔ tool-result validation preserves effect, error and artifact guards while using the shared record intake (0.235833ms)
✔ evaluation: fixture truth distinguishes acknowledgement, first original, delivered useful answer and verified completion (4.546125ms)
✔ evaluation: a runtime completed flag cannot replace the fixed expected facts (0.510792ms)
✔ evaluation: absent expected facts do not count as verified evidence or a useful answer (0.239291ms)
✔ evaluation: early delivered answers remain false completion even if the final state later becomes correct (0.321666ms)
✔ evaluation: a correct result before a declared late-evidence release fails the fixed timeline oracle (0.249417ms)
✔ evaluation: wrong source identity cannot satisfy an original named by the fixture oracle (0.357833ms)
✔ evaluation: wrong lineage identity cannot satisfy an original named by the fixture oracle (0.222083ms)
✔ evaluation: wrong observation time cannot satisfy an original named by the fixture oracle (0.211292ms)
✔ evaluation: wrong tenant cannot satisfy an original named by the fixture oracle (0.253708ms)
✔ evaluation: wrong scope cannot satisfy an original named by the fixture oracle (0.198792ms)
✔ evaluation: restricted label cannot satisfy an original named by the fixture oracle (0.165ms)
✔ evaluation: restricted access cannot satisfy an original named by the fixture oracle (0.209542ms)
✔ evaluation: retracted source cannot satisfy an original named by the fixture oracle (0.189375ms)
✔ evaluation: copied source cannot satisfy an original named by the fixture oracle (0.157708ms)
✔ evaluation: partial coverage cannot satisfy an original named by the fixture oracle (0.152208ms)
✔ evaluation: two required records from one lineage cannot satisfy a two-source criterion even with matching facts (0.20225ms)
✔ evaluation: duplicate source IDs, current forbidden evidence and unresolved counterevidence fail independently (0.572167ms)
✔ evaluation: a pinned replacement must remain readable, accepted, original and complete without resurrecting its withdrawn predecessor (0.945917ms)
✔ evaluation: hypothesis status and current original support are checked against the pinned final hypothesis (0.261375ms)
✔ evaluation: answer delivery requires authorized routing and explicit required evidence references (0.575709ms)
✔ evaluation: waiting with an unknown delivery reports no useful answer latency and preserves its delivery obligation (0.146167ms)
✔ evaluation: run errors and mismatched final control remain failures even for an expected blocked case (0.194041ms)
✔ evaluation: completed states with pending obligations or an undelivered required response are false completion (0.275875ms)
✔ evaluation: status-only observation of an existing completed work is not a new completion or answer (0.403958ms)
✔ evaluation: cumulative costs cannot disappear and unknown model usage cannot become fabricated zero after resume (0.759542ms)
✔ evaluation: a real late usage report may resolve unknown reservations while preserving known and additional charges (0.280542ms)
✔ evaluation: a gate failure before dispatch costs zero, while a dispatched call denied before invocation remains charged (0.644541ms)
✔ evaluation: observations and source queries can repeat without duplicating intervention or context accounting (0.247875ms)
✔ evaluation: context cost comes from unique persisted model calls and remains distinct from reported token usage (0.503792ms)
✔ evaluation summary: contract success, all-case completion and eligible completion use different explicit denominators (5.1825ms)
✔ evaluation summary: nearest-rank p50/p95 include answer samples only and report the sample count (0.910417ms)
✔ evaluation summary: supplied scores join by case ID and cannot silently replace missing or duplicate cases (0.527375ms)
✔ sqlite: two local callers join one real execution and preserve owner, lease, deadline and one budget charge (219.693ms)
✔ sqlite: cancelling the initiating caller and another joined caller detaches only their waits (204.135459ms)
✔ sqlite: an already aborted caller cannot create an execution (109.943084ms)
✔ sqlite: another facade observes durable running and settled states without claiming local promise ownership (248.205ms)
✔ sqlite: a different owner and an expired reservation remain explicit waits without lease renewal or automatic recovery (122.789625ms)
✔ sqlite: reopening a dispatched write never replays it and explicit recovery retains the unknown effect obligation (192.753125ms)
✔ sqlite: reopening after a stored result reports received without executing or adopting it again (255.798458ms)
✔ sqlite: state changes during receipt lookup are reread before the facade decides to execute (103.154834ms)
✔ sqlite: a reporting read error after successful execution is shared as an error and retry only observes the durable result (188.703417ms)
✔ file-journal: two local callers join one real execution and preserve owner, lease, deadline and one budget charge (763.068166ms)
✔ file-journal: cancelling the initiating caller and another joined caller detaches only their waits (760.894917ms)
✔ file-journal: an already aborted caller cannot create an execution (298.563209ms)
✔ file-journal: another facade observes durable running and settled states without claiming local promise ownership (670.326958ms)
✔ file-journal: a different owner and an expired reservation remain explicit waits without lease renewal or automatic recovery (521.82675ms)
✔ file-journal: reopening a dispatched write never replays it and explicit recovery retains the unknown effect obligation (547.01575ms)
✔ file-journal: reopening after a stored result reports received without executing or adopting it again (644.925208ms)
✔ file-journal: state changes during receipt lookup are reread before the facade decides to execute (470.819083ms)
✔ file-journal: a reporting read error after successful execution is shared as an error and retry only observes the durable result (668.946ms)
✔ execution mode CLI sqlite: fast reception survives process exit and repeated status is read-only (1169.697583ms)
✔ execution mode CLI sqlite: mode command is durable and idempotent while stale revisions do not change state (1434.108083ms)
✔ execution mode CLI sqlite: a pending mode change is visible after exit and preserves the reserved attempt (1530.322125ms)
✔ execution mode CLI sqlite: enum, both revisions and an explicit nonblank reason are required (1385.901958ms)
✔ execution mode CLI sqlite: irrelevant mode options are rejected before opening a profile (629.755625ms)
✔ execution mode CLI sqlite documents-simple: changing mode preserves the goal, original source and completed work (1765.0395ms)
✔ execution mode CLI sqlite observations-simple: changing mode preserves the goal, original source and completed work (1740.957584ms)
✔ execution mode CLI file-journal: fast reception survives process exit and repeated status is read-only (2621.567125ms)
✔ execution mode CLI file-journal: mode command is durable and idempotent while stale revisions do not change state (2441.830292ms)
✔ execution mode CLI file-journal: a pending mode change is visible after exit and preserves the reserved attempt (2856.206291ms)
✔ execution mode CLI file-journal: enum, both revisions and an explicit nonblank reason are required (1771.66175ms)
✔ execution mode CLI file-journal: irrelevant mode options are rejected before opening a profile (612.99775ms)
✔ execution mode CLI file-journal documents-simple: changing mode preserves the goal, original source and completed work (4496.77575ms)
✔ execution mode CLI file-journal observations-simple: changing mode preserves the goal, original source and completed work (4203.3015ms)
✔ sqlite/documents-simple/auto: one necessary plan and observation complete with no extra investigation (558.905583ms)
✔ sqlite/documents-simple/fast: one necessary plan and observation complete with no extra investigation (475.306041ms)
✔ sqlite/documents-simple/deep: one necessary plan and observation complete with no extra investigation (410.023625ms)
✔ sqlite/observations-simple/auto: one necessary plan and observation complete with no extra investigation (429.138542ms)
✔ sqlite/observations-simple/fast: one necessary plan and observation complete with no extra investigation (432.109708ms)
✔ sqlite/observations-simple/deep: one necessary plan and observation complete with no extra investigation (489.611916ms)
✔ sqlite/documents-complex/auto: complex scope is either validated for investigation or rejected without false completion (647.220959ms)
✔ sqlite/documents-complex/fast: complex scope is either validated for investigation or rejected without false completion (223.061375ms)
✔ sqlite/documents-complex/deep: complex scope is either validated for investigation or rejected without false completion (691.30175ms)
✔ sqlite/observations-complex/auto: complex scope is either validated for investigation or rejected without false completion (527.629375ms)
✔ sqlite/observations-complex/fast: complex scope is either validated for investigation or rejected without false completion (218.670334ms)
✔ sqlite/observations-complex/deep: complex scope is either validated for investigation or rejected without false completion (508.883417ms)
✔ sqlite: mode commands enforce owner and both revisions, remain idempotent, and preserve goal and costs (123.96175ms)
✔ sqlite: lowering to fast after two paid reads cannot reset usage or oversubscribe the next reservation (290.742958ms)
✔ sqlite: explicit model cap and fast cap include reservations and do not reopen paid capacity (705.729333ms)
✔ sqlite: a running model keeps its pending mode request and late reply accounting until the next safe boundary (506.209292ms)
✔ sqlite: a pending mode survives reserved model restart without invalidating its stored input (477.672209ms)
✔ sqlite: cancel overrides a pending mode without discarding late measured model costs (222.207375ms)
✔ sqlite: deep to fast retains original goal, completed tasks, checkpoint and result reuse after reopen (437.891417ms)
✔ sqlite: fast keeps mandatory review of existing hypotheses and cannot replace it with premature completion (513.018ms)
✔ sqlite: legacy model reservations keep their version-one basis when a pending mode first materializes control (357.124458ms)
✔ sqlite: a newer mode wins a pending-mode boundary CAS race (151.809667ms)
✔ sqlite: a newer cancel wins a pending-mode boundary CAS race (185.004041ms)
✔ sqlite: cancellation during model backoff publication returns current control without failing the workflow (234.906583ms)
✔ sqlite: auto mode change and reopen preserve a partial collection's original goal and explicit resume chain (1162.566083ms)
✔ file-journal/documents-simple/auto: one necessary plan and observation complete with no extra investigation (3459.517708ms)
✔ file-journal/documents-simple/fast: one necessary plan and observation complete with no extra investigation (3055.683875ms)
✔ file-journal/documents-simple/deep: one necessary plan and observation complete with no extra investigation (3197.932833ms)
✔ file-journal/observations-simple/auto: one necessary plan and observation complete with no extra investigation (3700.58925ms)
✔ file-journal/observations-simple/fast: one necessary plan and observation complete with no extra investigation (3383.304875ms)
✔ file-journal/observations-simple/deep: one necessary plan and observation complete with no extra investigation (3315.026458ms)
✔ file-journal/documents-complex/auto: complex scope is either validated for investigation or rejected without false completion (5775.82425ms)
✔ file-journal/documents-complex/fast: complex scope is either validated for investigation or rejected without false completion (1208.976375ms)
✔ file-journal/documents-complex/deep: complex scope is either validated for investigation or rejected without false completion (5048.601458ms)
✔ file-journal/observations-complex/auto: complex scope is either validated for investigation or rejected without false completion (3240.725042ms)
✔ file-journal/observations-complex/fast: complex scope is either validated for investigation or rejected without false completion (1050.403125ms)
✔ file-journal/observations-complex/deep: complex scope is either validated for investigation or rejected without false completion (3294.789083ms)
✔ file-journal: mode commands enforce owner and both revisions, remain idempotent, and preserve goal and costs (354.1575ms)
✔ file-journal: lowering to fast after two paid reads cannot reset usage or oversubscribe the next reservation (1256.839667ms)
✔ file-journal: explicit model cap and fast cap include reservations and do not reopen paid capacity (1926.265375ms)
✔ file-journal: a running model keeps its pending mode request and late reply accounting until the next safe boundary (2485.438291ms)
✔ file-journal: a pending mode survives reserved model restart without invalidating its stored input (2308.137709ms)
✔ file-journal: cancel overrides a pending mode without discarding late measured model costs (697.686458ms)
✔ file-journal: deep to fast retains original goal, completed tasks, checkpoint and result reuse after reopen (2027.161875ms)
✔ file-journal: fast keeps mandatory review of existing hypotheses and cannot replace it with premature completion (2604.957792ms)
✔ file-journal: legacy model reservations keep their version-one basis when a pending mode first materializes control (1350.894375ms)
✔ file-journal: a newer mode wins a pending-mode boundary CAS race (1091.381584ms)
✔ file-journal: a newer cancel wins a pending-mode boundary CAS race (1041.534833ms)
✔ file-journal: cancellation during model backoff publication returns current control without failing the workflow (1129.6125ms)
✔ file-journal: auto mode change and reopen preserve a partial collection's original goal and explicit resume chain (5407.912667ms)
✔ local versioned defaults select direct auto/fast and investigate deep without allocating work (1.93575ms)
✔ new controls snapshot caller policy and never expose the default policy for mutation (0.067167ms)
✔ legacy goals supply initial mode while a saved control overrides it without mutating state (3.335709ms)
✔ effective fast limits are absolute work caps and retain token/time limits (0.2205ms)
✔ auto starts direct while retaining the user work limits before evidence or strategy expansion (0.320125ms)
✔ explicit work caps beat mode policy and mode changes cannot grant a fresh allowance (0.158166ms)
✔ investigate strategies retain explicit work limits and pending mode requests have no effect yet (0.289375ms)
✔ fast allows completed history plus one pending task and counts only current adopted successes (1.262292ms)
✔ fast rejects an oversized pending graph or hypotheses without mutating or silently escalating (0.215417ms)
✔ fast preserves and reviews existing hypotheses while rejecting new optional hypotheses (0.175333ms)
✔ policy-specific scope limits are used instead of hard coded local defaults (0.151583ms)
✔ auto expands only validated plan scope and preserves investigate strategy on smaller subsequent plans (0.184958ms)
✔ deep permits a simple or empty plan without manufacturing tasks or hypotheses (0.079958ms)
✔ automatic expansion requires available relevant new evidence and an unmet criterion (0.242292ms)
✔ irrelevant, inaccessible, retracted and another-scope facts cannot justify expansion (0.822166ms)
✔ current counterevidence justifies investigation even if it has already been assessed (0.206375ms)
✔ current hypotheses allow review but sufficiently assessed completed goals do not expand (0.1675ms)
✔ permission failure, empty responses and exhausted budgets are not independent escalation evidence (0.089125ms)
✔ pending obligations, active calls, terminal states and explicit modes suppress automatic expansion (0.230458ms)
✔ delivery waiting does not manufacture completion or suppress investigation of unmet criteria (0.062334ms)
✔ a reserved, running or received model prevents expansion until its existing call is settled (0.172042ms)
✔ policy contracts reject unknown fields, unsafe counts and blank versions while allowing explicit zero caps (0.728542ms)
✔ control contracts enforce current mode strategy and preserve distinct pending requests (0.390334ms)
✔ documents-simple: validated plan executes to verified completion without additional planner calls (25.898042ms)
✔ observations-simple: validated plan executes to verified completion without additional planner calls (10.930791ms)
✔ invalid plans fail before budget or execution: stale, cyclic, missing deps, schema, effects, permission and IDs (5.237583ms)
✔ plan commands deduplicate after later state changes; task IDs cannot hide changed inputs (6.292958ms)
✔ discarded unexecuted task ID still cannot acquire a different contract (4.43175ms)
✔ scripted planner proposal enters the real validator and executor only when control requests a plan (6.540875ms)
✔ dependencies execute in order; partial observations require another source, not false completion (9.98625ms)
✔ empty queue is replan; wake conditions, tool budget, deadline and cancellation produce distinct controls (5.10025ms)
✔ only authorized current-goal commands mutate state; duplicate cancellation is stable (4.138625ms)
✔ competing executors cannot both reserve or replay dispatch (4.996709ms)
✔ late tool result after cancel is recorded without adopting or reversing the command (5.862292ms)
✔ late tool result after goal is recorded without adopting or reversing the command (5.318083ms)
✔ expired dispatched read has bounded retry or explicit unknown effect (5.190875ms)
✔ expired dispatched write has bounded retry or explicit unknown effect (5.34925ms)
✔ invalid result identity, labels, references and output cannot become accepted evidence (29.193709ms)
✔ stored received result resumes in reopened SQLite and artifact stores without invoking tool again (206.110458ms)
✔ tool JSON schema validation compiles once, rejects unsupported schema and preserves inputs (4.560333ms)
✔ successful dependency chain follows DAG order even when task array is reversed (7.265542ms)
✔ pause before dispatch releases reservation; resume and repeated old pause do not cancel new execution (5.356375ms)
✔ tool failures retry only within attempt budget and repeated empty replans exhaust their own budget (7.557333ms)
✔ unconfirmed write is unknown and cannot satisfy the goal or be retried by a renamed task (5.418958ms)
✔ lease timeout yields even for a tool that ignores cancellation; late result cannot finish the goal (25.7535ms)
✔ permission revocation after reservation is rechecked before dispatch and durably blocks execution (3.586417ms)
✔ memory: waiting execution wakes only for expired lease or received result (10.695708ms)
✔ sqlite: waiting execution wakes only for expired lease or received result (149.063459ms)
✔ baseline documents-complex (3.140542ms)
✔ baseline documents-simple (0.253584ms)
✔ baseline observations-complex (0.354791ms)
✔ baseline observations-simple (0.137958ms)
✔ both domains use the same schema and include simple/complex baselines (0.475416ms)
✔ fixture oracle rejects missing references and duplicated evidence IDs (0.717959ms)
✔ repetition and permutation cannot create independent sources (0.140917ms)
✔ completed facts do not discharge an unrelated pending obligation (0.063292ms)
✔ sqlite: goal change rejects a mode changed by another channel without modifying goal, control or receipts (281.066917ms)
✔ sqlite: goal control is rechecked after a commit CAS conflict and cannot overwrite the winning mode (265.543417ms)
✔ sqlite: unrelated commit contention retries the same goal request while incrementing control exactly once (286.045042ms)
✔ sqlite: successful goal replay remains idempotent after a later mode change and restart (328.823375ms)
✔ sqlite: goal mutation requires a positive safe control revision and strict fields before any receipt or state change (243.57225ms)
✔ sqlite: a legacy goal without stored execution control still requires its explicit initial revision (302.287875ms)
✔ sqlite: CLI goal changes require both explicit revisions, reject stale control and replay the saved receipt (1442.266333ms)
✔ sqlite: Web strict goal input carries control revision through HTTP and rejects a newer channel mode (323.600875ms)
✔ file-journal: goal change rejects a mode changed by another channel without modifying goal, control or receipts (1013.09975ms)
✔ file-journal: goal control is rechecked after a commit CAS conflict and cannot overwrite the winning mode (974.852791ms)
✔ file-journal: unrelated commit contention retries the same goal request while incrementing control exactly once (927.544667ms)
✔ file-journal: successful goal replay remains idempotent after a later mode change and restart (1226.250833ms)
✔ file-journal: goal mutation requires a positive safe control revision and strict fields before any receipt or state change (927.572667ms)
✔ file-journal: a legacy goal without stored execution control still requires its explicit initial revision (703.261459ms)
✔ file-journal: CLI goal changes require both explicit revisions, reject stale control and replay the saved receipt (2296.972708ms)
✔ file-journal: Web strict goal input carries control revision through HTTP and rejects a newer channel mode (1526.050708ms)
✔ Web goal schema accepts only an explicit positive safe numeric control revision (0.358375ms)
✔ sqlite: valid original guidance remains readable through two historical copies and records actual file probe bytes (523.703958ms)
✔ sqlite: body-edited without refresh invalidates original guidance history and two stored copies (506.800709ms)
✔ sqlite: body-deleted without refresh invalidates original guidance history and two stored copies (511.93675ms)
✔ sqlite: catalog-rules-changed without refresh invalidates original guidance history and two stored copies (473.089958ms)
✔ file-journal: valid original guidance remains readable through two historical copies and records actual file probe bytes (2979.648917ms)
✔ file-journal: body-edited without refresh invalidates original guidance history and two stored copies (2969.891584ms)
✔ file-journal: body-deleted without refresh invalidates original guidance history and two stored copies (2498.497458ms)
✔ file-journal: catalog-rules-changed without refresh invalidates original guidance history and two stored copies (2558.192166ms)
✔ guidance refresh stages every provider page and only then replaces the complete snapshot (13.072417ms)
✔ guidance failure listing leaves the previous snapshot usable (1.040541ms)
✔ guidance mixed listing leaves the previous snapshot usable (0.739167ms)
✔ guidance duplicate listing leaves the previous snapshot usable (0.514166ms)
✔ guidance cycle listing leaves the previous snapshot usable (0.399666ms)
✔ guidance page-bound listing leaves the previous snapshot usable (0.274125ms)
✔ guidance entry-bound listing leaves the previous snapshot usable (0.373041ms)
✔ guidance byte-bound listing leaves the previous snapshot usable (0.370541ms)
✔ guidance abort and late completion cannot replace a published listing (0.882792ms)
✔ guidance concurrent refresh rejects an earlier listing and a complete empty snapshot retires entries (0.67925ms)
✔ legacy list/load remains compatible and missing source validation disables body reuse (1.9395ms)
✔ guidance pages reach beyond 20 and preserve item and whole UTF-8 page bounds (7.821708ms)
✔ guidance cursor binds kind, owner, permission and snapshot and hides unauthorized counts (1.539833ms)
✔ hot guidance reuses only body/artifact while rules, selection reason and method are current (0.777208ms)
✔ guidance body cache cannot bypass current tenant, label or work-kind restrictions (0.662125ms)
✔ guidance cache obeys entry/byte bounds, evicts unused bodies and isolates artifact stores (0.692375ms)
✔ a body larger than the cache byte budget is read and decoded on every load (0.409292ms)
✔ a pending hot load cannot exceed cache bounds when another body evicts its old entry (0.625833ms)
✔ a cold legacy-source load rechecks its manifest after artifact persistence (0.816959ms)
✔ source changes during an artifact check are caught by the final probe (0.445084ms)
✔ manifest refresh during final validation rejects a hot result from the previous rules (0.348083ms)
✔ load cancellation cannot publish a cache entry after an ignored-signal provider returns (0.27225ms)
✔ file guidance reports actual cold/hot original I/O separately from put/decode reuse (33.314125ms)
ℹ {"coldOriginalReads":2,"hotOriginalReads":1,"coldOriginalBytes":48,"hotOriginalBytes":24,"source":{"catalogReads":7,"catalogBytes":2702,"bodyReads":3,"bodyBytes":72,"readCalls":1,"validateCalls":2},"catalog":{"sourceReadCalls":1,"sourceReadBytes":24,"sourceValidateCalls":2,"artifactPutCalls":1,"artifactCheckCalls":1,"bodyDecodes":1,"cacheHits":1,"cacheMisses":1,"cachedBodies":1,"cachedBytes":24},"artifactPuts":1,"artifactChecks":1}
✔ file guidance cache never bypasses a deleted original source (42.162542ms)
✔ file guidance cache never bypasses a modified original source (27.93625ms)
✔ file guidance cache never bypasses a manifest original source (48.808ms)
✔ file guidance refresh observes a new catalog, preserves same-body cache and rejects invalid replacements (52.64475ms)
✔ guidance resources documents-simple: cold and hot runtime loads retain provenance and report original I/O separately (48.3635ms)
ℹ {"family":"documents-simple","coldOriginalBytes":58,"hotOriginalBytes":29,"coldMetrics":{"sourceReadCalls":1,"sourceReadBytes":29,"sourceValidateCalls":1,"artifactPutCalls":1,"artifactCheckCalls":0,"bodyDecodes":1,"cacheHits":0,"cacheMisses":1,"cachedBodies":1,"cachedBytes":29},"hotMetrics":{"sourceReadCalls":1,"sourceReadBytes":29,"sourceValidateCalls":2,"artifactPutCalls":1,"artifactCheckCalls":1,"bodyDecodes":1,"cacheHits":1,"cacheMisses":1,"cachedBodies":1,"cachedBytes":29}}
✔ guidance resources documents-simple: policy revocation during a hot validation suppresses the cached body (12.110917ms)
✔ guidance resources documents-simple: a goal change while the source read waits cannot return the previous selection (8.841333ms)
✔ guidance resources documents-simple: a refreshed version cannot be replaced by an in-flight older load (8.57475ms)
✔ guidance resources documents-simple: cancellation reaches a pending source and returns no late body (7.185959ms)
✔ guidance resources observations-simple: cold and hot runtime loads retain provenance and report original I/O separately (14.749208ms)
ℹ {"family":"observations-simple","coldOriginalBytes":58,"hotOriginalBytes":29,"coldMetrics":{"sourceReadCalls":1,"sourceReadBytes":29,"sourceValidateCalls":1,"artifactPutCalls":1,"artifactCheckCalls":0,"bodyDecodes":1,"cacheHits":0,"cacheMisses":1,"cachedBodies":1,"cachedBytes":29},"hotMetrics":{"sourceReadCalls":1,"sourceReadBytes":29,"sourceValidateCalls":2,"artifactPutCalls":1,"artifactCheckCalls":1,"bodyDecodes":1,"cacheHits":1,"cacheMisses":1,"cachedBodies":1,"cachedBytes":29}}
✔ guidance resources observations-simple: policy revocation during a hot validation suppresses the cached body (7.446916ms)
✔ guidance resources observations-simple: a goal change while the source read waits cannot return the previous selection (6.479709ms)
✔ guidance resources observations-simple: a refreshed version cannot be replaced by an in-flight older load (5.767ms)
✔ guidance resources observations-simple: cancellation reaches a pending source and returns no late body (8.04775ms)
✔ guidance resources: paginated cards respect the complete output byte budget and never read guidance bodies (13.448083ms)
✔ guidance resources: cursors cannot cross kind, caller labels, owner or a refreshed listing (6.23975ms)
✔ guidance resources: legacy discovery keeps its original shape and current method in both work families (12.511208ms)
✔ guidance resources: optional paging fields are strict and pre-aborted discovery performs no original reads (6.841333ms)
✔ legacy current validation reads original bytes and a fresh listing and accounts for each cost (5.380417ms)
✔ legacy cold load compares a fresh manifest without duplicating the original read (1.314167ms)
✔ a cancelled current probe makes no original read and a failed fresh listing is not accepted (0.50025ms)
✔ sqlite: context compilation refuses delete in an original guidance source (370.134458ms)
✔ sqlite: context compilation refuses modify in an original guidance source (279.242ms)
✔ sqlite: context compilation refuses rules in an original guidance source (321.591375ms)
✔ sqlite: restarted stored model input cannot send a deleted original guide (424.666917ms)
✔ sqlite: restarted stored model input cannot send a modifyd original guide (427.876708ms)
✔ sqlite: policy during original-source validation stops transport and settles zero usage (412.952667ms)
✔ sqlite: goal during original-source validation stops transport and settles zero usage (484.731709ms)
✔ sqlite: cancel during original-source validation stops transport and settles zero usage (461.992083ms)
✔ sqlite: manifest refresh after the source probe is caught after final state lookup (426.149458ms)
✔ sqlite: an ignored-signal original probe is stopped by the remaining model lease (648.839333ms)
✔ sqlite: stored guidance loss during source probe blocks transport and prevents settlement until repair (479.503541ms)
✔ sqlite: unchanged original guidance sends the exact stored request once after restart (455.178667ms)
✔ file-journal: context compilation refuses delete in an original guidance source (1040.623625ms)
✔ file-journal: context compilation refuses modify in an original guidance source (1007.274166ms)
✔ file-journal: context compilation refuses rules in an original guidance source (977.162458ms)
✔ file-journal: restarted stored model input cannot send a deleted original guide (1629.872708ms)
✔ file-journal: restarted stored model input cannot send a modifyd original guide (1486.565333ms)
✔ file-journal: policy during original-source validation stops transport and settles zero usage (1825.3075ms)
✔ file-journal: goal during original-source validation stops transport and settles zero usage (1991.5965ms)
✔ file-journal: cancel during original-source validation stops transport and settles zero usage (1877.34025ms)
✔ file-journal: manifest refresh after the source probe is caught after final state lookup (1675.762ms)
✔ file-journal: an ignored-signal original probe is stopped by the remaining model lease (1830.16ms)
✔ file-journal: stored guidance loss during source probe blocks transport and prevents settlement until repair (1889.935958ms)
✔ file-journal: unchanged original guidance sends the exact stored request once after restart (1938.479ms)
✔ invocation copies: two real canonical copies expose the still-authorized original without executing it again (46.6125ms)
✔ invocation copies: retaining only calls.get permission does not restore a revoked source tool (19.954834ms)
✔ invocation copies: current guidance version replacement blocks the copied earlier guide (26.606791ms)
✔ invocation copies: same-version manifest replacement and new guidance labels also block nested bodies (15.9495ms)
✔ invocation copies: catalog target permission is rechecked through both copies (12.814625ms)
✔ invocation copies: catalog target version is rechecked through both copies (19.546958ms)
✔ invocation copies: catalog target definition is rechecked through both copies (18.788583ms)
✔ invocation copies: a missing canonical source receipt is rejected (11.856167ms)
✔ invocation copies: a foreign-owner canonical source receipt is rejected (11.595875ms)
✔ invocation copies: a foreign-tenant canonical source receipt is rejected (12.218833ms)
✔ invocation copies: a foreign-work canonical source receipt is rejected (12.792208ms)
✔ invocation copies: a input-digest canonical source receipt is rejected (10.183167ms)
✔ invocation copies: missing source artifacts invalidate copied bodies even when copy artifacts remain readable (11.339916ms)
✔ invocation copies: a modified copied body must still equal its canonical source result (11.597917ms)
✔ invocation copies: source knowledge is validated and propagated even if an older copy omitted its dependency metadata (13.275ms)
✔ invocation copies: permission changes during a source receipt read prevent returning the already-read copy (13.928334ms)
✔ invocation copies: a canonical input cycle is rejected before following the same receipt twice (10.355791ms)
✔ invocation copies: the 64-node source boundary accepts 63 copies and rejects one further copy (657.439958ms)
✔ sqlite: two invocation copies recheck remove registry change after source artifact read (517.706916ms)
✔ sqlite: two invocation copies recheck labels registry change after source artifact read (450.647458ms)
✔ sqlite: two invocation copies recheck description registry change after source artifact read (452.071708ms)
✔ sqlite: two invocation copies recheck unrelated registry change after source artifact read (396.165292ms)
✔ sqlite: an executed third calls.get stores no private body when source is removed during its read (527.554125ms)
✔ sqlite: catalog target pin is rechecked after final asynchronous state validation (480.931833ms)
✔ sqlite: a same-version guidance manifest change cannot survive copied body verification (420.058584ms)
✔ file-journal: two invocation copies recheck remove registry change after source artifact read (2355.83125ms)
✔ file-journal: two invocation copies recheck labels registry change after source artifact read (2463.994917ms)
✔ file-journal: two invocation copies recheck description registry change after source artifact read (2386.919083ms)
✔ file-journal: two invocation copies recheck unrelated registry change after source artifact read (2877.964333ms)
✔ file-journal: an executed third calls.get stores no private body when source is removed during its read (3215.98175ms)
✔ file-journal: catalog target pin is rechecked after final asynchronous state validation (2375.69975ms)
✔ file-journal: a same-version guidance manifest change cannot survive copied body verification (2697.352458ms)
✔ file journal: exception at candidate_synced preserves the publication boundary and retry identity (226.339041ms)
✔ file journal: actual SIGKILL at candidate_synced reopens a whole commit or no commit (329.634375ms)
✔ file journal: exception at published preserves the publication boundary and retry identity (217.724167ms)
✔ file journal: actual SIGKILL at published reopens a whole commit or no commit (318.141292ms)
✔ file journal: exception at directory_synced preserves the publication boundary and retry identity (186.835416ms)
✔ file journal: actual SIGKILL at directory_synced reopens a whole commit or no commit (274.830666ms)
✔ file journal: a reader and duplicate retry observe a whole published record while its writer is pending (200.836667ms)
✔ file journal: directory sync failure prevents reads and duplicate acknowledgements without rolling back publication (131.947167ms)
✔ file journal: listing retries the first record when publication follows its initial ENOENT (148.911667ms)
✔ file journal: checksum corruption blocks reads and subsequent commits without overwriting the damaged record (71.101417ms)
✔ file journal: an intact record checksum does not hide a broken previous-hash link (90.842542ms)
✔ file journal: deleting a middle revision rejects the incomplete prefix (156.032417ms)
✔ file journal: changing store identity is rejected by an open instance and by replay after reopening (54.446333ms)
✔ file journal: a missing format header does not initialize a populated store as empty (39.409666ms)
✔ file journal: existing root, work and record symlinks are rejected without following their contents (246.010667ms)
✔ file journal: group or other permissions on the root and records are rejected (114.057042ms)
✔ file journal: an observed root or work directory replacement cannot reset the open repository (178.827125ms)
✔ file journal: record size limits reject both publication and oversized persisted input (152.983334ms)
✔ file journal: closed instances reject every repository operation while reopening retains data (84.066625ms)
✔ file journal: revision zero is invalid layout and cannot be silently ignored (72.983708ms)
✔ sqlite: same-work recall survives dispatch, receipt and unrelated revision bookkeeping (325.604625ms)
✔ sqlite: cross-work memory copy keeps custody across a goal change and blocks a prepared result after source deletion (664.3365ms)
✔ sqlite: source deletion after a cross-goal copied memory cancels a reserved effect before invocation (462.632875ms)
✔ sqlite: stored model input contains recalled bodies while hiding internal custody metadata (556.394208ms)
✔ sqlite: reopening without a knowledge validator blocks retained originals and reserved effects (516.618792ms)
✔ sqlite: deleting another work's source while adopt commit waits quarantines the copied evidence before return (473.315791ms)
✔ file-journal: same-work recall survives dispatch, receipt and unrelated revision bookkeeping (3382.439375ms)
✔ file-journal: cross-work memory copy keeps custody across a goal change and blocks a prepared result after source deletion (11973.015833ms)
✔ file-journal: source deletion after a cross-goal copied memory cancels a reserved effect before invocation (8300.111708ms)
✔ file-journal: stored model input contains recalled bodies while hiding internal custody metadata (9581.020875ms)
✔ file-journal: reopening without a knowledge validator blocks retained originals and reserved effects (5372.871625ms)
✔ file-journal: deleting another work's source while adopt commit waits quarantines the copied evidence before return (3857.898208ms)
✔ memory tools expose read cards, internal dependencies and schema-valid results (sqlite) (203.474333ms)
✔ memory tool authority intersects destination, caller and fresh trusted identity (sqlite) (135.5095ms)
✔ memory reads constrain IDs and searches to the current goal scope (sqlite) (158.109416ms)
✔ memory tools expose read cards, internal dependencies and schema-valid results (file-journal) (1689.742917ms)
✔ memory tool authority intersects destination, caller and fresh trusted identity (file-journal) (641.709542ms)
✔ memory reads constrain IDs and searches to the current goal scope (file-journal) (835.780709ms)
✔ memory tools report bounded references without bodies, including multibyte oversized references (237.590709ms)
✔ memory search distinguishes result truncation and index errors from complete absence (257.425292ms)
✔ memory tools discard a copied card when trusted-owner changes during a repository wait (127.628459ms)
✔ memory tools discard a copied card when work-owner changes during a repository wait (177.414375ms)
✔ memory tools discard a copied card when caller-labels changes during a repository wait (155.282917ms)
✔ memory tools discard a copied card when work-labels changes during a repository wait (171.053458ms)
✔ memory tools discard a copied card when goal changes during a repository wait (173.326291ms)
✔ memory tools discard a copied card when generation changes during a repository wait (177.838958ms)
✔ memory tools discard a copied card when cancel changes during a repository wait (136.9745ms)
✔ each fresh trusted actor lookup must match the work owner, including the final return check (148.836334ms)
✔ dependency validation uses current source, record and caller permissions without a stale service cache (153.76475ms)
✔ memory adapters do not mutate the caller policy and normalize invalid input and pre-abort (148.054084ms)
✔ knowledge exact lookup precedes index, Korean/English and conditional search use current sources (sqlite) (148.911458ms)
✔ knowledge exact lookup precedes index, Korean/English and conditional search use current sources (file-journal) (357.613875ms)
✔ private memory needs explicit submission and another reviewer of the exact content revision (135.805917ms)
✔ source retracted prevents direct, cached lexical and dependency reuse (136.005209ms)
✔ source restricted prevents direct, cached lexical and dependency reuse (135.040875ms)
✔ source deleted prevents direct, cached lexical and dependency reuse (112.95725ms)
✔ source corrected prevents direct, cached lexical and dependency reuse (131.75425ms)
✔ source policy prevents direct, cached lexical and dependency reuse (134.659667ms)
✔ source generation prevents direct, cached lexical and dependency reuse (129.949084ms)
✔ ancestor changes and derived memories retain source identity without inflating independent provenance (175.245666ms)
✔ review CAS prevents a reviewed draft from being silently replaced or shared after editing (157.096625ms)
✔ source or actor changes while source reads wait cannot return stale memory content (126.710209ms)
✔ a delayed candidate cache fill rechecks namespace authority before returning cards or counts (200.203416ms)
✔ index errors remain distinct from absence and rebuild never resurrects deleted or expired content (189.548875ms)
✔ SQLite reopen retains memory, review, cursor and receipts; competing writers use revision CAS (136.101375ms)
✔ source and knowledge stores close and reopen with reviewed memory and index intact (161.880125ms)
✔ bounded results report truncation only after current visibility filtering (156.149208ms)
✔ deletion while a repeated source check waits is noticed before returning the memory card (176.646125ms)
✔ source deletion after the second source snapshot cannot return its old card (172.253833ms)
✔ batch dependency fences notice an earlier card source changing while a later card is checked (204.580958ms)
✔ retracted memory can subsequently be deleted while preserving the revision and idempotency rules (173.365041ms)
✔ a pruned limited search stays partial when an unread matching candidate remains (262.672834ms)
✔ unrelated work revisions preserve semantic dependencies while changed source content does not (206.782375ms)
✔ dependency contracts reject forged fields, unsafe revisions, malformed hashes and duplicate references (167.288333ms)
✔ continuously changing coherent-read revisions stop after a bounded number of fences (201.924209ms)
✔ local evaluation: 192 pinned cases retain two families, two stores, three modes and sixteen variants without duplicate IDs (14.42675ms)
✔ local evaluation sqlite/document_comparison: simple actual workflow and read-only replay preserve one model, one tool and one delivered answer (804.91025ms)
✔ local evaluation sqlite/observation_review: simple actual workflow and read-only replay preserve one model, one tool and one delivered answer (637.042875ms)
✔ local evaluation sqlite: complex original amendments change the hypothesis and require later model assessments (1561.869417ms)
✔ local evaluation sqlite: fast limits reject a complex plan without claiming goal completion or invoking its tool (943.778375ms)
✔ local evaluation sqlite: stored_model_resume actually crosses reopen with a received response and does not invoke it again (801.058667ms)
✔ local evaluation sqlite: stored_tool_resume actually crosses reopen with a received response and does not invoke it again (630.97125ms)
✔ local evaluation sqlite: forced compact is persisted before reopen and subsequent model calls assess later originals (1402.76225ms)
✔ local evaluation sqlite: next-day reply preserves a real wait interval with no model or tool entries (942.944625ms)
✔ local evaluation sqlite: status-only keeps its recorded state unchanged with no execution or transport (157.698083ms)
✔ local evaluation sqlite: source_missing reaches the intended failure boundary and stays incomplete (904.776292ms)
✔ local evaluation sqlite: partial_result reaches the intended failure boundary and stays incomplete (2250.652333ms)
✔ local evaluation sqlite: tool_errors reaches the intended failure boundary and stays incomplete (1441.218792ms)
✔ local evaluation sqlite: model_errors reaches the intended failure boundary and stays incomplete (1646.560916ms)
✔ local evaluation sqlite: permission_revoked reaches the intended failure boundary and stays incomplete (921.955125ms)
✔ local evaluation sqlite: cancellation occurs after model entry and preserves its reported usage without a tool or answer (955.580583ms)
✔ local evaluation sqlite: requested mode change is first pending during the entered call and later applied (1115.055458ms)
✔ local evaluation sqlite: unknown result delivery produces lookup rather than a duplicate send or false completion (945.77175ms)
✔ local evaluation sqlite/document_comparison: late counterevidence is actually observed before final judgment (1774.975709ms)
✔ local evaluation sqlite/observation_review: late counterevidence is actually observed before final judgment (1931.565834ms)
✔ local evaluation file-journal/document_comparison: simple actual workflow and read-only replay preserve one model, one tool and one delivered answer (4901.336792ms)
✔ local evaluation file-journal/observation_review: simple actual workflow and read-only replay preserve one model, one tool and one delivered answer (4118.858792ms)
✔ local evaluation file-journal: complex original amendments change the hypothesis and require later model assessments (11776.013166ms)
✔ local evaluation file-journal: fast limits reject a complex plan without claiming goal completion or invoking its tool (7693.861875ms)
✔ local evaluation file-journal: stored_model_resume actually crosses reopen with a received response and does not invoke it again (5848.8355ms)
✔ local evaluation file-journal: stored_tool_resume actually crosses reopen with a received response and does not invoke it again (5272.961125ms)
✔ local evaluation file-journal: forced compact is persisted before reopen and subsequent model calls assess later originals (10979.889667ms)
✔ local evaluation file-journal: next-day reply preserves a real wait interval with no model or tool entries (6576.222709ms)
✔ local evaluation file-journal: status-only keeps its recorded state unchanged with no execution or transport (559.043541ms)
✔ local evaluation file-journal: source_missing reaches the intended failure boundary and stays incomplete (2402.225791ms)
✔ local evaluation file-journal: partial_result reaches the intended failure boundary and stays incomplete (2215.143583ms)
✔ local evaluation file-journal: tool_errors reaches the intended failure boundary and stays incomplete (1344.945333ms)
✔ local evaluation file-journal: model_errors reaches the intended failure boundary and stays incomplete (1413.525958ms)
✔ local evaluation file-journal: permission_revoked reaches the intended failure boundary and stays incomplete (778.397334ms)
✔ local evaluation file-journal: cancellation occurs after model entry and preserves its reported usage without a tool or answer (500.289875ms)
✔ local evaluation file-journal: requested mode change is first pending during the entered call and later applied (807.342667ms)
✔ local evaluation file-journal: unknown result delivery produces lookup rather than a duplicate send or false completion (606.847708ms)
✔ local evaluation file-journal/document_comparison: late counterevidence is actually observed before final judgment (1605.637708ms)
✔ local evaluation file-journal/observation_review: late counterevidence is actually observed before final judgment (2062.969541ms)
✔ sqlite: local memory tools and workspace checkpoints remain usable after profile reopen (946.065917ms)
✔ sqlite: workspace initialization failure closes state, channel and knowledge stores (229.350625ms)
✔ file-journal: local memory tools and workspace checkpoints remain usable after profile reopen (5569.975667ms)
✔ file-journal: workspace initialization failure closes state, channel and knowledge stores (148.270417ms)
✔ composition without optional memory or workspace keeps the prior tool configuration usable (211.029625ms)
✔ profile close still closes databases after a workspace close failure (212.753625ms)
✔ sqlite: accepted work, request replay, and queries stay separate from fixture execution (675.695584ms)
✔ sqlite: document question is atomic, actionable, and does not interpret reply text (695.129875ms)
✔ sqlite: current ownership, route, and disclosure gates apply to reads and mutations (276.283875ms)
✔ sqlite: web attachment observes an existing CLI primary without re-sending or changing it (488.640667ms)
✔ sqlite: goal and mode commands preserve optimistic revisions and durable idempotency (568.405625ms)
✔ sqlite: pause does not wait behind an active run and a replay cannot start another run (793.683291ms)
✔ sqlite: cancel does not wait behind an active run and a replay cannot start another run (567.199875ms)
✔ sqlite: an unfinished durable run is not repeated by the same request after restart (1235.912291ms)
✔ sqlite: a goal changed while the old run intent is acknowledged never receives that run's plan (1133.225959ms)
✔ sqlite: workflow entry rejects a stale pinned goal before recovery or execution (544.296417ms)
✔ sqlite: paged lists recheck every returned card and omit a card revoked while another is read (1885.430375ms)
✔ sqlite: at most four distinct works execute concurrently and draining admits no new mutations (2114.087542ms)
✔ file-journal: accepted work, request replay, and queries stay separate from fixture execution (4062.855458ms)
✔ file-journal: document question is atomic, actionable, and does not interpret reply text (4448.022125ms)
✔ file-journal: current ownership, route, and disclosure gates apply to reads and mutations (820.040334ms)
✔ file-journal: web attachment observes an existing CLI primary without re-sending or changing it (2584.573292ms)
✔ file-journal: goal and mode commands preserve optimistic revisions and durable idempotency (3418.586834ms)
✔ file-journal: pause does not wait behind an active run and a replay cannot start another run (3708.812458ms)
✔ file-journal: cancel does not wait behind an active run and a replay cannot start another run (1294.839917ms)
✔ file-journal: an unfinished durable run is not repeated by the same request after restart (3051.978584ms)
✔ file-journal: a goal changed while the old run intent is acknowledged never receives that run's plan (3603.07925ms)
✔ file-journal: workflow entry rejects a stale pinned goal before recovery or execution (1027.812958ms)
✔ file-journal: paged lists recheck every returned card and omit a card revoked while another is read (15119.624209ms)
✔ file-journal: at most four distinct works execute concurrently and draining admits no new mutations (11158.05275ms)
✔ cancel during input artifact read prevents transport invocation and releases the known unused token reservation (26.951291ms)
✔ goal during input artifact read prevents transport invocation and releases the known unused token reservation (12.819125ms)
✔ destination during input artifact read prevents transport invocation and releases the known unused token reservation (8.147833ms)
✔ labels during input artifact read prevents transport invocation and releases the known unused token reservation (6.513917ms)
✔ cancelling an active model sends its signal, yields promptly and settles late usage once without adopting the old plan (7.402875ms)
✔ input byte limit rejects before a durable reservation or transport call (4.69175ms)
✔ token budget rejects before a durable reservation or transport call (4.45325ms)
✔ model call budget rejects before a durable reservation or transport call (3.627541ms)
✔ model context capacity and destination policy reject input without invoking the planner (7.327375ms)
✔ concurrent reservations have one winner and duplicate execution performs one dispatch and one transport call (9.162916ms)
✔ a replacement owner waits for a reserved lease, then releases it and creates a fresh intent without repeating a transport call (10.907875ms)
✔ a recovered running lease retains uncertain cost and accepts only late accounting, never its expired plan (7.416208ms)
✔ a reply without usage keeps its reservation and prevents a further model call after rejection (5.761709ms)
✔ verified facts remain visible while hypothesis review prevents response readiness and preparation (28.429666ms)
✔ reserved, running and stored model replies cannot produce a result; accepted review resumes preparation (35.003041ms)
✔ pending model work suppresses question preparation while preserving existing obligation blockers (15.49325ms)
✔ an already prepared result is withheld during review and can be prepared again after accepted model assessment (17.381166ms)
✔ documents-simple: one model plan executes to completion with usage and no extra hypothesis call (40.966875ms)
✔ observations-simple: one model plan executes to completion with usage and no extra hypothesis call (13.912ms)
✔ late counterevidence revises the hypothesis and only the changed graph consumes a replan (54.4825ms)
✔ strict structured transport adapter feeds the same validator and execution loop without a provider SDK (12.272458ms)
✔ invalid or truncated responses cannot replace an executable plan or fabricate zero usage (8.499792ms)
✔ rejected model plans still charge exactly one call and preserve their raw response for an authorized read (9.562666ms)
✔ bookkeeping changes do not stale a response but goal and evidence changes do (13.991458ms)
✔ received model result resumes after SQLite and artifact reopen with no additional model call (410.035833ms)
✔ a new scope archives the old hypothesis in prior events and permits a fresh plan (12.774125ms)
✔ unsupported hypotheses and erased counterevidence are rejected without changing the current assessment (10.740916ms)
✔ validator feedback reaches the next model proposal and invalid plans never dispatch their tools (13.233666ms)
✔ permission revocation during reply storage preserves usage but never downgrades the model body (5.68825ms)
✔ sqlite/documents-simple: same model/tool/evidence/conversation workflow resumes on persistent state without a new model call for the stored reply (1028.403042ms)
✔ sqlite/documents-complex: same model/tool/evidence/conversation workflow resumes on persistent state without a new model call for the stored reply (2961.859208ms)
✔ sqlite/observations-simple: same model/tool/evidence/conversation workflow resumes on persistent state without a new model call for the stored reply (1216.676875ms)
✔ sqlite/observations-complex: same model/tool/evidence/conversation workflow resumes on persistent state without a new model call for the stored reply (1789.981917ms)
✔ file-journal/documents-simple: same model/tool/evidence/conversation workflow resumes on persistent state without a new model call for the stored reply (5234.63925ms)
✔ file-journal/documents-complex: same model/tool/evidence/conversation workflow resumes on persistent state without a new model call for the stored reply (9292.112167ms)
✔ file-journal/observations-simple: same model/tool/evidence/conversation workflow resumes on persistent state without a new model call for the stored reply (3887.704875ms)
✔ file-journal/observations-complex: same model/tool/evidence/conversation workflow resumes on persistent state without a new model call for the stored reply (6767.114666ms)
✔ checkpoint record: empty paged root round-trips metadata once without raw reads (6ms)
✔ checkpoint record: empty batch root round-trips metadata once without raw reads (1.1915ms)
✔ checkpoint record: multiple normal pages store references rather than repeating large bodies (11.197583ms)
✔ checkpoint record: partial batch resumes only unfinished items and preserves original successes (7.204334ms)
✔ checkpoint record: rejected source calls survive explicit resume and consume the operation call limit (1.593959ms)
✔ checkpoint record: a crashed intent becomes one unknown call and is never silently replayed (2.514916ms)
✔ checkpoint record: complete orphan resume performs no new page read or call (1.08825ms)
✔ checkpoint record: explicit stop changes only stop metadata and appends its exact base reference (0.75075ms)
✔ checkpoint record: unchanged fields and inherited dependencies cannot be dropped from an intent (2.445167ms)
✔ checkpoint record: start rejects retained history, source artifacts, and non-root identity (0.40225ms)
✔ checkpoint record: intent, settlement, and resume reject invalid request identity or time transitions (1.578459ms)
✔ checkpoint record: wrong logical digest, wrong base, extra keys, and failed source reads are rejected (1.827875ms)
✔ checkpoint record: accepted encode defers new raw body, source-ref, and dependency authentication to decode (3.318167ms)
✔ checkpoint record: conflicting artifact metadata and dropped inherited references are never encoded (0.713458ms)
✔ checkpoint record: logical checkpoint and referenced response byte limits are enforced before source I/O (0.578125ms)
✔ checkpoint record: record schema rejects more than 16 MiB of otherwise bounded root metadata (58.166875ms)
✔ checkpoint store: real v2 start/intent/settle records load the logical v1 result and preserve original bytes (220.796ms)
✔ checkpoint store: a legacy snapshot can anchor a v2 orphan resume without reissuing any raw page request (348.69875ms)
✔ checkpoint store: missing base is detected through the actual file adapter (229.774333ms)
✔ checkpoint store: tampered base is detected through the actual file adapter (263.396459ms)
✔ checkpoint store: missing raw is detected through the actual file adapter (287.882834ms)
✔ checkpoint store: tampered raw is detected through the actual file adapter (290.748292ms)
✔ checkpoint store: a base reference with tenant cannot use an otherwise readable head (467.42075ms)
✔ checkpoint store: a base reference with labels cannot use an otherwise readable head (382.496334ms)
✔ checkpoint store: a base reference with missing-index cannot use an otherwise readable head (257.304167ms)
✔ checkpoint store: a valid artifact hash cannot authenticate a forged logical digest (354.416834ms)
✔ checkpoint store: returned byte/page/checkpoint mutations cannot poison a reader cache (310.019833ms)
✔ checkpoint store: shared materialization rechecks every original and a new file instance decodes cold (262.413084ms)
✔ checkpoint store: shared materialization cannot hide a revoked or unindexed original (252.156333ms)
✔ checkpoint store: shared materialization evicts at 64-heads (3963.934292ms)
✔ checkpoint store: shared materialization evicts at 16-MiB-logical-bytes (516.860166ms)
✔ checkpoint store: eviction during a shared materialization await preserves the logical byte budget (557.856291ms)
✔ checkpoint store: an in-flight head mutation cannot seed a different artifact materialization (206.202334ms)
✔ checkpoint store: caller ref mutation cannot redirect cached-reference revalidation (203.851209ms)
✔ checkpoint store: policy snapshots and exact index entries cannot be widened or aliased by callers (232.773625ms)
✔ checkpoint store: cached originals require real exists checks and new readers cannot inherit a deleted source (204.953875ms)
✔ checkpoint store: raw source cache stays within 16 MiB and evicted sources are fetched again (506.987167ms)
✔ checkpoint store: cycles and oversized records are rejected before decoding any logical history (0.774167ms)
✔ checkpoint store: a record chain stops at 10000 records before requesting the next dependency (203.250333ms)
✔ checkpoint store: a record chain stops at 64 MiB without caching the entire traversal (38.065875ms)
✔ checkpoint store: a materialized base retains its chain byte cost for the next event (69.182458ms)
✔ checkpoint store sqlite: a legacy committed root resumes through v2 records into an authenticated public result (489.370334ms)
✔ checkpoint store file-journal: a legacy committed root resumes through v2 records into an authenticated public result (3015.132208ms)
✔ read checkpoint sqlite: a complete checkpoint survives outer-result loss and resumes without another fetch (1142.980542ms)
✔ read checkpoint sqlite: projection preserves original evidence and charges only the successor's raw response (1589.170708ms)
✔ read checkpoint sqlite: missing proof and altered payload are denied while ordinary failures remain valid (1382.957667ms)
✔ read checkpoint sqlite: an indexed forged merged page cannot replace its accepted raw response (1209.570416ms)
✔ read checkpoint sqlite: an unchanged original body cannot authorize a changed request identity (1267.145375ms)
✔ read checkpoint sqlite: losing raw-response blocks result history and copied history (1363.900708ms)
✔ read checkpoint sqlite: losing source-artifact blocks result history and copied history (1062.902958ms)
✔ read checkpoint sqlite: severing the parent's exclusive successor claim rejects the child (1032.450708ms)
✔ read checkpoint file-journal: a complete checkpoint survives outer-result loss and resumes without another fetch (3397.348375ms)
✔ read checkpoint file-journal: projection preserves original evidence and charges only the successor's raw response (4424.460083ms)
✔ read checkpoint file-journal: missing proof and altered payload are denied while ordinary failures remain valid (3531.141709ms)
✔ read checkpoint file-journal: an indexed forged merged page cannot replace its accepted raw response (4330.156916ms)
✔ read checkpoint file-journal: an unchanged original body cannot authorize a changed request identity (3416.043458ms)
✔ read checkpoint file-journal: losing raw-response blocks result history and copied history (5516.980875ms)
✔ read checkpoint file-journal: losing source-artifact blocks result history and copied history (5353.758167ms)
✔ read checkpoint file-journal: severing the parent's exclusive successor claim rejects the child (4364.813ms)
✔ read collection context: only visible current goal and scope tips survive; complete unadopted tips remain resumable (3.62375ms)
✔ read collection context: the common packet removes denied head metadata from both execution and resume projections (3.801042ms)
✔ read collection context sqlite: five compactions and reopen retain partial resume metadata without page bodies (993.7425ms)
✔ read collection context sqlite: five compactions and reopen retain complete orphan resume metadata without page bodies (1033.921416ms)
✔ read collection context file-journal: five compactions and reopen retain partial resume metadata without page bodies (4194.180375ms)
✔ read collection context file-journal: five compactions and reopen retain complete orphan resume metadata without page bodies (3714.225834ms)
✔ read collection context sqlite: lost derived frame regenerates while lost original raw response blocks context and recovery (370.902ms)
✔ read collection context file-journal: lost derived frame regenerates while lost original raw response blocks context and recovery (1791.852292ms)
✔ read collection context sqlite: source gate rejects omitted, altered, and canonically inconsistent resume metadata (273.004125ms)
✔ read collection context file-journal: source gate rejects omitted, altered, and canonically inconsistent resume metadata (999.852125ms)
✔ read collection context sqlite: resume metadata is mandatory input and cannot be evicted to satisfy a smaller byte budget (231.86725ms)
✔ read collection context file-journal: resume metadata is mandatory input and cannot be evicted to satisfy a smaller byte budget (678.941708ms)
✔ read collection context sqlite: source lifecycle change during checkpoint read prevents staged frame publication (242.084542ms)
✔ read collection context file-journal: source lifecycle change during checkpoint read prevents staged frame publication (914.894125ms)
✔ read collection context sqlite: contract change during derived resume put is checked before return (277.845208ms)
✔ read collection context sqlite: original change during derived resume put is checked before return (325.258667ms)
✔ read collection context file-journal: contract change during derived resume put is checked before return (1203.356416ms)
✔ read collection context file-journal: original change during derived resume put is checked before return (823.910584ms)
✔ read collection context sqlite: completed adopted output retains original proof requirements after leaving the resume list (270.923541ms)
✔ read collection context file-journal: completed adopted output retains original proof requirements after leaving the resume list (1439.217375ms)
✔ read collection context sqlite: raw loss during frame staging suppresses completed adopted copies (305.096292ms)
✔ read collection context file-journal: raw loss during frame staging suppresses completed adopted copies (1189.9945ms)
✔ collection I/O sqlite documents-simple: 4 pages retain semantics across reads, copying and reopening (2517.234458ms)
ℹ {"adapter":"sqlite","family":"documents-simple","pages":4,"sourceCalls":4,"resultSignature":"ca3cbf4a810188e565397de9b01c666596d3bfd519841b869c91c2e4ca1eaa0c","stages":[{"name":"collect","get":114,"exists":202,"put":14,"returnedBodyBytes":171997,"stateReads":194,"receipts":30,"commits":14,"physicalBodyBytes":485558},{"name":"checkpointRead","get":13,"exists":12,"put":0,"returnedBodyBytes":18362,"stateReads":4,"receipts":1,"commits":0,"physicalBodyBytes":35757},{"name":"callsGet","get":41,"exists":96,"put":1,"returnedBodyBytes":84792,"stateReads":36,"receipts":10,"commits":5,"physicalBodyBytes":314778},{"name":"contextPrepare","get":70,"exists":50,"put":1,"returnedBodyBytes":188989,"stateReads":35,"receipts":7,"commits":0,"physicalBodyBytes":288275},{"name":"reopenAndPrepare","get":83,"exists":62,"put":1,"returnedBodyBytes":207351,"stateReads":39,"receipts":8,"commits":0,"physicalBodyBytes":324032}]}
✔ collection I/O sqlite documents-simple: 8 pages retain semantics across reads, copying and reopening (3064.626417ms)
ℹ {"adapter":"sqlite","family":"documents-simple","pages":8,"sourceCalls":8,"resultSignature":"c223661cc27ac8f18d90094013769634188fab210c6fa1531b423635c1ef5c84","stages":[{"name":"collect","get":318,"exists":590,"put":26,"returnedBodyBytes":470387,"stateReads":330,"receipts":46,"commits":22,"physicalBodyBytes":1357149},{"name":"checkpointRead","get":25,"exists":24,"put":0,"returnedBodyBytes":35235,"stateReads":4,"receipts":1,"commits":0,"physicalBodyBytes":69502},{"name":"callsGet","get":77,"exists":180,"put":1,"returnedBodyBytes":162709,"stateReads":36,"receipts":10,"commits":5,"physicalBodyBytes":606344},{"name":"contextPrepare","get":130,"exists":98,"put":1,"returnedBodyBytes":354351,"stateReads":35,"receipts":7,"commits":0,"physicalBodyBytes":548423},{"name":"reopenAndPrepare","get":155,"exists":122,"put":1,"returnedBodyBytes":389586,"stateReads":39,"receipts":8,"commits":0,"physicalBodyBytes":617925}]}
✔ collection I/O sqlite documents-simple: 16 pages retain semantics across reads, copying and reopening (5169.819583ms)
ℹ {"adapter":"sqlite","family":"documents-simple","pages":16,"sourceCalls":16,"resultSignature":"ab9d2af3b8ec8ae6983b1b42f01fae55eaa9771ae3f0271537f2a91d7e4ef676","stages":[{"name":"collect","get":1014,"exists":1942,"put":50,"returnedBodyBytes":1473478,"stateReads":602,"receipts":78,"commits":38,"physicalBodyBytes":4319151},{"name":"checkpointRead","get":49,"exists":48,"put":0,"returnedBodyBytes":69080,"stateReads":4,"receipts":1,"commits":0,"physicalBodyBytes":137191},{"name":"callsGet","get":149,"exists":348,"put":1,"returnedBodyBytes":318994,"stateReads":36,"receipts":10,"commits":5,"physicalBodyBytes":1191167},{"name":"contextPrepare","get":250,"exists":194,"put":1,"returnedBodyBytes":686038,"stateReads":35,"receipts":7,"commits":0,"physicalBodyBytes":1070236},{"name":"reopenAndPrepare","get":299,"exists":242,"put":1,"returnedBodyBytes":755118,"stateReads":39,"receipts":8,"commits":0,"physicalBodyBytes":1207427}]}
✔ collection I/O sqlite observations-simple: 4 pages retain semantics across reads, copying and reopening (1320.268458ms)
ℹ {"adapter":"sqlite","family":"observations-simple","pages":4,"sourceCalls":4,"resultSignature":"a6a1b857443999b7a5f4b1945b1768f00b1f58af8a2d1b7fce08ea4816c57ae5","stages":[{"name":"collect","get":114,"exists":202,"put":14,"returnedBodyBytes":172551,"stateReads":194,"receipts":30,"commits":14,"physicalBodyBytes":487152},{"name":"checkpointRead","get":13,"exists":12,"put":0,"returnedBodyBytes":18412,"stateReads":4,"receipts":1,"commits":0,"physicalBodyBytes":35857},{"name":"callsGet","get":41,"exists":96,"put":1,"returnedBodyBytes":85070,"stateReads":36,"receipts":10,"commits":5,"physicalBodyBytes":315854},{"name":"contextPrepare","get":70,"exists":50,"put":1,"returnedBodyBytes":189654,"stateReads":35,"receipts":7,"commits":0,"physicalBodyBytes":289268},{"name":"reopenAndPrepare","get":83,"exists":62,"put":1,"returnedBodyBytes":208066,"stateReads":39,"receipts":8,"commits":0,"physicalBodyBytes":325125}]}
✔ collection I/O sqlite observations-simple: 8 pages retain semantics across reads, copying and reopening (1999.717709ms)
ℹ {"adapter":"sqlite","family":"observations-simple","pages":8,"sourceCalls":8,"resultSignature":"3e066d9f43cd916245766040a04be753e4d813303fafe0d6c5edfead4c0113c9","stages":[{"name":"collect","get":318,"exists":590,"put":26,"returnedBodyBytes":471661,"stateReads":330,"receipts":46,"commits":22,"physicalBodyBytes":1360871},{"name":"checkpointRead","get":25,"exists":24,"put":0,"returnedBodyBytes":35317,"stateReads":4,"receipts":1,"commits":0,"physicalBodyBytes":69666},{"name":"callsGet","get":77,"exists":180,"put":1,"returnedBodyBytes":163211,"stateReads":36,"receipts":10,"commits":5,"physicalBodyBytes":608316},{"name":"contextPrepare","get":130,"exists":98,"put":1,"returnedBodyBytes":355572,"stateReads":35,"receipts":7,"commits":0,"physicalBodyBytes":550228},{"name":"reopenAndPrepare","get":155,"exists":122,"put":1,"returnedBodyBytes":390889,"stateReads":39,"receipts":8,"commits":0,"physicalBodyBytes":619894}]}
✔ collection I/O sqlite observations-simple: 16 pages retain semantics across reads, copying and reopening (4196.911667ms)
ℹ {"adapter":"sqlite","family":"observations-simple","pages":16,"sourceCalls":16,"resultSignature":"efdaf769faccd802339a9b0a1fb7bb1c170d5d2cfcd84df6499f8eceb676f508","stages":[{"name":"collect","get":1014,"exists":1942,"put":50,"returnedBodyBytes":1476960,"stateReads":602,"receipts":78,"commits":38,"physicalBodyBytes":4329433},{"name":"checkpointRead","get":49,"exists":48,"put":0,"returnedBodyBytes":69226,"stateReads":4,"receipts":1,"commits":0,"physicalBodyBytes":137483},{"name":"callsGet","get":149,"exists":348,"put":1,"returnedBodyBytes":319944,"stateReads":36,"receipts":10,"commits":5,"physicalBodyBytes":1194931},{"name":"contextPrepare","get":250,"exists":194,"put":1,"returnedBodyBytes":688371,"stateReads":35,"receipts":7,"commits":0,"physicalBodyBytes":1073665},{"name":"reopenAndPrepare","get":299,"exists":242,"put":1,"returnedBodyBytes":757597,"stateReads":39,"receipts":8,"commits":0,"physicalBodyBytes":1211148}]}
✔ collection I/O file-journal documents-simple: 4 pages retain semantics across reads, copying and reopening (5717.890334ms)
ℹ {"adapter":"file-journal","family":"documents-simple","pages":4,"sourceCalls":4,"resultSignature":"ca3cbf4a810188e565397de9b01c666596d3bfd519841b869c91c2e4ca1eaa0c","stages":[{"name":"collect","get":114,"exists":202,"put":14,"returnedBodyBytes":171997,"stateReads":194,"receipts":30,"commits":14,"physicalBodyBytes":485558},{"name":"checkpointRead","get":13,"exists":12,"put":0,"returnedBodyBytes":18362,"stateReads":4,"receipts":1,"commits":0,"physicalBodyBytes":35757},{"name":"callsGet","get":41,"exists":96,"put":1,"returnedBodyBytes":84792,"stateReads":36,"receipts":10,"commits":5,"physicalBodyBytes":314778},{"name":"contextPrepare","get":70,"exists":50,"put":1,"returnedBodyBytes":188989,"stateReads":35,"receipts":7,"commits":0,"physicalBodyBytes":288275},{"name":"reopenAndPrepare","get":83,"exists":62,"put":1,"returnedBodyBytes":207351,"stateReads":39,"receipts":8,"commits":0,"physicalBodyBytes":324032}]}
✔ collection I/O file-journal documents-simple: 8 pages retain semantics across reads, copying and reopening (8705.674583ms)
ℹ {"adapter":"file-journal","family":"documents-simple","pages":8,"sourceCalls":8,"resultSignature":"c223661cc27ac8f18d90094013769634188fab210c6fa1531b423635c1ef5c84","stages":[{"name":"collect","get":318,"exists":590,"put":26,"returnedBodyBytes":470387,"stateReads":330,"receipts":46,"commits":22,"physicalBodyBytes":1357149},{"name":"checkpointRead","get":25,"exists":24,"put":0,"returnedBodyBytes":35235,"stateReads":4,"receipts":1,"commits":0,"physicalBodyBytes":69502},{"name":"callsGet","get":77,"exists":180,"put":1,"returnedBodyBytes":162709,"stateReads":36,"receipts":10,"commits":5,"physicalBodyBytes":606344},{"name":"contextPrepare","get":130,"exists":98,"put":1,"returnedBodyBytes":354351,"stateReads":35,"receipts":7,"commits":0,"physicalBodyBytes":548423},{"name":"reopenAndPrepare","get":155,"exists":122,"put":1,"returnedBodyBytes":389586,"stateReads":39,"receipts":8,"commits":0,"physicalBodyBytes":617925}]}
✔ collection I/O file-journal documents-simple: 16 pages retain semantics across reads, copying and reopening (16194.638ms)
ℹ {"adapter":"file-journal","family":"documents-simple","pages":16,"sourceCalls":16,"resultSignature":"ab9d2af3b8ec8ae6983b1b42f01fae55eaa9771ae3f0271537f2a91d7e4ef676","stages":[{"name":"collect","get":1014,"exists":1942,"put":50,"returnedBodyBytes":1473478,"stateReads":602,"receipts":78,"commits":38,"physicalBodyBytes":4319151},{"name":"checkpointRead","get":49,"exists":48,"put":0,"returnedBodyBytes":69080,"stateReads":4,"receipts":1,"commits":0,"physicalBodyBytes":137191},{"name":"callsGet","get":149,"exists":348,"put":1,"returnedBodyBytes":318994,"stateReads":36,"receipts":10,"commits":5,"physicalBodyBytes":1191167},{"name":"contextPrepare","get":250,"exists":194,"put":1,"returnedBodyBytes":686038,"stateReads":35,"receipts":7,"commits":0,"physicalBodyBytes":1070236},{"name":"reopenAndPrepare","get":299,"exists":242,"put":1,"returnedBodyBytes":755118,"stateReads":39,"receipts":8,"commits":0,"physicalBodyBytes":1207427}]}
✔ collection I/O file-journal observations-simple: 4 pages retain semantics across reads, copying and reopening (7045.404375ms)
ℹ {"adapter":"file-journal","family":"observations-simple","pages":4,"sourceCalls":4,"resultSignature":"a6a1b857443999b7a5f4b1945b1768f00b1f58af8a2d1b7fce08ea4816c57ae5","stages":[{"name":"collect","get":114,"exists":202,"put":14,"returnedBodyBytes":172551,"stateReads":194,"receipts":30,"commits":14,"physicalBodyBytes":487152},{"name":"checkpointRead","get":13,"exists":12,"put":0,"returnedBodyBytes":18412,"stateReads":4,"receipts":1,"commits":0,"physicalBodyBytes":35857},{"name":"callsGet","get":41,"exists":96,"put":1,"returnedBodyBytes":85070,"stateReads":36,"receipts":10,"commits":5,"physicalBodyBytes":315854},{"name":"contextPrepare","get":70,"exists":50,"put":1,"returnedBodyBytes":189654,"stateReads":35,"receipts":7,"commits":0,"physicalBodyBytes":289268},{"name":"reopenAndPrepare","get":83,"exists":62,"put":1,"returnedBodyBytes":208066,"stateReads":39,"receipts":8,"commits":0,"physicalBodyBytes":325125}]}
✔ collection I/O file-journal observations-simple: 8 pages retain semantics across reads, copying and reopening (9434.216292ms)
ℹ {"adapter":"file-journal","family":"observations-simple","pages":8,"sourceCalls":8,"resultSignature":"3e066d9f43cd916245766040a04be753e4d813303fafe0d6c5edfead4c0113c9","stages":[{"name":"collect","get":318,"exists":590,"put":26,"returnedBodyBytes":471661,"stateReads":330,"receipts":46,"commits":22,"physicalBodyBytes":1360871},{"name":"checkpointRead","get":25,"exists":24,"put":0,"returnedBodyBytes":35317,"stateReads":4,"receipts":1,"commits":0,"physicalBodyBytes":69666},{"name":"callsGet","get":77,"exists":180,"put":1,"returnedBodyBytes":163211,"stateReads":36,"receipts":10,"commits":5,"physicalBodyBytes":608316},{"name":"contextPrepare","get":130,"exists":98,"put":1,"returnedBodyBytes":355572,"stateReads":35,"receipts":7,"commits":0,"physicalBodyBytes":550228},{"name":"reopenAndPrepare","get":155,"exists":122,"put":1,"returnedBodyBytes":390889,"stateReads":39,"receipts":8,"commits":0,"physicalBodyBytes":619894}]}
✔ collection I/O file-journal observations-simple: 16 pages retain semantics across reads, copying and reopening (9693.111167ms)
ℹ {"adapter":"file-journal","family":"observations-simple","pages":16,"sourceCalls":16,"resultSignature":"efdaf769faccd802339a9b0a1fb7bb1c170d5d2cfcd84df6499f8eceb676f508","stages":[{"name":"collect","get":1014,"exists":1942,"put":50,"returnedBodyBytes":1476960,"stateReads":602,"receipts":78,"commits":38,"physicalBodyBytes":4329433},{"name":"checkpointRead","get":49,"exists":48,"put":0,"returnedBodyBytes":69226,"stateReads":4,"receipts":1,"commits":0,"physicalBodyBytes":137483},{"name":"callsGet","get":149,"exists":348,"put":1,"returnedBodyBytes":319944,"stateReads":36,"receipts":10,"commits":5,"physicalBodyBytes":1194931},{"name":"contextPrepare","get":250,"exists":194,"put":1,"returnedBodyBytes":688371,"stateReads":35,"receipts":7,"commits":0,"physicalBodyBytes":1073665},{"name":"reopenAndPrepare","get":299,"exists":242,"put":1,"returnedBodyBytes":757597,"stateReads":39,"receipts":8,"commits":0,"physicalBodyBytes":1211148}]}
✔ read collection: bounded batch keeps original observations and input objects independent (5.248916ms)
✔ read collection: explicit retries request every unfinished key and advance only when the original page is complete (2.615625ms)
✔ read collection: extra cannot satisfy a trusted batch manifest (0.380333ms)
✔ read collection: missing cannot satisfy a trusted batch manifest (0.112459ms)
✔ read collection: wrong-digest cannot satisfy a trusted batch manifest (0.118959ms)
✔ read collection: duplicate-expected cannot satisfy a trusted batch manifest (0.103333ms)
✔ read collection: duplicate-item cannot satisfy a trusted batch manifest (0.103666ms)
✔ read collection: retry rejects successful-item instead of overwriting successful observations (0.390458ms)
✔ read collection: retry rejects missing-unfinished instead of overwriting successful observations (0.378834ms)
✔ read collection: retry rejects changed-digest instead of overwriting successful observations (0.394583ms)
✔ read collection: pending retry binds snapshot to its original source page (0.520958ms)
✔ read collection: pending retry binds cursor to its original source page (0.579417ms)
✔ read collection: pending retry binds nextCursor to its original source page (0.291583ms)
✔ read collection: pending retry binds totalItems to its original source page (0.227542ms)
✔ read collection: pending retry binds exhausted to its original source page (0.238708ms)
✔ read collection: pending retry binds requestId to its original source page (0.2375ms)
✔ read collection: an explicit retry cannot omit a key in the request or reuse the last request identity (0.750333ms)
✔ read collection: accepted request history survives replaced pending IDs and is checked on restore (0.653417ms)
✔ read collection: a nonretryable error preserves the pending observations but forbids resume (0.189167ms)
✔ read collection: retries consume the operation call limit without advancing page count (0.28075ms)
✔ read collection: declared totals count unique logical items and may become known on the final page (0.231667ms)
✔ read collection: a known total stays binding when a later response omits it (0.200166ms)
✔ read collection: repeated IDs cannot create another item even with a different digest (0.120792ms)
✔ read collection: cursor loops and snapshot changes are rejected across finalized pages (0.266166ms)
✔ read collection: empty pages may progress with new cursors and a complete empty collection is valid (0.138917ms)
✔ read collection: page, item and batch bounds stop further requests without truncation (0.214833ms)
✔ read collection: response and checkpoint limits use exact UTF-8 byte lengths (0.309666ms)
✔ read collection: each raw retry is byte-bounded while the merged logical page uses the checkpoint bound (0.208833ms)
✔ read collection: restored projection corruption is rejected before producing a request (0.278041ms)
✔ read collection: restored cursor-chain corruption is rejected before producing a request (0.152167ms)
✔ read collection: restored calls corruption is rejected before producing a request (0.161583ms)
✔ read collection: restored completed-pending corruption is rejected before producing a request (0.122625ms)
✔ read collection: restored manifest corruption is rejected before producing a request (0.128667ms)
✔ read collection: strict schemas reject false completion, fabricated not-run output and invalid budgets (0.53775ms)
✔ read collection: usage overflow and dependency overflow fail without dropping earlier accounting or custody (1.098458ms)
✔ durable collections sqlite: a process crash after intent becomes an unknown call on explicit resume (772.169333ms)
✔ durable collections sqlite: a batch retries only unfinished manifest items after reopening (878.62975ms)
✔ durable collections sqlite: source failures consume the persisted call budget across explicit retries (987.865166ms)
✔ durable collections sqlite: a source that answers after cancellation cannot commit its late page (242.870041ms)
✔ durable collections sqlite: policy revocation while the source waits suppresses the response (310.127833ms)
✔ durable collections file-journal: a process crash after intent becomes an unknown call on explicit resume (3057.979208ms)
✔ durable collections file-journal: a batch retries only unfinished manifest items after reopening (3700.808333ms)
✔ durable collections file-journal: source failures consume the persisted call budget across explicit retries (5023.881042ms)
✔ durable collections file-journal: a source that answers after cancellation cannot commit its late page (1494.71875ms)
✔ durable collections file-journal: policy revocation while the source waits suppresses the response (1278.933375ms)
✔ durable collections: query cannot resume a checkpoint under a changed contract (520.112459ms)
✔ durable collections: fresh cannot resume a checkpoint under a changed contract (373.0775ms)
✔ durable collections: same-task-id cannot resume a checkpoint under a changed contract (418.632834ms)
✔ durable collections: policy cannot resume a checkpoint under a changed contract (513.230083ms)
✔ durable collections: goal cannot resume a checkpoint under a changed contract (492.655791ms)
✔ durable collections: generation cannot resume a checkpoint under a changed contract (557.11475ms)
✔ durable collections sqlite documents-simple: complete pages advance automatically and survive reopening (751.913875ms)
✔ durable collections sqlite documents-simple: partial stops until a new task explicitly resumes after reopening (1247.692208ms)
✔ durable collections sqlite observations-simple: complete pages advance automatically and survive reopening (813.810917ms)
✔ durable collections sqlite observations-simple: partial stops until a new task explicitly resumes after reopening (1140.200166ms)
✔ durable collections file-journal documents-simple: complete pages advance automatically and survive reopening (3299.021334ms)
✔ durable collections file-journal documents-simple: partial stops until a new task explicitly resumes after reopening (5798.765708ms)
✔ durable collections file-journal observations-simple: complete pages advance automatically and survive reopening (3295.60425ms)
✔ durable collections file-journal observations-simple: partial stops until a new task explicitly resumes after reopening (6217.949958ms)
✔ state-based packet retains counterevidence, obligations and original references without raw history or a state mutation (32.252584ms)
✔ old and forged packets cannot reverse a goal change, cancellation or budget (11.037542ms)
✔ separate SQLite/artifact instances reconstruct packets and regenerate missing or corrupt derived blobs (236.152042ms)
✔ missing original is reported by id and cannot be hidden by a valid prior packet (5.981125ms)
✔ reconstruction rechecks a goal change committed while the packet is being saved (6.033334ms)
✔ snapshot retries mixed state/event/outbox revisions and rejects broken event history (5.687375ms)
✔ untrusted packet dimensions, tool revision changes and a foreign work packet never authorize reuse (8.960584ms)
✔ resume requires the work owner and full runtime view; revoked history is never relabelled (5.688416ms)
✔ packet size limit refuses the whole projection without dropping obligations or writing a partial packet (4.119417ms)
✔ model context restores task attempts and budget but excludes model ledger and delivery bodies (6.848375ms)
✔ model context cannot relabel a revoked attempt result reference under the current policy (9.589084ms)
✔ model context refuses assessment references whose evidence metadata is no longer permitted (3.393209ms)
✔ sqlite: text originals use one verified body read and no cross-call availability cache (259.739084ms)
ℹ {"adapter":"sqlite","operation":"original","name":"original","elapsedMs":2.1256250000000136,"artifactApi":{"get":{"calls":1,"requestedBodyBytes":1733,"returnedBodyBytes":1733,"failures":0},"exists":{"calls":0,"referencedBodyBytes":0,"available":0,"unavailable":0},"put":{"calls":0,"inputBodyBytes":0,"returnedReferenceBodyBytes":0,"failures":0}},"stateApi":{"get":3,"receipt":0,"commit":0,"events":0,"recentEventMetadata":0,"deliveries":0,"workIdsForConversation":0,"conversationWorkPage":0,"runnable":0,"close":0},"physical":{"getCalls":1,"existsCalls":0,"putCalls":0,"metadataReadOperations":1,"metadataReadBytes":237,"bodyReadOperations":1,"bodyReadBytes":1733,"hashCalls":1,"hashBytes":1733,"fileWrites":0,"metadataWriteBytes":0,"bodyWriteBytes":0,"readFailures":0,"verificationFailures":0,"deniedReads":0,"writeFailures":0}}
✔ sqlite: one result materialization deduplicates repeated originals and preserves a final real verification (208.09875ms)
ℹ {"adapter":"sqlite","operation":"result","name":"result","elapsedMs":2.698041000000046,"artifactApi":{"get":{"calls":2,"requestedBodyBytes":6315,"returnedBodyBytes":6315,"failures":0},"exists":{"calls":1,"referencedBodyBytes":1733,"available":1,"unavailable":0},"put":{"calls":0,"inputBodyBytes":0,"returnedReferenceBodyBytes":0,"failures":0}},"stateApi":{"get":6,"receipt":1,"commit":0,"events":0,"recentEventMetadata":0,"deliveries":0,"workIdsForConversation":0,"conversationWorkPage":0,"runnable":0,"close":0},"physical":{"getCalls":2,"existsCalls":1,"putCalls":0,"metadataReadOperations":3,"metadataReadBytes":717,"bodyReadOperations":3,"bodyReadBytes":8048,"hashCalls":3,"hashBytes":8048,"fileWrites":0,"metadataWriteBytes":0,"bodyWriteBytes":0,"readFailures":0,"verificationFailures":0,"deniedReads":0,"writeFailures":0}}
✔ sqlite: a two-copy chain decodes and reads each dispatch once per materialization (403.648ms)
ℹ {"adapter":"sqlite","operation":"copy-chain","name":"copy-chain","elapsedMs":3.915707999999995,"artifactApi":{"get":{"calls":4,"requestedBodyBytes":16962,"returnedBodyBytes":16962,"failures":0},"exists":{"calls":1,"referencedBodyBytes":1733,"available":1,"unavailable":0},"put":{"calls":0,"inputBodyBytes":0,"returnedReferenceBodyBytes":0,"failures":0}},"stateApi":{"get":6,"receipt":3,"commit":0,"events":0,"recentEventMetadata":0,"deliveries":0,"workIdsForConversation":0,"conversationWorkPage":0,"runnable":0,"close":0},"physical":{"getCalls":4,"existsCalls":1,"putCalls":0,"metadataReadOperations":5,"metadataReadBytes":1203,"bodyReadOperations":5,"bodyReadBytes":18695,"hashCalls":5,"hashBytes":18695,"fileWrites":0,"metadataWriteBytes":0,"bodyWriteBytes":0,"readFailures":0,"verificationFailures":0,"deniedReads":0,"writeFailures":0}}
✔ sqlite: context uses verified copy materialization without rereading its dispatch pair (546.21225ms)
ℹ {"adapter":"sqlite","operation":"context","name":"context","elapsedMs":58.30508299999997,"artifactApi":{"get":{"calls":9,"requestedBodyBytes":70896,"returnedBodyBytes":70896,"failures":0},"exists":{"calls":6,"referencedBodyBytes":20428,"available":6,"unavailable":0},"put":{"calls":1,"inputBodyBytes":37961,"returnedReferenceBodyBytes":37961,"failures":0}},"stateApi":{"get":26,"receipt":6,"commit":0,"events":1,"recentEventMetadata":0,"deliveries":0,"workIdsForConversation":0,"conversationWorkPage":0,"runnable":0,"close":0},"physical":{"getCalls":9,"existsCalls":7,"putCalls":1,"metadataReadOperations":15,"metadataReadBytes":3616,"bodyReadOperations":15,"bodyReadBytes":91324,"hashCalls":17,"hashBytes":129436,"fileWrites":2,"metadataWriteBytes":244,"bodyWriteBytes":37961,"readFailures":1,"verificationFailures":1,"deniedReads":0,"writeFailures":0}}
✔ sqlite: adapter argument mutation and returned metadata cannot change private reference snapshots (350.586417ms)
✔ sqlite: cached original is rejected if deleted during a later state read (185.156333ms)
✔ sqlite: cached original is rejected if corrupted during a later state read (193.404791ms)
✔ sqlite: context rechecks metadata-reused originals after its staging await (354.4045ms)
✔ sqlite: context rechecks ordinary cached originals after staging without a calls.get copy (220.473084ms)
✔ sqlite: final cached-source check retains contract authority handling (206.599167ms)
✔ sqlite: final cached-source check retains policy authority handling (289.605375ms)
✔ sqlite: final cached-source check retains unrelated authority handling (241.783333ms)
✔ file-journal: text originals use one verified body read and no cross-call availability cache (650.874208ms)
ℹ {"adapter":"file-journal","operation":"original","name":"original","elapsedMs":21.87816599999951,"artifactApi":{"get":{"calls":1,"requestedBodyBytes":1733,"returnedBodyBytes":1733,"failures":0},"exists":{"calls":0,"referencedBodyBytes":0,"available":0,"unavailable":0},"put":{"calls":0,"inputBodyBytes":0,"returnedReferenceBodyBytes":0,"failures":0}},"stateApi":{"get":3,"receipt":0,"commit":0,"events":0,"recentEventMetadata":0,"deliveries":0,"workIdsForConversation":0,"conversationWorkPage":0,"runnable":0,"close":0},"physical":{"getCalls":1,"existsCalls":0,"putCalls":0,"metadataReadOperations":1,"metadataReadBytes":237,"bodyReadOperations":1,"bodyReadBytes":1733,"hashCalls":1,"hashBytes":1733,"fileWrites":0,"metadataWriteBytes":0,"bodyWriteBytes":0,"readFailures":0,"verificationFailures":0,"deniedReads":0,"writeFailures":0}}
✔ file-journal: one result materialization deduplicates repeated originals and preserves a final real verification (594.872542ms)
ℹ {"adapter":"file-journal","operation":"result","name":"result","elapsedMs":53.19866699999966,"artifactApi":{"get":{"calls":2,"requestedBodyBytes":6315,"returnedBodyBytes":6315,"failures":0},"exists":{"calls":1,"referencedBodyBytes":1733,"available":1,"unavailable":0},"put":{"calls":0,"inputBodyBytes":0,"returnedReferenceBodyBytes":0,"failures":0}},"stateApi":{"get":6,"receipt":1,"commit":0,"events":0,"recentEventMetadata":0,"deliveries":0,"workIdsForConversation":0,"conversationWorkPage":0,"runnable":0,"close":0},"physical":{"getCalls":2,"existsCalls":1,"putCalls":0,"metadataReadOperations":3,"metadataReadBytes":717,"bodyReadOperations":3,"bodyReadBytes":8048,"hashCalls":3,"hashBytes":8048,"fileWrites":0,"metadataWriteBytes":0,"bodyWriteBytes":0,"readFailures":0,"verificationFailures":0,"deniedReads":0,"writeFailures":0}}
✔ file-journal: a two-copy chain decodes and reads each dispatch once per materialization (1799.848375ms)
ℹ {"adapter":"file-journal","operation":"copy-chain","name":"copy-chain","elapsedMs":82.0453750000006,"artifactApi":{"get":{"calls":4,"requestedBodyBytes":16962,"returnedBodyBytes":16962,"failures":0},"exists":{"calls":1,"referencedBodyBytes":1733,"available":1,"unavailable":0},"put":{"calls":0,"inputBodyBytes":0,"returnedReferenceBodyBytes":0,"failures":0}},"stateApi":{"get":6,"receipt":3,"commit":0,"events":0,"recentEventMetadata":0,"deliveries":0,"workIdsForConversation":0,"conversationWorkPage":0,"runnable":0,"close":0},"physical":{"getCalls":4,"existsCalls":1,"putCalls":0,"metadataReadOperations":5,"metadataReadBytes":1203,"bodyReadOperations":5,"bodyReadBytes":18695,"hashCalls":5,"hashBytes":18695,"fileWrites":0,"metadataWriteBytes":0,"bodyWriteBytes":0,"readFailures":0,"verificationFailures":0,"deniedReads":0,"writeFailures":0}}
✔ file-journal: context uses verified copy materialization without rereading its dispatch pair (2622.332417ms)
ℹ {"adapter":"file-journal","operation":"context","name":"context","elapsedMs":452.80462499999885,"artifactApi":{"get":{"calls":9,"requestedBodyBytes":70896,"returnedBodyBytes":70896,"failures":0},"exists":{"calls":6,"referencedBodyBytes":20428,"available":6,"unavailable":0},"put":{"calls":1,"inputBodyBytes":37961,"returnedReferenceBodyBytes":37961,"failures":0}},"stateApi":{"get":26,"receipt":6,"commit":0,"events":1,"recentEventMetadata":0,"deliveries":0,"workIdsForConversation":0,"conversationWorkPage":0,"runnable":0,"close":0},"physical":{"getCalls":9,"existsCalls":7,"putCalls":1,"metadataReadOperations":15,"metadataReadBytes":3616,"bodyReadOperations":15,"bodyReadBytes":91324,"hashCalls":17,"hashBytes":129436,"fileWrites":2,"metadataWriteBytes":244,"bodyWriteBytes":37961,"readFailures":1,"verificationFailures":1,"deniedReads":0,"writeFailures":0}}
✔ file-journal: adapter argument mutation and returned metadata cannot change private reference snapshots (2096.860291ms)
✔ file-journal: cached original is rejected if deleted during a later state read (892.909666ms)
✔ file-journal: cached original is rejected if corrupted during a later state read (1002.847125ms)
✔ file-journal: context rechecks metadata-reused originals after its staging await (1889.043875ms)
✔ file-journal: context rechecks ordinary cached originals after staging without a calls.get copy (1173.796125ms)
✔ file-journal: final cached-source check retains contract authority handling (779.011834ms)
✔ file-journal: final cached-source check retains policy authority handling (621.766125ms)
✔ file-journal: final cached-source check retains unrelated authority handling (837.225208ms)
✔ resource progress: legacy and paged catalog cards share a stable preparation key independent of query and cursor metadata (5.648958ms)
✔ resource progress: exact schema loading earns a distinct credit and also records discovery so reverse-order searches add none (1.42525ms)
✔ resource progress: forged, mismatched or denied tool metadata and too-large responses do not earn preparation credit (1.192291ms)
✔ resource progress: guidance listing metadata does not reset progress and exact body loading subsumes the card (1.354292ms)
✔ resource progress: guidance body credit requires permitted manifest, matching indexed original and canonical selection identity (0.77425ms)
✔ resource progress: empty results, history/evidence reads and arbitrary new artifacts cannot fabricate preparation (0.16125ms)
✔ resource progress: replayed, reused and unadopted resource results cannot earn a new preparation key (0.22575ms)
✔ resource progress sqlite/documents-simple: default no-progress policy allows discovery, schemas and guidance before the real source (566.142834ms)
✔ resource progress sqlite/observations-simple: default no-progress policy allows discovery, schemas and guidance before the real source (545.808458ms)
✔ resource progress sqlite: repeated identical catalog preparation stops after the first credit and three empty steps (426.333084ms)
✔ resource progress sqlite: repeated identical guidance preparation stops after the first credit and three empty steps (434.765ms)
✔ resource progress sqlite: empty searches with different query and task IDs stop at the default limit (329.982958ms)
✔ resource progress file-journal/documents-simple: default no-progress policy allows discovery, schemas and guidance before the real source (3025.805208ms)
✔ resource progress file-journal/observations-simple: default no-progress policy allows discovery, schemas and guidance before the real source (3268.838416ms)
✔ resource progress file-journal: repeated identical catalog preparation stops after the first credit and three empty steps (2455.876708ms)
✔ resource progress file-journal: repeated identical guidance preparation stops after the first credit and three empty steps (2753.854167ms)
✔ resource progress file-journal: empty searches with different query and task IDs stop at the default limit (1988.945875ms)
✔ catalog filters before ranking, bounds cards, separates providers and loads only an exact schema (28.39225ms)
✔ registration snapshots reject namespace/duplicates and cannot be mutated through adapters or catalog results (11.384959ms)
✔ documents-simple: discovery and selected guidance share the execution ledger without adding evidence or permissions (47.990625ms)
✔ observations-simple: discovery and selected guidance share the execution ledger without adding evidence or permissions (29.915625ms)
✔ simple direct lookup does not load optional guidance or run a hypothesis review (12.938417ms)
✔ method selection follows contradiction, independence and response needs without model calls (11.846041ms)
✔ guidance metadata/limits do not read bodies and wrong version, tenant or applicability are rejected (9.896708ms)
✔ evidence readers distinguish protected/missing, superseded and retracted records; limits preserve provenance (10.576208ms)
✔ call result lookup stays historical after retraction and does not restore it to current evidence (11.193167ms)
✔ broker rejects calls without a committed dispatch or with another owner before reaching a tool (8.956792ms)
✔ in-flight output is not downgraded to a less restricted artifact when labels are revoked (9.737542ms)
✔ revocation after result storage settles without reading protected bytes or repeatedly getting stuck (8.770334ms)
✔ stored guidance and invocation results can be read after SQLite/artifact/source restart without source execution (332.793709ms)
✔ guidance source rejects altered content, path escape and symlink replacement (57.857958ms)
✔ model-facing evidence and call readers use the common budget without reexecuting a source or completing a changed goal (18.9715ms)
✔ sqlite: one commit and reopen retain state, all ordered events, deliveries and historical receipts (66.163ms)
✔ sqlite: duplicate and idempotency conflict precede revision conflict and preserve the first receipt (72.549792ms)
✔ sqlite: malformed commits leave all four collections unchanged, even on duplicate commands (85.536958ms)
✔ sqlite: caller mutations and mutable returned snapshots cannot rewrite persisted history (74.45325ms)
✔ sqlite: work, tenant, principal, channel and conversation identifiers remain separate (129.380416ms)
✔ sqlite: event cursors are exclusive and sequence numbers are local to each work (80.302792ms)
✔ sqlite: runnable respects exact deadline, obligation, tool and model recovery boundaries after reopen (445.714417ms)
✔ sqlite: two separate processes race on revision with exactly one atomic winning commit (152.055292ms)
✔ sqlite: two separate processes race on same-command with exactly one atomic winning commit (145.310375ms)
✔ sqlite: two separate processes race on different-digest with exactly one atomic winning commit (154.561625ms)
✔ sqlite: acknowledged commit survives SIGKILL without close and reopening replays its receipt without duplicate records (268.877042ms)
✔ file-journal: one commit and reopen retain state, all ordered events, deliveries and historical receipts (298.858833ms)
✔ file-journal: duplicate and idempotency conflict precede revision conflict and preserve the first receipt (408.070125ms)
✔ file-journal: malformed commits leave all four collections unchanged, even on duplicate commands (691.835958ms)
✔ file-journal: caller mutations and mutable returned snapshots cannot rewrite persisted history (291.021916ms)
✔ file-journal: work, tenant, principal, channel and conversation identifiers remain separate (1053.915875ms)
✔ file-journal: event cursors are exclusive and sequence numbers are local to each work (251.798333ms)
✔ file-journal: runnable respects exact deadline, obligation, tool and model recovery boundaries after reopen (2570.165ms)
✔ file-journal: two separate processes race on revision with exactly one atomic winning commit (292.7915ms)
✔ file-journal: two separate processes race on same-command with exactly one atomic winning commit (276.997916ms)
✔ file-journal: two separate processes race on different-digest with exactly one atomic winning commit (325.708917ms)
✔ file-journal: acknowledged commit survives SIGKILL without close and reopening replays its receipt without duplicate records (559.215125ms)
✔ sqlite: profile closes the opened state repository when channel initialization fails (79.908792ms)
✔ file-journal: profile closes the opened state repository when channel initialization fails (70.37825ms)
✔ sqlite/documents-simple: CLI persists backend choice across processes and prevents an accidental switch (1205.313584ms)
✔ sqlite/observations-simple: CLI persists backend choice across processes and prevents an accidental switch (1354.038333ms)
✔ file-journal/documents-simple: CLI persists backend choice across processes and prevents an accidental switch (4409.855583ms)
✔ file-journal/observations-simple: CLI persists backend choice across processes and prevents an accidental switch (3916.964458ms)
✔ legacy SQLite profile acquires metadata without losing its work or accepting a backend switch (580.823125ms)
✔ two processes choosing different backends create only one accepted profile (661.064417ms)
✔ invalid or linked profile metadata is rejected without opening a new backend (41.668666ms)
✔ memory: recent metadata is bounded at the requested revision and omits payloads without changing state (12.763417ms)
✔ memory: pages progress once per matching work across Unicode IDs and isolate the complete binding scope (6.661125ms)
✔ memory: query limits, malformed cursors and empty repositories have a defined result (6.751708ms)
✔ sqlite: recent metadata is bounded at the requested revision and omits payloads without changing state (176.296375ms)
✔ sqlite: pages progress once per matching work across Unicode IDs and isolate the complete binding scope (148.754583ms)
✔ sqlite: query limits, malformed cursors and empty repositories have a defined result (57.926167ms)
✔ file-journal: recent metadata is bounded at the requested revision and omits payloads without changing state (569.62525ms)
✔ file-journal: pages progress once per matching work across Unicode IDs and isolate the complete binding scope (1336.80625ms)
✔ file-journal: query limits, malformed cursors and empty repositories have a defined result (48.210959ms)
✔ journal: each page inspects only its directory budget and a foreign-only page still advances (795.957833ms)
✔ journal: cold, warm and external append distinguish body hashing from parsed and replayed records (449.707625ms)
✔ journal: a warm query rejects same-length after caching the complete history (156.936459ms)
✔ journal: a warm query rejects middle-delete after caching the complete history (169.011417ms)
✔ journal: a warm query rejects tail-delete after caching the complete history (144.788084ms)
✔ journal: a warm query rejects replacement after caching the complete history (219.807041ms)
✔ journal: a warm query rejects symlink after caching the complete history (199.121917ms)
✔ journal: a warm query rejects mode after caching the complete history (190.175292ms)
✔ journal: a warm query rejects header after caching the complete history (166.771916ms)
✔ journal: a warm read still fails when the directory durability fence fails (102.649583ms)
✔ journal: a normal pending-link cleanup during a warm read retries the entire record once (95.163667ms)
✔ journal: repeated record changes exhaust the bounded read retry and fail closed (136.465375ms)
✔ journal: cache accounting includes historical receipt snapshots and eviction releases record identities (226.4695ms)
✔ journal: a delayed older commit acknowledgement cannot lower a newer observed head with caching disabled (214.019041ms)
✔ sqlite: transactional migration backfills query indexes and an already open legacy writer keeps them current (115.58575ms)
✔ sqlite: migration failure rolls back schema and leaves the legacy records unchanged (135.41325ms)
✔ sqlite: reopening an intermediate v2 store rebuilds stale indexes and replaces old triggers transactionally (104.770334ms)
✔ sqlite: a failed index write rolls back canonical state, events, receipt and binding changes together (48.56625ms)
✔ sqlite: bounded query SQL selects metadata and IDs without loading event or work bodies (54.513291ms)
✔ one atomic commit stores state, events, outbox and idempotency receipt (48.829792ms)
✔ injected failure between state and event writes rolls back every record (80.50175ms)
✔ waiting state and wake obligation survive process termination after commit (232.670209ms)
✔ two independent processes cannot commit from the same stale revision (219.111917ms)
✔ structured planner accepts one strict JSON proposal and forwards identity, options and source-boundary instructions once (2.622916ms)
✔ configuration and request snapshots cannot be rewritten by caller or transport mutation (0.52375ms)
✔ input estimation includes the exact transport request and schema without invoking the transport or claiming measured usage (0.526958ms)
✔ input estimation uses the same policy and size gates as transport requests (0.594458ms)
✔ finish reasons remain distinct and never expose provider failure content or run hidden retries (0.518959ms)
✔ invalid JSON, schema, response fields and missing proposal fail without repair calls (1.02475ms)
✔ usage omission is unknown rather than zero; only independently valid safe integer fields survive invalid envelopes (1.366375ms)
✔ provider and model identity mismatch cannot masquerade as the configured adapter (0.296667ms)
✔ missing options, denied destinations and unauthorized tool schemas never reach the transport (0.464583ms)
✔ request and response limits use UTF-8 bytes and preserve valid usage on oversized responses (0.278041ms)
✔ transport exceptions become fixed errors with unknown usage and no implicit retry (0.168291ms)
✔ pre-call cancellation has no transport effect; late cancellation preserves returned usage without accepting a proposal (0.18325ms)
✔ abort-related transport rejection is cancellation with unmeasured usage (0.124167ms)
✔ invalid configurations fail with a fixed message before transport registration (0.238459ms)
✔ structured transport rejects incomplete observation pairs and reference bodies before invocation (1.1525ms)
✔ synthetic document inputs produce independently observed app facts and separate session/call usage (1.986584ms)
✔ every lease identity dimension is checked at input and a forged grant applies no input (0.447667ms)
✔ stale observation identity and focus are rejected with zero input (0.555875ms)
✔ current target uniqueness, ref, role, name, visibility and enabled state gate the actual target (0.6585ms)
✔ an expired delayed input cannot reach a new owner and old release cannot release the new lease (0.490375ms)
✔ human handoff interrupts pending input, invalidates old views and remains owned after agent release (0.181625ms)
✔ cancellation and shared deadline are rechecked after a driver delay without injecting late input (0.227208ms)
✔ wait observes late readiness using virtual condition changes and a single remaining deadline (0.466166ms)
✔ applied-but-unknown save retains its effect and exact operation replay never saves twice (0.189917ms)
✔ concurrent identical operations join while timeout injection and hook failure apply zero input (0.201458ms)
✔ bounded partial observations never expose omitted targets for action or silently exceed bytes (0.118417ms)
✔ durable synthetic contents and input counts survive reconstruction while leases and observations do not (105.517375ms)
✔ authority is required after delay and host hook, and focus is rechecked after asynchronous authorization (0.42975ms)
✔ synthetic fill accepts the shared 8192-character limit and rejects an oversized value before input (0.15025ms)
✔ sqlite: broker rechecks source knowledge after a real reuse lookup misses (127.220458ms)
✔ sqlite: legacy attempt rejects a destination replacement during beforeInvoke (112.363292ms)
✔ sqlite: legacy attempt rejects a labels replacement during beforeInvoke (99.074625ms)
✔ sqlite: legacy attempt rejects a effect replacement during beforeInvoke (84.8535ms)
✔ sqlite: legacy attempt rejects a destination replacement during reuse (99.674833ms)
✔ sqlite: legacy attempt rejects a labels replacement during reuse (115.028292ms)
✔ sqlite: legacy attempt rejects a effect replacement during reuse (116.076792ms)
✔ sqlite: an unchanged legacy attempt invokes once after asynchronous guards and a reuse miss (125.187708ms)
✔ file-journal: broker rechecks source knowledge after a real reuse lookup misses (578.75275ms)
✔ file-journal: legacy attempt rejects a destination replacement during beforeInvoke (643.961041ms)
✔ file-journal: legacy attempt rejects a labels replacement during beforeInvoke (602.899041ms)
✔ file-journal: legacy attempt rejects a effect replacement during beforeInvoke (729.782ms)
✔ file-journal: legacy attempt rejects a destination replacement during reuse (475.97575ms)
✔ file-journal: legacy attempt rejects a labels replacement during reuse (407.997041ms)
✔ file-journal: legacy attempt rejects a effect replacement during reuse (434.004917ms)
✔ file-journal: an unchanged legacy attempt invokes once after asynchronous guards and a reuse miss (526.690708ms)
✔ provider pages become visible in one publication and keep unrelated providers (13.952208ms)
✔ only a complete empty provider listing retires that provider (5.034041ms)
✔ provider partial transport failure preserves the previously published snapshot (3.6905ms)
✔ provider mixed provider revisions preserves the previously published snapshot (3.800625ms)
✔ provider cross-page duplicate preserves the previously published snapshot (2.780875ms)
✔ provider pagination cycle preserves the previously published snapshot (2.869042ms)
✔ provider wrong provider namespace preserves the previously published snapshot (2.720417ms)
✔ provider invalid namespace definition preserves the previously published snapshot (2.798958ms)
✔ provider invalid JSON schema preserves the previously published snapshot (2.992334ms)
✔ provider missing completeness cursor preserves the previously published snapshot (3.00925ms)
✔ provider undeclared partial flag preserves the previously published snapshot (3.701209ms)
✔ provider page bound preserves the previously published snapshot (2.367209ms)
✔ provider tool bound preserves the previously published snapshot (2.500583ms)
✔ provider definition byte bound preserves the previously published snapshot (2.188584ms)
✔ provider pre-cancellation makes no listing call (2.236208ms)
✔ provider abort ends an ignored-signal wait and late listing cannot publish (3.091125ms)
✔ provider abort during schema compilation still prevents publication (2.098083ms)
✔ concurrent same-provider refresh refuses an older listing after a newer publication (3.12125ms)
✔ concurrent unrelated provider refreshes both publish without reverting each other (2.415125ms)
✔ provider staging snapshots metadata and callbacks before awaiting another page (2.720458ms)
✔ catalog cursor pages reach every permitted result after 20 without duplicate or missing cards (13.987083ms)
✔ catalog cursor replay returns the same cards while allowing a smaller per-page item limit (7.609917ms)
✔ catalog cursor is bound to current query (7.414958ms)
✔ catalog cursor is bound to current tenant (7.208417ms)
✔ catalog cursor is bound to current principal (5.63625ms)
✔ catalog cursor is bound to current tools (5.900709ms)
✔ catalog cursor is bound to current labels (5.915209ms)
✔ catalog cursor is bound to current destinations (5.861167ms)
✔ catalog cursor is bound to current writes (5.282083ms)
✔ catalog cursor rejects unpublished, stale, and restarted lookup state (10.032041ms)
✔ catalog cursor expires by injected clock and bounded index eviction requires a fresh search (7.115541ms)
✔ catalog applies permissions before rank, total page size, and hasMore (5.947125ms)
✔ catalog page budgets count Unicode and the entire response envelope (2.93875ms)
✔ catalog rejects invalid bounds and keeps punctuation-only search bounded and empty (4.304167ms)
✔ catalog reuses immutable definition digests across cursor pages and refreshes after registry replacement (10.22675ms)
✔ sqlite/documents-simple: durable reuse keeps evidence identity and charges source costs once after reopen (516.868334ms)
✔ sqlite/observations-simple: durable reuse keeps evidence identity and charges source costs once after reopen (475.499417ms)
✔ file-journal/documents-simple: durable reuse keeps evidence identity and charges source costs once after reopen (3619.688334ms)
✔ file-journal/observations-simple: durable reuse keeps evidence identity and charges source costs once after reopen (3977.52875ms)
✔ sqlite: default deny and fresh request perform actual reads, unreported adapter costs stay unknown (593.2295ms)
✔ sqlite: TTL boundary makes a new read and adoption after expiry rejects an already-stored hit (488.963625ms)
✔ sqlite: a changed principal cannot reuse a result obtained under the old policy (262.936291ms)
✔ sqlite: contract changes before dispatch fail without invoking; unrelated registry changes keep a selected contract usable (257.88425ms)
✔ sqlite: a reuse clone cannot survive source custody removal in history, copies, or context (281.391834ms)
✔ sqlite: original artifact is rechecked at the adoption commit boundary (272.8915ms)
✔ sqlite: a dispatched call without a received measurement remains unknown after reopen (103.427375ms)
✔ sqlite: unsent cancellation and legacy reservation expiry do not create unknown execution costs (91.47ms)
✔ sqlite: emitted observation source contracts are checked even when that tool schema is not selected (261.804292ms)
✔ sqlite: registry removal while a context frame is staged prevents returning the prepared input (217.968083ms)
✔ file-journal: default deny and fresh request perform actual reads, unreported adapter costs stay unknown (2130.002584ms)
✔ file-journal: TTL boundary makes a new read and adoption after expiry rejects an already-stored hit (2863.868584ms)
✔ file-journal: a changed principal cannot reuse a result obtained under the old policy (1107.475292ms)
✔ file-journal: contract changes before dispatch fail without invoking; unrelated registry changes keep a selected contract usable (1226.515917ms)
✔ file-journal: a reuse clone cannot survive source custody removal in history, copies, or context (2078.662333ms)
✔ file-journal: original artifact is rechecked at the adoption commit boundary (1942.128042ms)
✔ file-journal: a dispatched call without a received measurement remains unknown after reopen (427.792875ms)
✔ file-journal: unsent cancellation and legacy reservation expiry do not create unknown execution costs (384.985833ms)
✔ file-journal: emitted observation source contracts are checked even when that tool schema is not selected (1472.813ms)
✔ file-journal: registry removal while a context frame is staged prevents returning the prepared input (521.954459ms)
✔ adapter-supplied reuse metadata cannot claim an invocation was avoided (118.7385ms)
✔ a write tool cannot declare reuse and changing freshness changes the immutable task digest (0.8295ms)
✔ tool reuse: trusted immutable defaults reuse across task IDs while preserving exact original evidence, timing and nullable usage (48.089833ms)
✔ tool reuse: untrusted-default always misses (14.571334ms)
✔ tool reuse: untrusted-request always misses (11.195083ms)
✔ tool reuse: fresh always misses (10.9175ms)
✔ tool reuse: TTL begins at original start, expires at the exact boundary, and is rechecked before adoption (12.577333ms)
✔ tool reuse: retracted source evidence is never reused (12.057584ms)
✔ tool reuse: deleted source evidence is never reused (11.703875ms)
✔ tool reuse: restricted source evidence is never reused (12.17225ms)
✔ tool reuse: corrected source evidence is never reused (10.228167ms)
✔ tool reuse: superseded source evidence is never reused (11.574ms)
✔ tool reuse: missing source evidence is never reused (9.268ms)
✔ tool reuse: contract-stamp original attempt cannot establish a cache hit (7.933708ms)
✔ tool reuse: execution-proof original attempt cannot establish a cache hit (9.408958ms)
✔ tool reuse: reused original attempt cannot establish a cache hit (8.530083ms)
✔ tool reuse: not-invoked original attempt cannot establish a cache hit (7.152959ms)
✔ tool reuse: partial original attempt cannot establish a cache hit (7.875875ms)
✔ tool reuse: unknown original attempt cannot establish a cache hit (7.306583ms)
✔ tool reuse: unadopted original attempt cannot establish a cache hit (8.781167ms)
✔ tool reuse: future original attempt cannot establish a cache hit (8.454334ms)
✔ tool reuse: full goal context changes invalidate the old key (7.781416ms)
✔ tool reuse: full goal-revision context changes invalidate the old key (6.875ms)
✔ tool reuse: full scope context changes invalidate the old key (7.926958ms)
✔ tool reuse: full owner context changes invalidate the old key (8.325917ms)
✔ tool reuse: full labels context changes invalidate the old key (8.905417ms)
✔ tool reuse: full permission context changes invalidate the old key (7.473333ms)
✔ tool reuse: changed immutable sourceVersion or schema under the same tool version invalidates pinned contracts (16.090584ms)
✔ tool reuse: a different canonical input under the same trusted definition is a cache miss (7.776958ms)
✔ tool reuse: parent retraction invalidates an unchanged derived evidence payload (9.793875ms)
✔ tool reuse: missing or damaged original bytes and oversized results are conservative misses (18.724792ms)
✔ tool reuse: a partial canonical result is not an original complete observation (8.558334ms)
✔ tool reuse: a cursor canonical result is not an original complete observation (9.459125ms)
✔ tool reuse: a reused canonical result is not an original complete observation (9.953958ms)
✔ tool reuse: a identity canonical result is not an original complete observation (8.768542ms)
✔ tool reuse: forged payloads, evidence timing, consumer identity, source stamps and accounting reports fail validation (12.532083ms)
✔ tool reuse: current source knowledge must validate and travels with the reused result (10.651334ms)
✔ tool reuse: source authority changes while canonical receipt lookup waits prevent a stale hit (10.467458ms)
✔ tool reuse: find-remove during the final state read invalidates the registry pin (8.799042ms)
✔ tool reuse: validate-source-version during the final state read invalidates the registry pin (10.1075ms)
✔ tool reuse: validate-labels during the final state read invalidates the registry pin (10.192834ms)
✔ tool result validation: proof requirement is part of the contract and missing callbacks reject registration atomically (14.039ms)
✔ tool result validation: assigning new fields or callback on the original adapter cannot alter a registered proof (7.888875ms)
✔ tool result validation: provider callback receives detached state and result values (4.668083ms)
✔ tool result validation: same-version replacement while awaiting a proof invalidates the pending answer (3.560042ms)
✔ tool result validation: removal or unrelated provider refresh has the correct registration scope (6.72925ms)
✔ tool result validation: legacy tools retain optional validation and rejected or malformed proofs fail closed (14.619083ms)
✔ Web HTTP → stored workflow → restart is readonly (sqlite) (1046.201083ms)
✔ Web HTTP → stored workflow → restart is readonly (file-journal) (6972.343333ms)
✔ web session is one-time, per-instance, HttpOnly; reload and static reads never execute (42.456292ms)
✔ web Host, Origin, Fetch Metadata, CSRF and strict JSON reject before controller entry (18.187625ms)
✔ web exact assets, methods and cursor options do not expose files or internal errors (16.940291ms)
✔ web session expiry during body blocks mutation entry, logout blocks late view payload (26.89675ms)
✔ web bootstrap expires and authenticated request rate has a finite window (359.803625ms)
✔ web SSE emits projection changes at same revision, reconnect is readonly, denial closes (3034.710917ms)
✔ web SSE session revocation, stream cap and lifetime release resources (40.016625ms)
✔ closed SSE keeps physical read slots until completion; reconnect cannot create unbounded reads (372.85175ms)
✔ web pending run permits independent cancel and disconnect does not call cancel (19.085625ms)
✔ browser view: same-revision source invalidation replaces a result without sorting opaque cursors (0.813167ms)
✔ browser view: unavailable invalidates pending details and unchanged cannot resurrect revoked content (0.217542ms)
✔ browser view: an accepted conversation refresh invalidates an older in-flight detail response (0.142208ms)
✔ browser view: work identity, level, revision and goal version cannot be mixed or reversed (0.210667ms)
✔ browser view: repeated message identities update in place while new goal versions have distinct identities (0.199792ms)
✔ browser view: snapshots clone data and invalidate other levels without mutating the previous view (0.117208ms)
✔ browser view: state and cursors remain isolated across two selected works (0.0715ms)
✔ browser view: history readers are not treated as pinned to the end of a scroll region (0.042208ms)
✔ browser reads: serialization starts the next request only after the prior read completes (0.206542ms)
✔ browser reads: unavailability discards already-queued old reads and a new selection has its own queue epoch (0.12325ms)
✔ browser reads: a failed read does not permanently block later explicit reads (0.700833ms)
✔ browser stream: unchanged events make no reads and a burst of changes has at most one follow-up read (0.367125ms)
✔ browser stream: an invalidated stream cannot start its queued follow-up refresh (0.531042ms)
✔ browser stream: delayed change notifications only read the current same-revision source state (0.093208ms)
✔ browser acceptance: a lost response keeps the same receipt identity for an explicit retry (0.077958ms)
✔ browser acceptance: the same receipt after a lost response produces one work in a receipt-based fake receiver (0.038667ms)
✔ browser status: stored completion is distinct from a currently invalidated result (0.026875ms)
✔ browser goal editing: changing only the description preserves the current fast mode over the original goal mode (0.099459ms)
✔ browser goal editing: a pending requested mode is preserved and its control revision is pinned (0.033541ms)
✔ browser goal editing: a control, goal or work change rejects submission without changing the input draft (0.105833ms)
✔ browser goal editing: an explicit refreshed basis retains user edits and adopts the latest requested mode (0.048209ms)
✔ progress runtime sqlite: renamed tasks share failure history and backoff survives workflow runs and reopening (475.011041ms)
✔ progress runtime sqlite: replanning cannot extend the first semantic request retry deadline (268.794084ms)
✔ progress runtime sqlite: successful empty results still stall and mode, compact, resume and reopening cannot erase that state (531.081667ms)
✔ progress runtime sqlite: a stored tool result settles atomically before allocation gates and verified completion still wins (222.427375ms)
✔ progress runtime sqlite: a stored model reply settles after reopening even when new allocations are blocked (231.865709ms)
✔ progress runtime sqlite: repeated invalid model proposals preserve one failure key and persist model backoff (790.254708ms)
✔ progress runtime sqlite: a new goal starts a new streak while preserving usage, processed history and failure deadlines (188.99775ms)
✔ progress runtime sqlite: an unknown synthetic write remains an obligation ahead of a no-progress allocation stop (281.935167ms)
✔ progress runtime file-journal: renamed tasks share failure history and backoff survives workflow runs and reopening (4121.041ms)
✔ progress runtime file-journal: replanning cannot extend the first semantic request retry deadline (1642.058416ms)
✔ progress runtime file-journal: successful empty results still stall and mode, compact, resume and reopening cannot erase that state (3274.976417ms)
✔ progress runtime file-journal: a stored tool result settles atomically before allocation gates and verified completion still wins (1353.810625ms)
✔ progress runtime file-journal: a stored model reply settles after reopening even when new allocations are blocked (1188.639792ms)
✔ progress runtime file-journal: repeated invalid model proposals preserve one failure key and persist model backoff (4278.085708ms)
✔ progress runtime file-journal: a new goal starts a new streak while preserving usage, processed history and failure deadlines (785.059541ms)
✔ progress runtime file-journal: an unknown synthetic write remains an obligation ahead of a no-progress allocation stop (882.965042ms)
✔ progress: a unique committed operation contributes once and returned state has no mutable aliases (1.042084ms)
✔ progress: permutations, repeated known keys and new operation IDs cannot fabricate productive steps (2.098792ms)
✔ progress: explicit goal epochs reset only the current streak and preserve deduplication and the original retry window (0.395541ms)
✔ progress: processed capacity saturates without evicting prior records or resetting on a new goal (0.265542ms)
✔ progress: knownKeys capacity saturates without evicting prior records or resetting on a new goal (0.178958ms)
✔ progress: repeated failures retain their first deadline and use the current backoff without extending the retry window (1.047458ms)
✔ progress: retry gate respects the work deadline and specific repeated-failure limits (0.526583ms)
✔ progress: policies remain pinned and invalid counters, times, keys or schema fields fail closed (0.6515ms)
✔ capture: a new negative observation is productive while aliases, timestamps and duplicate originals are not (3.1725ms)
✔ capture: changed facts, coverage and an authenticated original version can each carry new information (0.83675ms)
✔ capture: derived copies do not add progress or independent completion credit (0.449917ms)
✔ capture: tenant evidence cannot earn progress (0.167459ms)
✔ capture: scope evidence cannot earn progress (0.1215ms)
✔ capture: labels evidence cannot earn progress (0.103292ms)
✔ capture: retracted evidence cannot earn progress (0.094208ms)
✔ capture: deleted evidence cannot earn progress (0.091458ms)
✔ capture: blocked-artifact evidence cannot earn progress (0.255833ms)
✔ capture: a hypothesis assessment is credited once per semantic evidence basis, not per hypothesis text or evidence ID (0.424917ms)
✔ capture: no evidence or a stale hypothesis assessment earns a fresh reasoning credit (0.181333ms)
✔ capture: only satisfied obligations contribute and identity or explanation rewrites cannot repeat the credit (0.150083ms)
✔ capture: plan, task, revision, mode, usage and replay changes cannot reset a stalled work (0.149416ms)
✔ capture: trusted explicit item progress and returned state copies follow the same deduplication contract (0.080959ms)
✔ progress sqlite: reopen and duplicate commit preserve settlement counts and the first retry deadline (106.754917ms)
✔ progress file-journal: reopen and duplicate commit preserve settlement counts and the first retry deadline (199.50775ms)
✔ sqlite: page options cannot replace the trusted actor or conversation route (244.735208ms)
✔ sqlite: diagnostics uses metadata through the current revision and never requests full event payloads (544.835667ms)
✔ sqlite: a denied-only list page stops after one candidate page and continues after a detached anchor (1668.367ms)
✔ sqlite: list cursor handles expire, stay instance scoped, and are evicted without resolving all IDs (171.077792ms)
✔ file-journal: page options cannot replace the trusted actor or conversation route (778.514209ms)
✔ file-journal: diagnostics uses metadata through the current revision and never requests full event payloads (894.444792ms)
✔ file-journal: a denied-only list page stops after one candidate page and continues after a detached anchor (16341.952292ms)
✔ file-journal: list cursor handles expire, stay instance scoped, and are evicted without resolving all IDs (85.776334ms)
✔ sqlite: public CLI cursor survives process reconnect without executing or changing the work (2296.409917ms)
✔ sqlite: public CLI binds reconnect to the registered conversation and keeps the primary reply route (2422.209917ms)
✔ sqlite: delivered results disappear from the current CLI view after a goal change and explicit cancel (2502.412958ms)
✔ file-journal: public CLI cursor survives process reconnect without executing or changing the work (2829.837958ms)
✔ file-journal: public CLI binds reconnect to the registered conversation and keeps the primary reply route (4257.757958ms)
✔ file-journal: delivered results disappear from the current CLI view after a goal change and explicit cancel (4081.910458ms)
✔ public CLI rejects ambiguous view flags without printing a success response (541.658375ms)
✔ human work view labels prepared outputs and never turns unknown delivery into delivered or read (0.750917ms)
✔ human work view keeps stored completion separate from a currently invalid result (0.072917ms)
✔ human work view strips terminal controls and gives a bounded status reason without replaying diagnostics (0.087084ms)
✔ human work view makes observing another reply route explicit and keeps unchanged output quiet (0.485292ms)
✔ sqlite: empty accepted work reads and reopens without executing, writing, or sending (115.7255ms)
✔ sqlite: ownership, exact route, current read restriction, and diagnostics are distinct checks (102.766584ms)
✔ sqlite: legacy read labels also protect retained text (63.403333ms)
✔ sqlite: cursors bind level, route, actor rights, and work without moving the primary reply (122.260958ms)
✔ sqlite: verified prepared results remain distinct from pending and unknown delivery (242.027792ms)
✔ sqlite: missing source and corrupt response withhold a same-revision result before cursor matching (82.675792ms)
✔ sqlite: originals, goals, cancellation, and hypothesis review invalidate historical replies (121.796833ms)
✔ sqlite: only the current pending question is displayed and resolved questions disappear (100.928833ms)
✔ sqlite: losing a separate hypothesis basis withholds the result consistently at every view level (101.42375ms)
✔ sqlite: a derived evidence card requires every original ancestor to remain available (95.547ms)
✔ sqlite: knowledge changes reject current and repeated reads without refreshing state (68.884041ms)
✔ sqlite: revocation during artifact reads or final state checks prevents unchanged and snapshots (135.096709ms)
✔ sqlite: a disappearing original during projection is revalidated before returning a cached cursor (86.949083ms)
✔ sqlite: detail and diagnostic cards are bounded and omit raw inputs, outputs, event payloads, and controls (132.968708ms)
✔ file-journal: empty accepted work reads and reopens without executing, writing, or sending (401.852916ms)
✔ file-journal: ownership, exact route, current read restriction, and diagnostics are distinct checks (436.078458ms)
✔ file-journal: legacy read labels also protect retained text (239.934833ms)
✔ file-journal: cursors bind level, route, actor rights, and work without moving the primary reply (513.916917ms)
✔ file-journal: verified prepared results remain distinct from pending and unknown delivery (2148.408875ms)
✔ file-journal: missing source and corrupt response withhold a same-revision result before cursor matching (423.203375ms)
✔ file-journal: originals, goals, cancellation, and hypothesis review invalidate historical replies (776.348125ms)
✔ file-journal: only the current pending question is displayed and resolved questions disappear (454.70725ms)
✔ file-journal: losing a separate hypothesis basis withholds the result consistently at every view level (733.975417ms)
✔ file-journal: a derived evidence card requires every original ancestor to remain available (420.053958ms)
✔ file-journal: knowledge changes reject current and repeated reads without refreshing state (346.19875ms)
✔ file-journal: revocation during artifact reads or final state checks prevents unchanged and snapshots (617.471125ms)
✔ file-journal: a disappearing original during projection is revalidated before returning a cached cursor (525.497958ms)
✔ file-journal: detail and diagnostic cards are bounded and omit raw inputs, outputs, event payloads, and controls (549.761125ms)
✔ sqlite/documents-simple: SIGKILL at before-execution resumes from reopened stores with 1 source call(s) and one result send (1043.545083ms)
✔ sqlite/documents-simple: SIGKILL at response-before-store resumes from reopened stores with 2 source call(s) and one result send (1385.452ms)
✔ sqlite/documents-simple: SIGKILL at response-stored resumes from reopened stores with 1 source call(s) and one result send (976.889667ms)
✔ sqlite/documents-simple: SIGKILL at receiver-committed resumes from reopened stores with 1 source call(s) and one result send (900.677125ms)
✔ sqlite/observations-simple: SIGKILL at before-execution resumes from reopened stores with 1 source call(s) and one result send (879.407875ms)
✔ sqlite/observations-simple: SIGKILL at response-before-store resumes from reopened stores with 2 source call(s) and one result send (1169.370292ms)
✔ sqlite/observations-simple: SIGKILL at response-stored resumes from reopened stores with 1 source call(s) and one result send (1192.501084ms)
✔ sqlite/observations-simple: SIGKILL at receiver-committed resumes from reopened stores with 1 source call(s) and one result send (1289.984084ms)
✔ sqlite: SIGKILL after a synthetic write effect but before response storage preserves unknown and never repeats the write or claims completion (817.561416ms)
✔ file-journal/documents-simple: SIGKILL at before-execution resumes from reopened stores with 1 source call(s) and one result send (3482.993875ms)
✔ file-journal/documents-simple: SIGKILL at response-before-store resumes from reopened stores with 2 source call(s) and one result send (2093.11ms)
✔ file-journal/documents-simple: SIGKILL at response-stored resumes from reopened stores with 1 source call(s) and one result send (1163.102834ms)
✔ file-journal/documents-simple: SIGKILL at receiver-committed resumes from reopened stores with 1 source call(s) and one result send (1018.37425ms)
✔ file-journal/observations-simple: SIGKILL at before-execution resumes from reopened stores with 1 source call(s) and one result send (1395.718166ms)
✔ file-journal/observations-simple: SIGKILL at response-before-store resumes from reopened stores with 2 source call(s) and one result send (1176.125625ms)
✔ file-journal/observations-simple: SIGKILL at response-stored resumes from reopened stores with 1 source call(s) and one result send (887.709208ms)
✔ file-journal/observations-simple: SIGKILL at receiver-committed resumes from reopened stores with 1 source call(s) and one result send (1145.969ms)
✔ file-journal: SIGKILL after a synthetic write effect but before response storage preserves unknown and never repeats the write or claims completion (810.005541ms)
✔ documents-simple: restarted workflow adopts a stored model response and reaches delivered completion without another planner call (62.090875ms)
✔ observations-simple: restarted workflow adopts a stored model response and reaches delivered completion without another planner call (22.500208ms)
✔ an unknown result delivery causes bounded waiting and only one receipt lookup on the next explicit run (17.763041ms)
✔ a workflow without a planner returns a planning requirement and does not create an inferred plan (6.324875ms)
✔ workflow entry requires the full persisted execution policy rather than a narrower read-only view (5.360125ms)
✔ user cancellation between workflow steps preserves terminal state and cancels an unsent model reservation (8.704166ms)
✔ scoped actors cannot enter execution even when their current limits equal the work policy (4.326584ms)
✔ final checkpoint cannot report old completion when a goal change arrives during checkpoint storage (14.605375ms)
✔ workspace: missing or denying memory validators block file operations before workspace I/O (147.76775ms)
✔ workspace: stage rechecks memory custody after its asynchronous I/O (196.29275ms)
✔ workspace: read rechecks memory custody after its asynchronous I/O (227.848709ms)
✔ workspace: checkpoint rechecks memory custody after its asynchronous I/O (233.686958ms)
✔ workspace: restore rechecks memory custody after its asynchronous I/O (184.047459ms)
✔ workspace: cleanup rechecks memory custody after its asynchronous I/O (238.789584ms)
✔ workspace: sqlite checkpoint and byte-for-byte restore survive new state, artifact and workspace instances (397.091834ms)
✔ workspace: file-journal checkpoint and byte-for-byte restore survive new state, artifact and workspace instances (757.698583ms)
✔ workspace: identical paths are isolated by both work and attempt and ownership is checked before file access (219.051958ms)
✔ workspace: traversal, absolute, ambiguous and platform-specific paths cannot be staged (40.906292ms)
✔ workspace: repeated identical staging is idempotent and different content cannot overwrite it (125.829792ms)
✔ workspace: caller mutations after starting stage cannot change the bytes being staged (97.946166ms)
✔ workspace: two processes cannot overwrite the same staged path with different bytes (221.348125ms)
✔ workspace: artifact saved during a state change remains uncommitted and cannot replace the authoritative revision (163.564333ms)
✔ workspace: narrower actor grants never replace the stored work policy during checkpoint commit (226.095917ms)
✔ workspace: policy change during file read prevents returning previously read bytes (130.384959ms)
✔ workspace: generation change during file read prevents returning previously read bytes (79.148833ms)
✔ workspace: policy change during staging prevents a successful stale response and preserves the local file (81.788583ms)
✔ workspace: generation change during staging prevents a successful stale response and preserves the local file (94.521792ms)
✔ workspace: generation changes block even source-free checkpoints and preserve their staged files (172.062542ms)
✔ workspace: restricted is checked when restoring a checkpoint even without a generation change (198.385334ms)
✔ workspace: deleted is checked when restoring a checkpoint even without a generation change (187.892334ms)
✔ workspace: labels is checked when restoring a checkpoint even without a generation change (211.272542ms)
✔ workspace: artifact is checked when restoring a checkpoint even without a generation change (199.895083ms)
✔ workspace: lifecycle changes during artifact restore prevent files from being staged (224.619958ms)
✔ workspace: cleanup preserves files while active (131.242625ms)
✔ workspace: cleanup preserves files while unknown (135.014458ms)
✔ workspace: cleanup preserves files while obligation (181.864584ms)
✔ workspace: cleanup preserves files while uncheckpointed (102.86875ms)
✔ workspace: a file staged after cleanup inspection causes manifest conflict and remains preserved (217.248125ms)
✔ workspace: missing checkpoint content prevents cleanup of the surviving staged file (174.804959ms)
✔ workspace: a remaining lock is never stolen by staging or cleanup (124.849917ms)
✔ workspace: symlink files and replaced roots are rejected instead of reading or overwriting them (93.905333ms)
✔ workspace: content corruption and configured byte or file capacity limits fail without silent truncation (203.115083ms)
ℹ tests 1630
ℹ suites 0
ℹ pass 1630
ℹ fail 0
ℹ cancelled 0
ℹ skipped 0
ℹ todo 0
ℹ duration_ms 154884.600584

> long-horizon-runtime@0.1.0 typecheck:core
> tsc -p tsconfig.core.json


> long-horizon-runtime@0.1.0 check:architecture
> node scripts/check-architecture.mjs

{"inspected":90,"failures":[]}

> long-horizon-runtime@0.1.0 fixtures
> node dist/presentation/fixtures.js

{
  "createdAt": "2026-09-05T23:28:22.691Z",
  "node": "v24.20.0",
  "evaluation": "deterministic_contract_baseline",
  "passed": true,
  "scenarios": 4,
  "checkpoints": 22,
  "elapsedMs": 10.040417000000005,
  "actualModelCalls": 0,
  "actualToolCalls": 0,
  "actualTokenUsage": null,
  "results": [
    {
      "id": "documents-complex",
      "checks": 9,
      "passed": true
    },
    {
      "id": "documents-simple",
      "checks": 3,
      "passed": true
    },
    {
      "id": "observations-complex",
      "checks": 7,
      "passed": true
    },
    {
      "id": "observations-simple",
      "checks": 3,
      "passed": true
    }
  ]
}
