
> long-horizon-runtime@0.1.0 verify
> npm test && npm run typecheck:core && npm run check:architecture && npm run fixtures


> long-horizon-runtime@0.1.0 test
> npm run build && node --test dist/tests/*.test.js


> long-horizon-runtime@0.1.0 build
> tsc -p tsconfig.json && node scripts/record-build.mjs

✔ artifact I/O: metrics snapshots are independent and reset does not modify stored artifacts (61.162417ms)
✔ artifact I/O: first put counts its missing existence probe, exact UTF-8 hashes, and two atomic file writes (32.180167ms)
✔ artifact I/O: duplicate put verifies the existing body and performs no file writes (41.746875ms)
✔ artifact I/O: put repairs a corrupt existing object after counting the failed verification (99.696583ms)
✔ artifact I/O: get and exists each perform independent metadata, body, and integrity work under concurrent reads (61.193958ms)
✔ artifact I/O: tenant and label denials count API calls without opening or hashing files (38.729792ms)
✔ artifact I/O: missing json counts failed opens without claiming unread body bytes (56.252166ms)
✔ artifact I/O: missing blob counts failed opens without claiming unread body bytes (66.09275ms)
✔ artifact I/O: invalid metadata is a verification failure after a successful metadata read (69.284ms)
✔ artifact I/O: a metadata reference mismatch stops before body read or hashing (58.958708ms)
✔ artifact I/O: same-size tampering hashes the read body (65.265959ms)
✔ artifact I/O: length mismatch preserves the existing hash short circuit (73.232ms)
✔ artifact I/O: a body symlink remains unreadable and contributes no target bytes (91.741416ms)
✔ content, metadata and permissions survive artifact store restart (62.937375ms)
✔ same bytes under different tenant/labels never share an accessible reference (96.088042ms)
✔ corrupt bytes, missing originals, path traversal and symlink substitution are rejected (69.0325ms)
✔ artifact stored before failed state commit is reused after reopening, without dangling references (101.93675ms)
✔ execution intent and unadopted result persist independently of evidence acceptance (224.107167ms)
✔ budget crash sqlite: SIGKILL after durable child-genesis resumes one grant without Tool or Planner entry (713.304375ms)
✔ budget crash sqlite: SIGKILL after durable parent-grant resumes one grant without Tool or Planner entry (671.057459ms)
✔ budget crash sqlite: SIGKILL after durable child-activation resumes one grant without Tool or Planner entry (659.000166ms)
✔ budget crash sqlite: SIGKILL after parent-draining retains consumed usage and cancels unsent tool once (1144.448458ms)
✔ budget crash sqlite: SIGKILL after child-fence retains consumed usage and cancels unsent tool once (1146.384625ms)
✔ budget crash sqlite: SIGKILL after parent-settlement retains consumed usage and cancels unsent tool once (1205.836875ms)
✔ budget crash sqlite: SIGKILL after parent-draining retains consumed usage and cancels unsent model once (1394.973583ms)
✔ budget crash sqlite: SIGKILL after child-fence retains consumed usage and cancels unsent model once (1364.988416ms)
✔ budget crash sqlite: SIGKILL after parent-settlement retains consumed usage and cancels unsent model once (1269.59425ms)
✔ budget crash file-journal: SIGKILL after durable child-genesis resumes one grant without Tool or Planner entry (1526.286458ms)
✔ budget crash file-journal: SIGKILL after durable parent-grant resumes one grant without Tool or Planner entry (1714.853292ms)
✔ budget crash file-journal: SIGKILL after durable child-activation resumes one grant without Tool or Planner entry (1266.8215ms)
✔ budget crash file-journal: SIGKILL after parent-draining retains consumed usage and cancels unsent tool once (6248.7375ms)
✔ budget crash file-journal: SIGKILL after child-fence retains consumed usage and cancels unsent tool once (4990.423666ms)
✔ budget crash file-journal: SIGKILL after parent-settlement retains consumed usage and cancels unsent tool once (3813.883792ms)
✔ budget crash file-journal: SIGKILL after parent-draining retains consumed usage and cancels unsent model once (5074.651667ms)
✔ budget crash file-journal: SIGKILL after child-fence retains consumed usage and cancels unsent model once (4334.23625ms)
✔ budget crash file-journal: SIGKILL after parent-settlement retains consumed usage and cancels unsent model once (4935.702375ms)
✔ budget runtime sqlite: child execution settles once across duplicate creation, reconciliation and reopen without copying evidence (281.249083ms)
✔ budget runtime sqlite: parent remaining calls execute while escrow prevents parent and sibling over-allocation (351.967708ms)
✔ budget runtime sqlite: concurrent sibling grants cannot oversubscribe one parent's remaining budget (194.773125ms)
✔ budget runtime sqlite: a child's last logical tool call is consumed by an actual dispatch and cannot be minted by a new task ID (367.417042ms)
✔ budget runtime sqlite: actual model dispatch and reported tokens remain charged when its plan is rejected (279.084125ms)
✔ budget runtime sqlite: a child token cap below the estimated reservation prevents durable model allocation and transport (127.990042ms)
✔ budget runtime sqlite: revoking an unsent tool reservation fences the child and returns only unused escrow (246.876375ms)
✔ budget runtime sqlite: revoking an unsent model reservation fences the child and returns only unused escrow (235.196459ms)
✔ budget runtime sqlite: revoke retains an active model's unknown usage, then late accounting settles once without adopting its plan (520.750292ms)
✔ budget runtime sqlite: unknown write effects keep the grant outstanding after revoke and restart (346.8765ms)
✔ budget runtime sqlite: reported model overage is charged to the parent without clamping and prevents further funding (414.321333ms)
✔ budget runtime sqlite: reducing limits preserves committed charges and child deadlines while blocking new grants (342.82275ms)
✔ budget runtime sqlite: pending genesis cannot execute before funding (310.758166ms)
✔ budget runtime sqlite: pending genesis cannot execute before funding and parent cancellation wins activation (125.156417ms)
✔ budget runtime sqlite: child funding rejects broader authority, altered duplicate commands and work ID reattachment (86.486542ms)
✔ budget runtime sqlite: grant commit ACK loss resumes the same grant and child without another allocation (130.06025ms)
✔ budget runtime sqlite: activation commit ACK loss resumes the same grant and child without another allocation (124.829959ms)
✔ budget runtime sqlite: revocation during child activation installs a fence that the stale activation cannot overwrite (104.188334ms)
✔ budget runtime sqlite: revoke after tool dispatch and before entry prevents transport while keeping the logical dispatch charge (428.998417ms)
✔ budget runtime sqlite: revoke after model dispatch and before entry prevents transport while keeping the logical dispatch charge (343.39775ms)
✔ budget runtime sqlite: actual replan adoption spends the child's delegated replan allowance once (638.29275ms)
✔ budget runtime sqlite: nested child execution reconciles through both grants without double charging or copying originals (601.806083ms)
✔ budget runtime sqlite: an unfunded pending child cannot turn resume or a new goal into execution authority (239.044583ms)
✔ budget runtime sqlite: a parent goal change fences a child's previously reserved tool before entry (102.711958ms)
✔ budget runtime sqlite: a parent policy change fences a child's previously reserved tool before entry (59.018042ms)
✔ budget runtime sqlite: a parent deadline change fences a child's previously reserved tool before entry (265.01425ms)
✔ budget runtime sqlite: a partially reported model response retains known tokens and unknown reservation after revoke and reopen (339.876625ms)
✔ budget runtime sqlite: sibling overage received during a tool dispatch ACK delay prevents its actual entry despite stale parent accounting (382.466833ms)
✔ budget runtime sqlite: sibling overage received during a model dispatch ACK delay prevents its actual entry despite stale parent accounting (591.359583ms)
✔ budget runtime file-journal: child execution settles once across duplicate creation, reconciliation and reopen without copying evidence (3347.813042ms)
✔ budget runtime file-journal: parent remaining calls execute while escrow prevents parent and sibling over-allocation (2793.109583ms)
✔ budget runtime file-journal: concurrent sibling grants cannot oversubscribe one parent's remaining budget (696.1325ms)
✔ budget runtime file-journal: a child's last logical tool call is consumed by an actual dispatch and cannot be minted by a new task ID (3391.802833ms)
✔ budget runtime file-journal: actual model dispatch and reported tokens remain charged when its plan is rejected (2298.724083ms)
✔ budget runtime file-journal: a child token cap below the estimated reservation prevents durable model allocation and transport (1049.0985ms)
✔ budget runtime file-journal: revoking an unsent tool reservation fences the child and returns only unused escrow (1487.880417ms)
✔ budget runtime file-journal: revoking an unsent model reservation fences the child and returns only unused escrow (925.959333ms)
✔ budget runtime file-journal: revoke retains an active model's unknown usage, then late accounting settles once without adopting its plan (1691.610708ms)
✔ budget runtime file-journal: unknown write effects keep the grant outstanding after revoke and restart (1454.50275ms)
✔ budget runtime file-journal: reported model overage is charged to the parent without clamping and prevents further funding (1533.736708ms)
✔ budget runtime file-journal: reducing limits preserves committed charges and child deadlines while blocking new grants (2374.968459ms)
✔ budget runtime file-journal: pending genesis cannot execute before funding (1843.697833ms)
✔ budget runtime file-journal: pending genesis cannot execute before funding and parent cancellation wins activation (319.96675ms)
✔ budget runtime file-journal: child funding rejects broader authority, altered duplicate commands and work ID reattachment (351.246708ms)
✔ budget runtime file-journal: grant commit ACK loss resumes the same grant and child without another allocation (314.477ms)
✔ budget runtime file-journal: activation commit ACK loss resumes the same grant and child without another allocation (189.13875ms)
✔ budget runtime file-journal: revocation during child activation installs a fence that the stale activation cannot overwrite (386.168291ms)
✔ budget runtime file-journal: revoke after tool dispatch and before entry prevents transport while keeping the logical dispatch charge (1800.012917ms)
✔ budget runtime file-journal: revoke after model dispatch and before entry prevents transport while keeping the logical dispatch charge (1487.900209ms)
✔ budget runtime file-journal: actual replan adoption spends the child's delegated replan allowance once (3656.038833ms)
✔ budget runtime file-journal: nested child execution reconciles through both grants without double charging or copying originals (3885.732375ms)
✔ budget runtime file-journal: an unfunded pending child cannot turn resume or a new goal into execution authority (348.023875ms)
✔ budget runtime file-journal: a parent goal change fences a child's previously reserved tool before entry (1186.654416ms)
✔ budget runtime file-journal: a parent policy change fences a child's previously reserved tool before entry (1334.874333ms)
✔ budget runtime file-journal: a parent deadline change fences a child's previously reserved tool before entry (1006.920833ms)
✔ budget runtime file-journal: a partially reported model response retains known tokens and unknown reservation after revoke and reopen (1677.450042ms)
✔ budget runtime file-journal: sibling overage received during a tool dispatch ACK delay prevents its actual entry despite stale parent accounting (2332.688292ms)
✔ budget runtime file-journal: sibling overage received during a model dispatch ACK delay prevents its actual entry despite stale parent accounting (1673.273542ms)
✔ budget exposure: own usage and reservations add each dimension without charging elapsed time or unknown counts as tokens (1.628459ms)
✔ budget exposure: active and draining escrow count once even when the same child usage has already been observed (0.287875ms)
✔ budget exposure: usage above allocation and outstanding reservations remain visible in independent dimensions (0.070958ms)
✔ budget exposure: settling replaces escrow with accounted plus reserved amounts and repeated reads cannot refund twice (0.094291ms)
✔ budget exposure: unknown and partially reported model usage keeps reserved tokens even on a settled summary (3.938709ms)
✔ budget exposure: a lower parent limit preserves actual costs and reports each excess without negative remaining values (0.173083ms)
✔ budget exposure: separate grants sum but duplicate IDs and duplicate child funding records are rejected (2.759417ms)
✔ budget exposure: zero-funded grants remain explicit and cannot hide a later reported expense (0.092292ms)
✔ budget exposure: max-safe totals are exact and overflow in local, grant, aggregate or combined arithmetic fails closed (0.272208ms)
✔ budget exposure: fractional, negative, nonfinite, unsafe and missing values never become zero (0.4605ms)
✔ budget exposure: grant schema keeps authority identity strict and requires a state revision for observed or settled accounting (0.444625ms)
✔ budget exposure: parent links preserve pending, active and draining as different stored phases without conferring allocation authority (0.371583ms)
✔ budget exposure: empty and absent grant lists are equivalent while malformed and over-cap lists are rejected (72.066042ms)
✔ budget exposure: projections and strict schema copies share no mutable vectors with the ledger (0.155041ms)
✔ CLI resumes across processes, keeps conversation/work identities and separates disconnect, pause and cancel (4864.634917ms)
✔ CLI human output is reception plus result, with no internal events or ANSI: documents-simple (1154.378417ms)
✔ CLI human output is reception plus result, with no internal events or ANSI: observations-simple (1115.18125ms)
✔ CLI goal changes require an explicit revision and failures have no success JSON on stdout (1237.663042ms)
✔ CLI checkpoint is a derived reference and an old resume file does not reverse a paused work (3111.263583ms)
✔ checkpoint v2: v1 retains its exact serialized shape and rejects v2 fields (10.499666ms)
✔ checkpoint v2: an initial head preserves historical refs before any fresh observation (3.004125ms)
✔ checkpoint v2: fresh observation and input intent each require their retained reservation (0.852834ms)
✔ checkpoint v2: root identity, lifetime and bounded counters cannot be reset or enlarged (0.604125ms)
✔ checkpoint v2: a child binds its own task and policy basis to the immutable claim (0.605208ms)
✔ checkpoint v2: child actions use local indexes and cannot prepend the parent prefix or skip intent accounting (0.350958ms)
✔ checkpoint v2: inherited conditions must be observed before a successor can issue an input (0.250834ms)
✔ checkpoint v2: only verification may get a fresh read deadline after the root input deadline (3.378167ms)
✔ checkpoint v2: completing a suffix requires every own input and every condition to be confirmed (0.763125ms)
✔ checkpoint v2: zero-input completion requires a fully applied parent and fresh inheritance verification (0.383041ms)
✔ checkpoint v2: strict parsing detaches the lineage and claim without silently accepting extra capabilities (2.27825ms)
✔ sqlite: source loss during the awaited knowledge check is caught by the second resolution before input (2339.154667ms)
✔ sqlite: source-head changing inside final input authorization prevents the successor input (1794.793416ms)
✔ sqlite: reconciliation-proof changing inside final input authorization prevents the successor input (2181.733875ms)
✔ sqlite: pause changing inside final input authorization prevents the successor input (2068.776958ms)
✔ sqlite: goal changing inside final input authorization prevents the successor input (1979.880375ms)
✔ sqlite: losing a parent proof after a successful child result blocks adoption, proof consumption and compaction (3237.026625ms)
✔ sqlite: a child acquires a fresh epoch and rechecks conditions without replaying the old field input (2244.894042ms)
✔ file-journal: source loss during the awaited knowledge check is caught by the second resolution before input (11411.200167ms)
✔ file-journal: source-head changing inside final input authorization prevents the successor input (10417.492084ms)
✔ file-journal: reconciliation-proof changing inside final input authorization prevents the successor input (18326.040958ms)
✔ file-journal: pause changing inside final input authorization prevents the successor input (10508.341916ms)
✔ file-journal: goal changing inside final input authorization prevents the successor input (8320.088625ms)
✔ file-journal: losing a parent proof after a successful child result blocks adoption, proof consumption and compaction (37993.072334ms)
✔ file-journal: a child acquires a fresh epoch and rechecks conditions without replaying the old field input (16407.517209ms)
✔ continuation context sqlite: contract-seeded claim and latest parent originals survive five compactions and reopen (2323.606125ms)
✔ continuation context sqlite: a final v2 child preserves historical, entry and inherited observations through compact and reopen (1907.5355ms)
✔ continuation context sqlite: missing v2 entry reference invalidates an unchanged final child (1463.039583ms)
✔ continuation context sqlite: missing v2 inherited reference invalidates an unchanged final child (1615.519875ms)
✔ continuation context sqlite: v2 child rejects a forged canonical claim, unrelated initial basis and foreign observation owner (1467.060708ms)
✔ continuation context sqlite: v2 inherited observation loss during model_context staging prevents return (1423.144458ms)
✔ continuation context sqlite: v2 inherited observation loss during runtime_resume staging prevents return (1530.367791ms)
✔ continuation context sqlite: late malformed parent receive cannot rewrite a claimed source (1083.090833ms)
✔ continuation context sqlite: missing head fences an otherwise unchanged claim (1281.0635ms)
✔ continuation context sqlite: missing result fences an otherwise unchanged claim (1238.018333ms)
✔ continuation context sqlite: missing observation fences an otherwise unchanged claim (1252.755125ms)
✔ continuation context sqlite: corrupt parent data and invalid bounded decode never produce a resume (1009.951375ms)
✔ continuation context sqlite: original loss during model_context storage is checked before return (1061.976166ms)
✔ continuation context sqlite: original loss during runtime_resume storage is checked before return (1143.988708ms)
✔ continuation context sqlite: visibility hides a claim while obligations remain and undeclared raw fields are discarded (1168.006125ms)
✔ continuation context sqlite: unavailable continuation proof readers fail closed even without reconciliation records (1204.803667ms)
✔ continuation context file-journal: contract-seeded claim and latest parent originals survive five compactions and reopen (6918.0375ms)
✔ continuation context file-journal: a final v2 child preserves historical, entry and inherited observations through compact and reopen (6307.88975ms)
✔ continuation context file-journal: missing v2 entry reference invalidates an unchanged final child (4529.860333ms)
✔ continuation context file-journal: missing v2 inherited reference invalidates an unchanged final child (4616.071166ms)
✔ continuation context file-journal: v2 child rejects a forged canonical claim, unrelated initial basis and foreign observation owner (4014.769583ms)
✔ continuation context file-journal: v2 inherited observation loss during model_context staging prevents return (3806.103167ms)
✔ continuation context file-journal: v2 inherited observation loss during runtime_resume staging prevents return (2749.054791ms)
✔ continuation context file-journal: late malformed parent receive cannot rewrite a claimed source (3649.041208ms)
✔ continuation context file-journal: missing head fences an otherwise unchanged claim (4229.756375ms)
✔ continuation context file-journal: missing result fences an otherwise unchanged claim (2829.704083ms)
✔ continuation context file-journal: missing observation fences an otherwise unchanged claim (3143.937583ms)
✔ continuation context file-journal: corrupt parent data and invalid bounded decode never produce a resume (2092.807833ms)
✔ continuation context file-journal: original loss during model_context storage is checked before return (2798.099625ms)
✔ continuation context file-journal: original loss during runtime_resume storage is checked before return (2661.746625ms)
✔ continuation context file-journal: visibility hides a claim while obligations remain and undeclared raw fields are discarded (2709.017584ms)
✔ continuation context file-journal: unavailable continuation proof readers fail closed even without reconciliation records (3427.191375ms)
✔ computer continuation contract: optional fields leave legacy state, context and task digests unchanged (12.2075ms)
✔ computer continuation contract: control metadata cannot carry raw actions, offsets or two resume mechanisms (1.162291ms)
✔ computer continuation contract: counters, depth and mode cannot revive the action window or exceed inherited limits (15.221458ms)
✔ computer continuation planning: exact parent and proof participate in task identity, including historical plans (13.945084ms)
✔ computer continuation tools: proof metadata is mandatory and refresh cannot install an invalid or cacheable adapter (10.2205ms)
✔ computer continuation tools: resume is required exactly for marked tools and verify needs no write permission (5.505958ms)
✔ computer continuation transition: claim and a new reserved attempt plus budget must be committed together (1.074792ms)
✔ computer continuation transition: a claimed parent cannot be replaced, removed or assigned a second sibling (2.238208ms)
✔ computer continuation transition: source result, checkpoint and task identity stay immutable while the child progresses (0.548667ms)
✔ computer continuation transition: an unknown parent requires the exact settled proof and source basis (0.472458ms)
✔ computer continuation transition: a later generation inherits root limits and cannot reset counters, depth or the action deadline (0.602916ms)
✔ memory: continuation CAS admits one sibling, preserves its receipt on retry and rejects history edits atomically (9.515583ms)
✔ sqlite: continuation CAS admits one sibling, preserves its receipt on retry and rejects history edits atomically (69.843708ms)
✔ file-journal: continuation CAS admits one sibling, preserves its receipt on retry and rejects history edits atomically (761.780834ms)
✔ sqlite: SIGKILL after continuation reservation preserves one claim and executes only the existing child after restart (2994.955625ms)
✔ sqlite: SIGKILL after child observation reservation preserves spent lineage budget without replaying an unreceived observation (1811.560583ms)
✔ sqlite: SIGKILL after child Save reconciles its durable receipt and verifies depth two without repeating applied input (5986.070875ms)
✔ file-journal: SIGKILL after continuation reservation preserves one claim and executes only the existing child after restart (18869.112208ms)
✔ file-journal: SIGKILL after child observation reservation preserves spent lineage budget without replaying an unreceived observation (9330.37575ms)
✔ file-journal: SIGKILL after child Save reconciles its durable receipt and verifies depth two without repeating applied input (61394.063459ms)
✔ sqlite: an applied-unknown prefix is reconciled once and only the two remaining inputs run (4053.203166ms)
✔ sqlite: an unknown saved input is verified after the old action deadline without saving twice (2941.453417ms)
✔ sqlite: a known not-applied input may be retried once while its applied prefix remains immutable (2391.684ms)
✔ sqlite: a later value supersedes the same field's earlier condition at the continuation frontier (2784.8255ms)
✔ sqlite: changed inherited conditions stop a successor without repeating or extending the applied prefix (2451.007667ms)
✔ sqlite: concurrent reservations create at most one successor and consume one work reservation (2185.854208ms)
✔ sqlite: lineage observation and input budgets stay spent across failed successors (2636.826667ms)
✔ sqlite: a new successor cannot reset the original action deadline (1138.856458ms)
✔ file-journal: an applied-unknown prefix is reconciled once and only the two remaining inputs run (39423.499834ms)
✔ file-journal: an unknown saved input is verified after the old action deadline without saving twice (17983.875292ms)
✔ file-journal: a known not-applied input may be retried once while its applied prefix remains immutable (15761.844416ms)
✔ file-journal: a later value supersedes the same field's earlier condition at the continuation frontier (16884.533875ms)
✔ file-journal: changed inherited conditions stop a successor without repeating or extending the applied prefix (24642.861792ms)
✔ file-journal: concurrent reservations create at most one successor and consume one work reservation (19378.884625ms)
✔ file-journal: lineage observation and input budgets stay spent across failed successors (23375.174208ms)
✔ file-journal: a new successor cannot reset the original action deadline (5150.882042ms)
✔ sqlite: structurally valid continue and verify plans fail before acceptance or cost (230.544292ms)
✔ sqlite: a stored continuation plan cannot create a new attempt or budget reservation (146.239583ms)
✔ sqlite: a stored continuation reservation cannot dispatch or enter through execute (141.980083ms)
✔ sqlite: even an existing dispatch receipt cannot invoke a continuation adapter or its reuse hook (83.605583ms)
✔ file-journal: structurally valid continue and verify plans fail before acceptance or cost (696.199208ms)
✔ file-journal: a stored continuation plan cannot create a new attempt or budget reservation (980.571541ms)
✔ file-journal: a stored continuation reservation cannot dispatch or enter through execute (1000.152834ms)
✔ file-journal: even an existing dispatch receipt cannot invoke a continuation adapter or its reuse hook (789.063916ms)
✔ sqlite: continuation prepare pins only the unperformed suffix and preserves canonical state and driver input (1239.058958ms)
✔ sqlite: continuation prepare refuses legacy checkpoint counters without upgrading or resetting the original deadline (1093.004833ms)
✔ sqlite: continuation preparation rechecks canonical state after original checkpoint I/O (1086.107125ms)
✔ sqlite: continuation resolve authenticates the canonical reservation receipt and never inspects the child's checkpoint (1139.051416ms)
✔ sqlite: invalid claim graph is rejected before recursive original reads and raw proof checks never call knowledge (1223.021541ms)
✔ sqlite: missing originals install a durable blocking obligation, cancel reservations, and recover without rewriting claims (1033.296709ms)
✔ file-journal: continuation prepare pins only the unperformed suffix and preserves canonical state and driver input (5190.104875ms)
✔ file-journal: continuation prepare refuses legacy checkpoint counters without upgrading or resetting the original deadline (4914.071459ms)
✔ file-journal: continuation preparation rechecks canonical state after original checkpoint I/O (4834.798208ms)
✔ file-journal: continuation resolve authenticates the canonical reservation receipt and never inspects the child's checkpoint (3655.628375ms)
✔ file-journal: invalid claim graph is rejected before recursive original reads and raw proof checks never call knowledge (3667.984417ms)
✔ file-journal: missing originals install a durable blocking obligation, cancel reservations, and recover without rewriting claims (4653.280667ms)
✔ computer input assurance: omission keeps the old tool shape without silently adding a default to its digest (5.59325ms)
✔ computer input assurance: renderer semantics are pinned for all four tools and cannot be changed through the original driver (0.464917ms)
✔ computer input assurance: unknown profiles and proof-free declarations are rejected before any adapter call (20.086666ms)
✔ computer input assurance: a profile declaration grants neither tool permission nor arbitrary browser commands (12.317667ms)
✔ sqlite: replacing input assurance after dispatch invalidates the pinned attempt before driver entry (335.667209ms)
✔ file-journal: replacing input assurance after dispatch invalidates the pinned attempt before driver entry (1435.99475ms)
✔ computer operation contract: identity binds the requested input without copying the observed screen or mutable lease (2.486875ms)
✔ computer operation contract: every routing and action component distinguishes an otherwise reused operation id (1.914833ms)
✔ computer operation contract: strict identity retains the bounded typed-action boundary (1.347458ms)
✔ computer operation contract: receipts record a decision and never treat an unknown response as a negative effect (1.791667ms)
✔ computer operation contract: lookup cannot claim found without a receipt or turn an absent proof into not_applied (0.776291ms)
✔ SIGKILL after durable Save permits exact original receipt lookup in a new epoch without replaying input (201.135667ms)
✔ SIGKILL before Save leaves an absent receipt unknown rather than inventing a not-applied receipt (161.583167ms)
✔ sqlite: lost receive ACK preserves the committed reconciliation response and settles without another lookup (1515.269625ms)
✔ sqlite: pause during an actual driver lookup fences its late receipt while retaining the read charge and effect obligation (1118.50625ms)
✔ sqlite: goal during an actual driver lookup fences its late receipt while retaining the read charge and effect obligation (1389.175541ms)
✔ file-journal: lost receive ACK preserves the committed reconciliation response and settles without another lookup (8089.520042ms)
✔ file-journal: pause during an actual driver lookup fences its late receipt while retaining the read charge and effect obligation (5071.20575ms)
✔ file-journal: goal during an actual driver lookup fences its late receipt while retaining the read charge and effect obligation (3541.4545ms)
✔ reconciliation context sqlite: reserved metadata and original refs survive compaction and repository reopen (1582.704333ms)
✔ reconciliation context sqlite: settled metadata and original refs survive compaction and repository reopen (2253.499125ms)
✔ reconciliation context sqlite: missing proof rejects source reuse, compaction and restore (1384.740625ms)
✔ reconciliation context sqlite: corrupt proof rejects source reuse, compaction and restore (1415.961875ms)
✔ reconciliation context sqlite: proof loss during model_context staging is rejected before return (1395.389333ms)
✔ reconciliation context sqlite: proof loss during runtime_resume staging is rejected before return (1449.75025ms)
✔ reconciliation context sqlite: lifecycle and read permission changes hide the index and prevent resume without dropping the pending obligation (1376.459875ms)
✔ reconciliation context sqlite: a runtime without an effect proof reader rejects settled metadata (1259.150292ms)
✔ reconciliation context file-journal: reserved metadata and original refs survive compaction and repository reopen (4230.966792ms)
✔ reconciliation context file-journal: settled metadata and original refs survive compaction and repository reopen (14272.031417ms)
✔ reconciliation context file-journal: missing proof rejects source reuse, compaction and restore (7700.599666ms)
✔ reconciliation context file-journal: corrupt proof rejects source reuse, compaction and restore (6115.237708ms)
✔ reconciliation context file-journal: proof loss during model_context staging is rejected before return (7238.619708ms)
✔ reconciliation context file-journal: proof loss during runtime_resume staging is rejected before return (4375.077ms)
✔ reconciliation context file-journal: lifecycle and read permission changes hide the index and prevent resume without dropping the pending obligation (5091.901584ms)
✔ reconciliation context file-journal: a runtime without an effect proof reader rejects settled metadata (4895.162834ms)
✔ computer reconciliation contract: optional index preserves legacy states and contexts without adding empty metadata (8.50425ms)
✔ computer reconciliation contract: metadata remains strict and bounded without accepting raw action or duplicate ids (16.8915ms)
✔ computer reconciliation contract: received and settled require different proof stages and a timed response (0.3985ms)
✔ computer reconciliation contract: lookup outcome does not erase an earlier applied prefix or invent a known absence (0.136959ms)
✔ computer reconciliation transition: intent identity and the first response, proof, and timestamps cannot be replaced (1.674291ms)
✔ computer reconciliation transition: new records cannot skip dispatch and existing records cannot disappear or restart (1.20925ms)
✔ computer reconciliation transition: known claims remain historical even when the proof is invalidated (0.493ms)
✔ computer reconciliation transition: original task identity, result, and checkpoint remain fixed across late updates (0.898917ms)
✔ memory: reconciliation CAS retains original results, rejects rollback atomically, and preserves historical receipts (13.314875ms)
✔ sqlite: reconciliation CAS retains original results, rejects rollback atomically, and preserves historical receipts (122.642ms)
✔ file-journal: reconciliation CAS retains original results, rejects rollback atomically, and preserves historical receipts (937.862458ms)
✔ sqlite: receipt identity and driver mismatches cannot close an effect and retain the measured read (1977.670791ms)
✔ sqlite: a lease acquisition that ignores abort cannot hold cancellation or enter lookup later (917.300792ms)
✔ sqlite: a reconciled expired input keeps its intent head and null result when the original runner returns late (727.407083ms)
✔ sqlite: revoking a parent grant refunds an unused query and prevents a fresh lookup allowance (974.956041ms)
✔ file-journal: receipt identity and driver mismatches cannot close an effect and retain the measured read (8732.656333ms)
✔ file-journal: a lease acquisition that ignores abort cannot hold cancellation or enter lookup later (4257.145625ms)
✔ file-journal: a reconciled expired input keeps its intent head and null result when the original runner returns late (3858.806042ms)
✔ file-journal: revoking a parent grant refunds an unused query and prevents a fresh lookup allowance (4467.805208ms)
✔ reconciliation outbox sqlite: current proof permits one result send and delivery obligation settlement (1458.043792ms)
✔ reconciliation outbox sqlite: narrowed tool authority preserves proof validation while channel restrictions still apply (2760.727625ms)
✔ reconciliation outbox sqlite: proof loss at the same revision prevents any result transport (1290.671792ms)
✔ reconciliation outbox sqlite: proof loss defers lookup of an already sent uncertain result (1293.366417ms)
✔ reconciliation outbox sqlite: proof loss after the send claim is checked before entering the sink (1384.711ms)
✔ reconciliation outbox sqlite: proof loss in the pre-lookup artifact await prevents receipt lookup (1364.270084ms)
✔ reconciliation outbox sqlite: proof loss during send keeps the delivery unadopted without resending (1451.659125ms)
✔ reconciliation outbox sqlite: proof loss during receipt lookup cannot close the delivery obligation (1247.527125ms)
✔ reconciliation outbox sqlite: the commit guard rechecks proof after awaited artifact validation (1379.295458ms)
✔ reconciliation outbox file-journal: current proof permits one result send and delivery obligation settlement (7153.955125ms)
✔ reconciliation outbox file-journal: narrowed tool authority preserves proof validation while channel restrictions still apply (14828.062166ms)
✔ reconciliation outbox file-journal: proof loss at the same revision prevents any result transport (5104.82825ms)
✔ reconciliation outbox file-journal: proof loss defers lookup of an already sent uncertain result (7065.953084ms)
✔ reconciliation outbox file-journal: proof loss after the send claim is checked before entering the sink (7785.1805ms)
✔ reconciliation outbox file-journal: proof loss in the pre-lookup artifact await prevents receipt lookup (8481.82925ms)
✔ reconciliation outbox file-journal: proof loss during send keeps the delivery unadopted without resending (7942.571ms)
✔ reconciliation outbox file-journal: proof loss during receipt lookup cannot close the delivery obligation (9618.013792ms)
✔ reconciliation outbox file-journal: the commit guard rechecks proof after awaited artifact validation (7640.99225ms)
✔ sqlite: first verified effect settlement clears the no-progress gate and permits a read-only verification without creating evidence itself (5245.071291ms)
✔ sqlite: duplicate settle and replay of the same reconciliation command add no progress, lookup or budget use (2016.363583ms)
✔ sqlite: re-proving the same source operation after proof-read invalidation cannot earn a second progress credit (2484.475291ms)
✔ file-journal: first verified effect settlement clears the no-progress gate and permits a read-only verification without creating evidence itself (67790.749292ms)
✔ file-journal: duplicate settle and replay of the same reconciliation command add no progress, lookup or budget use (20488.644375ms)
✔ file-journal: re-proving the same source operation after proof-read invalidation cannot earn a second progress credit (25963.923083ms)
✔ sqlite: reserve command receipt is required to authenticate an otherwise intact reconciliation proof (1345.904417ms)
✔ sqlite: dispatch command receipt is required to authenticate an otherwise intact reconciliation proof (1257.518334ms)
✔ sqlite: receive command receipt is required to authenticate an otherwise intact reconciliation proof (1307.454708ms)
✔ sqlite: settle command receipt is required to authenticate an otherwise intact reconciliation proof (1218.940292ms)
✔ sqlite: concurrent identical reserve, execute, and settle calls retain one intent, one lookup charge, and one proof (1357.305041ms)
✔ file-journal: reserve command receipt is required to authenticate an otherwise intact reconciliation proof (4417.234542ms)
✔ file-journal: dispatch command receipt is required to authenticate an otherwise intact reconciliation proof (4874.596875ms)
✔ file-journal: receive command receipt is required to authenticate an otherwise intact reconciliation proof (4642.758583ms)
✔ file-journal: settle command receipt is required to authenticate an otherwise intact reconciliation proof (5477.72825ms)
✔ file-journal: concurrent identical reserve, execute, and settle calls retain one intent, one lookup charge, and one proof (4848.754042ms)
✔ sqlite: SIGKILL after reconciliation reservation preserves its owner and refunds only on expiry before an explicit new command (1652.528667ms)
✔ sqlite: SIGKILL during dispatched lookup retains unknown usage and never reissues that command across expiry (1629.789292ms)
✔ sqlite: SIGKILL after received reconciliation settles the stored timely response after lease expiry with no new lookup or input (1486.998125ms)
✔ sqlite: SIGKILL after settlement reopens a current separate proof and duplicate commands remain read-only (1652.706542ms)
✔ file-journal: SIGKILL after reconciliation reservation preserves its owner and refunds only on expiry before an explicit new command (4995.10375ms)
✔ file-journal: SIGKILL during dispatched lookup retains unknown usage and never reissues that command across expiry (5913.032ms)
✔ file-journal: SIGKILL after received reconciliation settles the stored timely response after lease expiry with no new lookup or input (4730.522917ms)
✔ file-journal: SIGKILL after settlement reopens a current separate proof and duplicate commands remain read-only (6724.00675ms)
✔ sqlite: screen result depends on the live reconciliation proof even when the state revision and previous cursor are unchanged (1429.154375ms)
✔ sqlite: proof loss during diagnostics projection withholds an already prepared result before returning a cursor (1380.386167ms)
✔ sqlite: a reader without the effect verifier cannot treat stored settled metadata as current proof (1302.825ms)
✔ file-journal: screen result depends on the live reconciliation proof even when the state revision and previous cursor are unchanged (9828.452875ms)
✔ file-journal: proof loss during diagnostics projection withholds an already prepared result before returning a cursor (7636.552875ms)
✔ file-journal: a reader without the effect verifier cannot treat stored settled metadata as current proof (7468.917708ms)
✔ sqlite: explicit reconciliation records a read response and separate effect proof without adopting or changing the original input (1185.420542ms)
✔ sqlite: recorded not-applied receipts resolve only the unknown step and preserve a prior applied prefix (1843.473166ms)
✔ sqlite: a missing driver receipt remains unresolved and repeating the same request neither repeats input nor lookup (681.474375ms)
✔ sqlite: duplicate command and execution charge one lookup while changed payload conflicts (1172.0135ms)
✔ sqlite: exhausted lookup budget refuses reservation without a driver call or a stored intent (799.191125ms)
✔ sqlite: receipt lookup requires current read authority but does not require permission to issue another input (1090.935333ms)
✔ sqlite: an expired unused reconciliation reservation is released and the same request never dispatches later (896.889125ms)
✔ sqlite: loss of a settled proof reopens the effect obligation while preserving the old receipt, claim, and original head (1176.945667ms)
✔ file-journal: explicit reconciliation records a read response and separate effect proof without adopting or changing the original input (5908.205667ms)
✔ file-journal: recorded not-applied receipts resolve only the unknown step and preserve a prior applied prefix (9091.527542ms)
✔ file-journal: a missing driver receipt remains unresolved and repeating the same request neither repeats input nor lookup (5567.292417ms)
✔ file-journal: duplicate command and execution charge one lookup while changed payload conflicts (6047.720709ms)
✔ file-journal: exhausted lookup budget refuses reservation without a driver call or a stored intent (3502.714459ms)
✔ file-journal: receipt lookup requires current read authority but does not require permission to issue another input (5990.303ms)
✔ file-journal: an expired unused reconciliation reservation is released and the same request never dispatches later (4389.10525ms)
✔ file-journal: loss of a settled proof reopens the effect obligation while preserving the old receipt, claim, and original head (6722.711459ms)
✔ computer context sqlite: five compactions and restart preserve running input metadata (609.910292ms)
✔ computer context sqlite: five compactions and restart preserve unknown input metadata (619.56025ms)
✔ computer context file-journal: five compactions and restart preserve running input metadata (2154.662625ms)
✔ computer context file-journal: five compactions and restart preserve unknown input metadata (2737.22975ms)
✔ computer context sqlite: deleted head blocks compaction, source fence and restore (238.9005ms)
✔ computer context sqlite: modified head blocks compaction, source fence and restore (247.92625ms)
✔ computer context file-journal: deleted head blocks compaction, source fence and restore (950.482833ms)
✔ computer context file-journal: modified head blocks compaction, source fence and restore (854.466584ms)
✔ computer context sqlite: mandatory input metadata cannot be evicted, altered or reassigned to a later goal (293.83025ms)
✔ computer context file-journal: mandatory input metadata cannot be evicted, altered or reassigned to a later goal (947.582334ms)
✔ computer context sqlite: head loss during model_context staging is checked before return (271.267125ms)
✔ computer context sqlite: head loss during runtime_resume staging is checked before return (253.873667ms)
✔ computer context file-journal: head loss during model_context staging is checked before return (506.618834ms)
✔ computer context file-journal: head loss during runtime_resume staging is checked before return (457.9705ms)
✔ computer context sqlite: current knowledge, source lifecycle and read permissions still fence metadata (198.470958ms)
✔ computer context file-journal: current knowledge, source lifecycle and read permissions still fence metadata (449.71575ms)
✔ computer contracts: tool inputs cannot select a driver address, add hidden actions or exceed a short batch (19.193208ms)
✔ computer contracts: malformed observations cannot acquire trustworthy refs or silently omit their usage (2.743875ms)
✔ computer contracts: a name match is insufficient when another hidden target shares that name (0.282833ms)
✔ computer contracts: a truncated view cannot prove a unique target or element condition (0.397084ms)
✔ computer contracts: byte limits count UTF-8 bytes and successful validation detaches the source (0.352459ms)
✔ computer contracts: observations cannot move backwards or switch sessions behind the same task (0.282083ms)
✔ computer contracts: conditions require explicit own values and never use prototype facts or coercion (0.101792ms)
✔ computer contracts: intent, application and observation verification cannot be collapsed into complete (2.950292ms)
✔ sqlite: a failed observation artifact write retains the driver's measured call (228.412125ms)
✔ sqlite: intent persistence failure proves no driver entry and keeps the failed step diagnostic (587.90075ms)
✔ sqlite: cancellation before driver entry settles no-input and proof revoked=false fences adoption (654.958583ms)
✔ sqlite: cancellation before driver entry settles no-input and proof revoked=true fences adoption (543.747125ms)
✔ sqlite: a failure cannot downgrade the committed unknown effect or measured usage prefix (892.166ms)
✔ sqlite: removing the proof provider at the receive commit fence cannot accept a no-effect result (582.813416ms)
✔ sqlite: provider removal between no-effect validation and adoption cannot skip the captured proof fence (601.906708ms)
✔ sqlite: completion must match the checkpoint and only explicitly confirmed facts become evidence (1020.883458ms)
✔ sqlite: losing the checkpoint original between receive and adopt prevents completion (942.960125ms)
✔ sqlite: losing the observation original between receive and adopt prevents completion (994.609916ms)
✔ sqlite: diagnostic reads recheck retained knowledge before and after original IO (998.14725ms)
✔ file-journal: a failed observation artifact write retains the driver's measured call (542.189834ms)
✔ file-journal: intent persistence failure proves no driver entry and keeps the failed step diagnostic (1838.990958ms)
✔ file-journal: cancellation before driver entry settles no-input and proof revoked=false fences adoption (1988.946417ms)
✔ file-journal: cancellation before driver entry settles no-input and proof revoked=true fences adoption (1994.977917ms)
✔ file-journal: a failure cannot downgrade the committed unknown effect or measured usage prefix (3840.929708ms)
✔ file-journal: removing the proof provider at the receive commit fence cannot accept a no-effect result (2624.683042ms)
✔ file-journal: provider removal between no-effect validation and adoption cannot skip the captured proof fence (3510.949458ms)
✔ file-journal: completion must match the checkpoint and only explicitly confirmed facts become evidence (3786.675542ms)
✔ file-journal: losing the checkpoint original between receive and adopt prevents completion (2864.988667ms)
✔ file-journal: losing the observation original between receive and adopt prevents completion (3158.140292ms)
✔ file-journal: diagnostic reads recheck retained knowledge before and after original IO (3714.587625ms)
✔ sqlite: SIGKILL after Save leaves committed intent unknown across recovery, goal change and cancellation without replay (986.649792ms)
✔ sqlite: SIGKILL after received result permits one adoption and rejects an old-epoch observation for a new input (1215.764541ms)
✔ file-journal: SIGKILL after Save leaves committed intent unknown across recovery, goal change and cancellation without replay (3350.900875ms)
✔ file-journal: SIGKILL after received result permits one adoption and rejects an old-epoch observation for a new input (5729.882708ms)
✔ sqlite: registered computer tools observe, apply, prove and adopt a completed synthetic note (1040.675291ms)
✔ sqlite: rerendered or restarted observations stop before the first input (1013.659417ms)
✔ sqlite: a copied observation from another work remains foreign even when its artifact bytes are present (425.214417ms)
✔ sqlite: ambiguous and partial observations cannot select a target for the batch (1138.174541ms)
✔ sqlite: step two not-applied preserves the confirmed first input without claiming batch completion (761.449542ms)
✔ sqlite: applied-unknown save creates a reconciliation block and neither execute replay nor replanning adds an input (939.881625ms)
✔ sqlite: goal, policy and cancellation changes across an awaited response prevent the next input (1802.379334ms)
✔ sqlite: late readiness is observed through bounded waits before subsequent note inputs (1523.890167ms)
✔ sqlite: another runtime revoking writes during the driver's own input delay prevents every input (713.896667ms)
✔ sqlite: false or too-late conditions consume one deadline and cannot reset time or continue to Save (1641.596541ms)
✔ sqlite: stored successful result can be read and adopted after reopening without replaying app input (966.421041ms)
✔ sqlite: strict action contracts reject injected script fields while document text has no command authority (1009.3895ms)
✔ file-journal: registered computer tools observe, apply, prove and adopt a completed synthetic note (3413.563583ms)
✔ file-journal: rerendered or restarted observations stop before the first input (3800.598875ms)
✔ file-journal: a copied observation from another work remains foreign even when its artifact bytes are present (1885.488167ms)
✔ file-journal: ambiguous and partial observations cannot select a target for the batch (5417.021709ms)
✔ file-journal: step two not-applied preserves the confirmed first input without claiming batch completion (3607.145667ms)
✔ file-journal: applied-unknown save creates a reconciliation block and neither execute replay nor replanning adds an input (4281.867875ms)
✔ file-journal: goal, policy and cancellation changes across an awaited response prevent the next input (9421.73775ms)
✔ file-journal: late readiness is observed through bounded waits before subsequent note inputs (5589.271709ms)
✔ file-journal: another runtime revoking writes during the driver's own input delay prevents every input (3320.27125ms)
✔ file-journal: false or too-late conditions consume one deadline and cannot reset time or continue to Save (8468.809375ms)
✔ file-journal: stored successful result can be read and adopted after reopening without replaying app input (3841.951042ms)
✔ file-journal: strict action contracts reject injected script fields while document text has no command authority (3601.845792ms)
✔ context compiler sqlite/documents-complex: five published working sets retain counterevidence and rediscover an early original (1790.522583ms)
✔ context compiler sqlite/observations-complex: five published working sets retain counterevidence and rediscover an early original (1689.538916ms)
✔ context compiler file-journal/documents-complex: five published working sets retain counterevidence and rediscover an early original (8418.863959ms)
✔ context compiler file-journal/observations-complex: five published working sets retain counterevidence and rediscover an early original (9515.86125ms)
✔ context compiler sqlite: five compactions preserve canonical unknown effect and timed response obligations (542.382166ms)
✔ context compiler file-journal: five compactions preserve canonical unknown effect and timed response obligations (2198.79925ms)
✔ context compiler sqlite: selected schemas reduce the actual structured transport request and preserve precise byte accounting (182.996875ms)
ℹ {"backend":"sqlite","baselinePacketBytes":4700,"baselineToolBytes":516593,"packetBytes":2471,"toolBytes":33733,"envelopeBytes":36282,"requestBytes":41589,"selectedToolCount":13,"catalogTotal":81}
✔ context compiler file-journal: selected schemas reduce the actual structured transport request and preserve precise byte accounting (285.690834ms)
ℹ {"backend":"file-journal","baselinePacketBytes":4700,"baselineToolBytes":516593,"packetBytes":2471,"toolBytes":33733,"envelopeBytes":36282,"requestBytes":41589,"selectedToolCount":13,"catalogTotal":81}
✔ context compiler sqlite: an oversized mandatory goal fails before candidate storage or transport (100.60225ms)
✔ context compiler file-journal: an oversized mandatory goal fails before candidate storage or transport (129.178ms)
✔ context copy: a canonical two-level invocation copy cannot restore guidance body after its catalog version is replaced (69.938416ms)
✔ context copy: two nested call results stop exposing a tool body when original tool permission is revoked (34.660834ms)
✔ context dispatch sqlite: persisted reservation does not send removed registration (367.11025ms)
✔ context dispatch sqlite: persisted reservation does not send replacement version (339.331917ms)
✔ context dispatch sqlite: persisted reservation does not send changed input schema under the same ID and version (297.231625ms)
✔ context dispatch sqlite: persisted reservation does not send changed allowed labels under the same ID and version (293.129916ms)
✔ context dispatch sqlite: persisted reservation does not send changed allowed destination under the same ID and version (307.693083ms)
✔ context dispatch file-journal: persisted reservation does not send removed registration (1102.862917ms)
✔ context dispatch file-journal: persisted reservation does not send replacement version (788.932833ms)
✔ context dispatch file-journal: persisted reservation does not send changed input schema under the same ID and version (899.864083ms)
✔ context dispatch file-journal: persisted reservation does not send changed allowed labels under the same ID and version (956.131458ms)
✔ context dispatch file-journal: persisted reservation does not send changed allowed destination under the same ID and version (745.624083ms)
✔ context dispatch sqlite: persisted guidance required-rules change is checked before transport (394.154ms)
✔ context dispatch sqlite: persisted guidance version change is checked before transport (392.091209ms)
✔ context dispatch file-journal: persisted guidance required-rules change is checked before transport (1208.732791ms)
✔ context dispatch file-journal: persisted guidance version change is checked before transport (942.622666ms)
✔ context dispatch sqlite: unchanged tool and trusted guidance contracts resume the stored request once (396.157375ms)
✔ context dispatch file-journal: unchanged tool and trusted guidance contracts resume the stored request once (1109.756583ms)
✔ context guidance: trusted required rules, exact version and hash survive published body eviction (60.649125ms)
✔ context guidance: a manifest without required rules keeps the full original and fails a smaller input budget (23.782583ms)
✔ context guidance: result-provided rules cannot replace an absent trusted manifest rule set (11.416209ms)
✔ context guidance: current label revocation prevents a previously published original from reappearing (16.991083ms)
✔ context guidance: a missing original cannot be recovered from its copied tool result or prior frame (16.465875ms)
✔ context guidance: replacing the catalog version does not expose the superseded loaded body (16.760667ms)
✔ context guidance: replacing trusted bytes under the same version rejects the old manifest and body (9.087791ms)
✔ context guidance: a stored result with a mismatched attemptId is rejected (8.0025ms)
✔ context guidance: a stored result with a mismatched resultId is rejected (9.901375ms)
✔ context guidance: the actual dispatch receipt must match the adopted attempt task digest (8.893375ms)
✔ sqlite/model_call_reserved: publishing requires the derived blob, later loss permits commits and regeneration while original loss blocks both (202.892875ms)
✔ sqlite/context_compacted: publishing requires the derived blob, later loss permits commits and regeneration while original loss blocks both (203.466833ms)
✔ sqlite: publishing detects a context head reference conflict before committing (141.076167ms)
✔ sqlite: a blocked context candidate cannot be newly published even when its bytes remain (136.038708ms)
✔ sqlite/retract: lifecycle retires the context head and access removal also blocks its retained artifact (125.7005ms)
✔ sqlite/correct: lifecycle retires the context head and access removal also blocks its retained artifact (156.048917ms)
✔ sqlite/restrict: lifecycle retires the context head and access removal also blocks its retained artifact (162.838708ms)
✔ sqlite/delete: lifecycle retires the context head and access removal also blocks its retained artifact (157.001625ms)
✔ sqlite/dependency_changed: lifecycle retires the context head and access removal also blocks its retained artifact (131.883416ms)
✔ file-journal/model_call_reserved: publishing requires the derived blob, later loss permits commits and regeneration while original loss blocks both (375.008917ms)
✔ file-journal/context_compacted: publishing requires the derived blob, later loss permits commits and regeneration while original loss blocks both (468.749584ms)
✔ file-journal: publishing detects a context head reference conflict before committing (132.921958ms)
✔ file-journal: a blocked context candidate cannot be newly published even when its bytes remain (189.727125ms)
✔ file-journal/retract: lifecycle retires the context head and access removal also blocks its retained artifact (241.996833ms)
✔ file-journal/correct: lifecycle retires the context head and access removal also blocks its retained artifact (339.827625ms)
✔ file-journal/restrict: lifecycle retires the context head and access removal also blocks its retained artifact (215.018583ms)
✔ file-journal/delete: lifecycle retires the context head and access removal also blocks its retained artifact (269.31175ms)
✔ file-journal/dependency_changed: lifecycle retires the context head and access removal also blocks its retained artifact (283.761292ms)
✔ sqlite: source deletion during the context head exists check prevents reservation and head publication (501.241083ms)
✔ sqlite: source deletion inside repository commit retires the published head and cancels the model reservation before returning (461.493375ms)
✔ sqlite: losing the prior frame does not turn an old catalog request into a conflict with the current task version (386.360666ms)
✔ file-journal: source deletion during the context head exists check prevents reservation and head publication (5807.520375ms)
✔ file-journal: source deletion inside repository commit retires the published head and cancels the model reservation before returning (5750.962375ms)
✔ file-journal: losing the prior frame does not turn an old catalog request into a conflict with the current task version (1612.765916ms)
✔ required full and reference information survives optional content pressure (2.055916ms)
✔ a full value cheaper than its required reference satisfies the minimum without overflow (0.172666ms)
✔ a required reference cap rejects contradictory bounds and never substitutes a cheaper full payload (0.332375ms)
✔ optional reference caps consume only reference bytes and remain omitted when that representation does not fit (0.184417ms)
✔ a reference cap overrides full residency and new use without counting references as full reloads (0.55ms)
✔ high and low watermarks retain compact mode until the lower boundary is crossed (0.135458ms)
✔ mere inclusion is not actual use and an idle full value does not automatically reload (0.735166ms)
✔ a new actual use marker refreshes usage and reloads the same digest once (0.310958ms)
✔ minimum residency delays idle eviction for two cycles while the hard budget still wins (0.178ms)
✔ five changing working sets preserve old counterevidence, pending and unknown references (0.69525ms)
✔ removed authority and changed digests cannot be revived by resident or use history (0.404167ms)
✔ decisions are stable by minimum, priority, real use, recency, residence and key (0.172ms)
✔ recently evicted content waits through cooldown unless actual use or a minimum requires it (0.100917ms)
✔ memo storage is bounded and prioritizes selected residents without changing decisions (0.699875ms)
✔ inputs and previous memo stay immutable and byte sums match selected representations (0.343959ms)
✔ duplicate keys, malformed items, invalid budgets and inconsistent memo are rejected (0.732708ms)
✔ context store stages an immutable frame without publishing it and reads the installed basis N from revision N+1 (64.755459ms)
✔ context store sqlite: derived frame and installed head survive separate reopened instances (130.207334ms)
✔ context store file-journal: derived frame and installed head survive separate reopened instances (279.122416ms)
✔ context store regenerates a missing derived frame without editing the authoritative head (54.946583ms)
✔ context store regenerates a corrupt derived frame without editing the authoritative head (63.906333ms)
✔ context store regenerates a invalid-json derived frame without editing the authoritative head (108.0835ms)
✔ context store regenerates a invalid-schema derived frame without editing the authoritative head (89.909541ms)
✔ context store excludes a foreign-work previous head or frame (101.919542ms)
✔ context store excludes a foreign-tenant previous head or frame (43.78375ms)
✔ context store excludes a cycle previous head or frame (48.134333ms)
✔ context store excludes a basis previous head or frame (44.8295ms)
✔ context store excludes a unpublished previous head or frame (55.978417ms)
✔ context store excludes a policy previous head or frame (49.854541ms)
✔ context store excludes a goal previous head or frame (53.087ms)
✔ context store excludes a generation previous head or frame (47.75125ms)
✔ context store excludes a blocked previous head or frame (66.1965ms)
✔ context store excludes a underlabelled previous head or frame (109.913542ms)
✔ context store checks stale frame basis and forbidden packet policy before writing any candidate (7.977417ms)
✔ context store previous rejects goal changes during artifact I/O (65.790417ms)
✔ context store previous rejects policy changes during artifact I/O (54.831875ms)
✔ context store previous rejects generation changes during artifact I/O (43.07475ms)
✔ context store previous rejects source changes during artifact I/O (55.932125ms)
✔ context store put rejects goal changes during artifact I/O (59.059958ms)
✔ context store put rejects policy changes during artifact I/O (48.924208ms)
✔ context store put rejects generation changes during artifact I/O (56.133208ms)
✔ context store put rejects source changes during artifact I/O (46.626209ms)
✔ context store readback rejects goal changes during artifact I/O (51.854125ms)
✔ context store readback rejects policy changes during artifact I/O (52.150292ms)
✔ context store readback rejects generation changes during artifact I/O (55.285667ms)
✔ context store readback rejects source changes during artifact I/O (66.662125ms)
✔ context store never turns state or source failure during a missing-frame read into successful regeneration (59.880208ms)
✔ context store refuses unavailable knowledge even when there is no previous head (10.009125ms)
✔ context store leaves the previous head intact when candidate storage fails (59.966375ms)
✔ context store rejects a relabelled put receipt or altered readback bytes and never publishes a head (53.658292ms)
✔ context store applies byte limits before writing or loading a derived frame (54.921041ms)
✔ canonical state has explicit nulls, bounded revisions and no provider/SQL objects (2.73825ms)
✔ goal validation cannot silently drop unknown authorization fields or empty completion rules (0.1505ms)
✔ partial result is distinct from complete result and API errors are not evidence of absence (0.711417ms)
✔ plan and context explicitly bind state and goal revisions (0.579834ms)
✔ invalid provider content is not included in validation error text (0.115ms)
✔ a late counterexample prevents a previously delivered answer from being displayed as the current result (528.920125ms)
✔ a public snapshot retries a goal change during artifact verification (504.221583ms)
✔ conversation view keeps message selection and public status on the same revision (568.83825ms)
✔ cancelled work displays its status rather than its historical delivered result (471.967834ms)
✔ request acceptance is atomic, duplicate input is stable and each conversation can bind several works (23.843041ms)
✔ failed acceptance commit creates neither a work nor a reception acknowledgment (54.91875ms)
✔ analysis, response preparation, delivery and completion are distinct; retransmission never collects evidence again (23.477667ms)
✔ analysis-only completion does not pretend that its result was prepared or delivered (9.94875ms)
✔ pending questions are grouped once and resolving a question cannot waive required result delivery (7.026583ms)
✔ independent dispatchers claim once and receipt reconciliation after restart does not send again (59.159083ms)
✔ ambiguous delivery with no idempotency stays unknown, including repeated and timed-out lookup (11.198ms)
✔ idempotent absent receipt permits only a bounded later retry and permanent failure stays visible (4.364166ms)
✔ goal before delivery prevents an obsolete or unauthorized result from being sent (7.36875ms)
✔ cancel before delivery prevents an obsolete or unauthorized result from being sent (6.954458ms)
✔ labels before delivery prevents an obsolete or unauthorized result from being sent (6.905667ms)
✔ destination before delivery prevents an obsolete or unauthorized result from being sent (6.755167ms)
✔ pause preserves pending delivery and resume can complete it without another source call (7.001875ms)
✔ late confirmed delivery is historical and cannot satisfy a revised goal (6.466583ms)
✔ an uncertain old-goal delivery retains its uncertainty when superseded by a new goal (6.983375ms)
✔ SIGKILL between channel commit and outbox settlement recovers from two reopened databases without another send (200.125666ms)
✔ a never-dispatched response can be prepared after permission restoration, and large questions retain their full artifact (17.066375ms)
✔ sqlite/documents-simple: delete blocks derived copies and pending result; restart preserves tombstone and cancellation works after bytes are absent (404.847708ms)
✔ sqlite/observations-simple: delete blocks derived copies and pending result; restart preserves tombstone and cancellation works after bytes are absent (381.760625ms)
✔ file-journal/documents-simple: delete blocks derived copies and pending result; restart preserves tombstone and cancellation works after bytes are absent (2271.17975ms)
✔ file-journal/observations-simple: delete blocks derived copies and pending result; restart preserves tombstone and cancellation works after bytes are absent (1768.007375ms)
✔ sqlite: lifecycle ownership, concurrent generation and command identity are enforced (219.680416ms)
✔ sqlite: a question prepared before access removal is superseded without sending its text (272.332584ms)
✔ sqlite: data removal preserves an already dispatched write as an unresolved effect (245.781042ms)
✔ sqlite: tool reply is revalidated after lifecycle change during artifact storage (271.870291ms)
✔ sqlite: model reply is revalidated after lifecycle change during artifact storage (397.765625ms)
✔ sqlite: validity retraction allows labelled historical inspection and correction uses a new immutable evidence ID (239.107208ms)
✔ sqlite: a stored core.calls.get copy cannot expose deleted source content (334.467ms)
✔ sqlite: evidence read rechecks a lifecycle change during artifact I/O (261.099041ms)
✔ sqlite: original read rechecks a lifecycle change during artifact I/O (223.144208ms)
✔ sqlite: result read rechecks a lifecycle change during artifact I/O (203.591584ms)
✔ sqlite: old dispatched tool reply after deletion is stored only as a sanitized failure (209.116292ms)
✔ sqlite: late model reply after deletion retains measured usage without retaining forbidden proposal text (344.589583ms)
✔ file-journal: lifecycle ownership, concurrent generation and command identity are enforced (965.866917ms)
✔ file-journal: a question prepared before access removal is superseded without sending its text (1258.218208ms)
✔ file-journal: data removal preserves an already dispatched write as an unresolved effect (1271.0605ms)
✔ file-journal: tool reply is revalidated after lifecycle change during artifact storage (771.907667ms)
✔ file-journal: model reply is revalidated after lifecycle change during artifact storage (1062.656291ms)
✔ file-journal: validity retraction allows labelled historical inspection and correction uses a new immutable evidence ID (1073.203875ms)
✔ file-journal: a stored core.calls.get copy cannot expose deleted source content (2252.016666ms)
✔ file-journal: evidence read rechecks a lifecycle change during artifact I/O (1070.856125ms)
✔ file-journal: original read rechecks a lifecycle change during artifact I/O (1018.090208ms)
✔ file-journal: result read rechecks a lifecycle change during artifact I/O (880.53525ms)
✔ file-journal: old dispatched tool reply after deletion is stored only as a sanitized failure (771.234958ms)
✔ file-journal: late model reply after deletion retains measured usage without retaining forbidden proposal text (1255.937583ms)
✔ sqlite: restricted work reaches neither external estimator nor model even without an evidence body (84.98725ms)
✔ sqlite: authorized internal model retains the floor through a forced compact and stored request (96.496375ms)
✔ sqlite: disclosure revoked during source assembly stops the estimator before it receives prose (80.060959ms)
✔ sqlite: revoked model disclosure cancels a stored request before adapter entry (71.7435ms)
✔ sqlite: disclosure revoked during stored model input read stops the final transport (92.227208ms)
✔ sqlite: tool access labels cannot authorize restricted task inputs to an external tool (74.459542ms)
✔ sqlite: read permission narrowing does not relabel old task prose as public (83.16525ms)
✔ sqlite: authorized internal tool receives one invocation after current disclosure check (76.006542ms)
✔ sqlite: changed disclosure during asynchronous tool preflight stops adapter entry (93.059875ms)
✔ sqlite: denied channel cannot receive even a queued acknowledgement from restricted work (86.019875ms)
✔ sqlite: disclosure revocation preserves unknown delivery and prevents full-body lookup (83.65375ms)
✔ sqlite: still-authorized unknown delivery uses lookup without resending (105.170834ms)
✔ sqlite: policy changed during artifact check stops an unknown question lookup (201.357417ms)
✔ sqlite: child budget cannot omit or expand parent disclosure policy (94.9325ms)
✔ sqlite: child read-scope narrowing inherits the parent prose floor and blocks model export (113.584958ms)
✔ sqlite: legacy parent cannot classify copied work prose by creating a boundary-enabled child (54.772125ms)
✔ sqlite: floor and active policy cannot be removed by a direct state commit (93.611458ms)
✔ sqlite: classifying a preexisting legacy work requires explicit migration (62.158584ms)
✔ file-journal: restricted work reaches neither external estimator nor model even without an evidence body (135.720208ms)
✔ file-journal: authorized internal model retains the floor through a forced compact and stored request (776.028541ms)
✔ file-journal: disclosure revoked during source assembly stops the estimator before it receives prose (289.019166ms)
✔ file-journal: revoked model disclosure cancels a stored request before adapter entry (375.798ms)
✔ file-journal: disclosure revoked during stored model input read stops the final transport (460.818042ms)
✔ file-journal: tool access labels cannot authorize restricted task inputs to an external tool (378.318792ms)
✔ file-journal: read permission narrowing does not relabel old task prose as public (584.809ms)
✔ file-journal: authorized internal tool receives one invocation after current disclosure check (559.849042ms)
✔ file-journal: changed disclosure during asynchronous tool preflight stops adapter entry (666.942417ms)
✔ file-journal: denied channel cannot receive even a queued acknowledgement from restricted work (448.870083ms)
✔ file-journal: disclosure revocation preserves unknown delivery and prevents full-body lookup (750.044958ms)
✔ file-journal: still-authorized unknown delivery uses lookup without resending (767.100792ms)
✔ file-journal: policy changed during artifact check stops an unknown question lookup (889.819541ms)
✔ file-journal: child budget cannot omit or expand parent disclosure policy (167.610667ms)
✔ file-journal: child read-scope narrowing inherits the parent prose floor and blocks model export (475.243542ms)
✔ file-journal: legacy parent cannot classify copied work prose by creating a boundary-enabled child (99.998875ms)
✔ file-journal: floor and active policy cannot be removed by a direct state commit (80.819125ms)
✔ file-journal: classifying a preexisting legacy work requires explicit migration (119.924417ms)
✔ memory state adapter applies the same floor transition guard as persistent adapters (0.759416ms)
✔ direct structured adapter denies estimation and transport using the retained context floor (1.294625ms)
✔ disclosure comparison: twelve A/B/C transport cases use two fixture families and reopened persistent stores (10171.268834ms)
✔ disclosure comparison: independent scoring rejects injected outbound originals even with rewritten measurement claims (220.265ms)
✔ disclosure comparison: empty release, missing raw checks and advisory authority cannot become passing zero-leak samples (1673.0505ms)
✔ disclosure comparison: same-lineage and renamed copies retain root dependency while missing roots cannot independently complete (1.164417ms)
✔ disclosure comparison: tool and A2A data cannot add policy authority to a strict model proposal or mutate stored work (1.313333ms)
✔ destination rules combine read authority, destination, surface and labels (0.821125ms)
✔ duplicate destinations and rules with arbitrary output keys or ambiguous mappings are rejected (2.241667ms)
✔ child policies cannot remove destination restrictions or increase release budgets (0.105375ms)
✔ sqlite: release keeps only finite mapped facts and preserves immutable internal source proof (147.442083ms)
✔ sqlite: retry and reopen reuse the recorded release without resetting its budget (135.795292ms)
✔ sqlite: lineage aliases count repeated copies as the same source (153.847458ms)
✔ sqlite: release does not accept data-supplied policy, an unknown field value, or missing evidence (118.060209ms)
✔ sqlite: restrict invalidates a stored release and preserves prior disclosure usage (122.646667ms)
✔ sqlite: retract invalidates a stored release and preserves prior disclosure usage (129.010458ms)
✔ sqlite: supersede invalidates a stored release and preserves prior disclosure usage (117.06025ms)
✔ sqlite: delete invalidates a stored release and preserves prior disclosure usage (141.521333ms)
✔ sqlite: policy invalidates a stored release and preserves prior disclosure usage (169.05975ms)
✔ sqlite: goal invalidates a stored release and preserves prior disclosure usage (124.247084ms)
✔ sqlite: current read restrictions and wrong actor prevent release and later read (133.663584ms)
✔ sqlite: policy revocation during original read prevents publication (113.908333ms)
✔ sqlite: raw source gates cover every export surface without reclassifying the source (112.090708ms)
✔ sqlite: accumulated bytes and request identity remain binding (145.9705ms)
✔ sqlite: concurrent release publication does not overspend a one-release budget (141.167083ms)
✔ sqlite: release proof and cumulative history cannot be deleted or rewritten (104.818042ms)
✔ file-journal: release keeps only finite mapped facts and preserves immutable internal source proof (502.945ms)
✔ file-journal: retry and reopen reuse the recorded release without resetting its budget (961.447458ms)
✔ file-journal: lineage aliases count repeated copies as the same source (248.989083ms)
✔ file-journal: release does not accept data-supplied policy, an unknown field value, or missing evidence (146.1985ms)
✔ file-journal: restrict invalidates a stored release and preserves prior disclosure usage (468.008125ms)
✔ file-journal: retract invalidates a stored release and preserves prior disclosure usage (346.945833ms)
✔ file-journal: supersede invalidates a stored release and preserves prior disclosure usage (327.137834ms)
✔ file-journal: delete invalidates a stored release and preserves prior disclosure usage (342.868708ms)
✔ file-journal: policy invalidates a stored release and preserves prior disclosure usage (524.877667ms)
✔ file-journal: goal invalidates a stored release and preserves prior disclosure usage (565.066125ms)
✔ file-journal: current read restrictions and wrong actor prevent release and later read (472.533ms)
✔ file-journal: policy revocation during original read prevents publication (182.084666ms)
✔ file-journal: raw source gates cover every export surface without reclassifying the source (926.919958ms)
✔ file-journal: accumulated bytes and request identity remain binding (622.028417ms)
✔ file-journal: concurrent release publication does not overspend a one-release budget (554.051209ms)
✔ file-journal: release proof and cumulative history cannot be deleted or rewritten (437.222125ms)
✔ sqlite: a generic artifact reference cannot bypass its connected evidence restriction (134.594459ms)
✔ sqlite: changed or unavailable memory dependencies stop release and raw views (167.980375ms)
✔ sqlite: a new lineage on derived evidence does not create a new independent root (163.842708ms)
✔ sqlite: a lost commit response cannot erase a disclosure or give its budget back (137.004958ms)
✔ sqlite: an unclassified new work cannot opt in with an empty label floor (110.896458ms)
✔ file-journal: a generic artifact reference cannot bypass its connected evidence restriction (148.875542ms)
✔ file-journal: changed or unavailable memory dependencies stop release and raw views (669.778791ms)
✔ file-journal: a new lineage on derived evidence does not create a new independent root (749.1355ms)
✔ file-journal: a lost commit response cannot erase a disclosure or give its budget back (593.937ms)
✔ file-journal: an unclassified new work cannot opt in with an empty label floor (179.187333ms)
✔ sqlite: every released transport entry rechecks source authority and receiver binding (145.632458ms)
✔ sqlite: revocation during released source validation prevents receiver entry (146.143833ms)
✔ sqlite: a receiver exception is an unknown outcome with retained release usage and no source-bearing error (125.890416ms)
✔ file-journal: every released transport entry rechecks source authority and receiver binding (836.761375ms)
✔ file-journal: revocation during released source validation prevents receiver entry (511.017333ms)
✔ file-journal: a receiver exception is an unknown outcome with retained release usage and no source-bearing error (325.100083ms)
✔ sqlite: initial model disclosure denial returns a durable blocked workflow and checkpoint (151.352541ms)
✔ sqlite: revoked reserved model is accounted as unused and resumes with one fresh call after reopen (333.678416ms)
✔ sqlite: disclosure changes inside dispatch preflight settle a known-unused reservation instead of escaping (128.21525ms)
✔ sqlite: required result channel denial persists blocked state and can resume delivery from checkpoint (230.761708ms)
✔ sqlite: completed analysis keeps its terminal state while unavailable channel yields an undelivered response (188.906542ms)
✔ sqlite: an unsuccessful resume under unchanged channel policy blocks again without becoming runnable (150.954958ms)
✔ sqlite: simultaneous cancel and disclosure revocation preserve user control and unused accounting (157.751625ms)
✔ sqlite: simultaneous pause and disclosure revocation preserve user control and unused accounting (124.774ms)
✔ file-journal: initial model disclosure denial returns a durable blocked workflow and checkpoint (1326.945708ms)
✔ file-journal: revoked reserved model is accounted as unused and resumes with one fresh call after reopen (6316.666833ms)
✔ file-journal: disclosure changes inside dispatch preflight settle a known-unused reservation instead of escaping (1669.926041ms)
✔ file-journal: required result channel denial persists blocked state and can resume delivery from checkpoint (2251.205125ms)
✔ file-journal: completed analysis keeps its terminal state while unavailable channel yields an undelivered response (2492.703458ms)
✔ file-journal: an unsuccessful resume under unchanged channel policy blocks again without becoming runnable (1723.770833ms)
✔ file-journal: simultaneous cancel and disclosure revocation preserve user control and unused accounting (1926.577917ms)
✔ file-journal: simultaneous pause and disclosure revocation preserve user control and unused accounting (1774.619459ms)
✔ inject all local ports without a database or channel SDK: documents-simple (7.354375ms)
✔ inject all local ports without a database or channel SDK: observations-simple (0.736458ms)
✔ scripted planner honors cancellation and cannot mutate caller state (0.425917ms)
✔ fake sink exposes delivery uncertainty and deduplicates only matching content (0.121583ms)
✔ sqlite: injected invalid retained proof blocks every pending ack, question and failure before transport (176.034541ms)
✔ sqlite: retained failed proof blocks receipt lookup and settlement for uncertain ack, question and failure (119.890208ms)
✔ sqlite: settled-to-failed transition during send cannot adopt an already returned channel receipt (455.850084ms)
✔ sqlite: failed-only retained proof is checked again at the final delivery commit after an artifact await (406.788166ms)
✔ file-journal: injected invalid retained proof blocks every pending ack, question and failure before transport (1558.065959ms)
✔ file-journal: retained failed proof blocks receipt lookup and settlement for uncertain ack, question and failure (667.638584ms)
✔ file-journal: settled-to-failed transition during send cannot adopt an already returned channel receipt (2673.108584ms)
✔ file-journal: failed-only retained proof is checked again at the final delivery commit after an artifact await (2729.154125ms)
✔ effect proofs: a legacy work uses neither the optional checker nor any refresh mutation (19.371375ms)
✔ effect proofs: settled claims require a checker and checker failures stay unavailable (10.408417ms)
✔ effect proofs: missing checker reopens the original obligation and cancels ordinary reservations once without rewriting proof history (6.227584ms)
✔ effect proofs: expired reserved lookup releases only an undispatched reservation and preserves measured uncertainty (7.654584ms)
✔ effect proofs: expired running lookup releases only an undispatched reservation and preserves measured uncertainty (4.628791ms)
✔ effect proofs: lifecycle deletion reopens a settled effect and quarantines all linked references without changing received facts or timestamps (7.890625ms)
✔ effect proofs: a committed tool dispatch with missing proof authority cannot silently bypass the broker (7.414333ms)
✔ effect proofs: a committed tool dispatch with invalid proof authority cannot silently bypass the broker (5.411291ms)
✔ effect proofs: a committed tool dispatch with valid proof authority cannot silently bypass the broker (6.411333ms)
✔ effect proofs: a reuse await that loses proof validity is checked before implementation entry (4.963416ms)
✔ effect proofs: invalid proof prevents new model reservation before compiling input (4.868375ms)
✔ effect proofs: losing proof during model input read prevents actual planner entry and still settles the dispatched call (12.595542ms)
✔ effect proofs: loss during adoption artifact checks rejects a stored model proposal while preserving usage (6.047167ms)
✔ effect proofs: a valid checker permits one model invocation and adoption with the historical proof unchanged (5.629917ms)
✔ effect proofs: proof loss during result body storage prevents response publication (5.497584ms)
✔ effect proofs: a same-revision snapshot suppresses an existing result when its proof becomes unavailable during the read (5.381292ms)
✔ sqlite: work resource bodies and metadata use canonical effect proof with a narrowed caller and fail without a checker (555.156958ms)
✔ sqlite: proof invalidation during original or stored result I/O cannot return the already read body (451.548416ms)
✔ sqlite: disclosure release, saved payload, raw read and receiver entry all retain current source effect proof (489.047375ms)
✔ sqlite: private, derived and cached shared memory cannot outlive the original work effect proof (492.3625ms)
✔ sqlite: source proof authentication does not recursively validate memory copied into that same work (1291.147ms)
✔ sqlite: a failed historical effect proof stays required after refresh and reopen until the same source is explicitly proved again (1887.9685ms)
✔ file-journal: work resource bodies and metadata use canonical effect proof with a narrowed caller and fail without a checker (1845.225958ms)
✔ file-journal: proof invalidation during original or stored result I/O cannot return the already read body (1215.785875ms)
✔ file-journal: disclosure release, saved payload, raw read and receiver entry all retain current source effect proof (1769.66375ms)
✔ file-journal: private, derived and cached shared memory cannot outlive the original work effect proof (2265.954833ms)
✔ file-journal: source proof authentication does not recursively validate memory copied into that same work (9631.23525ms)
✔ file-journal: a failed historical effect proof stays required after refresh and reopen until the same source is explicitly proved again (13263.615792ms)
✔ evaluation build: none checks source and executed output together (118.674958ms)
✔ evaluation build: source checks source and executed output together (122.874875ms)
✔ evaluation build: compiled checks source and executed output together (105.856416ms)
✔ evaluation build: missing checks source and executed output together (93.865375ms)
✔ evaluation build: runtime checks source and executed output together (95.98325ms)
✔ evaluation build: orphan checks source and executed output together (97.831833ms)
✔ evaluation build: a source change during case selection cannot relabel older compiled execution (174.842542ms)
✔ sqlite: readonly evaluation replay authenticates full receipt history, old originals and the current resume packet after reopen (276.28575ms)
✔ sqlite: version, pins and independently recomputed score are required without writes (262.505917ms)
✔ sqlite: receipt omission, duplicates, absent receipts and changed stored states fail closed (279.018709ms)
✔ sqlite: altered oracle and expected outcome cannot be blessed by recomputing sample and score hashes (209.956792ms)
✔ sqlite: rehashing an altered or dropped intermediate completion cannot bypass receipt-state binding (247.508917ms)
✔ sqlite: repeated readonly observations and explicit status-only measurement preserve historical receipt validation (232.195292ms)
✔ sqlite: omitted historical artifacts and conflicting refs are detected independently of the supplied list (216.911542ms)
✔ sqlite: deleted original is unavailable even with intact state, score and resume blob (202.055792ms)
✔ sqlite: corrupt original is unavailable even with intact state, score and resume blob (235.957875ms)
✔ sqlite: historical_deleted original is unavailable even with intact state, score and resume blob (242.791375ms)
✔ sqlite: wrong owner and the current actor's narrower label policy cannot replay source bytes (213.161042ms)
✔ sqlite: a currently indexed original cannot override a durable lifecycle tombstone (323.895333ms)
✔ sqlite: foreign, body-altered and lost resume packets fail without regeneration (397.742208ms)
✔ sqlite: canonical changes during original I/O prevent a successful replay result (212.709125ms)
✔ sqlite: a receipt changed after initial validation is caught at the final read boundary (164.271875ms)
✔ sqlite: caller mutation cannot replace the in-flight sample and current actor revocation is detected (211.026917ms)
✔ file-journal: readonly evaluation replay authenticates full receipt history, old originals and the current resume packet after reopen (640.922917ms)
✔ file-journal: version, pins and independently recomputed score are required without writes (655.785792ms)
✔ file-journal: receipt omission, duplicates, absent receipts and changed stored states fail closed (791.046167ms)
✔ file-journal: altered oracle and expected outcome cannot be blessed by recomputing sample and score hashes (535.146625ms)
✔ file-journal: rehashing an altered or dropped intermediate completion cannot bypass receipt-state binding (959.500917ms)
✔ file-journal: repeated readonly observations and explicit status-only measurement preserve historical receipt validation (940.167833ms)
✔ file-journal: omitted historical artifacts and conflicting refs are detected independently of the supplied list (931.849917ms)
✔ file-journal: deleted original is unavailable even with intact state, score and resume blob (688.106ms)
✔ file-journal: corrupt original is unavailable even with intact state, score and resume blob (603.757834ms)
✔ file-journal: historical_deleted original is unavailable even with intact state, score and resume blob (748.129875ms)
✔ file-journal: wrong owner and the current actor's narrower label policy cannot replay source bytes (696.725333ms)
✔ file-journal: a currently indexed original cannot override a durable lifecycle tombstone (783.260583ms)
✔ file-journal: foreign, body-altered and lost resume packets fail without regeneration (1416.862792ms)
✔ file-journal: canonical changes during original I/O prevent a successful replay result (769.821667ms)
✔ file-journal: a receipt changed after initial validation is caught at the final read boundary (632.933ms)
✔ file-journal: caller mutation cannot replace the in-flight sample and current actor revocation is detected (980.953416ms)
✔ forgotten evidence is rediscovered by ID, source, locator or facts without returning fact bodies (27.730125ms)
✔ hidden, retracted, superseded and parent-retracted evidence never contributes cards or hasMore (9.306541ms)
✔ Korean NFC and NFD clues and English case variants find the same current evidence (11.20175ms)
✔ the evidence discovery tool preserves bounded current-card and partial-call semantics (7.194375ms)
✔ locator truncation preserves the exact evidence ID and reports partial coverage without inventing more matches (6.353625ms)
✔ different owners, tenants and narrower caller labels cannot inspect evidence discovery cards (6.872292ms)
✔ retained knowledge failure at validation 1 blocks cards before return (6.941334ms)
✔ retained knowledge failure at validation 2 blocks cards before return (6.216792ms)
✔ a work retaining knowledge cannot discover derived evidence without its current validator (6.150667ms)
✔ a goal change while the final source-state read waits prevents returning earlier-scope cards (4.840584ms)
✔ caller permission narrowing during the knowledge gate is detected even without a work revision change (5.08525ms)
✔ strict discovery arguments reject extra authority, excessive query length and invalid limits (5.747792ms)
✔ instructions in source facts remain data and discovery changes no facts, goal, plan or authority (5.636ms)
✔ pre-aborted discovery uses the common read wrapper without reading the work (5.250542ms)
✔ current and historical views enforce own access, tenant, scope and artifact labels while omitted access stays available (0.754709ms)
✔ two generations of derived evidence lose current validity when an ancestor is retracted or superseded, while history stays readable (0.132208ms)
✔ ancestor restriction, deletion, missing reference or revoked labels blocks current and historical descendants (0.144708ms)
✔ a correction remains a monotonic supersession after retraction, restriction, deletion or permission loss (0.131583ms)
✔ supersession uses the full valid version chain and is independent of record ordering (0.799583ms)
✔ foreign tenant, scope, source, lineage and invalid time cannot suppress a valid original (0.116666ms)
✔ a replacement does not depend on a superseded body being current or present in a selected view (0.053875ms)
✔ cyclic, missing and ambiguous derived references fail closed without removing independent evidence (0.051875ms)
✔ deep derived chains are evaluated without recursive call-stack growth and do not become independent sources (8.221917ms)
✔ record intake accepts parents and descendants in either order and preserves caller objects (3.673792ms)
✔ record intake requires inherited labels on both derivation and replacement edges (0.747166ms)
✔ record intake requires artifact labels to cover the evidence and rejects artifacts outside policy (0.454208ms)
✔ new records inherit transitive dependency labels even if a legacy intermediate record was under-labelled (0.249167ms)
✔ shared ancestry across multiple parents is not mistaken for a cycle (0.214416ms)
✔ derived intake refuses historical or inaccessible ancestors and checks validity after the whole incoming batch (0.504166ms)
✔ replacement intake permits an accessible retracted target but never an inaccessible historical target (0.158ms)
✔ record intake rejects missing references and invalid tenant, scope, source, lineage or time on replacements (0.492375ms)
✔ record intake rejects self, indirect and mixed cycles before accepting partial lineage (0.212958ms)
✔ omitted and explicit available access are idempotently equivalent but content or access changes cannot overwrite an ID (0.776041ms)
✔ tool-result validation preserves effect, error and artifact guards while using the shared record intake (0.24675ms)
✔ evaluation: fixture truth distinguishes acknowledgement, first original, delivered useful answer and verified completion (5.698833ms)
✔ evaluation: a runtime completed flag cannot replace the fixed expected facts (1.31975ms)
✔ evaluation: absent expected facts do not count as verified evidence or a useful answer (0.372208ms)
✔ evaluation: early delivered answers remain false completion even if the final state later becomes correct (0.356791ms)
✔ evaluation: a correct result before a declared late-evidence release fails the fixed timeline oracle (0.256333ms)
✔ evaluation: wrong source identity cannot satisfy an original named by the fixture oracle (0.209875ms)
✔ evaluation: wrong lineage identity cannot satisfy an original named by the fixture oracle (0.186125ms)
✔ evaluation: wrong observation time cannot satisfy an original named by the fixture oracle (0.273417ms)
✔ evaluation: wrong tenant cannot satisfy an original named by the fixture oracle (0.337167ms)
✔ evaluation: wrong scope cannot satisfy an original named by the fixture oracle (0.298167ms)
✔ evaluation: restricted label cannot satisfy an original named by the fixture oracle (0.411791ms)
✔ evaluation: restricted access cannot satisfy an original named by the fixture oracle (0.205041ms)
✔ evaluation: retracted source cannot satisfy an original named by the fixture oracle (0.179416ms)
✔ evaluation: copied source cannot satisfy an original named by the fixture oracle (0.236292ms)
✔ evaluation: partial coverage cannot satisfy an original named by the fixture oracle (0.155833ms)
✔ evaluation: two required records from one lineage cannot satisfy a two-source criterion even with matching facts (0.189375ms)
✔ evaluation: duplicate source IDs, current forbidden evidence and unresolved counterevidence fail independently (0.50825ms)
✔ evaluation: a pinned replacement must remain readable, accepted, original and complete without resurrecting its withdrawn predecessor (1.003542ms)
✔ evaluation: hypothesis status and current original support are checked against the pinned final hypothesis (0.29525ms)
✔ evaluation: answer delivery requires authorized routing and explicit required evidence references (0.663167ms)
✔ evaluation: waiting with an unknown delivery reports no useful answer latency and preserves its delivery obligation (0.153917ms)
✔ evaluation: run errors and mismatched final control remain failures even for an expected blocked case (0.19675ms)
✔ evaluation: completed states with pending obligations or an undelivered required response are false completion (0.209584ms)
✔ evaluation: status-only observation of an existing completed work is not a new completion or answer (0.899375ms)
✔ evaluation: cumulative costs cannot disappear and unknown model usage cannot become fabricated zero after resume (0.3855ms)
✔ evaluation: a real late usage report may resolve unknown reservations while preserving known and additional charges (0.257459ms)
✔ evaluation: a gate failure before dispatch costs zero, while a dispatched call denied before invocation remains charged (0.604083ms)
✔ evaluation: observations and source queries can repeat without duplicating intervention or context accounting (0.273834ms)
✔ evaluation: context cost comes from unique persisted model calls and remains distinct from reported token usage (0.4975ms)
✔ evaluation summary: contract success, all-case completion and eligible completion use different explicit denominators (6.6775ms)
✔ evaluation summary: nearest-rank p50/p95 include answer samples only and report the sample count (0.758833ms)
✔ evaluation summary: supplied scores join by case ID and cannot silently replace missing or duplicate cases (0.560459ms)
✔ sqlite: two local callers join one real execution and preserve owner, lease, deadline and one budget charge (170.767083ms)
✔ sqlite: cancelling the initiating caller and another joined caller detaches only their waits (205.536083ms)
✔ sqlite: an already aborted caller cannot create an execution (79.056083ms)
✔ sqlite: another facade observes durable running and settled states without claiming local promise ownership (140.525542ms)
✔ sqlite: a different owner and an expired reservation remain explicit waits without lease renewal or automatic recovery (110.960709ms)
✔ sqlite: reopening a dispatched write never replays it and explicit recovery retains the unknown effect obligation (108.187ms)
✔ sqlite: reopening after a stored result reports received without executing or adopting it again (167.979416ms)
✔ sqlite: state changes during receipt lookup are reread before the facade decides to execute (88.821125ms)
✔ sqlite: a reporting read error after successful execution is shared as an error and retry only observes the durable result (139.145834ms)
✔ file-journal: two local callers join one real execution and preserve owner, lease, deadline and one budget charge (735.472084ms)
✔ file-journal: cancelling the initiating caller and another joined caller detaches only their waits (730.272ms)
✔ file-journal: an already aborted caller cannot create an execution (403.836041ms)
✔ file-journal: another facade observes durable running and settled states without claiming local promise ownership (842.658917ms)
✔ file-journal: a different owner and an expired reservation remain explicit waits without lease renewal or automatic recovery (566.328917ms)
✔ file-journal: reopening a dispatched write never replays it and explicit recovery retains the unknown effect obligation (658.856166ms)
✔ file-journal: reopening after a stored result reports received without executing or adopting it again (852.862792ms)
✔ file-journal: state changes during receipt lookup are reread before the facade decides to execute (491.020292ms)
✔ file-journal: a reporting read error after successful execution is shared as an error and retry only observes the durable result (844.916166ms)
✔ execution mode CLI sqlite: fast reception survives process exit and repeated status is read-only (1244.403542ms)
✔ execution mode CLI sqlite: mode command is durable and idempotent while stale revisions do not change state (1507.246167ms)
✔ execution mode CLI sqlite: a pending mode change is visible after exit and preserves the reserved attempt (1498.951916ms)
✔ execution mode CLI sqlite: enum, both revisions and an explicit nonblank reason are required (1344.987458ms)
✔ execution mode CLI sqlite: irrelevant mode options are rejected before opening a profile (706.48575ms)
✔ execution mode CLI sqlite documents-simple: changing mode preserves the goal, original source and completed work (1990.19475ms)
✔ execution mode CLI sqlite observations-simple: changing mode preserves the goal, original source and completed work (1830.009583ms)
✔ execution mode CLI file-journal: fast reception survives process exit and repeated status is read-only (2683.926667ms)
✔ execution mode CLI file-journal: mode command is durable and idempotent while stale revisions do not change state (2370.010375ms)
✔ execution mode CLI file-journal: a pending mode change is visible after exit and preserves the reserved attempt (2998.3585ms)
✔ execution mode CLI file-journal: enum, both revisions and an explicit nonblank reason are required (1640.250834ms)
✔ execution mode CLI file-journal: irrelevant mode options are rejected before opening a profile (774.695ms)
✔ execution mode CLI file-journal documents-simple: changing mode preserves the goal, original source and completed work (4681.380792ms)
✔ execution mode CLI file-journal observations-simple: changing mode preserves the goal, original source and completed work (4247.963583ms)
✔ sqlite/documents-simple/auto: one necessary plan and observation complete with no extra investigation (450.940917ms)
✔ sqlite/documents-simple/fast: one necessary plan and observation complete with no extra investigation (446.728833ms)
✔ sqlite/documents-simple/deep: one necessary plan and observation complete with no extra investigation (414.803375ms)
✔ sqlite/observations-simple/auto: one necessary plan and observation complete with no extra investigation (483.095208ms)
✔ sqlite/observations-simple/fast: one necessary plan and observation complete with no extra investigation (402.759291ms)
✔ sqlite/observations-simple/deep: one necessary plan and observation complete with no extra investigation (445.633917ms)
✔ sqlite/documents-complex/auto: complex scope is either validated for investigation or rejected without false completion (522.778084ms)
✔ sqlite/documents-complex/fast: complex scope is either validated for investigation or rejected without false completion (192.219667ms)
✔ sqlite/documents-complex/deep: complex scope is either validated for investigation or rejected without false completion (647.304666ms)
✔ sqlite/observations-complex/auto: complex scope is either validated for investigation or rejected without false completion (496.802916ms)
✔ sqlite/observations-complex/fast: complex scope is either validated for investigation or rejected without false completion (335.730125ms)
✔ sqlite/observations-complex/deep: complex scope is either validated for investigation or rejected without false completion (487.014625ms)
✔ sqlite: mode commands enforce owner and both revisions, remain idempotent, and preserve goal and costs (122.741041ms)
✔ sqlite: lowering to fast after two paid reads cannot reset usage or oversubscribe the next reservation (303.232708ms)
✔ sqlite: explicit model cap and fast cap include reservations and do not reopen paid capacity (763.448209ms)
✔ sqlite: a running model keeps its pending mode request and late reply accounting until the next safe boundary (488.443458ms)
✔ sqlite: a pending mode survives reserved model restart without invalidating its stored input (491.668667ms)
✔ sqlite: cancel overrides a pending mode without discarding late measured model costs (300.140334ms)
✔ sqlite: deep to fast retains original goal, completed tasks, checkpoint and result reuse after reopen (413.9185ms)
✔ sqlite: fast keeps mandatory review of existing hypotheses and cannot replace it with premature completion (442.120334ms)
✔ sqlite: legacy model reservations keep their version-one basis when a pending mode first materializes control (350.360125ms)
✔ sqlite: a newer mode wins a pending-mode boundary CAS race (163.937ms)
✔ sqlite: a newer cancel wins a pending-mode boundary CAS race (143.207542ms)
✔ sqlite: cancellation during model backoff publication returns current control without failing the workflow (291.100542ms)
✔ sqlite: auto mode change and reopen preserve a partial collection's original goal and explicit resume chain (1107.824708ms)
✔ file-journal/documents-simple/auto: one necessary plan and observation complete with no extra investigation (3927.60125ms)
✔ file-journal/documents-simple/fast: one necessary plan and observation complete with no extra investigation (2993.996584ms)
✔ file-journal/documents-simple/deep: one necessary plan and observation complete with no extra investigation (2440.190167ms)
✔ file-journal/observations-simple/auto: one necessary plan and observation complete with no extra investigation (4371.981084ms)
✔ file-journal/observations-simple/fast: one necessary plan and observation complete with no extra investigation (3990.24825ms)
✔ file-journal/observations-simple/deep: one necessary plan and observation complete with no extra investigation (4596.7995ms)
✔ file-journal/documents-complex/auto: complex scope is either validated for investigation or rejected without false completion (6930.862166ms)
✔ file-journal/documents-complex/fast: complex scope is either validated for investigation or rejected without false completion (1237.041417ms)
✔ file-journal/documents-complex/deep: complex scope is either validated for investigation or rejected without false completion (6594.84775ms)
✔ file-journal/observations-complex/auto: complex scope is either validated for investigation or rejected without false completion (4005.732666ms)
✔ file-journal/observations-complex/fast: complex scope is either validated for investigation or rejected without false completion (971.685125ms)
✔ file-journal/observations-complex/deep: complex scope is either validated for investigation or rejected without false completion (3913.17175ms)
✔ file-journal: mode commands enforce owner and both revisions, remain idempotent, and preserve goal and costs (371.068416ms)
✔ file-journal: lowering to fast after two paid reads cannot reset usage or oversubscribe the next reservation (1451.568917ms)
✔ file-journal: explicit model cap and fast cap include reservations and do not reopen paid capacity (3248.377209ms)
✔ file-journal: a running model keeps its pending mode request and late reply accounting until the next safe boundary (2749.931625ms)
✔ file-journal: a pending mode survives reserved model restart without invalidating its stored input (3354.603209ms)
✔ file-journal: cancel overrides a pending mode without discarding late measured model costs (1309.418584ms)
✔ file-journal: deep to fast retains original goal, completed tasks, checkpoint and result reuse after reopen (2357.5065ms)
✔ file-journal: fast keeps mandatory review of existing hypotheses and cannot replace it with premature completion (2935.13775ms)
✔ file-journal: legacy model reservations keep their version-one basis when a pending mode first materializes control (1112.677416ms)
✔ file-journal: a newer mode wins a pending-mode boundary CAS race (930.380916ms)
✔ file-journal: a newer cancel wins a pending-mode boundary CAS race (945.512666ms)
✔ file-journal: cancellation during model backoff publication returns current control without failing the workflow (1023.925625ms)
✔ file-journal: auto mode change and reopen preserve a partial collection's original goal and explicit resume chain (5858.263709ms)
✔ local versioned defaults select direct auto/fast and investigate deep without allocating work (1.985791ms)
✔ new controls snapshot caller policy and never expose the default policy for mutation (0.069875ms)
✔ legacy goals supply initial mode while a saved control overrides it without mutating state (2.64375ms)
✔ effective fast limits are absolute work caps and retain token/time limits (0.246792ms)
✔ auto starts direct while retaining the user work limits before evidence or strategy expansion (0.312459ms)
✔ explicit work caps beat mode policy and mode changes cannot grant a fresh allowance (0.166375ms)
✔ investigate strategies retain explicit work limits and pending mode requests have no effect yet (0.188083ms)
✔ fast allows completed history plus one pending task and counts only current adopted successes (1.470834ms)
✔ fast rejects an oversized pending graph or hypotheses without mutating or silently escalating (0.243542ms)
✔ fast preserves and reviews existing hypotheses while rejecting new optional hypotheses (0.178583ms)
✔ policy-specific scope limits are used instead of hard coded local defaults (0.139542ms)
✔ auto expands only validated plan scope and preserves investigate strategy on smaller subsequent plans (0.170875ms)
✔ deep permits a simple or empty plan without manufacturing tasks or hypotheses (0.085334ms)
✔ automatic expansion requires available relevant new evidence and an unmet criterion (0.2215ms)
✔ irrelevant, inaccessible, retracted and another-scope facts cannot justify expansion (0.379666ms)
✔ current counterevidence justifies investigation even if it has already been assessed (0.103125ms)
✔ current hypotheses allow review but sufficiently assessed completed goals do not expand (0.10225ms)
✔ permission failure, empty responses and exhausted budgets are not independent escalation evidence (0.065792ms)
✔ pending obligations, active calls, terminal states and explicit modes suppress automatic expansion (0.2145ms)
✔ delivery waiting does not manufacture completion or suppress investigation of unmet criteria (0.065042ms)
✔ a reserved, running or received model prevents expansion until its existing call is settled (0.177833ms)
✔ policy contracts reject unknown fields, unsafe counts and blank versions while allowing explicit zero caps (0.885667ms)
✔ control contracts enforce current mode strategy and preserve distinct pending requests (0.337917ms)
✔ documents-simple: validated plan executes to verified completion without additional planner calls (30.837375ms)
✔ observations-simple: validated plan executes to verified completion without additional planner calls (14.496834ms)
✔ invalid plans fail before budget or execution: stale, cyclic, missing deps, schema, effects, permission and IDs (8.065083ms)
✔ plan commands deduplicate after later state changes; task IDs cannot hide changed inputs (10.650125ms)
✔ discarded unexecuted task ID still cannot acquire a different contract (8.438083ms)
✔ scripted planner proposal enters the real validator and executor only when control requests a plan (9.054791ms)
✔ dependencies execute in order; partial observations require another source, not false completion (24.6255ms)
✔ empty queue is replan; wake conditions, tool budget, deadline and cancellation produce distinct controls (10.685667ms)
✔ only authorized current-goal commands mutate state; duplicate cancellation is stable (7.382916ms)
✔ competing executors cannot both reserve or replay dispatch (10.617083ms)
✔ late tool result after cancel is recorded without adopting or reversing the command (9.150083ms)
✔ late tool result after goal is recorded without adopting or reversing the command (10.9455ms)
✔ expired dispatched read has bounded retry or explicit unknown effect (6.622541ms)
✔ expired dispatched write has bounded retry or explicit unknown effect (6.566041ms)
✔ invalid result identity, labels, references and output cannot become accepted evidence (49.06475ms)
✔ stored received result resumes in reopened SQLite and artifact stores without invoking tool again (247.3955ms)
✔ tool JSON schema validation compiles once, rejects unsupported schema and preserves inputs (3.366834ms)
✔ successful dependency chain follows DAG order even when task array is reversed (7.94825ms)
✔ pause before dispatch releases reservation; resume and repeated old pause do not cancel new execution (6.683167ms)
✔ tool failures retry only within attempt budget and repeated empty replans exhaust their own budget (9.89875ms)
✔ unconfirmed write is unknown and cannot satisfy the goal or be retried by a renamed task (8.791667ms)
✔ lease timeout yields even for a tool that ignores cancellation; late result cannot finish the goal (30.184042ms)
✔ permission revocation after reservation is rechecked before dispatch and durably blocks execution (4.655791ms)
✔ memory: waiting execution wakes only for expired lease or received result (7.99825ms)
✔ sqlite: waiting execution wakes only for expired lease or received result (173.316084ms)
✔ baseline documents-complex (3.925875ms)
✔ baseline documents-simple (0.356666ms)
✔ baseline observations-complex (0.855792ms)
✔ baseline observations-simple (0.181ms)
✔ both domains use the same schema and include simple/complex baselines (0.36075ms)
✔ fixture oracle rejects missing references and duplicated evidence IDs (0.65525ms)
✔ repetition and permutation cannot create independent sources (0.186542ms)
✔ completed facts do not discharge an unrelated pending obligation (0.06075ms)
✔ sqlite: goal change rejects a mode changed by another channel without modifying goal, control or receipts (291.977167ms)
✔ sqlite: goal control is rechecked after a commit CAS conflict and cannot overwrite the winning mode (289.688833ms)
✔ sqlite: unrelated commit contention retries the same goal request while incrementing control exactly once (294.504041ms)
✔ sqlite: successful goal replay remains idempotent after a later mode change and restart (400.925125ms)
✔ sqlite: goal mutation requires a positive safe control revision and strict fields before any receipt or state change (248.514709ms)
✔ sqlite: a legacy goal without stored execution control still requires its explicit initial revision (293.715792ms)
✔ sqlite: CLI goal changes require both explicit revisions, reject stale control and replay the saved receipt (1565.191625ms)
✔ sqlite: Web strict goal input carries control revision through HTTP and rejects a newer channel mode (333.336208ms)
✔ file-journal: goal change rejects a mode changed by another channel without modifying goal, control or receipts (913.480167ms)
✔ file-journal: goal control is rechecked after a commit CAS conflict and cannot overwrite the winning mode (844.405042ms)
✔ file-journal: unrelated commit contention retries the same goal request while incrementing control exactly once (688.830333ms)
✔ file-journal: successful goal replay remains idempotent after a later mode change and restart (986.295125ms)
✔ file-journal: goal mutation requires a positive safe control revision and strict fields before any receipt or state change (882.239042ms)
✔ file-journal: a legacy goal without stored execution control still requires its explicit initial revision (804.792834ms)
✔ file-journal: CLI goal changes require both explicit revisions, reject stale control and replay the saved receipt (2060.017916ms)
✔ file-journal: Web strict goal input carries control revision through HTTP and rejects a newer channel mode (905.675375ms)
✔ Web goal schema accepts only an explicit positive safe numeric control revision (0.315375ms)
✔ sqlite: valid original guidance remains readable through two historical copies and records actual file probe bytes (503.78875ms)
✔ sqlite: body-edited without refresh invalidates original guidance history and two stored copies (483.164125ms)
✔ sqlite: body-deleted without refresh invalidates original guidance history and two stored copies (413.956958ms)
✔ sqlite: catalog-rules-changed without refresh invalidates original guidance history and two stored copies (410.491542ms)
✔ file-journal: valid original guidance remains readable through two historical copies and records actual file probe bytes (3075.759125ms)
✔ file-journal: body-edited without refresh invalidates original guidance history and two stored copies (2556.817084ms)
✔ file-journal: body-deleted without refresh invalidates original guidance history and two stored copies (1778.913125ms)
✔ file-journal: catalog-rules-changed without refresh invalidates original guidance history and two stored copies (3142.930625ms)
✔ guidance refresh stages every provider page and only then replaces the complete snapshot (12.133292ms)
✔ guidance failure listing leaves the previous snapshot usable (1.005708ms)
✔ guidance mixed listing leaves the previous snapshot usable (0.541542ms)
✔ guidance duplicate listing leaves the previous snapshot usable (0.483833ms)
✔ guidance cycle listing leaves the previous snapshot usable (0.468333ms)
✔ guidance page-bound listing leaves the previous snapshot usable (0.280208ms)
✔ guidance entry-bound listing leaves the previous snapshot usable (0.26325ms)
✔ guidance byte-bound listing leaves the previous snapshot usable (0.228167ms)
✔ guidance abort and late completion cannot replace a published listing (0.472125ms)
✔ guidance concurrent refresh rejects an earlier listing and a complete empty snapshot retires entries (0.69975ms)
✔ legacy list/load remains compatible and missing source validation disables body reuse (1.861667ms)
✔ guidance pages reach beyond 20 and preserve item and whole UTF-8 page bounds (7.226167ms)
✔ guidance cursor binds kind, owner, permission and snapshot and hides unauthorized counts (2.095ms)
✔ hot guidance reuses only body/artifact while rules, selection reason and method are current (0.982708ms)
✔ guidance body cache cannot bypass current tenant, label or work-kind restrictions (0.686459ms)
✔ guidance cache obeys entry/byte bounds, evicts unused bodies and isolates artifact stores (0.70325ms)
✔ a body larger than the cache byte budget is read and decoded on every load (0.40325ms)
✔ a pending hot load cannot exceed cache bounds when another body evicts its old entry (0.475375ms)
✔ a cold legacy-source load rechecks its manifest after artifact persistence (0.654708ms)
✔ source changes during an artifact check are caught by the final probe (0.397291ms)
✔ manifest refresh during final validation rejects a hot result from the previous rules (0.356667ms)
✔ load cancellation cannot publish a cache entry after an ignored-signal provider returns (0.281791ms)
✔ file guidance reports actual cold/hot original I/O separately from put/decode reuse (20.903958ms)
ℹ {"coldOriginalReads":2,"hotOriginalReads":1,"coldOriginalBytes":48,"hotOriginalBytes":24,"source":{"catalogReads":7,"catalogBytes":2702,"bodyReads":3,"bodyBytes":72,"readCalls":1,"validateCalls":2},"catalog":{"sourceReadCalls":1,"sourceReadBytes":24,"sourceValidateCalls":2,"artifactPutCalls":1,"artifactCheckCalls":1,"bodyDecodes":1,"cacheHits":1,"cacheMisses":1,"cachedBodies":1,"cachedBytes":24},"artifactPuts":1,"artifactChecks":1}
✔ file guidance cache never bypasses a deleted original source (24.007291ms)
✔ file guidance cache never bypasses a modified original source (25.034ms)
✔ file guidance cache never bypasses a manifest original source (51.972667ms)
✔ file guidance refresh observes a new catalog, preserves same-body cache and rejects invalid replacements (70.561ms)
✔ guidance resources documents-simple: cold and hot runtime loads retain provenance and report original I/O separately (47.250291ms)
ℹ {"family":"documents-simple","coldOriginalBytes":58,"hotOriginalBytes":29,"coldMetrics":{"sourceReadCalls":1,"sourceReadBytes":29,"sourceValidateCalls":1,"artifactPutCalls":1,"artifactCheckCalls":0,"bodyDecodes":1,"cacheHits":0,"cacheMisses":1,"cachedBodies":1,"cachedBytes":29},"hotMetrics":{"sourceReadCalls":1,"sourceReadBytes":29,"sourceValidateCalls":2,"artifactPutCalls":1,"artifactCheckCalls":1,"bodyDecodes":1,"cacheHits":1,"cacheMisses":1,"cachedBodies":1,"cachedBytes":29}}
✔ guidance resources documents-simple: policy revocation during a hot validation suppresses the cached body (13.399333ms)
✔ guidance resources documents-simple: a goal change while the source read waits cannot return the previous selection (10.96575ms)
✔ guidance resources documents-simple: a refreshed version cannot be replaced by an in-flight older load (9.60775ms)
✔ guidance resources documents-simple: cancellation reaches a pending source and returns no late body (7.861ms)
✔ guidance resources observations-simple: cold and hot runtime loads retain provenance and report original I/O separately (14.51425ms)
ℹ {"family":"observations-simple","coldOriginalBytes":58,"hotOriginalBytes":29,"coldMetrics":{"sourceReadCalls":1,"sourceReadBytes":29,"sourceValidateCalls":1,"artifactPutCalls":1,"artifactCheckCalls":0,"bodyDecodes":1,"cacheHits":0,"cacheMisses":1,"cachedBodies":1,"cachedBytes":29},"hotMetrics":{"sourceReadCalls":1,"sourceReadBytes":29,"sourceValidateCalls":2,"artifactPutCalls":1,"artifactCheckCalls":1,"bodyDecodes":1,"cacheHits":1,"cacheMisses":1,"cachedBodies":1,"cachedBytes":29}}
✔ guidance resources observations-simple: policy revocation during a hot validation suppresses the cached body (9.053125ms)
✔ guidance resources observations-simple: a goal change while the source read waits cannot return the previous selection (7.437042ms)
✔ guidance resources observations-simple: a refreshed version cannot be replaced by an in-flight older load (7.764792ms)
✔ guidance resources observations-simple: cancellation reaches a pending source and returns no late body (8.486166ms)
✔ guidance resources: paginated cards respect the complete output byte budget and never read guidance bodies (17.454209ms)
✔ guidance resources: cursors cannot cross kind, caller labels, owner or a refreshed listing (8.093416ms)
✔ guidance resources: legacy discovery keeps its original shape and current method in both work families (17.176375ms)
✔ guidance resources: optional paging fields are strict and pre-aborted discovery performs no original reads (7.435292ms)
✔ legacy current validation reads original bytes and a fresh listing and accounts for each cost (5.987542ms)
✔ legacy cold load compares a fresh manifest without duplicating the original read (1.369875ms)
✔ a cancelled current probe makes no original read and a failed fresh listing is not accepted (0.55275ms)
✔ sqlite: context compilation refuses delete in an original guidance source (313.200125ms)
✔ sqlite: context compilation refuses modify in an original guidance source (272.336416ms)
✔ sqlite: context compilation refuses rules in an original guidance source (223.491542ms)
✔ sqlite: restarted stored model input cannot send a deleted original guide (430.388166ms)
✔ sqlite: restarted stored model input cannot send a modifyd original guide (364.02275ms)
✔ sqlite: policy during original-source validation stops transport and settles zero usage (364.140583ms)
✔ sqlite: goal during original-source validation stops transport and settles zero usage (373.071333ms)
✔ sqlite: cancel during original-source validation stops transport and settles zero usage (409.55225ms)
✔ sqlite: manifest refresh after the source probe is caught after final state lookup (369.17775ms)
✔ sqlite: an ignored-signal original probe is stopped by the remaining model lease (589.740834ms)
✔ sqlite: stored guidance loss during source probe blocks transport and prevents settlement until repair (490.156459ms)
✔ sqlite: unchanged original guidance sends the exact stored request once after restart (434.033208ms)
✔ file-journal: context compilation refuses delete in an original guidance source (779.468458ms)
✔ file-journal: context compilation refuses modify in an original guidance source (691.152584ms)
✔ file-journal: context compilation refuses rules in an original guidance source (760.117666ms)
✔ file-journal: restarted stored model input cannot send a deleted original guide (981.755166ms)
✔ file-journal: restarted stored model input cannot send a modifyd original guide (1975.11375ms)
✔ file-journal: policy during original-source validation stops transport and settles zero usage (2145.967833ms)
✔ file-journal: goal during original-source validation stops transport and settles zero usage (2080.078083ms)
✔ file-journal: cancel during original-source validation stops transport and settles zero usage (1734.944625ms)
✔ file-journal: manifest refresh after the source probe is caught after final state lookup (2175.793417ms)
✔ file-journal: an ignored-signal original probe is stopped by the remaining model lease (2292.9745ms)
✔ file-journal: stored guidance loss during source probe blocks transport and prevents settlement until repair (2218.023917ms)
✔ file-journal: unchanged original guidance sends the exact stored request once after restart (2251.380459ms)
✔ web adapter: rejected current authority sends no browser input (5.498958ms)
✔ web adapter: cancellation while authority is awaited sends no input (0.59425ms)
✔ web adapter: loss after dispatch is unknown and duplicate operation never sends again (0.711667ms)
✔ web adapter: same operation id with changed action is unknown without another transport (1.198ms)
✔ web adapter: concurrent duplicate joins the original operation (0.419041ms)
✔ web adapter: malformed or wrong operation response is uncertain (0.868625ms)
✔ web adapter: observation from another document cannot become a current view (0.417792ms)
✔ web adapter: observation bounds apply after the remote response (0.114917ms)
✔ web adapter: missing receipt remains unknown and lookup does not send act (0.746208ms)
✔ web adapter: lookup rejects another work and altered receipt identity (0.837959ms)
✔ web adapter: navigation outside the registered loopback document is rejected before evaluation (0.19425ms)
✔ web transport: abort stops waiting but does not claim to retract a sent renderer command (2.977833ms)
✔ web adapter: caller mutations during authorization cannot change the pinned DOM command (0.258292ms)
✔ web adapter: read authorization cannot change the receipt identity or work being looked up (0.315375ms)
✔ invocation copies: two real canonical copies expose the still-authorized original without executing it again (71.200625ms)
✔ invocation copies: retaining only calls.get permission does not restore a revoked source tool (23.608583ms)
✔ invocation copies: current guidance version replacement blocks the copied earlier guide (35.980666ms)
✔ invocation copies: same-version manifest replacement and new guidance labels also block nested bodies (21.03825ms)
✔ invocation copies: catalog target permission is rechecked through both copies (20.682167ms)
✔ invocation copies: catalog target version is rechecked through both copies (27.875625ms)
✔ invocation copies: catalog target definition is rechecked through both copies (24.852375ms)
✔ invocation copies: a missing canonical source receipt is rejected (16.686458ms)
✔ invocation copies: a foreign-owner canonical source receipt is rejected (17.248167ms)
✔ invocation copies: a foreign-tenant canonical source receipt is rejected (16.363584ms)
✔ invocation copies: a foreign-work canonical source receipt is rejected (17.202708ms)
✔ invocation copies: a input-digest canonical source receipt is rejected (15.899583ms)
✔ invocation copies: missing source artifacts invalidate copied bodies even when copy artifacts remain readable (18.680625ms)
✔ invocation copies: a modified copied body must still equal its canonical source result (17.447333ms)
✔ invocation copies: source knowledge is validated and propagated even if an older copy omitted its dependency metadata (16.435ms)
✔ invocation copies: permission changes during a source receipt read prevent returning the already-read copy (15.763583ms)
✔ invocation copies: a canonical input cycle is rejected before following the same receipt twice (17.874916ms)
✔ invocation copies: the 64-node source boundary accepts 63 copies and rejects one further copy (881.876583ms)
✔ sqlite: two invocation copies recheck remove registry change after source artifact read (428.377916ms)
✔ sqlite: two invocation copies recheck labels registry change after source artifact read (390.466042ms)
✔ sqlite: two invocation copies recheck description registry change after source artifact read (377.352458ms)
✔ sqlite: two invocation copies recheck unrelated registry change after source artifact read (371.753542ms)
✔ sqlite: an executed third calls.get stores no private body when source is removed during its read (560.540917ms)
✔ sqlite: catalog target pin is rechecked after final asynchronous state validation (388.348292ms)
✔ sqlite: a same-version guidance manifest change cannot survive copied body verification (442.752875ms)
✔ file-journal: two invocation copies recheck remove registry change after source artifact read (3105.537625ms)
✔ file-journal: two invocation copies recheck labels registry change after source artifact read (2912.202625ms)
✔ file-journal: two invocation copies recheck description registry change after source artifact read (3288.074959ms)
✔ file-journal: two invocation copies recheck unrelated registry change after source artifact read (3349.8085ms)
✔ file-journal: an executed third calls.get stores no private body when source is removed during its read (4214.766834ms)
✔ file-journal: catalog target pin is rechecked after final asynchronous state validation (3258.742042ms)
✔ file-journal: a same-version guidance manifest change cannot survive copied body verification (3300.353666ms)
✔ file journal: exception at candidate_synced preserves the publication boundary and retry identity (229.223167ms)
✔ file journal: actual SIGKILL at candidate_synced reopens a whole commit or no commit (292.694333ms)
✔ file journal: exception at published preserves the publication boundary and retry identity (195.851958ms)
✔ file journal: actual SIGKILL at published reopens a whole commit or no commit (292.511208ms)
✔ file journal: exception at directory_synced preserves the publication boundary and retry identity (215.029292ms)
✔ file journal: actual SIGKILL at directory_synced reopens a whole commit or no commit (286.210583ms)
✔ file journal: a reader and duplicate retry observe a whole published record while its writer is pending (226.90175ms)
✔ file journal: directory sync failure prevents reads and duplicate acknowledgements without rolling back publication (168.8525ms)
✔ file journal: listing retries the first record when publication follows its initial ENOENT (165.992166ms)
✔ file journal: checksum corruption blocks reads and subsequent commits without overwriting the damaged record (93.541792ms)
✔ file journal: an intact record checksum does not hide a broken previous-hash link (135.293ms)
✔ file journal: deleting a middle revision rejects the incomplete prefix (161.287083ms)
✔ file journal: changing store identity is rejected by an open instance and by replay after reopening (103.313959ms)
✔ file journal: a missing format header does not initialize a populated store as empty (88.214459ms)
✔ file journal: existing root, work and record symlinks are rejected without following their contents (271.315958ms)
✔ file journal: group or other permissions on the root and records are rejected (166.3925ms)
✔ file journal: an observed root or work directory replacement cannot reset the open repository (174.346833ms)
✔ file journal: record size limits reject both publication and oversized persisted input (164.790375ms)
✔ file journal: closed instances reject every repository operation while reopening retains data (121.950209ms)
✔ file journal: revision zero is invalid layout and cannot be silently ignored (96.779666ms)
✔ sqlite: custody-free reads keep their original I/O path and a W to M to W custody cycle remains finite (179.177542ms)
✔ sqlite: external K revise blocks direct, derived and cached M before W is refreshed (173.591125ms)
✔ sqlite: external K retract blocks direct, derived and cached M before W is refreshed (201.501208ms)
✔ sqlite: external K expire blocks direct, derived and cached M before W is refreshed (169.861875ms)
✔ sqlite: external K generation blocks direct, derived and cached M before W is refreshed (199.50975ms)
✔ sqlite: a shared reader uses current M authority without impersonating its owner's private K actor (199.682958ms)
✔ sqlite: custody does not reconstruct an unconfirmed reviewer-only permission (210.909625ms)
✔ sqlite: custody entry and byte limits fail closed before reading unbounded knowledge records (1218.088ms)
✔ sqlite: a derivedFrom cycle remains invalid even when its work custody graph is finite (159.810167ms)
✔ sqlite: external memory changed during closure collection cannot survive the stable snapshot (143.608041ms)
✔ file-journal: custody-free reads keep their original I/O path and a W to M to W custody cycle remains finite (476.391959ms)
✔ file-journal: external K revise blocks direct, derived and cached M before W is refreshed (1036.988292ms)
✔ file-journal: external K retract blocks direct, derived and cached M before W is refreshed (1409.771459ms)
✔ file-journal: external K expire blocks direct, derived and cached M before W is refreshed (1482.61775ms)
✔ file-journal: external K generation blocks direct, derived and cached M before W is refreshed (1545.299584ms)
✔ file-journal: a shared reader uses current M authority without impersonating its owner's private K actor (1046.998916ms)
✔ file-journal: custody does not reconstruct an unconfirmed reviewer-only permission (591.594167ms)
✔ file-journal: custody entry and byte limits fail closed before reading unbounded knowledge records (696.469334ms)
✔ file-journal: a derivedFrom cycle remains invalid even when its work custody graph is finite (786.769541ms)
✔ file-journal: external memory changed during closure collection cannot survive the stable snapshot (795.887708ms)
✔ sqlite: same-work recall survives dispatch, receipt and unrelated revision bookkeeping (395.633875ms)
✔ sqlite: cross-work memory copy keeps custody across a goal change and blocks a prepared result after source deletion (803.398375ms)
✔ sqlite: source deletion after a cross-goal copied memory cancels a reserved effect before invocation (501.879083ms)
✔ sqlite: stored model input contains recalled bodies while hiding internal custody metadata (556.445084ms)
✔ sqlite: reopening without a knowledge validator blocks retained originals and reserved effects (500.431459ms)
✔ sqlite: deleting another work's source while adopt commit waits quarantines the copied evidence before return (510.785833ms)
✔ file-journal: same-work recall survives dispatch, receipt and unrelated revision bookkeeping (3872.902167ms)
✔ file-journal: cross-work memory copy keeps custody across a goal change and blocks a prepared result after source deletion (13246.070709ms)
✔ file-journal: source deletion after a cross-goal copied memory cancels a reserved effect before invocation (7898.010291ms)
✔ file-journal: stored model input contains recalled bodies while hiding internal custody metadata (8980.993833ms)
✔ file-journal: reopening without a knowledge validator blocks retained originals and reserved effects (5976.679458ms)
✔ file-journal: deleting another work's source while adopt commit waits quarantines the copied evidence before return (5013.758417ms)
✔ memory tools expose read cards, internal dependencies and schema-valid results (sqlite) (204.360041ms)
✔ memory tool authority intersects destination, caller and fresh trusted identity (sqlite) (216.723084ms)
✔ memory reads constrain IDs and searches to the current goal scope (sqlite) (150.152459ms)
✔ memory tools expose read cards, internal dependencies and schema-valid results (file-journal) (1529.806042ms)
✔ memory tool authority intersects destination, caller and fresh trusted identity (file-journal) (467.932209ms)
✔ memory reads constrain IDs and searches to the current goal scope (file-journal) (790.529583ms)
✔ memory tools report bounded references without bodies, including multibyte oversized references (154.2455ms)
✔ memory search distinguishes result truncation and index errors from complete absence (180.770292ms)
✔ memory tools discard a copied card when trusted-owner changes during a repository wait (158.585ms)
✔ memory tools discard a copied card when work-owner changes during a repository wait (156.065834ms)
✔ memory tools discard a copied card when caller-labels changes during a repository wait (124.122333ms)
✔ memory tools discard a copied card when work-labels changes during a repository wait (137.589166ms)
✔ memory tools discard a copied card when goal changes during a repository wait (154.021958ms)
✔ memory tools discard a copied card when generation changes during a repository wait (175.950958ms)
✔ memory tools discard a copied card when cancel changes during a repository wait (140.547583ms)
✔ each fresh trusted actor lookup must match the work owner, including the final return check (142.254958ms)
✔ dependency validation uses current source, record and caller permissions without a stale service cache (176.879334ms)
✔ memory adapters do not mutate the caller policy and normalize invalid input and pre-abort (156.390834ms)
✔ knowledge exact lookup precedes index, Korean/English and conditional search use current sources (sqlite) (149.426125ms)
✔ knowledge exact lookup precedes index, Korean/English and conditional search use current sources (file-journal) (459.747792ms)
✔ private memory needs explicit submission and another reviewer of the exact content revision (180.624ms)
✔ source retracted prevents direct, cached lexical and dependency reuse (166.088958ms)
✔ source restricted prevents direct, cached lexical and dependency reuse (121.964166ms)
✔ source deleted prevents direct, cached lexical and dependency reuse (137.395542ms)
✔ source corrected prevents direct, cached lexical and dependency reuse (156.167375ms)
✔ source policy prevents direct, cached lexical and dependency reuse (153.233959ms)
✔ source generation prevents direct, cached lexical and dependency reuse (164.270166ms)
✔ ancestor changes and derived memories retain source identity without inflating independent provenance (189.61175ms)
✔ review CAS prevents a reviewed draft from being silently replaced or shared after editing (140.561083ms)
✔ source or actor changes while source reads wait cannot return stale memory content (130.048541ms)
✔ a delayed candidate cache fill rechecks namespace authority before returning cards or counts (149.837417ms)
✔ index errors remain distinct from absence and rebuild never resurrects deleted or expired content (184.596958ms)
✔ SQLite reopen retains memory, review, cursor and receipts; competing writers use revision CAS (159.087042ms)
✔ source and knowledge stores close and reopen with reviewed memory and index intact (169.754208ms)
✔ bounded results report truncation only after current visibility filtering (149.4725ms)
✔ deletion while a repeated source check waits is noticed before returning the memory card (163.724458ms)
✔ source deletion after the second source snapshot cannot return its old card (150.16725ms)
✔ batch dependency fences notice an earlier card source changing while a later card is checked (168.638292ms)
✔ retracted memory can subsequently be deleted while preserving the revision and idempotency rules (200.040166ms)
✔ a pruned limited search stays partial when an unread matching candidate remains (205.9425ms)
✔ unrelated work revisions preserve semantic dependencies while changed source content does not (210.88675ms)
✔ dependency contracts reject forged fields, unsafe revisions, malformed hashes and duplicate references (215.079292ms)
✔ continuously changing coherent-read revisions stop after a bounded number of fences (193.685375ms)
✔ local evaluation: 192 pinned cases retain two families, two stores, three modes and sixteen variants without duplicate IDs (17.447ms)
✔ local evaluation sqlite/document_comparison: simple actual workflow and read-only replay preserve one model, one tool and one delivered answer (768.902833ms)
✔ local evaluation sqlite/observation_review: simple actual workflow and read-only replay preserve one model, one tool and one delivered answer (702.883625ms)
✔ local evaluation sqlite: complex original amendments change the hypothesis and require later model assessments (1741.541667ms)
✔ local evaluation sqlite: fast limits reject a complex plan without claiming goal completion or invoking its tool (1077.204542ms)
✔ local evaluation sqlite: stored_model_resume actually crosses reopen with a received response and does not invoke it again (833.230375ms)
✔ local evaluation sqlite: stored_tool_resume actually crosses reopen with a received response and does not invoke it again (877.911ms)
✔ local evaluation sqlite: forced compact is persisted before reopen and subsequent model calls assess later originals (1586.717166ms)
✔ local evaluation sqlite: next-day reply preserves a real wait interval with no model or tool entries (1116.935625ms)
✔ local evaluation sqlite: status-only keeps its recorded state unchanged with no execution or transport (170.951333ms)
✔ local evaluation sqlite: source_missing reaches the intended failure boundary and stays incomplete (936.590583ms)
✔ local evaluation sqlite: partial_result reaches the intended failure boundary and stays incomplete (1814.878625ms)
✔ local evaluation sqlite: tool_errors reaches the intended failure boundary and stays incomplete (1077.297458ms)
✔ local evaluation sqlite: model_errors reaches the intended failure boundary and stays incomplete (1335.932542ms)
✔ local evaluation sqlite: permission_revoked reaches the intended failure boundary and stays incomplete (981.945541ms)
✔ local evaluation sqlite: cancellation occurs after model entry and preserves its reported usage without a tool or answer (725.592834ms)
✔ local evaluation sqlite: requested mode change is first pending during the entered call and later applied (892.474416ms)
✔ local evaluation sqlite: unknown result delivery produces lookup rather than a duplicate send or false completion (967.196833ms)
✔ local evaluation sqlite/document_comparison: late counterevidence is actually observed before final judgment (2065.631334ms)
✔ local evaluation sqlite/observation_review: late counterevidence is actually observed before final judgment (2102.822667ms)
✔ local evaluation file-journal/document_comparison: simple actual workflow and read-only replay preserve one model, one tool and one delivered answer (4931.855166ms)
✔ local evaluation file-journal/observation_review: simple actual workflow and read-only replay preserve one model, one tool and one delivered answer (5530.093333ms)
✔ local evaluation file-journal: complex original amendments change the hypothesis and require later model assessments (14404.873333ms)
✔ local evaluation file-journal: fast limits reject a complex plan without claiming goal completion or invoking its tool (7674.941291ms)
✔ local evaluation file-journal: stored_model_resume actually crosses reopen with a received response and does not invoke it again (6524.017625ms)
✔ local evaluation file-journal: stored_tool_resume actually crosses reopen with a received response and does not invoke it again (5212.57025ms)
✔ local evaluation file-journal: forced compact is persisted before reopen and subsequent model calls assess later originals (12095.433667ms)
✔ local evaluation file-journal: next-day reply preserves a real wait interval with no model or tool entries (5828.321708ms)
✔ local evaluation file-journal: status-only keeps its recorded state unchanged with no execution or transport (372.181333ms)
✔ local evaluation file-journal: source_missing reaches the intended failure boundary and stays incomplete (2128.084ms)
✔ local evaluation file-journal: partial_result reaches the intended failure boundary and stays incomplete (2657.302334ms)
✔ local evaluation file-journal: tool_errors reaches the intended failure boundary and stays incomplete (1297.794958ms)
✔ local evaluation file-journal: model_errors reaches the intended failure boundary and stays incomplete (1413.812875ms)
✔ local evaluation file-journal: permission_revoked reaches the intended failure boundary and stays incomplete (628.368583ms)
✔ local evaluation file-journal: cancellation occurs after model entry and preserves its reported usage without a tool or answer (323.145416ms)
✔ local evaluation file-journal: requested mode change is first pending during the entered call and later applied (598.838416ms)
✔ local evaluation file-journal: unknown result delivery produces lookup rather than a duplicate send or false completion (612.983ms)
✔ local evaluation file-journal/document_comparison: late counterevidence is actually observed before final judgment (1719.267792ms)
✔ local evaluation file-journal/observation_review: late counterevidence is actually observed before final judgment (2157.098709ms)
✔ sqlite: local memory tools and workspace checkpoints remain usable after profile reopen (1060.719ms)
✔ sqlite: workspace initialization failure closes state, channel and knowledge stores (191.644417ms)
✔ file-journal: local memory tools and workspace checkpoints remain usable after profile reopen (6671.515542ms)
✔ file-journal: workspace initialization failure closes state, channel and knowledge stores (172.459333ms)
✔ composition without optional memory or workspace keeps the prior tool configuration usable (238.091667ms)
✔ profile close still closes databases after a workspace close failure (226.549916ms)
✔ sqlite: accepted work, request replay, and queries stay separate from fixture execution (578.777ms)
✔ sqlite: document question is atomic, actionable, and does not interpret reply text (817.508625ms)
✔ sqlite: current ownership, route, and disclosure gates apply to reads and mutations (293.996083ms)
✔ sqlite: web attachment observes an existing CLI primary without re-sending or changing it (638.765708ms)
✔ sqlite: goal and mode commands preserve optimistic revisions and durable idempotency (641.902708ms)
✔ sqlite: pause does not wait behind an active run and a replay cannot start another run (647.044167ms)
✔ sqlite: cancel does not wait behind an active run and a replay cannot start another run (345.503416ms)
✔ sqlite: an unfinished durable run is not repeated by the same request after restart (643.8955ms)
✔ sqlite: a goal changed while the old run intent is acknowledged never receives that run's plan (579.398416ms)
✔ sqlite: workflow entry rejects a stale pinned goal before recovery or execution (260.992541ms)
✔ sqlite: paged lists recheck every returned card and omit a card revoked while another is read (1201.842166ms)
✔ sqlite: at most four distinct works execute concurrently and draining admits no new mutations (1359.686083ms)
✔ file-journal: accepted work, request replay, and queries stay separate from fixture execution (4859.933334ms)
✔ file-journal: document question is atomic, actionable, and does not interpret reply text (5793.215417ms)
✔ file-journal: current ownership, route, and disclosure gates apply to reads and mutations (741.451416ms)
✔ file-journal: web attachment observes an existing CLI primary without re-sending or changing it (2874.123333ms)
✔ file-journal: goal and mode commands preserve optimistic revisions and durable idempotency (3852.715125ms)
✔ file-journal: pause does not wait behind an active run and a replay cannot start another run (4312.3ms)
✔ file-journal: cancel does not wait behind an active run and a replay cannot start another run (1909.744458ms)
✔ file-journal: an unfinished durable run is not repeated by the same request after restart (3445.195084ms)
✔ file-journal: a goal changed while the old run intent is acknowledged never receives that run's plan (3514.652417ms)
✔ file-journal: workflow entry rejects a stale pinned goal before recovery or execution (782.065167ms)
✔ file-journal: paged lists recheck every returned card and omit a card revoked while another is read (14419.923417ms)
✔ file-journal: at most four distinct works execute concurrently and draining admits no new mutations (10763.3025ms)
✔ sqlite: MCP family 0 stores an original, adopts facts and revalidates offline (429.154667ms)
✔ sqlite: MCP family 1 stores an original, adopts facts and revalidates offline (414.361417ms)
✔ sqlite: MCP partial records do not satisfy complete coverage (349.852ms)
✔ sqlite: MCP error retains no result evidence (484.889625ms)
✔ sqlite: MCP invalid retains no result evidence (384.842167ms)
✔ sqlite: MCP changed projected facts and different attempt proof are rejected (344.395417ms)
✔ sqlite: MCP raw body corruption prevents adoption after restart (381.4675ms)
✔ sqlite: MCP received result survives reopen and does not recall a stopped server (446.234292ms)
✔ sqlite: MCP request intent prevents a hidden second call for the same attempt (321.979541ms)
✔ sqlite: MCP repeated reads keep one independent source lineage (824.694958ms)
✔ sqlite: MCP pause during adapter wait blocks the wire call (227.609167ms)
✔ sqlite: MCP expand-labels during adapter wait blocks the wire call (278.281333ms)
✔ sqlite: MCP cancel after a real reply prevents raw publication and adoption (291.925958ms)
✔ sqlite: MCP restrict-labels after a real reply prevents raw publication and adoption (350.566958ms)
✔ file-journal: MCP family 0 stores an original, adopts facts and revalidates offline (1913.881375ms)
✔ file-journal: MCP family 1 stores an original, adopts facts and revalidates offline (1902.343166ms)
✔ file-journal: MCP partial records do not satisfy complete coverage (1725.21875ms)
✔ file-journal: MCP error retains no result evidence (1763.527625ms)
✔ file-journal: MCP invalid retains no result evidence (1453.195875ms)
✔ file-journal: MCP changed projected facts and different attempt proof are rejected (1317.743542ms)
✔ file-journal: MCP raw body corruption prevents adoption after restart (1093.895834ms)
✔ file-journal: MCP received result survives reopen and does not recall a stopped server (1248.878583ms)
✔ file-journal: MCP request intent prevents a hidden second call for the same attempt (1186.015416ms)
✔ file-journal: MCP repeated reads keep one independent source lineage (2227.690083ms)
✔ file-journal: MCP pause during adapter wait blocks the wire call (813.062292ms)
✔ file-journal: MCP expand-labels during adapter wait blocks the wire call (771.8975ms)
✔ file-journal: MCP cancel after a real reply prevents raw publication and adoption (697.972125ms)
✔ file-journal: MCP restrict-labels after a real reply prevents raw publication and adoption (739.931834ms)
✔ MCP client: invalid host process configuration is rejected without starting a child (2.554542ms)
✔ MCP client: real pinned stdio discovery and repeated reads each make one fresh call (124.280333ms)
✔ MCP client: staged paginated listing is bounded and only the approved subset can be called (111.995084ms)
✔ MCP client: partial, mismatched and cycling listings never publish a callable session (792.517375ms)
✔ MCP client: list change during discovery rejects the mixed view; explicit discovery can recover (125.032ms)
✔ MCP client: caller mutation and rejected authorization cannot change the registered request (111.766709ms)
✔ MCP client: cancellation while authorization is pending sends zero calls (111.368083ms)
✔ MCP client: active-call admission rejects overflow without invoking its authority callback (124.829875ms)
✔ MCP client: actual serialized request and oversized response are bounded (136.818333ms)
✔ MCP client: post-dispatch list change invalidates the result and never repeats the call (130.27075ms)
✔ MCP client: lost delayed response preserves sent uncertainty and releases the owned process (133.786333ms)
✔ MCP client: uncertain exit preserves a sent call and explicit concurrent close rechecks once (132.654167ms)
✔ MCP client: crashed peer requires explicit new discovery and old session is never revived (231.893584ms)
✔ MCP client: ambient default environment is blanked; only explicit host variables are forwarded (57.007875ms)
✔ cancel during input artifact read prevents transport invocation and releases the known unused token reservation (49.628125ms)
✔ goal during input artifact read prevents transport invocation and releases the known unused token reservation (48.450875ms)
✔ destination during input artifact read prevents transport invocation and releases the known unused token reservation (59.876584ms)
✔ labels during input artifact read prevents transport invocation and releases the known unused token reservation (14.24425ms)
✔ cancelling an active model sends its signal, yields promptly and settles late usage once without adopting the old plan (33.713458ms)
✔ input byte limit rejects before a durable reservation or transport call (7.409458ms)
✔ token budget rejects before a durable reservation or transport call (14.260417ms)
✔ model call budget rejects before a durable reservation or transport call (3.995875ms)
✔ model context capacity and destination policy reject input without invoking the planner (15.383125ms)
✔ concurrent reservations have one winner and duplicate execution performs one dispatch and one transport call (19.160792ms)
✔ a replacement owner waits for a reserved lease, then releases it and creates a fresh intent without repeating a transport call (19.546583ms)
✔ a recovered running lease retains uncertain cost and accepts only late accounting, never its expired plan (8.971917ms)
✔ a reply without usage keeps its reservation and prevents a further model call after rejection (8.667042ms)
✔ verified facts remain visible while hypothesis review prevents response readiness and preparation (38.633125ms)
✔ reserved, running and stored model replies cannot produce a result; accepted review resumes preparation (42.325125ms)
✔ pending model work suppresses question preparation while preserving existing obligation blockers (19.079792ms)
✔ an already prepared result is withheld during review and can be prepared again after accepted model assessment (22.511125ms)
✔ documents-simple: one model plan executes to completion with usage and no extra hypothesis call (48.421041ms)
✔ observations-simple: one model plan executes to completion with usage and no extra hypothesis call (14.636ms)
✔ late counterevidence revises the hypothesis and only the changed graph consumes a replan (58.883625ms)
✔ strict structured transport adapter feeds the same validator and execution loop without a provider SDK (11.7235ms)
✔ invalid or truncated responses cannot replace an executable plan or fabricate zero usage (9.640375ms)
✔ rejected model plans still charge exactly one call and preserve their raw response for an authorized read (7.407833ms)
✔ bookkeeping changes do not stale a response but goal and evidence changes do (15.54975ms)
✔ received model result resumes after SQLite and artifact reopen with no additional model call (406.558292ms)
✔ a new scope archives the old hypothesis in prior events and permits a fresh plan (17.857ms)
✔ unsupported hypotheses and erased counterevidence are rejected without changing the current assessment (12.504875ms)
✔ validator feedback reaches the next model proposal and invalid plans never dispatch their tools (14.861292ms)
✔ permission revocation during reply storage preserves usage but never downgrades the model body (6.935ms)
✔ sqlite/documents-simple: same model/tool/evidence/conversation workflow resumes on persistent state without a new model call for the stored reply (1024.943ms)
✔ sqlite/documents-complex: same model/tool/evidence/conversation workflow resumes on persistent state without a new model call for the stored reply (2131.121292ms)
✔ sqlite/observations-simple: same model/tool/evidence/conversation workflow resumes on persistent state without a new model call for the stored reply (1065.9835ms)
✔ sqlite/observations-complex: same model/tool/evidence/conversation workflow resumes on persistent state without a new model call for the stored reply (1759.879958ms)
✔ file-journal/documents-simple: same model/tool/evidence/conversation workflow resumes on persistent state without a new model call for the stored reply (5587.018542ms)
✔ file-journal/documents-complex: same model/tool/evidence/conversation workflow resumes on persistent state without a new model call for the stored reply (9986.680875ms)
✔ file-journal/observations-simple: same model/tool/evidence/conversation workflow resumes on persistent state without a new model call for the stored reply (4806.695541ms)
✔ file-journal/observations-complex: same model/tool/evidence/conversation workflow resumes on persistent state without a new model call for the stored reply (8430.021875ms)
✔ checkpoint record: empty paged root round-trips metadata once without raw reads (7.226875ms)
✔ checkpoint record: empty batch root round-trips metadata once without raw reads (1.738584ms)
✔ checkpoint record: multiple normal pages store references rather than repeating large bodies (12.226292ms)
✔ checkpoint record: partial batch resumes only unfinished items and preserves original successes (8.283083ms)
✔ checkpoint record: rejected source calls survive explicit resume and consume the operation call limit (1.65725ms)
✔ checkpoint record: a crashed intent becomes one unknown call and is never silently replayed (2.444083ms)
✔ checkpoint record: complete orphan resume performs no new page read or call (0.849542ms)
✔ checkpoint record: explicit stop changes only stop metadata and appends its exact base reference (1.239667ms)
✔ checkpoint record: unchanged fields and inherited dependencies cannot be dropped from an intent (3.907625ms)
✔ checkpoint record: start rejects retained history, source artifacts, and non-root identity (0.459459ms)
✔ checkpoint record: intent, settlement, and resume reject invalid request identity or time transitions (1.802292ms)
✔ checkpoint record: wrong logical digest, wrong base, extra keys, and failed source reads are rejected (1.891208ms)
✔ checkpoint record: accepted encode defers new raw body, source-ref, and dependency authentication to decode (3.772792ms)
✔ checkpoint record: conflicting artifact metadata and dropped inherited references are never encoded (0.686292ms)
✔ checkpoint record: logical checkpoint and referenced response byte limits are enforced before source I/O (1.053042ms)
✔ checkpoint record: record schema rejects more than 16 MiB of otherwise bounded root metadata (65.72725ms)
✔ checkpoint store: real v2 start/intent/settle records load the logical v1 result and preserve original bytes (245.713125ms)
✔ checkpoint store: a legacy snapshot can anchor a v2 orphan resume without reissuing any raw page request (355.185042ms)
✔ checkpoint store: missing base is detected through the actual file adapter (227.030625ms)
✔ checkpoint store: tampered base is detected through the actual file adapter (255.689958ms)
✔ checkpoint store: missing raw is detected through the actual file adapter (213.074125ms)
✔ checkpoint store: tampered raw is detected through the actual file adapter (218.540166ms)
✔ checkpoint store: a base reference with tenant cannot use an otherwise readable head (280.270333ms)
✔ checkpoint store: a base reference with labels cannot use an otherwise readable head (351.036959ms)
✔ checkpoint store: a base reference with missing-index cannot use an otherwise readable head (197.779833ms)
✔ checkpoint store: a valid artifact hash cannot authenticate a forged logical digest (271.887333ms)
✔ checkpoint store: returned byte/page/checkpoint mutations cannot poison a reader cache (204.947834ms)
✔ checkpoint store: shared materialization rechecks every original and a new file instance decodes cold (240.870792ms)
✔ checkpoint store: shared materialization cannot hide a revoked or unindexed original (268.921083ms)
✔ checkpoint store: shared materialization evicts at 64-heads (3597.016291ms)
✔ checkpoint store: shared materialization evicts at 16-MiB-logical-bytes (583.6045ms)
✔ checkpoint store: eviction during a shared materialization await preserves the logical byte budget (586.294459ms)
✔ checkpoint store: an in-flight head mutation cannot seed a different artifact materialization (228.763042ms)
✔ checkpoint store: caller ref mutation cannot redirect cached-reference revalidation (195.668916ms)
✔ checkpoint store: policy snapshots and exact index entries cannot be widened or aliased by callers (306.41175ms)
✔ checkpoint store: cached originals require real exists checks and new readers cannot inherit a deleted source (259.766334ms)
✔ checkpoint store: raw source cache stays within 16 MiB and evicted sources are fetched again (475.712041ms)
✔ checkpoint store: cycles and oversized records are rejected before decoding any logical history (1.15325ms)
✔ checkpoint store: a record chain stops at 10000 records before requesting the next dependency (208.083583ms)
✔ checkpoint store: a record chain stops at 64 MiB without caching the entire traversal (41.806583ms)
✔ checkpoint store: a materialized base retains its chain byte cost for the next event (72.424834ms)
✔ checkpoint store sqlite: a legacy committed root resumes through v2 records into an authenticated public result (612.6085ms)
✔ checkpoint store file-journal: a legacy committed root resumes through v2 records into an authenticated public result (2922.901625ms)
✔ read checkpoint sqlite: a complete checkpoint survives outer-result loss and resumes without another fetch (1007.043042ms)
✔ read checkpoint sqlite: projection preserves original evidence and charges only the successor's raw response (1063.218917ms)
✔ read checkpoint sqlite: missing proof and altered payload are denied while ordinary failures remain valid (1041.86925ms)
✔ read checkpoint sqlite: an indexed forged merged page cannot replace its accepted raw response (1155.793833ms)
✔ read checkpoint sqlite: an unchanged original body cannot authorize a changed request identity (1206.071209ms)
✔ read checkpoint sqlite: losing raw-response blocks result history and copied history (1084.975791ms)
✔ read checkpoint sqlite: losing source-artifact blocks result history and copied history (1168.210209ms)
✔ read checkpoint sqlite: severing the parent's exclusive successor claim rejects the child (1052.587834ms)
✔ read checkpoint file-journal: a complete checkpoint survives outer-result loss and resumes without another fetch (3677.699542ms)
✔ read checkpoint file-journal: projection preserves original evidence and charges only the successor's raw response (4010.196708ms)
✔ read checkpoint file-journal: missing proof and altered payload are denied while ordinary failures remain valid (4193.933375ms)
✔ read checkpoint file-journal: an indexed forged merged page cannot replace its accepted raw response (4584.691042ms)
✔ read checkpoint file-journal: an unchanged original body cannot authorize a changed request identity (4365.704667ms)
✔ read checkpoint file-journal: losing raw-response blocks result history and copied history (5290.186041ms)
✔ read checkpoint file-journal: losing source-artifact blocks result history and copied history (4990.669459ms)
✔ read checkpoint file-journal: severing the parent's exclusive successor claim rejects the child (4397.31225ms)
✔ read collection context: only visible current goal and scope tips survive; complete unadopted tips remain resumable (4.333791ms)
✔ read collection context: the common packet removes denied head metadata from both execution and resume projections (3.959167ms)
✔ read collection context sqlite: five compactions and reopen retain partial resume metadata without page bodies (843.79425ms)
✔ read collection context sqlite: five compactions and reopen retain complete orphan resume metadata without page bodies (822.850375ms)
✔ read collection context file-journal: five compactions and reopen retain partial resume metadata without page bodies (3175.906125ms)
✔ read collection context file-journal: five compactions and reopen retain complete orphan resume metadata without page bodies (2687.939167ms)
✔ read collection context sqlite: lost derived frame regenerates while lost original raw response blocks context and recovery (376.165875ms)
✔ read collection context file-journal: lost derived frame regenerates while lost original raw response blocks context and recovery (1336.792292ms)
✔ read collection context sqlite: source gate rejects omitted, altered, and canonically inconsistent resume metadata (327.838292ms)
✔ read collection context file-journal: source gate rejects omitted, altered, and canonically inconsistent resume metadata (1133.70675ms)
✔ read collection context sqlite: resume metadata is mandatory input and cannot be evicted to satisfy a smaller byte budget (223.7955ms)
✔ read collection context file-journal: resume metadata is mandatory input and cannot be evicted to satisfy a smaller byte budget (1009.152417ms)
✔ read collection context sqlite: source lifecycle change during checkpoint read prevents staged frame publication (207.067375ms)
✔ read collection context file-journal: source lifecycle change during checkpoint read prevents staged frame publication (617.918833ms)
✔ read collection context sqlite: contract change during derived resume put is checked before return (242.174708ms)
✔ read collection context sqlite: original change during derived resume put is checked before return (268.717208ms)
✔ read collection context file-journal: contract change during derived resume put is checked before return (1138.04125ms)
✔ read collection context file-journal: original change during derived resume put is checked before return (1316.140458ms)
✔ read collection context sqlite: completed adopted output retains original proof requirements after leaving the resume list (320.620459ms)
✔ read collection context file-journal: completed adopted output retains original proof requirements after leaving the resume list (1624.086083ms)
✔ read collection context sqlite: raw loss during frame staging suppresses completed adopted copies (350.791833ms)
✔ read collection context file-journal: raw loss during frame staging suppresses completed adopted copies (1436.782834ms)
✔ collection I/O sqlite documents-simple: 4 pages retain semantics across reads, copying and reopening (1375.924208ms)
ℹ {"adapter":"sqlite","family":"documents-simple","pages":4,"sourceCalls":4,"resultSignature":"ca3cbf4a810188e565397de9b01c666596d3bfd519841b869c91c2e4ca1eaa0c","stages":[{"name":"collect","get":114,"exists":202,"put":14,"returnedBodyBytes":171997,"stateReads":201,"receipts":30,"commits":14,"physicalBodyBytes":485558},{"name":"checkpointRead","get":13,"exists":12,"put":0,"returnedBodyBytes":18362,"stateReads":4,"receipts":1,"commits":0,"physicalBodyBytes":35757},{"name":"callsGet","get":41,"exists":96,"put":1,"returnedBodyBytes":84792,"stateReads":45,"receipts":10,"commits":5,"physicalBodyBytes":314778},{"name":"contextPrepare","get":70,"exists":50,"put":1,"returnedBodyBytes":188989,"stateReads":37,"receipts":7,"commits":0,"physicalBodyBytes":288275},{"name":"reopenAndPrepare","get":83,"exists":62,"put":1,"returnedBodyBytes":207351,"stateReads":41,"receipts":8,"commits":0,"physicalBodyBytes":324032}]}
✔ collection I/O sqlite documents-simple: 8 pages retain semantics across reads, copying and reopening (2247.8765ms)
ℹ {"adapter":"sqlite","family":"documents-simple","pages":8,"sourceCalls":8,"resultSignature":"c223661cc27ac8f18d90094013769634188fab210c6fa1531b423635c1ef5c84","stages":[{"name":"collect","get":318,"exists":590,"put":26,"returnedBodyBytes":470387,"stateReads":337,"receipts":46,"commits":22,"physicalBodyBytes":1357149},{"name":"checkpointRead","get":25,"exists":24,"put":0,"returnedBodyBytes":35235,"stateReads":4,"receipts":1,"commits":0,"physicalBodyBytes":69502},{"name":"callsGet","get":77,"exists":180,"put":1,"returnedBodyBytes":162709,"stateReads":45,"receipts":10,"commits":5,"physicalBodyBytes":606344},{"name":"contextPrepare","get":130,"exists":98,"put":1,"returnedBodyBytes":354351,"stateReads":37,"receipts":7,"commits":0,"physicalBodyBytes":548423},{"name":"reopenAndPrepare","get":155,"exists":122,"put":1,"returnedBodyBytes":389586,"stateReads":41,"receipts":8,"commits":0,"physicalBodyBytes":617925}]}
✔ collection I/O sqlite documents-simple: 16 pages retain semantics across reads, copying and reopening (4271.887542ms)
ℹ {"adapter":"sqlite","family":"documents-simple","pages":16,"sourceCalls":16,"resultSignature":"ab9d2af3b8ec8ae6983b1b42f01fae55eaa9771ae3f0271537f2a91d7e4ef676","stages":[{"name":"collect","get":1014,"exists":1942,"put":50,"returnedBodyBytes":1473478,"stateReads":609,"receipts":78,"commits":38,"physicalBodyBytes":4319151},{"name":"checkpointRead","get":49,"exists":48,"put":0,"returnedBodyBytes":69080,"stateReads":4,"receipts":1,"commits":0,"physicalBodyBytes":137191},{"name":"callsGet","get":149,"exists":348,"put":1,"returnedBodyBytes":318994,"stateReads":45,"receipts":10,"commits":5,"physicalBodyBytes":1191167},{"name":"contextPrepare","get":250,"exists":194,"put":1,"returnedBodyBytes":686038,"stateReads":37,"receipts":7,"commits":0,"physicalBodyBytes":1070236},{"name":"reopenAndPrepare","get":299,"exists":242,"put":1,"returnedBodyBytes":755118,"stateReads":41,"receipts":8,"commits":0,"physicalBodyBytes":1207427}]}
✔ collection I/O sqlite observations-simple: 4 pages retain semantics across reads, copying and reopening (1270.073291ms)
ℹ {"adapter":"sqlite","family":"observations-simple","pages":4,"sourceCalls":4,"resultSignature":"a6a1b857443999b7a5f4b1945b1768f00b1f58af8a2d1b7fce08ea4816c57ae5","stages":[{"name":"collect","get":114,"exists":202,"put":14,"returnedBodyBytes":172551,"stateReads":201,"receipts":30,"commits":14,"physicalBodyBytes":487152},{"name":"checkpointRead","get":13,"exists":12,"put":0,"returnedBodyBytes":18412,"stateReads":4,"receipts":1,"commits":0,"physicalBodyBytes":35857},{"name":"callsGet","get":41,"exists":96,"put":1,"returnedBodyBytes":85070,"stateReads":45,"receipts":10,"commits":5,"physicalBodyBytes":315854},{"name":"contextPrepare","get":70,"exists":50,"put":1,"returnedBodyBytes":189654,"stateReads":37,"receipts":7,"commits":0,"physicalBodyBytes":289268},{"name":"reopenAndPrepare","get":83,"exists":62,"put":1,"returnedBodyBytes":208066,"stateReads":41,"receipts":8,"commits":0,"physicalBodyBytes":325125}]}
✔ collection I/O sqlite observations-simple: 8 pages retain semantics across reads, copying and reopening (2147.656291ms)
ℹ {"adapter":"sqlite","family":"observations-simple","pages":8,"sourceCalls":8,"resultSignature":"3e066d9f43cd916245766040a04be753e4d813303fafe0d6c5edfead4c0113c9","stages":[{"name":"collect","get":318,"exists":590,"put":26,"returnedBodyBytes":471661,"stateReads":337,"receipts":46,"commits":22,"physicalBodyBytes":1360871},{"name":"checkpointRead","get":25,"exists":24,"put":0,"returnedBodyBytes":35317,"stateReads":4,"receipts":1,"commits":0,"physicalBodyBytes":69666},{"name":"callsGet","get":77,"exists":180,"put":1,"returnedBodyBytes":163211,"stateReads":45,"receipts":10,"commits":5,"physicalBodyBytes":608316},{"name":"contextPrepare","get":130,"exists":98,"put":1,"returnedBodyBytes":355572,"stateReads":37,"receipts":7,"commits":0,"physicalBodyBytes":550228},{"name":"reopenAndPrepare","get":155,"exists":122,"put":1,"returnedBodyBytes":390889,"stateReads":41,"receipts":8,"commits":0,"physicalBodyBytes":619894}]}
✔ collection I/O sqlite observations-simple: 16 pages retain semantics across reads, copying and reopening (4287.696916ms)
ℹ {"adapter":"sqlite","family":"observations-simple","pages":16,"sourceCalls":16,"resultSignature":"efdaf769faccd802339a9b0a1fb7bb1c170d5d2cfcd84df6499f8eceb676f508","stages":[{"name":"collect","get":1014,"exists":1942,"put":50,"returnedBodyBytes":1476960,"stateReads":609,"receipts":78,"commits":38,"physicalBodyBytes":4329433},{"name":"checkpointRead","get":49,"exists":48,"put":0,"returnedBodyBytes":69226,"stateReads":4,"receipts":1,"commits":0,"physicalBodyBytes":137483},{"name":"callsGet","get":149,"exists":348,"put":1,"returnedBodyBytes":319944,"stateReads":45,"receipts":10,"commits":5,"physicalBodyBytes":1194931},{"name":"contextPrepare","get":250,"exists":194,"put":1,"returnedBodyBytes":688371,"stateReads":37,"receipts":7,"commits":0,"physicalBodyBytes":1073665},{"name":"reopenAndPrepare","get":299,"exists":242,"put":1,"returnedBodyBytes":757597,"stateReads":41,"receipts":8,"commits":0,"physicalBodyBytes":1211148}]}
✔ collection I/O file-journal documents-simple: 4 pages retain semantics across reads, copying and reopening (6476.220708ms)
ℹ {"adapter":"file-journal","family":"documents-simple","pages":4,"sourceCalls":4,"resultSignature":"ca3cbf4a810188e565397de9b01c666596d3bfd519841b869c91c2e4ca1eaa0c","stages":[{"name":"collect","get":114,"exists":202,"put":14,"returnedBodyBytes":171997,"stateReads":201,"receipts":30,"commits":14,"physicalBodyBytes":485558},{"name":"checkpointRead","get":13,"exists":12,"put":0,"returnedBodyBytes":18362,"stateReads":4,"receipts":1,"commits":0,"physicalBodyBytes":35757},{"name":"callsGet","get":41,"exists":96,"put":1,"returnedBodyBytes":84792,"stateReads":45,"receipts":10,"commits":5,"physicalBodyBytes":314778},{"name":"contextPrepare","get":70,"exists":50,"put":1,"returnedBodyBytes":188989,"stateReads":37,"receipts":7,"commits":0,"physicalBodyBytes":288275},{"name":"reopenAndPrepare","get":83,"exists":62,"put":1,"returnedBodyBytes":207351,"stateReads":41,"receipts":8,"commits":0,"physicalBodyBytes":324032}]}
✔ collection I/O file-journal documents-simple: 8 pages retain semantics across reads, copying and reopening (8977.98025ms)
ℹ {"adapter":"file-journal","family":"documents-simple","pages":8,"sourceCalls":8,"resultSignature":"c223661cc27ac8f18d90094013769634188fab210c6fa1531b423635c1ef5c84","stages":[{"name":"collect","get":318,"exists":590,"put":26,"returnedBodyBytes":470387,"stateReads":337,"receipts":46,"commits":22,"physicalBodyBytes":1357149},{"name":"checkpointRead","get":25,"exists":24,"put":0,"returnedBodyBytes":35235,"stateReads":4,"receipts":1,"commits":0,"physicalBodyBytes":69502},{"name":"callsGet","get":77,"exists":180,"put":1,"returnedBodyBytes":162709,"stateReads":45,"receipts":10,"commits":5,"physicalBodyBytes":606344},{"name":"contextPrepare","get":130,"exists":98,"put":1,"returnedBodyBytes":354351,"stateReads":37,"receipts":7,"commits":0,"physicalBodyBytes":548423},{"name":"reopenAndPrepare","get":155,"exists":122,"put":1,"returnedBodyBytes":389586,"stateReads":41,"receipts":8,"commits":0,"physicalBodyBytes":617925}]}
✔ collection I/O file-journal documents-simple: 16 pages retain semantics across reads, copying and reopening (15952.264625ms)
ℹ {"adapter":"file-journal","family":"documents-simple","pages":16,"sourceCalls":16,"resultSignature":"ab9d2af3b8ec8ae6983b1b42f01fae55eaa9771ae3f0271537f2a91d7e4ef676","stages":[{"name":"collect","get":1014,"exists":1942,"put":50,"returnedBodyBytes":1473478,"stateReads":609,"receipts":78,"commits":38,"physicalBodyBytes":4319151},{"name":"checkpointRead","get":49,"exists":48,"put":0,"returnedBodyBytes":69080,"stateReads":4,"receipts":1,"commits":0,"physicalBodyBytes":137191},{"name":"callsGet","get":149,"exists":348,"put":1,"returnedBodyBytes":318994,"stateReads":45,"receipts":10,"commits":5,"physicalBodyBytes":1191167},{"name":"contextPrepare","get":250,"exists":194,"put":1,"returnedBodyBytes":686038,"stateReads":37,"receipts":7,"commits":0,"physicalBodyBytes":1070236},{"name":"reopenAndPrepare","get":299,"exists":242,"put":1,"returnedBodyBytes":755118,"stateReads":41,"receipts":8,"commits":0,"physicalBodyBytes":1207427}]}
✔ collection I/O file-journal observations-simple: 4 pages retain semantics across reads, copying and reopening (5971.217125ms)
ℹ {"adapter":"file-journal","family":"observations-simple","pages":4,"sourceCalls":4,"resultSignature":"a6a1b857443999b7a5f4b1945b1768f00b1f58af8a2d1b7fce08ea4816c57ae5","stages":[{"name":"collect","get":114,"exists":202,"put":14,"returnedBodyBytes":172551,"stateReads":201,"receipts":30,"commits":14,"physicalBodyBytes":487152},{"name":"checkpointRead","get":13,"exists":12,"put":0,"returnedBodyBytes":18412,"stateReads":4,"receipts":1,"commits":0,"physicalBodyBytes":35857},{"name":"callsGet","get":41,"exists":96,"put":1,"returnedBodyBytes":85070,"stateReads":45,"receipts":10,"commits":5,"physicalBodyBytes":315854},{"name":"contextPrepare","get":70,"exists":50,"put":1,"returnedBodyBytes":189654,"stateReads":37,"receipts":7,"commits":0,"physicalBodyBytes":289268},{"name":"reopenAndPrepare","get":83,"exists":62,"put":1,"returnedBodyBytes":208066,"stateReads":41,"receipts":8,"commits":0,"physicalBodyBytes":325125}]}
✔ collection I/O file-journal observations-simple: 8 pages retain semantics across reads, copying and reopening (7669.813667ms)
ℹ {"adapter":"file-journal","family":"observations-simple","pages":8,"sourceCalls":8,"resultSignature":"3e066d9f43cd916245766040a04be753e4d813303fafe0d6c5edfead4c0113c9","stages":[{"name":"collect","get":318,"exists":590,"put":26,"returnedBodyBytes":471661,"stateReads":337,"receipts":46,"commits":22,"physicalBodyBytes":1360871},{"name":"checkpointRead","get":25,"exists":24,"put":0,"returnedBodyBytes":35317,"stateReads":4,"receipts":1,"commits":0,"physicalBodyBytes":69666},{"name":"callsGet","get":77,"exists":180,"put":1,"returnedBodyBytes":163211,"stateReads":45,"receipts":10,"commits":5,"physicalBodyBytes":608316},{"name":"contextPrepare","get":130,"exists":98,"put":1,"returnedBodyBytes":355572,"stateReads":37,"receipts":7,"commits":0,"physicalBodyBytes":550228},{"name":"reopenAndPrepare","get":155,"exists":122,"put":1,"returnedBodyBytes":390889,"stateReads":41,"receipts":8,"commits":0,"physicalBodyBytes":619894}]}
✔ collection I/O file-journal observations-simple: 16 pages retain semantics across reads, copying and reopening (6013.824917ms)
ℹ {"adapter":"file-journal","family":"observations-simple","pages":16,"sourceCalls":16,"resultSignature":"efdaf769faccd802339a9b0a1fb7bb1c170d5d2cfcd84df6499f8eceb676f508","stages":[{"name":"collect","get":1014,"exists":1942,"put":50,"returnedBodyBytes":1476960,"stateReads":609,"receipts":78,"commits":38,"physicalBodyBytes":4329433},{"name":"checkpointRead","get":49,"exists":48,"put":0,"returnedBodyBytes":69226,"stateReads":4,"receipts":1,"commits":0,"physicalBodyBytes":137483},{"name":"callsGet","get":149,"exists":348,"put":1,"returnedBodyBytes":319944,"stateReads":45,"receipts":10,"commits":5,"physicalBodyBytes":1194931},{"name":"contextPrepare","get":250,"exists":194,"put":1,"returnedBodyBytes":688371,"stateReads":37,"receipts":7,"commits":0,"physicalBodyBytes":1073665},{"name":"reopenAndPrepare","get":299,"exists":242,"put":1,"returnedBodyBytes":757597,"stateReads":41,"receipts":8,"commits":0,"physicalBodyBytes":1211148}]}
✔ read collection: bounded batch keeps original observations and input objects independent (7.231708ms)
✔ read collection: explicit retries request every unfinished key and advance only when the original page is complete (4.120167ms)
✔ read collection: extra cannot satisfy a trusted batch manifest (0.69775ms)
✔ read collection: missing cannot satisfy a trusted batch manifest (0.1565ms)
✔ read collection: wrong-digest cannot satisfy a trusted batch manifest (0.142584ms)
✔ read collection: duplicate-expected cannot satisfy a trusted batch manifest (0.121542ms)
✔ read collection: duplicate-item cannot satisfy a trusted batch manifest (0.110042ms)
✔ read collection: retry rejects successful-item instead of overwriting successful observations (0.62675ms)
✔ read collection: retry rejects missing-unfinished instead of overwriting successful observations (0.400041ms)
✔ read collection: retry rejects changed-digest instead of overwriting successful observations (0.558292ms)
✔ read collection: pending retry binds snapshot to its original source page (0.454917ms)
✔ read collection: pending retry binds cursor to its original source page (0.429125ms)
✔ read collection: pending retry binds nextCursor to its original source page (0.290458ms)
✔ read collection: pending retry binds totalItems to its original source page (0.256ms)
✔ read collection: pending retry binds exhausted to its original source page (0.26075ms)
✔ read collection: pending retry binds requestId to its original source page (0.413584ms)
✔ read collection: an explicit retry cannot omit a key in the request or reuse the last request identity (1.034584ms)
✔ read collection: accepted request history survives replaced pending IDs and is checked on restore (1.415625ms)
✔ read collection: a nonretryable error preserves the pending observations but forbids resume (0.347667ms)
✔ read collection: retries consume the operation call limit without advancing page count (0.410167ms)
✔ read collection: declared totals count unique logical items and may become known on the final page (0.615875ms)
✔ read collection: a known total stays binding when a later response omits it (0.46825ms)
✔ read collection: repeated IDs cannot create another item even with a different digest (0.167625ms)
✔ read collection: cursor loops and snapshot changes are rejected across finalized pages (0.304458ms)
✔ read collection: empty pages may progress with new cursors and a complete empty collection is valid (0.156917ms)
✔ read collection: page, item and batch bounds stop further requests without truncation (0.404916ms)
✔ read collection: response and checkpoint limits use exact UTF-8 byte lengths (0.2785ms)
✔ read collection: each raw retry is byte-bounded while the merged logical page uses the checkpoint bound (0.2725ms)
✔ read collection: restored projection corruption is rejected before producing a request (0.233083ms)
✔ read collection: restored cursor-chain corruption is rejected before producing a request (0.358709ms)
✔ read collection: restored calls corruption is rejected before producing a request (0.188875ms)
✔ read collection: restored completed-pending corruption is rejected before producing a request (0.151166ms)
✔ read collection: restored manifest corruption is rejected before producing a request (0.199167ms)
✔ read collection: strict schemas reject false completion, fabricated not-run output and invalid budgets (0.678166ms)
✔ read collection: usage overflow and dependency overflow fail without dropping earlier accounting or custody (1.727041ms)
✔ durable collections sqlite: a process crash after intent becomes an unknown call on explicit resume (869.620583ms)
✔ durable collections sqlite: a batch retries only unfinished manifest items after reopening (867.32825ms)
✔ durable collections sqlite: source failures consume the persisted call budget across explicit retries (981.066667ms)
✔ durable collections sqlite: a source that answers after cancellation cannot commit its late page (284.896834ms)
✔ durable collections sqlite: policy revocation while the source waits suppresses the response (231.608167ms)
✔ durable collections file-journal: a process crash after intent becomes an unknown call on explicit resume (3548.189416ms)
✔ durable collections file-journal: a batch retries only unfinished manifest items after reopening (4302.078666ms)
✔ durable collections file-journal: source failures consume the persisted call budget across explicit retries (5801.928167ms)
✔ durable collections file-journal: a source that answers after cancellation cannot commit its late page (1280.507917ms)
✔ durable collections file-journal: policy revocation while the source waits suppresses the response (1303.889292ms)
✔ durable collections: query cannot resume a checkpoint under a changed contract (591.224375ms)
✔ durable collections: fresh cannot resume a checkpoint under a changed contract (457.931416ms)
✔ durable collections: same-task-id cannot resume a checkpoint under a changed contract (363.163042ms)
✔ durable collections: policy cannot resume a checkpoint under a changed contract (414.638792ms)
✔ durable collections: goal cannot resume a checkpoint under a changed contract (452.309291ms)
✔ durable collections: generation cannot resume a checkpoint under a changed contract (435.322709ms)
✔ durable collections sqlite documents-simple: complete pages advance automatically and survive reopening (583.371917ms)
✔ durable collections sqlite documents-simple: partial stops until a new task explicitly resumes after reopening (1092.917125ms)
✔ durable collections sqlite observations-simple: complete pages advance automatically and survive reopening (626.170958ms)
✔ durable collections sqlite observations-simple: partial stops until a new task explicitly resumes after reopening (1027.761708ms)
✔ durable collections file-journal documents-simple: complete pages advance automatically and survive reopening (3702.551708ms)
✔ durable collections file-journal documents-simple: partial stops until a new task explicitly resumes after reopening (4936.561167ms)
✔ durable collections file-journal observations-simple: complete pages advance automatically and survive reopening (4064.660917ms)
✔ durable collections file-journal observations-simple: partial stops until a new task explicitly resumes after reopening (5338.976458ms)
✔ state-based packet retains counterevidence, obligations and original references without raw history or a state mutation (33.794375ms)
✔ old and forged packets cannot reverse a goal change, cancellation or budget (13.632459ms)
✔ separate SQLite/artifact instances reconstruct packets and regenerate missing or corrupt derived blobs (261.455417ms)
✔ missing original is reported by id and cannot be hidden by a valid prior packet (8.470333ms)
✔ reconstruction rechecks a goal change committed while the packet is being saved (6.118459ms)
✔ snapshot retries mixed state/event/outbox revisions and rejects broken event history (5.94575ms)
✔ untrusted packet dimensions, tool revision changes and a foreign work packet never authorize reuse (11.657083ms)
✔ resume requires the work owner and full runtime view; revoked history is never relabelled (9.217125ms)
✔ packet size limit refuses the whole projection without dropping obligations or writing a partial packet (6.515916ms)
✔ model context restores task attempts and budget but excludes model ledger and delivery bodies (14.466917ms)
✔ model context cannot relabel a revoked attempt result reference under the current policy (19.466125ms)
✔ model context refuses assessment references whose evidence metadata is no longer permitted (9.063709ms)
✔ sqlite: text originals use one verified body read and no cross-call availability cache (413.058375ms)
ℹ {"adapter":"sqlite","operation":"original","name":"original","elapsedMs":1.3271669999999176,"artifactApi":{"get":{"calls":1,"requestedBodyBytes":1733,"returnedBodyBytes":1733,"failures":0},"exists":{"calls":0,"referencedBodyBytes":0,"available":0,"unavailable":0},"put":{"calls":0,"inputBodyBytes":0,"returnedReferenceBodyBytes":0,"failures":0}},"stateApi":{"get":4,"receipt":0,"commit":0,"events":0,"recentEventMetadata":0,"deliveries":0,"workIdsForConversation":0,"conversationWorkPage":0,"runnable":0,"close":0},"physical":{"getCalls":1,"existsCalls":0,"putCalls":0,"metadataReadOperations":1,"metadataReadBytes":237,"bodyReadOperations":1,"bodyReadBytes":1733,"hashCalls":1,"hashBytes":1733,"fileWrites":0,"metadataWriteBytes":0,"bodyWriteBytes":0,"readFailures":0,"verificationFailures":0,"deniedReads":0,"writeFailures":0}}
✔ sqlite: one result materialization deduplicates repeated originals and preserves a final real verification (190.792291ms)
ℹ {"adapter":"sqlite","operation":"result","name":"result","elapsedMs":3.083665999999994,"artifactApi":{"get":{"calls":2,"requestedBodyBytes":6315,"returnedBodyBytes":6315,"failures":0},"exists":{"calls":1,"referencedBodyBytes":1733,"available":1,"unavailable":0},"put":{"calls":0,"inputBodyBytes":0,"returnedReferenceBodyBytes":0,"failures":0}},"stateApi":{"get":10,"receipt":1,"commit":0,"events":0,"recentEventMetadata":0,"deliveries":0,"workIdsForConversation":0,"conversationWorkPage":0,"runnable":0,"close":0},"physical":{"getCalls":2,"existsCalls":1,"putCalls":0,"metadataReadOperations":3,"metadataReadBytes":717,"bodyReadOperations":3,"bodyReadBytes":8048,"hashCalls":3,"hashBytes":8048,"fileWrites":0,"metadataWriteBytes":0,"bodyWriteBytes":0,"readFailures":0,"verificationFailures":0,"deniedReads":0,"writeFailures":0}}
✔ sqlite: a two-copy chain decodes and reads each dispatch once per materialization (380.966667ms)
ℹ {"adapter":"sqlite","operation":"copy-chain","name":"copy-chain","elapsedMs":3.5894580000001497,"artifactApi":{"get":{"calls":4,"requestedBodyBytes":16962,"returnedBodyBytes":16962,"failures":0},"exists":{"calls":1,"referencedBodyBytes":1733,"available":1,"unavailable":0},"put":{"calls":0,"inputBodyBytes":0,"returnedReferenceBodyBytes":0,"failures":0}},"stateApi":{"get":10,"receipt":3,"commit":0,"events":0,"recentEventMetadata":0,"deliveries":0,"workIdsForConversation":0,"conversationWorkPage":0,"runnable":0,"close":0},"physical":{"getCalls":4,"existsCalls":1,"putCalls":0,"metadataReadOperations":5,"metadataReadBytes":1203,"bodyReadOperations":5,"bodyReadBytes":18695,"hashCalls":5,"hashBytes":18695,"fileWrites":0,"metadataWriteBytes":0,"bodyWriteBytes":0,"readFailures":0,"verificationFailures":0,"deniedReads":0,"writeFailures":0}}
✔ sqlite: context uses verified copy materialization without rereading its dispatch pair (467.47375ms)
ℹ {"adapter":"sqlite","operation":"context","name":"context","elapsedMs":67.53808299999992,"artifactApi":{"get":{"calls":9,"requestedBodyBytes":70896,"returnedBodyBytes":70896,"failures":0},"exists":{"calls":6,"referencedBodyBytes":20428,"available":6,"unavailable":0},"put":{"calls":1,"inputBodyBytes":37961,"returnedReferenceBodyBytes":37961,"failures":0}},"stateApi":{"get":34,"receipt":6,"commit":0,"events":1,"recentEventMetadata":0,"deliveries":0,"workIdsForConversation":0,"conversationWorkPage":0,"runnable":0,"close":0},"physical":{"getCalls":9,"existsCalls":7,"putCalls":1,"metadataReadOperations":15,"metadataReadBytes":3616,"bodyReadOperations":15,"bodyReadBytes":91324,"hashCalls":17,"hashBytes":129436,"fileWrites":2,"metadataWriteBytes":244,"bodyWriteBytes":37961,"readFailures":1,"verificationFailures":1,"deniedReads":0,"writeFailures":0}}
✔ sqlite: adapter argument mutation and returned metadata cannot change private reference snapshots (365.284208ms)
✔ sqlite: cached original is rejected if deleted during a later state read (220.8665ms)
✔ sqlite: cached original is rejected if corrupted during a later state read (210.61125ms)
✔ sqlite: context rechecks metadata-reused originals after its staging await (396.473083ms)
✔ sqlite: context rechecks ordinary cached originals after staging without a calls.get copy (244.773791ms)
✔ sqlite: final cached-source check retains contract authority handling (186.771958ms)
✔ sqlite: final cached-source check retains policy authority handling (193.684917ms)
✔ sqlite: final cached-source check retains unrelated authority handling (212.308ms)
✔ file-journal: text originals use one verified body read and no cross-call availability cache (781.875833ms)
ℹ {"adapter":"file-journal","operation":"original","name":"original","elapsedMs":40.12787500000013,"artifactApi":{"get":{"calls":1,"requestedBodyBytes":1733,"returnedBodyBytes":1733,"failures":0},"exists":{"calls":0,"referencedBodyBytes":0,"available":0,"unavailable":0},"put":{"calls":0,"inputBodyBytes":0,"returnedReferenceBodyBytes":0,"failures":0}},"stateApi":{"get":4,"receipt":0,"commit":0,"events":0,"recentEventMetadata":0,"deliveries":0,"workIdsForConversation":0,"conversationWorkPage":0,"runnable":0,"close":0},"physical":{"getCalls":1,"existsCalls":0,"putCalls":0,"metadataReadOperations":1,"metadataReadBytes":237,"bodyReadOperations":1,"bodyReadBytes":1733,"hashCalls":1,"hashBytes":1733,"fileWrites":0,"metadataWriteBytes":0,"bodyWriteBytes":0,"readFailures":0,"verificationFailures":0,"deniedReads":0,"writeFailures":0}}
✔ file-journal: one result materialization deduplicates repeated originals and preserves a final real verification (881.906291ms)
ℹ {"adapter":"file-journal","operation":"result","name":"result","elapsedMs":140.38675000000057,"artifactApi":{"get":{"calls":2,"requestedBodyBytes":6315,"returnedBodyBytes":6315,"failures":0},"exists":{"calls":1,"referencedBodyBytes":1733,"available":1,"unavailable":0},"put":{"calls":0,"inputBodyBytes":0,"returnedReferenceBodyBytes":0,"failures":0}},"stateApi":{"get":10,"receipt":1,"commit":0,"events":0,"recentEventMetadata":0,"deliveries":0,"workIdsForConversation":0,"conversationWorkPage":0,"runnable":0,"close":0},"physical":{"getCalls":2,"existsCalls":1,"putCalls":0,"metadataReadOperations":3,"metadataReadBytes":717,"bodyReadOperations":3,"bodyReadBytes":8048,"hashCalls":3,"hashBytes":8048,"fileWrites":0,"metadataWriteBytes":0,"bodyWriteBytes":0,"readFailures":0,"verificationFailures":0,"deniedReads":0,"writeFailures":0}}
✔ file-journal: a two-copy chain decodes and reads each dispatch once per materialization (2685.494458ms)
ℹ {"adapter":"file-journal","operation":"copy-chain","name":"copy-chain","elapsedMs":179.2128329999996,"artifactApi":{"get":{"calls":4,"requestedBodyBytes":16962,"returnedBodyBytes":16962,"failures":0},"exists":{"calls":1,"referencedBodyBytes":1733,"available":1,"unavailable":0},"put":{"calls":0,"inputBodyBytes":0,"returnedReferenceBodyBytes":0,"failures":0}},"stateApi":{"get":10,"receipt":3,"commit":0,"events":0,"recentEventMetadata":0,"deliveries":0,"workIdsForConversation":0,"conversationWorkPage":0,"runnable":0,"close":0},"physical":{"getCalls":4,"existsCalls":1,"putCalls":0,"metadataReadOperations":5,"metadataReadBytes":1203,"bodyReadOperations":5,"bodyReadBytes":18695,"hashCalls":5,"hashBytes":18695,"fileWrites":0,"metadataWriteBytes":0,"bodyWriteBytes":0,"readFailures":0,"verificationFailures":0,"deniedReads":0,"writeFailures":0}}
✔ file-journal: context uses verified copy materialization without rereading its dispatch pair (2646.251584ms)
ℹ {"adapter":"file-journal","operation":"context","name":"context","elapsedMs":462.8017090000012,"artifactApi":{"get":{"calls":9,"requestedBodyBytes":70896,"returnedBodyBytes":70896,"failures":0},"exists":{"calls":6,"referencedBodyBytes":20428,"available":6,"unavailable":0},"put":{"calls":1,"inputBodyBytes":37961,"returnedReferenceBodyBytes":37961,"failures":0}},"stateApi":{"get":34,"receipt":6,"commit":0,"events":1,"recentEventMetadata":0,"deliveries":0,"workIdsForConversation":0,"conversationWorkPage":0,"runnable":0,"close":0},"physical":{"getCalls":9,"existsCalls":7,"putCalls":1,"metadataReadOperations":15,"metadataReadBytes":3616,"bodyReadOperations":15,"bodyReadBytes":91324,"hashCalls":17,"hashBytes":129436,"fileWrites":2,"metadataWriteBytes":244,"bodyWriteBytes":37961,"readFailures":1,"verificationFailures":1,"deniedReads":0,"writeFailures":0}}
✔ file-journal: adapter argument mutation and returned metadata cannot change private reference snapshots (2080.937875ms)
✔ file-journal: cached original is rejected if deleted during a later state read (882.798708ms)
✔ file-journal: cached original is rejected if corrupted during a later state read (1024.001833ms)
✔ file-journal: context rechecks metadata-reused originals after its staging await (1782.982584ms)
✔ file-journal: context rechecks ordinary cached originals after staging without a calls.get copy (1182.619416ms)
✔ file-journal: final cached-source check retains contract authority handling (1043.202291ms)
✔ file-journal: final cached-source check retains policy authority handling (976.908083ms)
✔ file-journal: final cached-source check retains unrelated authority handling (908.117333ms)
✔ resource progress: legacy and paged catalog cards share a stable preparation key independent of query and cursor metadata (4.271125ms)
✔ resource progress: exact schema loading earns a distinct credit and also records discovery so reverse-order searches add none (1.539292ms)
✔ resource progress: forged, mismatched or denied tool metadata and too-large responses do not earn preparation credit (0.921458ms)
✔ resource progress: guidance listing metadata does not reset progress and exact body loading subsumes the card (1.127916ms)
✔ resource progress: guidance body credit requires permitted manifest, matching indexed original and canonical selection identity (0.72775ms)
✔ resource progress: empty results, history/evidence reads and arbitrary new artifacts cannot fabricate preparation (0.144041ms)
✔ resource progress: replayed, reused and unadopted resource results cannot earn a new preparation key (0.270709ms)
✔ resource progress sqlite/documents-simple: default no-progress policy allows discovery, schemas and guidance before the real source (598.246334ms)
✔ resource progress sqlite/observations-simple: default no-progress policy allows discovery, schemas and guidance before the real source (546.511583ms)
✔ resource progress sqlite: repeated identical catalog preparation stops after the first credit and three empty steps (389.922625ms)
✔ resource progress sqlite: repeated identical guidance preparation stops after the first credit and three empty steps (444.033625ms)
✔ resource progress sqlite: empty searches with different query and task IDs stop at the default limit (298.237875ms)
✔ resource progress file-journal/documents-simple: default no-progress policy allows discovery, schemas and guidance before the real source (3067.646292ms)
✔ resource progress file-journal/observations-simple: default no-progress policy allows discovery, schemas and guidance before the real source (2943.616375ms)
✔ resource progress file-journal: repeated identical catalog preparation stops after the first credit and three empty steps (3167.27ms)
✔ resource progress file-journal: repeated identical guidance preparation stops after the first credit and three empty steps (3453.636ms)
✔ resource progress file-journal: empty searches with different query and task IDs stop at the default limit (2459.122292ms)
✔ catalog filters before ranking, bounds cards, separates providers and loads only an exact schema (27.083791ms)
✔ registration snapshots reject namespace/duplicates and cannot be mutated through adapters or catalog results (7.080208ms)
✔ documents-simple: discovery and selected guidance share the execution ledger without adding evidence or permissions (41.66775ms)
✔ observations-simple: discovery and selected guidance share the execution ledger without adding evidence or permissions (24.853083ms)
✔ simple direct lookup does not load optional guidance or run a hypothesis review (8.189709ms)
✔ method selection follows contradiction, independence and response needs without model calls (6.7425ms)
✔ guidance metadata/limits do not read bodies and wrong version, tenant or applicability are rejected (6.215125ms)
✔ evidence readers distinguish protected/missing, superseded and retracted records; limits preserve provenance (6.646292ms)
✔ call result lookup stays historical after retraction and does not restore it to current evidence (8.5965ms)
✔ broker rejects calls without a committed dispatch or with another owner before reaching a tool (7.029917ms)
✔ in-flight output is not downgraded to a less restricted artifact when labels are revoked (7.445041ms)
✔ revocation after result storage settles without reading protected bytes or repeatedly getting stuck (7.35825ms)
✔ stored guidance and invocation results can be read after SQLite/artifact/source restart without source execution (290.666917ms)
✔ guidance source rejects altered content, path escape and symlink replacement (52.114708ms)
✔ model-facing evidence and call readers use the common budget without reexecuting a source or completing a changed goal (19.0695ms)
✔ sqlite: one commit and reopen retain state, all ordered events, deliveries and historical receipts (72.528417ms)
✔ sqlite: duplicate and idempotency conflict precede revision conflict and preserve the first receipt (85.392ms)
✔ sqlite: malformed commits leave all four collections unchanged, even on duplicate commands (68.950292ms)
✔ sqlite: caller mutations and mutable returned snapshots cannot rewrite persisted history (108.953792ms)
✔ sqlite: work, tenant, principal, channel and conversation identifiers remain separate (105.678334ms)
✔ sqlite: event cursors are exclusive and sequence numbers are local to each work (63.380666ms)
✔ sqlite: runnable respects exact deadline, obligation, tool and model recovery boundaries after reopen (339.870708ms)
✔ sqlite: two separate processes race on revision with exactly one atomic winning commit (127.921167ms)
✔ sqlite: two separate processes race on same-command with exactly one atomic winning commit (147.0425ms)
✔ sqlite: two separate processes race on different-digest with exactly one atomic winning commit (119.986959ms)
✔ sqlite: acknowledged commit survives SIGKILL without close and reopening replays its receipt without duplicate records (239.072708ms)
✔ file-journal: one commit and reopen retain state, all ordered events, deliveries and historical receipts (223.54525ms)
✔ file-journal: duplicate and idempotency conflict precede revision conflict and preserve the first receipt (269.103959ms)
✔ file-journal: malformed commits leave all four collections unchanged, even on duplicate commands (444.699333ms)
✔ file-journal: caller mutations and mutable returned snapshots cannot rewrite persisted history (226.996084ms)
✔ file-journal: work, tenant, principal, channel and conversation identifiers remain separate (841.032458ms)
✔ file-journal: event cursors are exclusive and sequence numbers are local to each work (215.931041ms)
✔ file-journal: runnable respects exact deadline, obligation, tool and model recovery boundaries after reopen (2398.020458ms)
✔ file-journal: two separate processes race on revision with exactly one atomic winning commit (259.798875ms)
✔ file-journal: two separate processes race on same-command with exactly one atomic winning commit (316.083875ms)
✔ file-journal: two separate processes race on different-digest with exactly one atomic winning commit (279.845708ms)
✔ file-journal: acknowledged commit survives SIGKILL without close and reopening replays its receipt without duplicate records (596.681666ms)
✔ sqlite: profile closes the opened state repository when channel initialization fails (83.832541ms)
✔ file-journal: profile closes the opened state repository when channel initialization fails (73.393041ms)
✔ sqlite/documents-simple: CLI persists backend choice across processes and prevents an accidental switch (1263.181375ms)
✔ sqlite/observations-simple: CLI persists backend choice across processes and prevents an accidental switch (1311.8ms)
✔ file-journal/documents-simple: CLI persists backend choice across processes and prevents an accidental switch (4518.902292ms)
✔ file-journal/observations-simple: CLI persists backend choice across processes and prevents an accidental switch (3601.830292ms)
✔ legacy SQLite profile acquires metadata without losing its work or accepting a backend switch (520.735875ms)
✔ two processes choosing different backends create only one accepted profile (880.314208ms)
✔ invalid or linked profile metadata is rejected without opening a new backend (31.5045ms)
✔ memory: recent metadata is bounded at the requested revision and omits payloads without changing state (12.376667ms)
✔ memory: pages progress once per matching work across Unicode IDs and isolate the complete binding scope (5.440125ms)
✔ memory: query limits, malformed cursors and empty repositories have a defined result (9.49625ms)
✔ sqlite: recent metadata is bounded at the requested revision and omits payloads without changing state (282.221917ms)
✔ sqlite: pages progress once per matching work across Unicode IDs and isolate the complete binding scope (177.772584ms)
✔ sqlite: query limits, malformed cursors and empty repositories have a defined result (41.742708ms)
✔ file-journal: recent metadata is bounded at the requested revision and omits payloads without changing state (667.018208ms)
✔ file-journal: pages progress once per matching work across Unicode IDs and isolate the complete binding scope (1335.146875ms)
✔ file-journal: query limits, malformed cursors and empty repositories have a defined result (47.703875ms)
✔ journal: each page inspects only its directory budget and a foreign-only page still advances (703.858292ms)
✔ journal: cold, warm and external append distinguish body hashing from parsed and replayed records (480.293834ms)
✔ journal: a warm query rejects same-length after caching the complete history (201.669917ms)
✔ journal: a warm query rejects middle-delete after caching the complete history (175.001375ms)
✔ journal: a warm query rejects tail-delete after caching the complete history (191.854167ms)
✔ journal: a warm query rejects replacement after caching the complete history (191.7445ms)
✔ journal: a warm query rejects symlink after caching the complete history (189.34975ms)
✔ journal: a warm query rejects mode after caching the complete history (201.908667ms)
✔ journal: a warm query rejects header after caching the complete history (185.628625ms)
✔ journal: a warm read still fails when the directory durability fence fails (97.181166ms)
✔ journal: a normal pending-link cleanup during a warm read retries the entire record once (118.03875ms)
✔ journal: repeated record changes exhaust the bounded read retry and fail closed (73.31775ms)
✔ journal: cache accounting includes historical receipt snapshots and eviction releases record identities (188.672791ms)
✔ journal: a delayed older commit acknowledgement cannot lower a newer observed head with caching disabled (154.736292ms)
✔ sqlite: transactional migration backfills query indexes and an already open legacy writer keeps them current (109.729708ms)
✔ sqlite: migration failure rolls back schema and leaves the legacy records unchanged (100.182417ms)
✔ sqlite: reopening an intermediate v2 store rebuilds stale indexes and replaces old triggers transactionally (113.094917ms)
✔ sqlite: a failed index write rolls back canonical state, events, receipt and binding changes together (53.766875ms)
✔ sqlite: bounded query SQL selects metadata and IDs without loading event or work bodies (49.060583ms)
✔ one atomic commit stores state, events, outbox and idempotency receipt (43.406959ms)
✔ injected failure between state and event writes rolls back every record (55.606958ms)
✔ waiting state and wake obligation survive process termination after commit (235.193625ms)
✔ two independent processes cannot commit from the same stale revision (189.717834ms)
✔ structured planner accepts one strict JSON proposal and forwards identity, options and source-boundary instructions once (3.060958ms)
✔ configuration and request snapshots cannot be rewritten by caller or transport mutation (0.474083ms)
✔ input estimation includes the exact transport request and schema without invoking the transport or claiming measured usage (0.379083ms)
✔ input estimation uses the same policy and size gates as transport requests (0.570333ms)
✔ finish reasons remain distinct and never expose provider failure content or run hidden retries (0.693417ms)
✔ invalid JSON, schema, response fields and missing proposal fail without repair calls (0.977541ms)
✔ usage omission is unknown rather than zero; only independently valid safe integer fields survive invalid envelopes (1.059167ms)
✔ provider and model identity mismatch cannot masquerade as the configured adapter (0.365375ms)
✔ missing options, denied destinations and unauthorized tool schemas never reach the transport (0.462791ms)
✔ request and response limits use UTF-8 bytes and preserve valid usage on oversized responses (0.272792ms)
✔ transport exceptions become fixed errors with unknown usage and no implicit retry (0.168667ms)
✔ pre-call cancellation has no transport effect; late cancellation preserves returned usage without accepting a proposal (0.184541ms)
✔ abort-related transport rejection is cancellation with unmeasured usage (0.131875ms)
✔ invalid configurations fail with a fixed message before transport registration (0.131584ms)
✔ structured transport rejects incomplete observation pairs and reference bodies before invocation (1.76ms)
✔ synthetic document inputs produce independently observed app facts and separate session/call usage (5.048833ms)
✔ every lease identity dimension is checked at input and a forged grant applies no input (1.140208ms)
✔ stale observation identity and focus are rejected with zero input (1.254958ms)
✔ current target uniqueness, ref, role, name, visibility and enabled state gate the actual target (0.801791ms)
✔ an expired delayed input cannot reach a new owner and old release cannot release the new lease (0.551417ms)
✔ human handoff interrupts pending input, invalidates old views and remains owned after agent release (0.303625ms)
✔ cancellation and shared deadline are rechecked after a driver delay without injecting late input (0.344208ms)
✔ wait observes late readiness using virtual condition changes and a single remaining deadline (0.62925ms)
✔ applied-but-unknown save retains its effect and exact operation replay never saves twice (0.297458ms)
✔ concurrent identical operations join while timeout injection and hook failure apply zero input (0.331875ms)
✔ bounded partial observations never expose omitted targets for action or silently exceed bytes (0.166375ms)
✔ durable synthetic contents and input counts survive reconstruction while leases and observations do not (173.118875ms)
✔ authority is required after delay and host hook, and focus is rechecked after asynchronous authorization (0.80575ms)
✔ synthetic fill accepts the shared 8192-character limit and rejects an oversized value before input (0.556958ms)
✔ synthetic receipts: applied and explicitly not-applied records are durable before response and lookup changes no app bytes (98.459875ms)
✔ synthetic receipts: applied-unknown and negative receipts remain queryable by their original epoch after restart (118.119709ms)
✔ synthetic receipts: missing identities and changed action, target, view or focus never inherit another receipt (1.407875ms)
✔ synthetic receipts: another work cannot read an original receipt even with a valid current session grant (0.403083ms)
✔ synthetic receipts: denied or missing read authority, cancelled signals and expired grants disclose no receipt (0.95925ms)
✔ synthetic receipts: cancellation, expiry and owner replacement during read authorization are checked again (0.673917ms)
✔ synthetic receipts: a pending input lookup returns unknown without joining or executing the action (0.492042ms)
✔ synthetic receipts: legacy app contents migrate without inventing operation proofs from saved values or counts (39.952417ms)
✔ synthetic receipts: a full bounded ledger rejects new input, keeps old proofs and remains full after reopen (80.031875ms)
✔ synthetic receipts: a reopened full ledger cannot relabel an old applied command as not-applied (74.028666ms)
✔ synthetic receipts: hundreds of distinct refused operations keep diagnostics bounded and preserve the original proof (54.718083ms)
✔ synthetic receipts: pending operation memory caps authorization waits and retains the first response without duplicate input (121.234542ms)
✔ synthetic receipts: delayed concurrent operations cannot overfill a one-record ledger (42.742875ms)
✔ synthetic receipts: malformed, duplicate and oversized persisted receipt sets fail before replacing the file (122.882792ms)
✔ synthetic receipts: an older instance cannot overwrite the newer epoch or its existing receipt file (88.877458ms)
✔ synthetic receipts: mutable lookup inputs and returned receipts cannot change the pinned identity or cached proof (0.508209ms)
✔ synthetic computer storage: reopening prevents the stale owner from publishing its old app as a fresh observation (87.905209ms)
✔ synthetic computer storage: stale delayed search interrupts waiters without throwing or overwriting the reopened file (94.660208ms)
✔ synthetic computer storage: lost directory-sync acknowledgement preserves an applied receipt while blocking new inputs (51.850083ms)
✔ sqlite: broker rechecks source knowledge after a real reuse lookup misses (119.948791ms)
✔ sqlite: legacy attempt rejects a destination replacement during beforeInvoke (104.618667ms)
✔ sqlite: legacy attempt rejects a labels replacement during beforeInvoke (114.914042ms)
✔ sqlite: legacy attempt rejects a effect replacement during beforeInvoke (86.72575ms)
✔ sqlite: legacy attempt rejects a destination replacement during reuse (108.35775ms)
✔ sqlite: legacy attempt rejects a labels replacement during reuse (88.467ms)
✔ sqlite: legacy attempt rejects a effect replacement during reuse (111.08225ms)
✔ sqlite: an unchanged legacy attempt invokes once after asynchronous guards and a reuse miss (135.118458ms)
✔ file-journal: broker rechecks source knowledge after a real reuse lookup misses (698.916458ms)
✔ file-journal: legacy attempt rejects a destination replacement during beforeInvoke (658.504125ms)
✔ file-journal: legacy attempt rejects a labels replacement during beforeInvoke (560.267417ms)
✔ file-journal: legacy attempt rejects a effect replacement during beforeInvoke (511.076834ms)
✔ file-journal: legacy attempt rejects a destination replacement during reuse (344.607041ms)
✔ file-journal: legacy attempt rejects a labels replacement during reuse (300.944209ms)
✔ file-journal: legacy attempt rejects a effect replacement during reuse (289.966708ms)
✔ file-journal: an unchanged legacy attempt invokes once after asynchronous guards and a reuse miss (333.928417ms)
✔ provider pages become visible in one publication and keep unrelated providers (15.322875ms)
✔ only a complete empty provider listing retires that provider (5.093208ms)
✔ provider partial transport failure preserves the previously published snapshot (3.872042ms)
✔ provider mixed provider revisions preserves the previously published snapshot (3.862209ms)
✔ provider cross-page duplicate preserves the previously published snapshot (3.392ms)
✔ provider pagination cycle preserves the previously published snapshot (2.97475ms)
✔ provider wrong provider namespace preserves the previously published snapshot (2.524334ms)
✔ provider invalid namespace definition preserves the previously published snapshot (3.013ms)
✔ provider invalid JSON schema preserves the previously published snapshot (3.078541ms)
✔ provider missing completeness cursor preserves the previously published snapshot (3.165292ms)
✔ provider undeclared partial flag preserves the previously published snapshot (3.235583ms)
✔ provider page bound preserves the previously published snapshot (2.471625ms)
✔ provider tool bound preserves the previously published snapshot (2.838958ms)
✔ provider definition byte bound preserves the previously published snapshot (2.91025ms)
✔ provider pre-cancellation makes no listing call (2.507333ms)
✔ provider abort ends an ignored-signal wait and late listing cannot publish (2.63ms)
✔ provider abort during schema compilation still prevents publication (2.387208ms)
✔ concurrent same-provider refresh refuses an older listing after a newer publication (2.399584ms)
✔ concurrent unrelated provider refreshes both publish without reverting each other (2.686125ms)
✔ provider staging snapshots metadata and callbacks before awaiting another page (3.170541ms)
✔ catalog cursor pages reach every permitted result after 20 without duplicate or missing cards (18.619583ms)
✔ catalog cursor replay returns the same cards while allowing a smaller per-page item limit (11.536166ms)
✔ catalog cursor is bound to current query (8.476375ms)
✔ catalog cursor is bound to current tenant (10.845042ms)
✔ catalog cursor is bound to current principal (8.13025ms)
✔ catalog cursor is bound to current tools (7.755166ms)
✔ catalog cursor is bound to current labels (7.141333ms)
✔ catalog cursor is bound to current destinations (6.735ms)
✔ catalog cursor is bound to current writes (6.497834ms)
✔ catalog cursor rejects unpublished, stale, and restarted lookup state (12.473208ms)
✔ catalog cursor expires by injected clock and bounded index eviction requires a fresh search (8.444792ms)
✔ catalog applies permissions before rank, total page size, and hasMore (6.370875ms)
✔ catalog page budgets count Unicode and the entire response envelope (3.2585ms)
✔ catalog rejects invalid bounds and keeps punctuation-only search bounded and empty (4.44925ms)
✔ catalog reuses immutable definition digests across cursor pages and refreshes after registry replacement (10.380041ms)
✔ sqlite/documents-simple: durable reuse keeps evidence identity and charges source costs once after reopen (510.058292ms)
✔ sqlite/observations-simple: durable reuse keeps evidence identity and charges source costs once after reopen (436.508625ms)
✔ file-journal/documents-simple: durable reuse keeps evidence identity and charges source costs once after reopen (3305.954083ms)
✔ file-journal/observations-simple: durable reuse keeps evidence identity and charges source costs once after reopen (4273.129209ms)
✔ sqlite: default deny and fresh request perform actual reads, unreported adapter costs stay unknown (440.771875ms)
✔ sqlite: TTL boundary makes a new read and adoption after expiry rejects an already-stored hit (415.441792ms)
✔ sqlite: a changed principal cannot reuse a result obtained under the old policy (222.030708ms)
✔ sqlite: contract changes before dispatch fail without invoking; unrelated registry changes keep a selected contract usable (245.504417ms)
✔ sqlite: a reuse clone cannot survive source custody removal in history, copies, or context (233.321333ms)
✔ sqlite: original artifact is rechecked at the adoption commit boundary (305.800667ms)
✔ sqlite: a dispatched call without a received measurement remains unknown after reopen (117.568208ms)
✔ sqlite: unsent cancellation and legacy reservation expiry do not create unknown execution costs (78.245834ms)
✔ sqlite: emitted observation source contracts are checked even when that tool schema is not selected (314.90925ms)
✔ sqlite: registry removal while a context frame is staged prevents returning the prepared input (204.927917ms)
✔ file-journal: default deny and fresh request perform actual reads, unreported adapter costs stay unknown (2343.132208ms)
✔ file-journal: TTL boundary makes a new read and adoption after expiry rejects an already-stored hit (2777.96025ms)
✔ file-journal: a changed principal cannot reuse a result obtained under the old policy (1412.872166ms)
✔ file-journal: contract changes before dispatch fail without invoking; unrelated registry changes keep a selected contract usable (1057.996875ms)
✔ file-journal: a reuse clone cannot survive source custody removal in history, copies, or context (2553.526833ms)
✔ file-journal: original artifact is rechecked at the adoption commit boundary (1672.284125ms)
✔ file-journal: a dispatched call without a received measurement remains unknown after reopen (263.760541ms)
✔ file-journal: unsent cancellation and legacy reservation expiry do not create unknown execution costs (222.93875ms)
✔ file-journal: emitted observation source contracts are checked even when that tool schema is not selected (1308.177917ms)
✔ file-journal: registry removal while a context frame is staged prevents returning the prepared input (406.869291ms)
✔ adapter-supplied reuse metadata cannot claim an invocation was avoided (99.560667ms)
✔ a write tool cannot declare reuse and changing freshness changes the immutable task digest (0.746375ms)
✔ tool reuse: trusted immutable defaults reuse across task IDs while preserving exact original evidence, timing and nullable usage (48.404459ms)
✔ tool reuse: untrusted-default always misses (13.183542ms)
✔ tool reuse: untrusted-request always misses (10.074083ms)
✔ tool reuse: fresh always misses (10.6365ms)
✔ tool reuse: TTL begins at original start, expires at the exact boundary, and is rechecked before adoption (11.176ms)
✔ tool reuse: retracted source evidence is never reused (11.523208ms)
✔ tool reuse: deleted source evidence is never reused (10.55675ms)
✔ tool reuse: restricted source evidence is never reused (10.888125ms)
✔ tool reuse: corrected source evidence is never reused (10.881458ms)
✔ tool reuse: superseded source evidence is never reused (10.590166ms)
✔ tool reuse: missing source evidence is never reused (9.798875ms)
✔ tool reuse: contract-stamp original attempt cannot establish a cache hit (8.247791ms)
✔ tool reuse: execution-proof original attempt cannot establish a cache hit (7.480583ms)
✔ tool reuse: reused original attempt cannot establish a cache hit (8.060041ms)
✔ tool reuse: not-invoked original attempt cannot establish a cache hit (7.453208ms)
✔ tool reuse: partial original attempt cannot establish a cache hit (8.538667ms)
✔ tool reuse: unknown original attempt cannot establish a cache hit (8.477459ms)
✔ tool reuse: unadopted original attempt cannot establish a cache hit (7.816042ms)
✔ tool reuse: future original attempt cannot establish a cache hit (7.79625ms)
✔ tool reuse: full goal context changes invalidate the old key (7.16925ms)
✔ tool reuse: full goal-revision context changes invalidate the old key (7.822083ms)
✔ tool reuse: full scope context changes invalidate the old key (6.380875ms)
✔ tool reuse: full owner context changes invalidate the old key (7.184459ms)
✔ tool reuse: full labels context changes invalidate the old key (8.294208ms)
✔ tool reuse: full permission context changes invalidate the old key (7.052ms)
✔ tool reuse: changed immutable sourceVersion or schema under the same tool version invalidates pinned contracts (10.255666ms)
✔ tool reuse: a different canonical input under the same trusted definition is a cache miss (6.682042ms)
✔ tool reuse: parent retraction invalidates an unchanged derived evidence payload (10.218667ms)
✔ tool reuse: missing or damaged original bytes and oversized results are conservative misses (15.415959ms)
✔ tool reuse: a partial canonical result is not an original complete observation (9.286ms)
✔ tool reuse: a cursor canonical result is not an original complete observation (8.883583ms)
✔ tool reuse: a reused canonical result is not an original complete observation (8.954958ms)
✔ tool reuse: a identity canonical result is not an original complete observation (8.135417ms)
✔ tool reuse: forged payloads, evidence timing, consumer identity, source stamps and accounting reports fail validation (12.661625ms)
✔ tool reuse: current source knowledge must validate and travels with the reused result (9.482958ms)
✔ tool reuse: source authority changes while canonical receipt lookup waits prevent a stale hit (7.210834ms)
✔ tool reuse: find-remove during the final state read invalidates the registry pin (8.700958ms)
✔ tool reuse: validate-source-version during the final state read invalidates the registry pin (9.570916ms)
✔ tool reuse: validate-labels during the final state read invalidates the registry pin (8.68025ms)
✔ tool result validation: proof requirement is part of the contract and missing callbacks reject registration atomically (14.047833ms)
✔ tool result validation: assigning new fields or callback on the original adapter cannot alter a registered proof (7.615708ms)
✔ tool result validation: provider callback receives detached state and result values (4.3905ms)
✔ tool result validation: same-version replacement while awaiting a proof invalidates the pending answer (3.767166ms)
✔ tool result validation: removal or unrelated provider refresh has the correct registration scope (5.830792ms)
✔ tool result validation: legacy tools retain optional validation and rejected or malformed proofs fail closed (12.898875ms)
✔ Web HTTP → stored workflow → restart is readonly (sqlite) (990.868792ms)
✔ Web HTTP → stored workflow → restart is readonly (file-journal) (6740.541958ms)
✔ web session is one-time, per-instance, HttpOnly; reload and static reads never execute (34.161834ms)
✔ web Host, Origin, Fetch Metadata, CSRF and strict JSON reject before controller entry (14.812334ms)
✔ web exact assets, methods and cursor options do not expose files or internal errors (15.181875ms)
✔ web session expiry during body blocks mutation entry, logout blocks late view payload (26.4655ms)
✔ web bootstrap expires and authenticated request rate has a finite window (326.699584ms)
✔ web SSE emits projection changes at same revision, reconnect is readonly, denial closes (3036.520583ms)
✔ web SSE session revocation, stream cap and lifetime release resources (36.527166ms)
✔ closed SSE keeps physical read slots until completion; reconnect cannot create unbounded reads (369.229666ms)
✔ web pending run permits independent cancel and disconnect does not call cancel (17.450041ms)
✔ browser view: same-revision source invalidation replaces a result without sorting opaque cursors (0.769791ms)
✔ browser view: unavailable invalidates pending details and unchanged cannot resurrect revoked content (0.108167ms)
✔ browser view: an accepted conversation refresh invalidates an older in-flight detail response (0.079459ms)
✔ browser view: work identity, level, revision and goal version cannot be mixed or reversed (0.080834ms)
✔ browser view: repeated message identities update in place while new goal versions have distinct identities (0.099209ms)
✔ browser view: snapshots clone data and invalidate other levels without mutating the previous view (0.082833ms)
✔ browser view: state and cursors remain isolated across two selected works (0.058125ms)
✔ browser view: history readers are not treated as pinned to the end of a scroll region (0.037125ms)
✔ browser reads: serialization starts the next request only after the prior read completes (0.2955ms)
✔ browser reads: unavailability discards already-queued old reads and a new selection has its own queue epoch (0.136416ms)
✔ browser reads: a failed read does not permanently block later explicit reads (0.493709ms)
✔ browser stream: unchanged events make no reads and a burst of changes has at most one follow-up read (0.114ms)
✔ browser stream: an invalidated stream cannot start its queued follow-up refresh (0.058042ms)
✔ browser stream: delayed change notifications only read the current same-revision source state (0.8295ms)
✔ browser acceptance: a lost response keeps the same receipt identity for an explicit retry (0.09225ms)
✔ browser acceptance: the same receipt after a lost response produces one work in a receipt-based fake receiver (0.042375ms)
✔ browser status: stored completion is distinct from a currently invalidated result (0.028291ms)
✔ browser goal editing: changing only the description preserves the current fast mode over the original goal mode (0.097917ms)
✔ browser goal editing: a pending requested mode is preserved and its control revision is pinned (0.034583ms)
✔ browser goal editing: a control, goal or work change rejects submission without changing the input draft (0.114041ms)
✔ browser goal editing: an explicit refreshed basis retains user edits and adopts the latest requested mode (0.113791ms)
✔ progress runtime sqlite: renamed tasks share failure history and backoff survives workflow runs and reopening (402.650375ms)
✔ progress runtime sqlite: replanning cannot extend the first semantic request retry deadline (294.704416ms)
✔ progress runtime sqlite: successful empty results still stall and mode, compact, resume and reopening cannot erase that state (520.891625ms)
✔ progress runtime sqlite: a stored tool result settles atomically before allocation gates and verified completion still wins (201.930875ms)
✔ progress runtime sqlite: a stored model reply settles after reopening even when new allocations are blocked (255.15325ms)
✔ progress runtime sqlite: repeated invalid model proposals preserve one failure key and persist model backoff (727.3385ms)
✔ progress runtime sqlite: a new goal starts a new streak while preserving usage, processed history and failure deadlines (149.214ms)
✔ progress runtime sqlite: an unknown synthetic write remains an obligation ahead of a no-progress allocation stop (254.029583ms)
✔ progress runtime file-journal: renamed tasks share failure history and backoff survives workflow runs and reopening (4385.521792ms)
✔ progress runtime file-journal: replanning cannot extend the first semantic request retry deadline (1924.006084ms)
✔ progress runtime file-journal: successful empty results still stall and mode, compact, resume and reopening cannot erase that state (3095.2335ms)
✔ progress runtime file-journal: a stored tool result settles atomically before allocation gates and verified completion still wins (1647.65925ms)
✔ progress runtime file-journal: a stored model reply settles after reopening even when new allocations are blocked (1282.067209ms)
✔ progress runtime file-journal: repeated invalid model proposals preserve one failure key and persist model backoff (4087.095709ms)
✔ progress runtime file-journal: a new goal starts a new streak while preserving usage, processed history and failure deadlines (498.798875ms)
✔ progress runtime file-journal: an unknown synthetic write remains an obligation ahead of a no-progress allocation stop (652.200208ms)
✔ progress: a unique committed operation contributes once and returned state has no mutable aliases (0.8085ms)
✔ progress: permutations, repeated known keys and new operation IDs cannot fabricate productive steps (1.193791ms)
✔ progress: explicit goal epochs reset only the current streak and preserve deduplication and the original retry window (0.277958ms)
✔ progress: processed capacity saturates without evicting prior records or resetting on a new goal (0.323291ms)
✔ progress: knownKeys capacity saturates without evicting prior records or resetting on a new goal (0.122833ms)
✔ progress: repeated failures retain their first deadline and use the current backoff without extending the retry window (0.47125ms)
✔ progress: retry gate respects the work deadline and specific repeated-failure limits (0.246125ms)
✔ progress: policies remain pinned and invalid counters, times, keys or schema fields fail closed (0.543167ms)
✔ capture: a new negative observation is productive while aliases, timestamps and duplicate originals are not (2.949291ms)
✔ capture: changed facts, coverage and an authenticated original version can each carry new information (0.379042ms)
✔ capture: derived copies do not add progress or independent completion credit (0.28525ms)
✔ capture: tenant evidence cannot earn progress (0.144417ms)
✔ capture: scope evidence cannot earn progress (0.111583ms)
✔ capture: labels evidence cannot earn progress (0.114917ms)
✔ capture: retracted evidence cannot earn progress (0.090208ms)
✔ capture: deleted evidence cannot earn progress (0.0885ms)
✔ capture: blocked-artifact evidence cannot earn progress (0.124209ms)
✔ capture: a hypothesis assessment is credited once per semantic evidence basis, not per hypothesis text or evidence ID (0.345833ms)
✔ capture: no evidence or a stale hypothesis assessment earns a fresh reasoning credit (0.138875ms)
✔ capture: only satisfied obligations contribute and identity or explanation rewrites cannot repeat the credit (0.123625ms)
✔ capture: plan, task, revision, mode, usage and replay changes cannot reset a stalled work (0.127958ms)
✔ capture: trusted explicit item progress and returned state copies follow the same deduplication contract (0.073416ms)
✔ progress sqlite: reopen and duplicate commit preserve settlement counts and the first retry deadline (86.30125ms)
✔ progress file-journal: reopen and duplicate commit preserve settlement counts and the first retry deadline (205.541333ms)
✔ sqlite: page options cannot replace the trusted actor or conversation route (243.123625ms)
✔ sqlite: diagnostics uses metadata through the current revision and never requests full event payloads (368.078625ms)
✔ sqlite: a denied-only list page stops after one candidate page and continues after a detached anchor (1379.196ms)
✔ sqlite: list cursor handles expire, stay instance scoped, and are evicted without resolving all IDs (190.929167ms)
✔ file-journal: page options cannot replace the trusted actor or conversation route (642.059375ms)
✔ file-journal: diagnostics uses metadata through the current revision and never requests full event payloads (966.314125ms)
✔ file-journal: a denied-only list page stops after one candidate page and continues after a detached anchor (16179.002209ms)
✔ file-journal: list cursor handles expire, stay instance scoped, and are evicted without resolving all IDs (125.972625ms)
✔ sqlite: public CLI cursor survives process reconnect without executing or changing the work (2052.331875ms)
✔ sqlite: public CLI binds reconnect to the registered conversation and keeps the primary reply route (2332.981791ms)
✔ sqlite: delivered results disappear from the current CLI view after a goal change and explicit cancel (2088.228333ms)
✔ file-journal: public CLI cursor survives process reconnect without executing or changing the work (2716.986917ms)
✔ file-journal: public CLI binds reconnect to the registered conversation and keeps the primary reply route (3399.964709ms)
✔ file-journal: delivered results disappear from the current CLI view after a goal change and explicit cancel (4895.47125ms)
✔ public CLI rejects ambiguous view flags without printing a success response (537.281625ms)
✔ human work view labels prepared outputs and never turns unknown delivery into delivered or read (0.490333ms)
✔ human work view keeps stored completion separate from a currently invalid result (0.05975ms)
✔ human work view strips terminal controls and gives a bounded status reason without replaying diagnostics (0.079291ms)
✔ human work view makes observing another reply route explicit and keeps unchanged output quiet (0.497958ms)
✔ sqlite: empty accepted work reads and reopens without executing, writing, or sending (97.100208ms)
✔ sqlite: ownership, exact route, current read restriction, and diagnostics are distinct checks (76.621208ms)
✔ sqlite: legacy read labels also protect retained text (59.900708ms)
✔ sqlite: cursors bind level, route, actor rights, and work without moving the primary reply (83.898541ms)
✔ sqlite: verified prepared results remain distinct from pending and unknown delivery (172.272792ms)
✔ sqlite: missing source and corrupt response withhold a same-revision result before cursor matching (48.421584ms)
✔ sqlite: originals, goals, cancellation, and hypothesis review invalidate historical replies (105.794333ms)
✔ sqlite: only the current pending question is displayed and resolved questions disappear (91.161791ms)
✔ sqlite: losing a separate hypothesis basis withholds the result consistently at every view level (111.740667ms)
✔ sqlite: a derived evidence card requires every original ancestor to remain available (72.197583ms)
✔ sqlite: knowledge changes reject current and repeated reads without refreshing state (60.692583ms)
✔ sqlite: revocation during artifact reads or final state checks prevents unchanged and snapshots (124.141125ms)
✔ sqlite: a disappearing original during projection is revalidated before returning a cached cursor (87.487333ms)
✔ sqlite: detail and diagnostic cards are bounded and omit raw inputs, outputs, event payloads, and controls (118.754167ms)
✔ file-journal: empty accepted work reads and reopens without executing, writing, or sending (408.851792ms)
✔ file-journal: ownership, exact route, current read restriction, and diagnostics are distinct checks (558.711166ms)
✔ file-journal: legacy read labels also protect retained text (243.739542ms)
✔ file-journal: cursors bind level, route, actor rights, and work without moving the primary reply (655.38275ms)
✔ file-journal: verified prepared results remain distinct from pending and unknown delivery (1795.295416ms)
✔ file-journal: missing source and corrupt response withhold a same-revision result before cursor matching (360.385458ms)
✔ file-journal: originals, goals, cancellation, and hypothesis review invalidate historical replies (618.012708ms)
✔ file-journal: only the current pending question is displayed and resolved questions disappear (333.848542ms)
✔ file-journal: losing a separate hypothesis basis withholds the result consistently at every view level (879.8365ms)
✔ file-journal: a derived evidence card requires every original ancestor to remain available (439.358833ms)
✔ file-journal: knowledge changes reject current and repeated reads without refreshing state (356.7135ms)
✔ file-journal: revocation during artifact reads or final state checks prevents unchanged and snapshots (644.948833ms)
✔ file-journal: a disappearing original during projection is revalidated before returning a cached cursor (415.781125ms)
✔ file-journal: detail and diagnostic cards are bounded and omit raw inputs, outputs, event payloads, and controls (437.115ms)
✔ sqlite/documents-simple: SIGKILL at before-execution resumes from reopened stores with 1 source call(s) and one result send (1012.390458ms)
✔ sqlite/documents-simple: SIGKILL at response-before-store resumes from reopened stores with 2 source call(s) and one result send (1065.655667ms)
✔ sqlite/documents-simple: SIGKILL at response-stored resumes from reopened stores with 1 source call(s) and one result send (863.713084ms)
✔ sqlite/documents-simple: SIGKILL at receiver-committed resumes from reopened stores with 1 source call(s) and one result send (962.946833ms)
✔ sqlite/observations-simple: SIGKILL at before-execution resumes from reopened stores with 1 source call(s) and one result send (911.029958ms)
✔ sqlite/observations-simple: SIGKILL at response-before-store resumes from reopened stores with 2 source call(s) and one result send (1001.08975ms)
✔ sqlite/observations-simple: SIGKILL at response-stored resumes from reopened stores with 1 source call(s) and one result send (922.757791ms)
✔ sqlite/observations-simple: SIGKILL at receiver-committed resumes from reopened stores with 1 source call(s) and one result send (975.606959ms)
✔ sqlite: SIGKILL after a synthetic write effect but before response storage preserves unknown and never repeats the write or claims completion (803.39975ms)
✔ file-journal/documents-simple: SIGKILL at before-execution resumes from reopened stores with 1 source call(s) and one result send (4433.866708ms)
✔ file-journal/documents-simple: SIGKILL at response-before-store resumes from reopened stores with 2 source call(s) and one result send (3040.981334ms)
✔ file-journal/documents-simple: SIGKILL at response-stored resumes from reopened stores with 1 source call(s) and one result send (1521.531125ms)
✔ file-journal/documents-simple: SIGKILL at receiver-committed resumes from reopened stores with 1 source call(s) and one result send (1227.0605ms)
✔ file-journal/observations-simple: SIGKILL at before-execution resumes from reopened stores with 1 source call(s) and one result send (1117.971625ms)
✔ file-journal/observations-simple: SIGKILL at response-before-store resumes from reopened stores with 2 source call(s) and one result send (1238.297417ms)
✔ file-journal/observations-simple: SIGKILL at response-stored resumes from reopened stores with 1 source call(s) and one result send (991.800125ms)
✔ file-journal/observations-simple: SIGKILL at receiver-committed resumes from reopened stores with 1 source call(s) and one result send (953.870542ms)
✔ file-journal: SIGKILL after a synthetic write effect but before response storage preserves unknown and never repeats the write or claims completion (839.732666ms)
✔ documents-simple: restarted workflow adopts a stored model response and reaches delivered completion without another planner call (68.007ms)
✔ observations-simple: restarted workflow adopts a stored model response and reaches delivered completion without another planner call (28.119333ms)
✔ an unknown result delivery causes bounded waiting and only one receipt lookup on the next explicit run (23.970791ms)
✔ a workflow without a planner returns a planning requirement and does not create an inferred plan (8.07475ms)
✔ workflow entry requires the full persisted execution policy rather than a narrower read-only view (6.141125ms)
✔ user cancellation between workflow steps preserves terminal state and cancels an unsent model reservation (9.268375ms)
✔ scoped actors cannot enter execution even when their current limits equal the work policy (3.694833ms)
✔ final checkpoint cannot report old completion when a goal change arrives during checkpoint storage (20.302625ms)
✔ workspace: missing or denying memory validators block file operations before workspace I/O (154.5175ms)
✔ workspace: stage rechecks memory custody after its asynchronous I/O (211.812542ms)
✔ workspace: read rechecks memory custody after its asynchronous I/O (175.518833ms)
✔ workspace: checkpoint rechecks memory custody after its asynchronous I/O (191.907041ms)
✔ workspace: restore rechecks memory custody after its asynchronous I/O (125.341875ms)
✔ workspace: cleanup rechecks memory custody after its asynchronous I/O (168.872459ms)
✔ workspace: sqlite checkpoint and byte-for-byte restore survive new state, artifact and workspace instances (450.066541ms)
✔ workspace: file-journal checkpoint and byte-for-byte restore survive new state, artifact and workspace instances (604.059125ms)
✔ workspace: identical paths are isolated by both work and attempt and ownership is checked before file access (197.632709ms)
✔ workspace: traversal, absolute, ambiguous and platform-specific paths cannot be staged (59.163333ms)
✔ workspace: repeated identical staging is idempotent and different content cannot overwrite it (102.813709ms)
✔ workspace: caller mutations after starting stage cannot change the bytes being staged (67.868167ms)
✔ workspace: two processes cannot overwrite the same staged path with different bytes (178.814541ms)
✔ workspace: artifact saved during a state change remains uncommitted and cannot replace the authoritative revision (177.431459ms)
✔ workspace: narrower actor grants never replace the stored work policy during checkpoint commit (160.457542ms)
✔ workspace: policy change during file read prevents returning previously read bytes (69.022375ms)
✔ workspace: generation change during file read prevents returning previously read bytes (77.941292ms)
✔ workspace: policy change during staging prevents a successful stale response and preserves the local file (72.153166ms)
✔ workspace: generation change during staging prevents a successful stale response and preserves the local file (94.816791ms)
✔ workspace: generation changes block even source-free checkpoints and preserve their staged files (161.878875ms)
✔ workspace: restricted is checked when restoring a checkpoint even without a generation change (202.414208ms)
✔ workspace: deleted is checked when restoring a checkpoint even without a generation change (242.482959ms)
✔ workspace: labels is checked when restoring a checkpoint even without a generation change (184.149167ms)
✔ workspace: artifact is checked when restoring a checkpoint even without a generation change (228.731542ms)
✔ workspace: lifecycle changes during artifact restore prevent files from being staged (173.74525ms)
✔ workspace: cleanup preserves files while active (134.701292ms)
✔ workspace: cleanup preserves files while unknown (148.268958ms)
✔ workspace: cleanup preserves files while obligation (169.943042ms)
✔ workspace: cleanup preserves files while uncheckpointed (119.480333ms)
✔ workspace: a file staged after cleanup inspection causes manifest conflict and remains preserved (202.019792ms)
✔ workspace: missing checkpoint content prevents cleanup of the surviving staged file (178.184875ms)
✔ workspace: a remaining lock is never stolen by staging or cleanup (144.879458ms)
✔ workspace: symlink files and replaced roots are rejected instead of reading or overwriting them (92.918ms)
✔ workspace: content corruption and configured byte or file capacity limits fail without silent truncation (136.252875ms)
ℹ tests 1992
ℹ suites 0
ℹ pass 1992
ℹ fail 0
ℹ cancelled 0
ℹ skipped 0
ℹ todo 0
ℹ duration_ms 274506.735333

> long-horizon-runtime@0.1.0 typecheck:core
> tsc -p tsconfig.core.json


> long-horizon-runtime@0.1.0 check:architecture
> node scripts/check-architecture.mjs

{"inspected":98,"failures":[]}

> long-horizon-runtime@0.1.0 fixtures
> node dist/presentation/fixtures.js

{
  "createdAt": "2026-09-06T03:02:30.267Z",
  "node": "v24.20.0",
  "evaluation": "deterministic_contract_baseline",
  "passed": true,
  "scenarios": 4,
  "checkpoints": 22,
  "elapsedMs": 10.954833999999998,
  "actualModelCalls": 0,
  "actualToolCalls": 0,
  "actualTokenUsage": null,
  "results": [
    {
      "id": "documents-complex",
      "checks": 9,
      "passed": true
    },
    {
      "id": "documents-simple",
      "checks": 3,
      "passed": true
    },
    {
      "id": "observations-complex",
      "checks": 7,
      "passed": true
    },
    {
      "id": "observations-simple",
      "checks": 3,
      "passed": true
    }
  ]
}
