
> long-horizon-runtime@0.1.0 verify
> npm test && npm run typecheck:core && npm run check:architecture && npm run fixtures


> long-horizon-runtime@0.1.0 test
> npm run build && node --test dist/tests/*.test.js


> long-horizon-runtime@0.1.0 build
> tsc -p tsconfig.json && node scripts/record-build.mjs

✔ artifact I/O: metrics snapshots are independent and reset does not modify stored artifacts (76.356208ms)
✔ artifact I/O: first put counts its missing existence probe, exact UTF-8 hashes, and two atomic file writes (25.65775ms)
✔ artifact I/O: duplicate put verifies the existing body and performs no file writes (31.888417ms)
✔ artifact I/O: put repairs a corrupt existing object after counting the failed verification (118.7235ms)
✔ artifact I/O: get and exists each perform independent metadata, body, and integrity work under concurrent reads (39.704291ms)
✔ artifact I/O: tenant and label denials count API calls without opening or hashing files (42.435291ms)
✔ artifact I/O: missing json counts failed opens without claiming unread body bytes (63.407334ms)
✔ artifact I/O: missing blob counts failed opens without claiming unread body bytes (58.769375ms)
✔ artifact I/O: invalid metadata is a verification failure after a successful metadata read (63.759208ms)
✔ artifact I/O: a metadata reference mismatch stops before body read or hashing (55.953833ms)
✔ artifact I/O: same-size tampering hashes the read body (71.557334ms)
✔ artifact I/O: length mismatch preserves the existing hash short circuit (65.038375ms)
✔ artifact I/O: a body symlink remains unreadable and contributes no target bytes (68.232792ms)
✔ content, metadata and permissions survive artifact store restart (77.44025ms)
✔ same bytes under different tenant/labels never share an accessible reference (108.207583ms)
✔ corrupt bytes, missing originals, path traversal and symlink substitution are rejected (93.424125ms)
✔ artifact stored before failed state commit is reused after reopening, without dangling references (179.254542ms)
✔ execution intent and unadopted result persist independently of evidence acceptance (234.466166ms)
✔ budget crash sqlite: SIGKILL after durable child-genesis resumes one grant without Tool or Planner entry (634.425333ms)
✔ budget crash sqlite: SIGKILL after durable parent-grant resumes one grant without Tool or Planner entry (598.890792ms)
✔ budget crash sqlite: SIGKILL after durable child-activation resumes one grant without Tool or Planner entry (615.37475ms)
✔ budget crash sqlite: SIGKILL after parent-draining retains consumed usage and cancels unsent tool once (1192.741875ms)
✔ budget crash sqlite: SIGKILL after child-fence retains consumed usage and cancels unsent tool once (1192.895667ms)
✔ budget crash sqlite: SIGKILL after parent-settlement retains consumed usage and cancels unsent tool once (1060.202167ms)
✔ budget crash sqlite: SIGKILL after parent-draining retains consumed usage and cancels unsent model once (1270.916833ms)
✔ budget crash sqlite: SIGKILL after child-fence retains consumed usage and cancels unsent model once (929.83275ms)
✔ budget crash sqlite: SIGKILL after parent-settlement retains consumed usage and cancels unsent model once (1237.181792ms)
✔ budget crash file-journal: SIGKILL after durable child-genesis resumes one grant without Tool or Planner entry (1284.59775ms)
✔ budget crash file-journal: SIGKILL after durable parent-grant resumes one grant without Tool or Planner entry (1573.94625ms)
✔ budget crash file-journal: SIGKILL after durable child-activation resumes one grant without Tool or Planner entry (1100.148166ms)
✔ budget crash file-journal: SIGKILL after parent-draining retains consumed usage and cancels unsent tool once (6202.285625ms)
✔ budget crash file-journal: SIGKILL after child-fence retains consumed usage and cancels unsent tool once (6065.5985ms)
✔ budget crash file-journal: SIGKILL after parent-settlement retains consumed usage and cancels unsent tool once (4391.870917ms)
✔ budget crash file-journal: SIGKILL after parent-draining retains consumed usage and cancels unsent model once (5101.109292ms)
✔ budget crash file-journal: SIGKILL after child-fence retains consumed usage and cancels unsent model once (4262.84025ms)
✔ budget crash file-journal: SIGKILL after parent-settlement retains consumed usage and cancels unsent model once (5127.57175ms)
✔ budget runtime sqlite: child execution settles once across duplicate creation, reconciliation and reopen without copying evidence (365.771041ms)
✔ budget runtime sqlite: parent remaining calls execute while escrow prevents parent and sibling over-allocation (386.621625ms)
✔ budget runtime sqlite: concurrent sibling grants cannot oversubscribe one parent's remaining budget (149.659125ms)
✔ budget runtime sqlite: a child's last logical tool call is consumed by an actual dispatch and cannot be minted by a new task ID (244.32925ms)
✔ budget runtime sqlite: actual model dispatch and reported tokens remain charged when its plan is rejected (309.699875ms)
✔ budget runtime sqlite: a child token cap below the estimated reservation prevents durable model allocation and transport (208.886042ms)
✔ budget runtime sqlite: revoking an unsent tool reservation fences the child and returns only unused escrow (212.10175ms)
✔ budget runtime sqlite: revoking an unsent model reservation fences the child and returns only unused escrow (338.088416ms)
✔ budget runtime sqlite: revoke retains an active model's unknown usage, then late accounting settles once without adopting its plan (478.335916ms)
✔ budget runtime sqlite: unknown write effects keep the grant outstanding after revoke and restart (376.255583ms)
✔ budget runtime sqlite: reported model overage is charged to the parent without clamping and prevents further funding (413.991375ms)
✔ budget runtime sqlite: reducing limits preserves committed charges and child deadlines while blocking new grants (413.750958ms)
✔ budget runtime sqlite: pending genesis cannot execute before funding (312.055625ms)
✔ budget runtime sqlite: pending genesis cannot execute before funding and parent cancellation wins activation (114.429541ms)
✔ budget runtime sqlite: child funding rejects broader authority, altered duplicate commands and work ID reattachment (148.429458ms)
✔ budget runtime sqlite: grant commit ACK loss resumes the same grant and child without another allocation (202.703833ms)
✔ budget runtime sqlite: activation commit ACK loss resumes the same grant and child without another allocation (109.112875ms)
✔ budget runtime sqlite: revocation during child activation installs a fence that the stale activation cannot overwrite (95.949333ms)
✔ budget runtime sqlite: revoke after tool dispatch and before entry prevents transport while keeping the logical dispatch charge (355.131542ms)
✔ budget runtime sqlite: revoke after model dispatch and before entry prevents transport while keeping the logical dispatch charge (416.054917ms)
✔ budget runtime sqlite: actual replan adoption spends the child's delegated replan allowance once (618.465542ms)
✔ budget runtime sqlite: nested child execution reconciles through both grants without double charging or copying originals (416.187292ms)
✔ budget runtime sqlite: an unfunded pending child cannot turn resume or a new goal into execution authority (9.087625ms)
✔ budget runtime sqlite: a parent goal change fences a child's previously reserved tool before entry (87.802541ms)
✔ budget runtime sqlite: a parent policy change fences a child's previously reserved tool before entry (68.073ms)
✔ budget runtime sqlite: a parent deadline change fences a child's previously reserved tool before entry (157.6015ms)
✔ budget runtime sqlite: a partially reported model response retains known tokens and unknown reservation after revoke and reopen (340.126417ms)
✔ budget runtime sqlite: sibling overage received during a tool dispatch ACK delay prevents its actual entry despite stale parent accounting (569.991084ms)
✔ budget runtime sqlite: sibling overage received during a model dispatch ACK delay prevents its actual entry despite stale parent accounting (639.923583ms)
✔ budget runtime file-journal: child execution settles once across duplicate creation, reconciliation and reopen without copying evidence (2883.212709ms)
✔ budget runtime file-journal: parent remaining calls execute while escrow prevents parent and sibling over-allocation (2567.438042ms)
✔ budget runtime file-journal: concurrent sibling grants cannot oversubscribe one parent's remaining budget (803.842042ms)
✔ budget runtime file-journal: a child's last logical tool call is consumed by an actual dispatch and cannot be minted by a new task ID (3348.967667ms)
✔ budget runtime file-journal: actual model dispatch and reported tokens remain charged when its plan is rejected (2578.135ms)
✔ budget runtime file-journal: a child token cap below the estimated reservation prevents durable model allocation and transport (938.528125ms)
✔ budget runtime file-journal: revoking an unsent tool reservation fences the child and returns only unused escrow (1737.2485ms)
✔ budget runtime file-journal: revoking an unsent model reservation fences the child and returns only unused escrow (1277.015292ms)
✔ budget runtime file-journal: revoke retains an active model's unknown usage, then late accounting settles once without adopting its plan (2002.790875ms)
✔ budget runtime file-journal: unknown write effects keep the grant outstanding after revoke and restart (1758.927417ms)
✔ budget runtime file-journal: reported model overage is charged to the parent without clamping and prevents further funding (1573.260084ms)
✔ budget runtime file-journal: reducing limits preserves committed charges and child deadlines while blocking new grants (2333.871917ms)
✔ budget runtime file-journal: pending genesis cannot execute before funding (1837.805834ms)
✔ budget runtime file-journal: pending genesis cannot execute before funding and parent cancellation wins activation (371.00575ms)
✔ budget runtime file-journal: child funding rejects broader authority, altered duplicate commands and work ID reattachment (278.93375ms)
✔ budget runtime file-journal: grant commit ACK loss resumes the same grant and child without another allocation (311.576792ms)
✔ budget runtime file-journal: activation commit ACK loss resumes the same grant and child without another allocation (167.238875ms)
✔ budget runtime file-journal: revocation during child activation installs a fence that the stale activation cannot overwrite (332.914042ms)
✔ budget runtime file-journal: revoke after tool dispatch and before entry prevents transport while keeping the logical dispatch charge (1984.044334ms)
✔ budget runtime file-journal: revoke after model dispatch and before entry prevents transport while keeping the logical dispatch charge (1660.051959ms)
✔ budget runtime file-journal: actual replan adoption spends the child's delegated replan allowance once (3551.470542ms)
✔ budget runtime file-journal: nested child execution reconciles through both grants without double charging or copying originals (3549.238625ms)
✔ budget runtime file-journal: an unfunded pending child cannot turn resume or a new goal into execution authority (281.948542ms)
✔ budget runtime file-journal: a parent goal change fences a child's previously reserved tool before entry (1149.862875ms)
✔ budget runtime file-journal: a parent policy change fences a child's previously reserved tool before entry (1037.121584ms)
✔ budget runtime file-journal: a parent deadline change fences a child's previously reserved tool before entry (1261.489833ms)
✔ budget runtime file-journal: a partially reported model response retains known tokens and unknown reservation after revoke and reopen (1461.295375ms)
✔ budget runtime file-journal: sibling overage received during a tool dispatch ACK delay prevents its actual entry despite stale parent accounting (2648.82325ms)
✔ budget runtime file-journal: sibling overage received during a model dispatch ACK delay prevents its actual entry despite stale parent accounting (2149.081ms)
✔ budget exposure: own usage and reservations add each dimension without charging elapsed time or unknown counts as tokens (1.163167ms)
✔ budget exposure: active and draining escrow count once even when the same child usage has already been observed (0.231917ms)
✔ budget exposure: usage above allocation and outstanding reservations remain visible in independent dimensions (0.063042ms)
✔ budget exposure: settling replaces escrow with accounted plus reserved amounts and repeated reads cannot refund twice (0.083875ms)
✔ budget exposure: unknown and partially reported model usage keeps reserved tokens even on a settled summary (2.684458ms)
✔ budget exposure: a lower parent limit preserves actual costs and reports each excess without negative remaining values (0.168542ms)
✔ budget exposure: separate grants sum but duplicate IDs and duplicate child funding records are rejected (0.601ms)
✔ budget exposure: zero-funded grants remain explicit and cannot hide a later reported expense (0.063583ms)
✔ budget exposure: max-safe totals are exact and overflow in local, grant, aggregate or combined arithmetic fails closed (0.22625ms)
✔ budget exposure: fractional, negative, nonfinite, unsafe and missing values never become zero (0.523333ms)
✔ budget exposure: grant schema keeps authority identity strict and requires a state revision for observed or settled accounting (0.461333ms)
✔ budget exposure: parent links preserve pending, active and draining as different stored phases without conferring allocation authority (0.334834ms)
✔ budget exposure: empty and absent grant lists are equivalent while malformed and over-cap lists are rejected (65.881792ms)
✔ budget exposure: projections and strict schema copies share no mutable vectors with the ledger (0.156208ms)
✔ CLI resumes across processes, keeps conversation/work identities and separates disconnect, pause and cancel (4365.431875ms)
✔ CLI human output is reception plus result, with no internal events or ANSI: documents-simple (997.785875ms)
✔ CLI human output is reception plus result, with no internal events or ANSI: observations-simple (1115.731833ms)
✔ CLI goal changes require an explicit revision and failures have no success JSON on stdout (1015.560208ms)
✔ CLI checkpoint is a derived reference and an old resume file does not reverse a paused work (2692.476ms)
✔ checkpoint v2: v1 retains its exact serialized shape and rejects v2 fields (9.2265ms)
✔ checkpoint v2: an initial head preserves historical refs before any fresh observation (1.9675ms)
✔ checkpoint v2: fresh observation and input intent each require their retained reservation (1.006875ms)
✔ checkpoint v2: root identity, lifetime and bounded counters cannot be reset or enlarged (2.791458ms)
✔ checkpoint v2: a child binds its own task and policy basis to the immutable claim (0.588167ms)
✔ checkpoint v2: child actions use local indexes and cannot prepend the parent prefix or skip intent accounting (0.352875ms)
✔ checkpoint v2: inherited conditions must be observed before a successor can issue an input (0.258834ms)
✔ checkpoint v2: only verification may get a fresh read deadline after the root input deadline (0.186625ms)
✔ checkpoint v2: completing a suffix requires every own input and every condition to be confirmed (0.516791ms)
✔ checkpoint v2: zero-input completion requires a fully applied parent and fresh inheritance verification (0.344083ms)
✔ checkpoint v2: strict parsing detaches the lineage and claim without silently accepting extra capabilities (2.623916ms)
✔ sqlite: source loss during the awaited knowledge check is caught by the second resolution before input (2006.523875ms)
✔ sqlite: source-head changing inside final input authorization prevents the successor input (1769.649709ms)
✔ sqlite: reconciliation-proof changing inside final input authorization prevents the successor input (2000.453167ms)
✔ sqlite: pause changing inside final input authorization prevents the successor input (1871.660667ms)
✔ sqlite: goal changing inside final input authorization prevents the successor input (1755.474542ms)
✔ sqlite: losing a parent proof after a successful child result blocks adoption, proof consumption and compaction (2760.925583ms)
✔ sqlite: a child acquires a fresh epoch and rechecks conditions without replaying the old field input (2111.794958ms)
✔ file-journal: source loss during the awaited knowledge check is caught by the second resolution before input (13183.84275ms)
✔ file-journal: source-head changing inside final input authorization prevents the successor input (10821.244167ms)
✔ file-journal: reconciliation-proof changing inside final input authorization prevents the successor input (18536.95175ms)
✔ file-journal: pause changing inside final input authorization prevents the successor input (10302.759792ms)
✔ file-journal: goal changing inside final input authorization prevents the successor input (8182.978958ms)
✔ file-journal: losing a parent proof after a successful child result blocks adoption, proof consumption and compaction (38297.950916ms)
✔ file-journal: a child acquires a fresh epoch and rechecks conditions without replaying the old field input (17421.762833ms)
✔ continuation context sqlite: contract-seeded claim and latest parent originals survive five compactions and reopen (2155.490042ms)
✔ continuation context sqlite: a final v2 child preserves historical, entry and inherited observations through compact and reopen (1857.076208ms)
✔ continuation context sqlite: missing v2 entry reference invalidates an unchanged final child (1446.5975ms)
✔ continuation context sqlite: missing v2 inherited reference invalidates an unchanged final child (1345.134666ms)
✔ continuation context sqlite: v2 child rejects a forged canonical claim, unrelated initial basis and foreign observation owner (1413.577208ms)
✔ continuation context sqlite: v2 inherited observation loss during model_context staging prevents return (1221.069917ms)
✔ continuation context sqlite: v2 inherited observation loss during runtime_resume staging prevents return (1431.807709ms)
✔ continuation context sqlite: late malformed parent receive cannot rewrite a claimed source (956.900917ms)
✔ continuation context sqlite: missing head fences an otherwise unchanged claim (1089.043417ms)
✔ continuation context sqlite: missing result fences an otherwise unchanged claim (1240.860834ms)
✔ continuation context sqlite: missing observation fences an otherwise unchanged claim (1241.95075ms)
✔ continuation context sqlite: corrupt parent data and invalid bounded decode never produce a resume (1041.864ms)
✔ continuation context sqlite: original loss during model_context storage is checked before return (1138.115708ms)
✔ continuation context sqlite: original loss during runtime_resume storage is checked before return (1329.666833ms)
✔ continuation context sqlite: visibility hides a claim while obligations remain and undeclared raw fields are discarded (1203.204292ms)
✔ continuation context sqlite: unavailable continuation proof readers fail closed even without reconciliation records (1122.179416ms)
✔ continuation context file-journal: contract-seeded claim and latest parent originals survive five compactions and reopen (8491.201917ms)
✔ continuation context file-journal: a final v2 child preserves historical, entry and inherited observations through compact and reopen (6189.726041ms)
✔ continuation context file-journal: missing v2 entry reference invalidates an unchanged final child (4920.641125ms)
✔ continuation context file-journal: missing v2 inherited reference invalidates an unchanged final child (4496.229625ms)
✔ continuation context file-journal: v2 child rejects a forged canonical claim, unrelated initial basis and foreign observation owner (3816.891917ms)
✔ continuation context file-journal: v2 inherited observation loss during model_context staging prevents return (3978.680458ms)
✔ continuation context file-journal: v2 inherited observation loss during runtime_resume staging prevents return (3041.130792ms)
✔ continuation context file-journal: late malformed parent receive cannot rewrite a claimed source (3806.145458ms)
✔ continuation context file-journal: missing head fences an otherwise unchanged claim (4091.642917ms)
✔ continuation context file-journal: missing result fences an otherwise unchanged claim (2761.666333ms)
✔ continuation context file-journal: missing observation fences an otherwise unchanged claim (3157.313459ms)
✔ continuation context file-journal: corrupt parent data and invalid bounded decode never produce a resume (2242.492416ms)
✔ continuation context file-journal: original loss during model_context storage is checked before return (2561.267084ms)
✔ continuation context file-journal: original loss during runtime_resume storage is checked before return (2487.068333ms)
✔ continuation context file-journal: visibility hides a claim while obligations remain and undeclared raw fields are discarded (2971.222209ms)
✔ continuation context file-journal: unavailable continuation proof readers fail closed even without reconciliation records (3643.460958ms)
✔ computer continuation contract: optional fields leave legacy state, context and task digests unchanged (9.108708ms)
✔ computer continuation contract: control metadata cannot carry raw actions, offsets or two resume mechanisms (0.835042ms)
✔ computer continuation contract: counters, depth and mode cannot revive the action window or exceed inherited limits (16.359333ms)
✔ computer continuation planning: exact parent and proof participate in task identity, including historical plans (12.824125ms)
✔ computer continuation tools: proof metadata is mandatory and refresh cannot install an invalid or cacheable adapter (9.61875ms)
✔ computer continuation tools: resume is required exactly for marked tools and verify needs no write permission (3.558667ms)
✔ computer continuation transition: claim and a new reserved attempt plus budget must be committed together (1.044666ms)
✔ computer continuation transition: a claimed parent cannot be replaced, removed or assigned a second sibling (0.847834ms)
✔ computer continuation transition: source result, checkpoint and task identity stay immutable while the child progresses (0.437042ms)
✔ computer continuation transition: an unknown parent requires the exact settled proof and source basis (0.516958ms)
✔ computer continuation transition: a later generation inherits root limits and cannot reset counters, depth or the action deadline (0.57225ms)
✔ memory: continuation CAS admits one sibling, preserves its receipt on retry and rejects history edits atomically (7.60325ms)
✔ sqlite: continuation CAS admits one sibling, preserves its receipt on retry and rejects history edits atomically (93.975833ms)
✔ file-journal: continuation CAS admits one sibling, preserves its receipt on retry and rejects history edits atomically (700.702292ms)
✔ sqlite: SIGKILL after continuation reservation preserves one claim and executes only the existing child after restart (2837.601416ms)
✔ sqlite: SIGKILL after child observation reservation preserves spent lineage budget without replaying an unreceived observation (1686.424709ms)
✔ sqlite: SIGKILL after child Save reconciles its durable receipt and verifies depth two without repeating applied input (5071.491167ms)
✔ file-journal: SIGKILL after continuation reservation preserves one claim and executes only the existing child after restart (20092.440583ms)
✔ file-journal: SIGKILL after child observation reservation preserves spent lineage budget without replaying an unreceived observation (9719.379959ms)
✔ file-journal: SIGKILL after child Save reconciles its durable receipt and verifies depth two without repeating applied input (61522.302208ms)
✔ sqlite: an applied-unknown prefix is reconciled once and only the two remaining inputs run (3664.566125ms)
✔ sqlite: an unknown saved input is verified after the old action deadline without saving twice (2594.680791ms)
✔ sqlite: a known not-applied input may be retried once while its applied prefix remains immutable (2171.996417ms)
✔ sqlite: a later value supersedes the same field's earlier condition at the continuation frontier (2361.070959ms)
✔ sqlite: changed inherited conditions stop a successor without repeating or extending the applied prefix (2101.754583ms)
✔ sqlite: concurrent reservations create at most one successor and consume one work reservation (2316.687084ms)
✔ sqlite: lineage observation and input budgets stay spent across failed successors (2912.328041ms)
✔ sqlite: a new successor cannot reset the original action deadline (1137.561375ms)
✔ file-journal: an applied-unknown prefix is reconciled once and only the two remaining inputs run (41395.726375ms)
✔ file-journal: an unknown saved input is verified after the old action deadline without saving twice (17895.316125ms)
✔ file-journal: a known not-applied input may be retried once while its applied prefix remains immutable (16203.177ms)
✔ file-journal: a later value supersedes the same field's earlier condition at the continuation frontier (16785.633791ms)
✔ file-journal: changed inherited conditions stop a successor without repeating or extending the applied prefix (25585.77025ms)
✔ file-journal: concurrent reservations create at most one successor and consume one work reservation (20514.999125ms)
✔ file-journal: lineage observation and input budgets stay spent across failed successors (23780.626917ms)
✔ file-journal: a new successor cannot reset the original action deadline (4864.564125ms)
✔ sqlite: structurally valid continue and verify plans fail before acceptance or cost (224.216416ms)
✔ sqlite: a stored continuation plan cannot create a new attempt or budget reservation (94.562166ms)
✔ sqlite: a stored continuation reservation cannot dispatch or enter through execute (75.756167ms)
✔ sqlite: even an existing dispatch receipt cannot invoke a continuation adapter or its reuse hook (152.363583ms)
✔ file-journal: structurally valid continue and verify plans fail before acceptance or cost (701.677458ms)
✔ file-journal: a stored continuation plan cannot create a new attempt or budget reservation (920.138292ms)
✔ file-journal: a stored continuation reservation cannot dispatch or enter through execute (931.760125ms)
✔ file-journal: even an existing dispatch receipt cannot invoke a continuation adapter or its reuse hook (763.068625ms)
✔ sqlite: continuation prepare pins only the unperformed suffix and preserves canonical state and driver input (1193.011084ms)
✔ sqlite: continuation prepare refuses legacy checkpoint counters without upgrading or resetting the original deadline (1184.666208ms)
✔ sqlite: continuation preparation rechecks canonical state after original checkpoint I/O (1094.9785ms)
✔ sqlite: continuation resolve authenticates the canonical reservation receipt and never inspects the child's checkpoint (1093.870125ms)
✔ sqlite: invalid claim graph is rejected before recursive original reads and raw proof checks never call knowledge (1133.887875ms)
✔ sqlite: missing originals install a durable blocking obligation, cancel reservations, and recover without rewriting claims (1043.594334ms)
✔ file-journal: continuation prepare pins only the unperformed suffix and preserves canonical state and driver input (4615.13775ms)
✔ file-journal: continuation prepare refuses legacy checkpoint counters without upgrading or resetting the original deadline (4770.059417ms)
✔ file-journal: continuation preparation rechecks canonical state after original checkpoint I/O (5046.048125ms)
✔ file-journal: continuation resolve authenticates the canonical reservation receipt and never inspects the child's checkpoint (4673.733416ms)
✔ file-journal: invalid claim graph is rejected before recursive original reads and raw proof checks never call knowledge (3924.882875ms)
✔ file-journal: missing originals install a durable blocking obligation, cancel reservations, and recover without rewriting claims (4728.712375ms)
✔ computer input assurance: omission keeps the old tool shape without silently adding a default to its digest (4.686291ms)
✔ computer input assurance: renderer semantics are pinned for all four tools and cannot be changed through the original driver (0.440792ms)
✔ computer input assurance: unknown profiles and proof-free declarations are rejected before any adapter call (17.902417ms)
✔ computer input assurance: a profile declaration grants neither tool permission nor arbitrary browser commands (11.064875ms)
✔ sqlite: replacing input assurance after dispatch invalidates the pinned attempt before driver entry (338.150333ms)
✔ file-journal: replacing input assurance after dispatch invalidates the pinned attempt before driver entry (1365.727917ms)
✔ computer operation contract: identity binds the requested input without copying the observed screen or mutable lease (2.849ms)
✔ computer operation contract: every routing and action component distinguishes an otherwise reused operation id (0.32925ms)
✔ computer operation contract: strict identity retains the bounded typed-action boundary (0.854958ms)
✔ computer operation contract: receipts record a decision and never treat an unknown response as a negative effect (0.634542ms)
✔ computer operation contract: lookup cannot claim found without a receipt or turn an absent proof into not_applied (0.633291ms)
✔ SIGKILL after durable Save permits exact original receipt lookup in a new epoch without replaying input (155.268709ms)
✔ SIGKILL before Save leaves an absent receipt unknown rather than inventing a not-applied receipt (159.119541ms)
✔ sqlite: lost receive ACK preserves the committed reconciliation response and settles without another lookup (1397.557042ms)
✔ sqlite: pause during an actual driver lookup fences its late receipt while retaining the read charge and effect obligation (971.59775ms)
✔ sqlite: goal during an actual driver lookup fences its late receipt while retaining the read charge and effect obligation (1106.805292ms)
✔ file-journal: lost receive ACK preserves the committed reconciliation response and settles without another lookup (7833.640959ms)
✔ file-journal: pause during an actual driver lookup fences its late receipt while retaining the read charge and effect obligation (6043.522584ms)
✔ file-journal: goal during an actual driver lookup fences its late receipt while retaining the read charge and effect obligation (4465.714417ms)
✔ reconciliation context sqlite: reserved metadata and original refs survive compaction and repository reopen (1424.617209ms)
✔ reconciliation context sqlite: settled metadata and original refs survive compaction and repository reopen (1859.612083ms)
✔ reconciliation context sqlite: missing proof rejects source reuse, compaction and restore (1535.118792ms)
✔ reconciliation context sqlite: corrupt proof rejects source reuse, compaction and restore (1377.98975ms)
✔ reconciliation context sqlite: proof loss during model_context staging is rejected before return (1450.841083ms)
✔ reconciliation context sqlite: proof loss during runtime_resume staging is rejected before return (1784.0405ms)
✔ reconciliation context sqlite: lifecycle and read permission changes hide the index and prevent resume without dropping the pending obligation (1519.80775ms)
✔ reconciliation context sqlite: a runtime without an effect proof reader rejects settled metadata (1326.913375ms)
✔ reconciliation context file-journal: reserved metadata and original refs survive compaction and repository reopen (5820.618833ms)
✔ reconciliation context file-journal: settled metadata and original refs survive compaction and repository reopen (14704.021417ms)
✔ reconciliation context file-journal: missing proof rejects source reuse, compaction and restore (7447.883125ms)
✔ reconciliation context file-journal: corrupt proof rejects source reuse, compaction and restore (6691.032125ms)
✔ reconciliation context file-journal: proof loss during model_context staging is rejected before return (6818.764542ms)
✔ reconciliation context file-journal: proof loss during runtime_resume staging is rejected before return (4255.821ms)
✔ reconciliation context file-journal: lifecycle and read permission changes hide the index and prevent resume without dropping the pending obligation (5102.197959ms)
✔ reconciliation context file-journal: a runtime without an effect proof reader rejects settled metadata (4617.912292ms)
✔ computer reconciliation contract: optional index preserves legacy states and contexts without adding empty metadata (6.703625ms)
✔ computer reconciliation contract: metadata remains strict and bounded without accepting raw action or duplicate ids (19.628334ms)
✔ computer reconciliation contract: received and settled require different proof stages and a timed response (0.597333ms)
✔ computer reconciliation contract: lookup outcome does not erase an earlier applied prefix or invent a known absence (0.144458ms)
✔ computer reconciliation transition: intent identity and the first response, proof, and timestamps cannot be replaced (2.22675ms)
✔ computer reconciliation transition: new records cannot skip dispatch and existing records cannot disappear or restart (2.560209ms)
✔ computer reconciliation transition: known claims remain historical even when the proof is invalidated (0.652166ms)
✔ computer reconciliation transition: original task identity, result, and checkpoint remain fixed across late updates (1.97625ms)
✔ memory: reconciliation CAS retains original results, rejects rollback atomically, and preserves historical receipts (10.357291ms)
✔ sqlite: reconciliation CAS retains original results, rejects rollback atomically, and preserves historical receipts (166.08825ms)
✔ file-journal: reconciliation CAS retains original results, rejects rollback atomically, and preserves historical receipts (825.631875ms)
✔ sqlite: receipt identity and driver mismatches cannot close an effect and retain the measured read (1931.716458ms)
✔ sqlite: a lease acquisition that ignores abort cannot hold cancellation or enter lookup later (832.137125ms)
✔ sqlite: a reconciled expired input keeps its intent head and null result when the original runner returns late (725.368917ms)
✔ sqlite: revoking a parent grant refunds an unused query and prevents a fresh lookup allowance (1043.994667ms)
✔ file-journal: receipt identity and driver mismatches cannot close an effect and retain the measured read (9102.514833ms)
✔ file-journal: a lease acquisition that ignores abort cannot hold cancellation or enter lookup later (4034.149583ms)
✔ file-journal: a reconciled expired input keeps its intent head and null result when the original runner returns late (3978.967292ms)
✔ file-journal: revoking a parent grant refunds an unused query and prevents a fresh lookup allowance (4855.851334ms)
✔ reconciliation outbox sqlite: current proof permits one result send and delivery obligation settlement (1610.263375ms)
✔ reconciliation outbox sqlite: narrowed tool authority preserves proof validation while channel restrictions still apply (2985.40475ms)
✔ reconciliation outbox sqlite: proof loss at the same revision prevents any result transport (1304.941625ms)
✔ reconciliation outbox sqlite: proof loss defers lookup of an already sent uncertain result (1333.922ms)
✔ reconciliation outbox sqlite: proof loss after the send claim is checked before entering the sink (1306.858917ms)
✔ reconciliation outbox sqlite: proof loss in the pre-lookup artifact await prevents receipt lookup (1444.107584ms)
✔ reconciliation outbox sqlite: proof loss during send keeps the delivery unadopted without resending (1240.739416ms)
✔ reconciliation outbox sqlite: proof loss during receipt lookup cannot close the delivery obligation (1285.023541ms)
✔ reconciliation outbox sqlite: the commit guard rechecks proof after awaited artifact validation (1368.869041ms)
✔ reconciliation outbox file-journal: current proof permits one result send and delivery obligation settlement (7578.767167ms)
✔ reconciliation outbox file-journal: narrowed tool authority preserves proof validation while channel restrictions still apply (14317.060834ms)
✔ reconciliation outbox file-journal: proof loss at the same revision prevents any result transport (4698.899ms)
✔ reconciliation outbox file-journal: proof loss defers lookup of an already sent uncertain result (7413.602333ms)
✔ reconciliation outbox file-journal: proof loss after the send claim is checked before entering the sink (7527.633125ms)
✔ reconciliation outbox file-journal: proof loss in the pre-lookup artifact await prevents receipt lookup (8710.912708ms)
✔ reconciliation outbox file-journal: proof loss during send keeps the delivery unadopted without resending (7741.517208ms)
✔ reconciliation outbox file-journal: proof loss during receipt lookup cannot close the delivery obligation (9979.911042ms)
✔ reconciliation outbox file-journal: the commit guard rechecks proof after awaited artifact validation (7589.677ms)
✔ sqlite: first verified effect settlement clears the no-progress gate and permits a read-only verification without creating evidence itself (5043.633167ms)
✔ sqlite: duplicate settle and replay of the same reconciliation command add no progress, lookup or budget use (2067.638167ms)
✔ sqlite: re-proving the same source operation after proof-read invalidation cannot earn a second progress credit (2724.933833ms)
✔ file-journal: first verified effect settlement clears the no-progress gate and permits a read-only verification without creating evidence itself (68106.446416ms)
✔ file-journal: duplicate settle and replay of the same reconciliation command add no progress, lookup or budget use (21597.026167ms)
✔ file-journal: re-proving the same source operation after proof-read invalidation cannot earn a second progress credit (26854.437292ms)
✔ sqlite: reserve command receipt is required to authenticate an otherwise intact reconciliation proof (1202.833208ms)
✔ sqlite: dispatch command receipt is required to authenticate an otherwise intact reconciliation proof (1205.371917ms)
✔ sqlite: receive command receipt is required to authenticate an otherwise intact reconciliation proof (1274.7385ms)
✔ sqlite: settle command receipt is required to authenticate an otherwise intact reconciliation proof (1224.772459ms)
✔ sqlite: concurrent identical reserve, execute, and settle calls retain one intent, one lookup charge, and one proof (1380.249916ms)
✔ file-journal: reserve command receipt is required to authenticate an otherwise intact reconciliation proof (4753.840791ms)
✔ file-journal: dispatch command receipt is required to authenticate an otherwise intact reconciliation proof (4581.981917ms)
✔ file-journal: receive command receipt is required to authenticate an otherwise intact reconciliation proof (4443.825292ms)
✔ file-journal: settle command receipt is required to authenticate an otherwise intact reconciliation proof (5630.333584ms)
✔ file-journal: concurrent identical reserve, execute, and settle calls retain one intent, one lookup charge, and one proof (5034.718292ms)
✔ sqlite: SIGKILL after reconciliation reservation preserves its owner and refunds only on expiry before an explicit new command (1525.55775ms)
✔ sqlite: SIGKILL during dispatched lookup retains unknown usage and never reissues that command across expiry (1610.860042ms)
✔ sqlite: SIGKILL after received reconciliation settles the stored timely response after lease expiry with no new lookup or input (1469.888875ms)
✔ sqlite: SIGKILL after settlement reopens a current separate proof and duplicate commands remain read-only (1742.952958ms)
✔ file-journal: SIGKILL after reconciliation reservation preserves its owner and refunds only on expiry before an explicit new command (5106.176167ms)
✔ file-journal: SIGKILL during dispatched lookup retains unknown usage and never reissues that command across expiry (5875.716834ms)
✔ file-journal: SIGKILL after received reconciliation settles the stored timely response after lease expiry with no new lookup or input (4658.501042ms)
✔ file-journal: SIGKILL after settlement reopens a current separate proof and duplicate commands remain read-only (6786.094708ms)
✔ sqlite: screen result depends on the live reconciliation proof even when the state revision and previous cursor are unchanged (1446.765833ms)
✔ sqlite: proof loss during diagnostics projection withholds an already prepared result before returning a cursor (1566.556292ms)
✔ sqlite: a reader without the effect verifier cannot treat stored settled metadata as current proof (1139.9205ms)
✔ file-journal: screen result depends on the live reconciliation proof even when the state revision and previous cursor are unchanged (9982.284833ms)
✔ file-journal: proof loss during diagnostics projection withholds an already prepared result before returning a cursor (7757.07325ms)
✔ file-journal: a reader without the effect verifier cannot treat stored settled metadata as current proof (7208.010792ms)
✔ sqlite: explicit reconciliation records a read response and separate effect proof without adopting or changing the original input (1166.354792ms)
✔ sqlite: recorded not-applied receipts resolve only the unknown step and preserve a prior applied prefix (1759.459125ms)
✔ sqlite: a missing driver receipt remains unresolved and repeating the same request neither repeats input nor lookup (648.956458ms)
✔ sqlite: duplicate command and execution charge one lookup while changed payload conflicts (1146.910209ms)
✔ sqlite: exhausted lookup budget refuses reservation without a driver call or a stored intent (875.75875ms)
✔ sqlite: receipt lookup requires current read authority but does not require permission to issue another input (1008.523083ms)
✔ sqlite: an expired unused reconciliation reservation is released and the same request never dispatches later (920.40725ms)
✔ sqlite: loss of a settled proof reopens the effect obligation while preserving the old receipt, claim, and original head (1195.984959ms)
✔ file-journal: explicit reconciliation records a read response and separate effect proof without adopting or changing the original input (5646.844084ms)
✔ file-journal: recorded not-applied receipts resolve only the unknown step and preserve a prior applied prefix (9228.507667ms)
✔ file-journal: a missing driver receipt remains unresolved and repeating the same request neither repeats input nor lookup (5642.376375ms)
✔ file-journal: duplicate command and execution charge one lookup while changed payload conflicts (6339.85625ms)
✔ file-journal: exhausted lookup budget refuses reservation without a driver call or a stored intent (3418.144167ms)
✔ file-journal: receipt lookup requires current read authority but does not require permission to issue another input (6486.747875ms)
✔ file-journal: an expired unused reconciliation reservation is released and the same request never dispatches later (4573.885333ms)
✔ file-journal: loss of a settled proof reopens the effect obligation while preserving the old receipt, claim, and original head (6951.669209ms)
✔ computer context sqlite: five compactions and restart preserve running input metadata (653.759291ms)
✔ computer context sqlite: five compactions and restart preserve unknown input metadata (548.603583ms)
✔ computer context file-journal: five compactions and restart preserve running input metadata (2416.709291ms)
✔ computer context file-journal: five compactions and restart preserve unknown input metadata (2884.128375ms)
✔ computer context sqlite: deleted head blocks compaction, source fence and restore (270.966166ms)
✔ computer context sqlite: modified head blocks compaction, source fence and restore (246.905833ms)
✔ computer context file-journal: deleted head blocks compaction, source fence and restore (944.057125ms)
✔ computer context file-journal: modified head blocks compaction, source fence and restore (861.81425ms)
✔ computer context sqlite: mandatory input metadata cannot be evicted, altered or reassigned to a later goal (249.002417ms)
✔ computer context file-journal: mandatory input metadata cannot be evicted, altered or reassigned to a later goal (697.737708ms)
✔ computer context sqlite: head loss during model_context staging is checked before return (218.81625ms)
✔ computer context sqlite: head loss during runtime_resume staging is checked before return (204.025917ms)
✔ computer context file-journal: head loss during model_context staging is checked before return (511.778583ms)
✔ computer context file-journal: head loss during runtime_resume staging is checked before return (363.224291ms)
✔ computer context sqlite: current knowledge, source lifecycle and read permissions still fence metadata (183.798917ms)
✔ computer context file-journal: current knowledge, source lifecycle and read permissions still fence metadata (515.66775ms)
✔ computer contracts: tool inputs cannot select a driver address, add hidden actions or exceed a short batch (17.647708ms)
✔ computer contracts: malformed observations cannot acquire trustworthy refs or silently omit their usage (2.337542ms)
✔ computer contracts: a name match is insufficient when another hidden target shares that name (0.208292ms)
✔ computer contracts: a truncated view cannot prove a unique target or element condition (0.167458ms)
✔ computer contracts: byte limits count UTF-8 bytes and successful validation detaches the source (0.272375ms)
✔ computer contracts: observations cannot move backwards or switch sessions behind the same task (0.216334ms)
✔ computer contracts: conditions require explicit own values and never use prototype facts or coercion (0.086625ms)
✔ computer contracts: intent, application and observation verification cannot be collapsed into complete (2.064834ms)
✔ sqlite: a failed observation artifact write retains the driver's measured call (184.359709ms)
✔ sqlite: intent persistence failure proves no driver entry and keeps the failed step diagnostic (607.719917ms)
✔ sqlite: cancellation before driver entry settles no-input and proof revoked=false fences adoption (565.142417ms)
✔ sqlite: cancellation before driver entry settles no-input and proof revoked=true fences adoption (599.528167ms)
✔ sqlite: a failure cannot downgrade the committed unknown effect or measured usage prefix (822.704917ms)
✔ sqlite: removing the proof provider at the receive commit fence cannot accept a no-effect result (578.412584ms)
✔ sqlite: provider removal between no-effect validation and adoption cannot skip the captured proof fence (611.780542ms)
✔ sqlite: completion must match the checkpoint and only explicitly confirmed facts become evidence (1057.026333ms)
✔ sqlite: losing the checkpoint original between receive and adopt prevents completion (910.796875ms)
✔ sqlite: losing the observation original between receive and adopt prevents completion (909.52525ms)
✔ sqlite: diagnostic reads recheck retained knowledge before and after original IO (883.6845ms)
✔ file-journal: a failed observation artifact write retains the driver's measured call (681.596792ms)
✔ file-journal: intent persistence failure proves no driver entry and keeps the failed step diagnostic (1940.725958ms)
✔ file-journal: cancellation before driver entry settles no-input and proof revoked=false fences adoption (2297.968917ms)
✔ file-journal: cancellation before driver entry settles no-input and proof revoked=true fences adoption (2220.312833ms)
✔ file-journal: a failure cannot downgrade the committed unknown effect or measured usage prefix (3758.729125ms)
✔ file-journal: removing the proof provider at the receive commit fence cannot accept a no-effect result (2583.056833ms)
✔ file-journal: provider removal between no-effect validation and adoption cannot skip the captured proof fence (3328.751083ms)
✔ file-journal: completion must match the checkpoint and only explicitly confirmed facts become evidence (3789.0085ms)
✔ file-journal: losing the checkpoint original between receive and adopt prevents completion (2877.063791ms)
✔ file-journal: losing the observation original between receive and adopt prevents completion (3378.859375ms)
✔ file-journal: diagnostic reads recheck retained knowledge before and after original IO (3850.727333ms)
✔ sqlite: SIGKILL after Save leaves committed intent unknown across recovery, goal change and cancellation without replay (999.356667ms)
✔ sqlite: SIGKILL after received result permits one adoption and rejects an old-epoch observation for a new input (1293.435667ms)
✔ file-journal: SIGKILL after Save leaves committed intent unknown across recovery, goal change and cancellation without replay (3781.806708ms)
✔ file-journal: SIGKILL after received result permits one adoption and rejects an old-epoch observation for a new input (5555.8295ms)
✔ sqlite: registered computer tools observe, apply, prove and adopt a completed synthetic note (1123.322459ms)
✔ sqlite: rerendered or restarted observations stop before the first input (917.645208ms)
✔ sqlite: a copied observation from another work remains foreign even when its artifact bytes are present (372.736542ms)
✔ sqlite: ambiguous and partial observations cannot select a target for the batch (1128.417125ms)
✔ sqlite: step two not-applied preserves the confirmed first input without claiming batch completion (838.17025ms)
✔ sqlite: applied-unknown save creates a reconciliation block and neither execute replay nor replanning adds an input (774.646292ms)
✔ sqlite: goal, policy and cancellation changes across an awaited response prevent the next input (1636.17375ms)
✔ sqlite: late readiness is observed through bounded waits before subsequent note inputs (1376.306958ms)
✔ sqlite: another runtime revoking writes during the driver's own input delay prevents every input (635.560459ms)
✔ sqlite: false or too-late conditions consume one deadline and cannot reset time or continue to Save (1649.125042ms)
✔ sqlite: stored successful result can be read and adopted after reopening without replaying app input (1108.640084ms)
✔ sqlite: strict action contracts reject injected script fields while document text has no command authority (982.106166ms)
✔ file-journal: registered computer tools observe, apply, prove and adopt a completed synthetic note (3797.989542ms)
✔ file-journal: rerendered or restarted observations stop before the first input (3286.869125ms)
✔ file-journal: a copied observation from another work remains foreign even when its artifact bytes are present (2076.457625ms)
✔ file-journal: ambiguous and partial observations cannot select a target for the batch (5646.306834ms)
✔ file-journal: step two not-applied preserves the confirmed first input without claiming batch completion (4024.979375ms)
✔ file-journal: applied-unknown save creates a reconciliation block and neither execute replay nor replanning adds an input (4045.809542ms)
✔ file-journal: goal, policy and cancellation changes across an awaited response prevent the next input (10135.92275ms)
✔ file-journal: late readiness is observed through bounded waits before subsequent note inputs (6061.261334ms)
✔ file-journal: another runtime revoking writes during the driver's own input delay prevents every input (3291.58925ms)
✔ file-journal: false or too-late conditions consume one deadline and cannot reset time or continue to Save (8863.804ms)
✔ file-journal: stored successful result can be read and adopted after reopening without replaying app input (4291.026916ms)
✔ file-journal: strict action contracts reject injected script fields while document text has no command authority (3609.265958ms)
✔ context compiler sqlite/documents-complex: five published working sets retain counterevidence and rediscover an early original (1643.34675ms)
✔ context compiler sqlite/observations-complex: five published working sets retain counterevidence and rediscover an early original (1554.360083ms)
✔ context compiler file-journal/documents-complex: five published working sets retain counterevidence and rediscover an early original (8964.709625ms)
✔ context compiler file-journal/observations-complex: five published working sets retain counterevidence and rediscover an early original (9595.8445ms)
✔ context compiler sqlite: five compactions preserve canonical unknown effect and timed response obligations (560.502416ms)
✔ context compiler file-journal: five compactions preserve canonical unknown effect and timed response obligations (2471.419375ms)
✔ context compiler sqlite: selected schemas reduce the actual structured transport request and preserve precise byte accounting (193.816916ms)
ℹ {"backend":"sqlite","baselinePacketBytes":4700,"baselineToolBytes":516593,"packetBytes":2471,"toolBytes":33733,"envelopeBytes":36282,"requestBytes":41589,"selectedToolCount":13,"catalogTotal":81}
✔ context compiler file-journal: selected schemas reduce the actual structured transport request and preserve precise byte accounting (359.677541ms)
ℹ {"backend":"file-journal","baselinePacketBytes":4700,"baselineToolBytes":516593,"packetBytes":2471,"toolBytes":33733,"envelopeBytes":36282,"requestBytes":41589,"selectedToolCount":13,"catalogTotal":81}
✔ context compiler sqlite: an oversized mandatory goal fails before candidate storage or transport (96.936416ms)
✔ context compiler file-journal: an oversized mandatory goal fails before candidate storage or transport (136.714625ms)
✔ context copy: a canonical two-level invocation copy cannot restore guidance body after its catalog version is replaced (63.9775ms)
✔ context copy: two nested call results stop exposing a tool body when original tool permission is revoked (26.340083ms)
✔ context dispatch sqlite: persisted reservation does not send removed registration (359.468125ms)
✔ context dispatch sqlite: persisted reservation does not send replacement version (311.294416ms)
✔ context dispatch sqlite: persisted reservation does not send changed input schema under the same ID and version (293.080166ms)
✔ context dispatch sqlite: persisted reservation does not send changed allowed labels under the same ID and version (301.145125ms)
✔ context dispatch sqlite: persisted reservation does not send changed allowed destination under the same ID and version (268.926042ms)
✔ context dispatch file-journal: persisted reservation does not send removed registration (792.596167ms)
✔ context dispatch file-journal: persisted reservation does not send replacement version (899.871167ms)
✔ context dispatch file-journal: persisted reservation does not send changed input schema under the same ID and version (830.954791ms)
✔ context dispatch file-journal: persisted reservation does not send changed allowed labels under the same ID and version (918.112417ms)
✔ context dispatch file-journal: persisted reservation does not send changed allowed destination under the same ID and version (764.998083ms)
✔ context dispatch sqlite: persisted guidance required-rules change is checked before transport (438.888792ms)
✔ context dispatch sqlite: persisted guidance version change is checked before transport (389.637459ms)
✔ context dispatch file-journal: persisted guidance required-rules change is checked before transport (1294.269541ms)
✔ context dispatch file-journal: persisted guidance version change is checked before transport (1052.520334ms)
✔ context dispatch sqlite: unchanged tool and trusted guidance contracts resume the stored request once (372.983708ms)
✔ context dispatch file-journal: unchanged tool and trusted guidance contracts resume the stored request once (1498.99825ms)
✔ context guidance: trusted required rules, exact version and hash survive published body eviction (80.857667ms)
✔ context guidance: a manifest without required rules keeps the full original and fails a smaller input budget (34.8765ms)
✔ context guidance: result-provided rules cannot replace an absent trusted manifest rule set (44.395417ms)
✔ context guidance: current label revocation prevents a previously published original from reappearing (32.627542ms)
✔ context guidance: a missing original cannot be recovered from its copied tool result or prior frame (22.501542ms)
✔ context guidance: replacing the catalog version does not expose the superseded loaded body (27.09325ms)
✔ context guidance: replacing trusted bytes under the same version rejects the old manifest and body (12.393375ms)
✔ context guidance: a stored result with a mismatched attemptId is rejected (12.438875ms)
✔ context guidance: a stored result with a mismatched resultId is rejected (10.620583ms)
✔ context guidance: the actual dispatch receipt must match the adopted attempt task digest (16.186125ms)
✔ sqlite/model_call_reserved: publishing requires the derived blob, later loss permits commits and regeneration while original loss blocks both (222.168167ms)
✔ sqlite/context_compacted: publishing requires the derived blob, later loss permits commits and regeneration while original loss blocks both (191.528583ms)
✔ sqlite: publishing detects a context head reference conflict before committing (169.75275ms)
✔ sqlite: a blocked context candidate cannot be newly published even when its bytes remain (157.036667ms)
✔ sqlite/retract: lifecycle retires the context head and access removal also blocks its retained artifact (162.876667ms)
✔ sqlite/correct: lifecycle retires the context head and access removal also blocks its retained artifact (184.056958ms)
✔ sqlite/restrict: lifecycle retires the context head and access removal also blocks its retained artifact (189.763667ms)
✔ sqlite/delete: lifecycle retires the context head and access removal also blocks its retained artifact (177.850584ms)
✔ sqlite/dependency_changed: lifecycle retires the context head and access removal also blocks its retained artifact (154.992ms)
✔ file-journal/model_call_reserved: publishing requires the derived blob, later loss permits commits and regeneration while original loss blocks both (425.560125ms)
✔ file-journal/context_compacted: publishing requires the derived blob, later loss permits commits and regeneration while original loss blocks both (405.342042ms)
✔ file-journal: publishing detects a context head reference conflict before committing (176.847292ms)
✔ file-journal: a blocked context candidate cannot be newly published even when its bytes remain (177.640041ms)
✔ file-journal/retract: lifecycle retires the context head and access removal also blocks its retained artifact (260.22575ms)
✔ file-journal/correct: lifecycle retires the context head and access removal also blocks its retained artifact (239.996708ms)
✔ file-journal/restrict: lifecycle retires the context head and access removal also blocks its retained artifact (303.771583ms)
✔ file-journal/delete: lifecycle retires the context head and access removal also blocks its retained artifact (314.650125ms)
✔ file-journal/dependency_changed: lifecycle retires the context head and access removal also blocks its retained artifact (249.168667ms)
✔ sqlite: source deletion during the context head exists check prevents reservation and head publication (691.10975ms)
✔ sqlite: source deletion inside repository commit retires the published head and cancels the model reservation before returning (479.752875ms)
✔ sqlite: losing the prior frame does not turn an old catalog request into a conflict with the current task version (491.39675ms)
✔ file-journal: source deletion during the context head exists check prevents reservation and head publication (5671.654584ms)
✔ file-journal: source deletion inside repository commit retires the published head and cancels the model reservation before returning (5574.162083ms)
✔ file-journal: losing the prior frame does not turn an old catalog request into a conflict with the current task version (2029.065875ms)
✔ required full and reference information survives optional content pressure (2.219417ms)
✔ a full value cheaper than its required reference satisfies the minimum without overflow (0.189166ms)
✔ a required reference cap rejects contradictory bounds and never substitutes a cheaper full payload (0.376417ms)
✔ optional reference caps consume only reference bytes and remain omitted when that representation does not fit (0.23925ms)
✔ a reference cap overrides full residency and new use without counting references as full reloads (0.682958ms)
✔ high and low watermarks retain compact mode until the lower boundary is crossed (0.151084ms)
✔ mere inclusion is not actual use and an idle full value does not automatically reload (0.333709ms)
✔ a new actual use marker refreshes usage and reloads the same digest once (0.24175ms)
✔ minimum residency delays idle eviction for two cycles while the hard budget still wins (0.199209ms)
✔ five changing working sets preserve old counterevidence, pending and unknown references (0.828333ms)
✔ removed authority and changed digests cannot be revived by resident or use history (0.424708ms)
✔ decisions are stable by minimum, priority, real use, recency, residence and key (0.172792ms)
✔ recently evicted content waits through cooldown unless actual use or a minimum requires it (0.101833ms)
✔ memo storage is bounded and prioritizes selected residents without changing decisions (0.631667ms)
✔ inputs and previous memo stay immutable and byte sums match selected representations (0.130875ms)
✔ duplicate keys, malformed items, invalid budgets and inconsistent memo are rejected (0.690084ms)
✔ context store stages an immutable frame without publishing it and reads the installed basis N from revision N+1 (109.99825ms)
✔ context store sqlite: derived frame and installed head survive separate reopened instances (256.292959ms)
✔ context store file-journal: derived frame and installed head survive separate reopened instances (335.788375ms)
✔ context store regenerates a missing derived frame without editing the authoritative head (66.80925ms)
✔ context store regenerates a corrupt derived frame without editing the authoritative head (84.875667ms)
✔ context store regenerates a invalid-json derived frame without editing the authoritative head (102.859208ms)
✔ context store regenerates a invalid-schema derived frame without editing the authoritative head (101.924125ms)
✔ context store excludes a foreign-work previous head or frame (119.099667ms)
✔ context store excludes a foreign-tenant previous head or frame (73.866875ms)
✔ context store excludes a cycle previous head or frame (65.233833ms)
✔ context store excludes a basis previous head or frame (54.600458ms)
✔ context store excludes a unpublished previous head or frame (52.3285ms)
✔ context store excludes a policy previous head or frame (63.358ms)
✔ context store excludes a goal previous head or frame (55.76375ms)
✔ context store excludes a generation previous head or frame (62.20925ms)
✔ context store excludes a blocked previous head or frame (62.708292ms)
✔ context store excludes a underlabelled previous head or frame (88.201333ms)
✔ context store checks stale frame basis and forbidden packet policy before writing any candidate (7.894625ms)
✔ context store previous rejects goal changes during artifact I/O (59.849958ms)
✔ context store previous rejects policy changes during artifact I/O (60.063958ms)
✔ context store previous rejects generation changes during artifact I/O (67.882708ms)
✔ context store previous rejects source changes during artifact I/O (57.821458ms)
✔ context store put rejects goal changes during artifact I/O (59.983209ms)
✔ context store put rejects policy changes during artifact I/O (73.888458ms)
✔ context store put rejects generation changes during artifact I/O (54.838583ms)
✔ context store put rejects source changes during artifact I/O (58.933459ms)
✔ context store readback rejects goal changes during artifact I/O (66.95825ms)
✔ context store readback rejects policy changes during artifact I/O (52.938708ms)
✔ context store readback rejects generation changes during artifact I/O (51.921917ms)
✔ context store readback rejects source changes during artifact I/O (48.243ms)
✔ context store never turns state or source failure during a missing-frame read into successful regeneration (57.856541ms)
✔ context store refuses unavailable knowledge even when there is no previous head (8.158625ms)
✔ context store leaves the previous head intact when candidate storage fails (71.934666ms)
✔ context store rejects a relabelled put receipt or altered readback bytes and never publishes a head (57.824458ms)
✔ context store applies byte limits before writing or loading a derived frame (63.871375ms)
✔ canonical state has explicit nulls, bounded revisions and no provider/SQL objects (4.341708ms)
✔ goal validation cannot silently drop unknown authorization fields or empty completion rules (0.153708ms)
✔ partial result is distinct from complete result and API errors are not evidence of absence (0.560958ms)
✔ plan and context explicitly bind state and goal revisions (0.588667ms)
✔ invalid provider content is not included in validation error text (0.110166ms)
✔ a late counterexample prevents a previously delivered answer from being displayed as the current result (660.106709ms)
✔ a public snapshot retries a goal change during artifact verification (558.940709ms)
✔ conversation view keeps message selection and public status on the same revision (648.160208ms)
✔ cancelled work displays its status rather than its historical delivered result (503.801166ms)
✔ request acceptance is atomic, duplicate input is stable and each conversation can bind several works (23.238292ms)
✔ failed acceptance commit creates neither a work nor a reception acknowledgment (78.662542ms)
✔ analysis, response preparation, delivery and completion are distinct; retransmission never collects evidence again (28.209416ms)
✔ analysis-only completion does not pretend that its result was prepared or delivered (9.752917ms)
✔ pending questions are grouped once and resolving a question cannot waive required result delivery (6.839958ms)
✔ independent dispatchers claim once and receipt reconciliation after restart does not send again (59.174709ms)
✔ ambiguous delivery with no idempotency stays unknown, including repeated and timed-out lookup (12.8215ms)
✔ idempotent absent receipt permits only a bounded later retry and permanent failure stays visible (7.234791ms)
✔ goal before delivery prevents an obsolete or unauthorized result from being sent (8.74775ms)
✔ cancel before delivery prevents an obsolete or unauthorized result from being sent (8.057ms)
✔ labels before delivery prevents an obsolete or unauthorized result from being sent (7.2185ms)
✔ destination before delivery prevents an obsolete or unauthorized result from being sent (7.428333ms)
✔ pause preserves pending delivery and resume can complete it without another source call (8.452125ms)
✔ late confirmed delivery is historical and cannot satisfy a revised goal (7.620209ms)
✔ an uncertain old-goal delivery retains its uncertainty when superseded by a new goal (8.814625ms)
✔ SIGKILL between channel commit and outbox settlement recovers from two reopened databases without another send (237.199291ms)
✔ a never-dispatched response can be prepared after permission restoration, and large questions retain their full artifact (15.207958ms)
✔ sqlite/documents-simple: delete blocks derived copies and pending result; restart preserves tombstone and cancellation works after bytes are absent (487.381958ms)
✔ sqlite/observations-simple: delete blocks derived copies and pending result; restart preserves tombstone and cancellation works after bytes are absent (469.1515ms)
✔ file-journal/documents-simple: delete blocks derived copies and pending result; restart preserves tombstone and cancellation works after bytes are absent (2146.02525ms)
✔ file-journal/observations-simple: delete blocks derived copies and pending result; restart preserves tombstone and cancellation works after bytes are absent (1832.33975ms)
✔ sqlite: lifecycle ownership, concurrent generation and command identity are enforced (198.876709ms)
✔ sqlite: a question prepared before access removal is superseded without sending its text (261.194875ms)
✔ sqlite: data removal preserves an already dispatched write as an unresolved effect (286.728958ms)
✔ sqlite: tool reply is revalidated after lifecycle change during artifact storage (272.986667ms)
✔ sqlite: model reply is revalidated after lifecycle change during artifact storage (392.659208ms)
✔ sqlite: validity retraction allows labelled historical inspection and correction uses a new immutable evidence ID (227.493209ms)
✔ sqlite: a stored core.calls.get copy cannot expose deleted source content (322.522459ms)
✔ sqlite: evidence read rechecks a lifecycle change during artifact I/O (187.739875ms)
✔ sqlite: original read rechecks a lifecycle change during artifact I/O (194.02275ms)
✔ sqlite: result read rechecks a lifecycle change during artifact I/O (206.884125ms)
✔ sqlite: old dispatched tool reply after deletion is stored only as a sanitized failure (191.017666ms)
✔ sqlite: late model reply after deletion retains measured usage without retaining forbidden proposal text (328.533625ms)
✔ file-journal: lifecycle ownership, concurrent generation and command identity are enforced (933.014083ms)
✔ file-journal: a question prepared before access removal is superseded without sending its text (1511.121208ms)
✔ file-journal: data removal preserves an already dispatched write as an unresolved effect (1295.605584ms)
✔ file-journal: tool reply is revalidated after lifecycle change during artifact storage (1096.924792ms)
✔ file-journal: model reply is revalidated after lifecycle change during artifact storage (1310.284708ms)
✔ file-journal: validity retraction allows labelled historical inspection and correction uses a new immutable evidence ID (1193.742ms)
✔ file-journal: a stored core.calls.get copy cannot expose deleted source content (2450.998667ms)
✔ file-journal: evidence read rechecks a lifecycle change during artifact I/O (1155.068083ms)
✔ file-journal: original read rechecks a lifecycle change during artifact I/O (1007.76ms)
✔ file-journal: result read rechecks a lifecycle change during artifact I/O (970.731083ms)
✔ file-journal: old dispatched tool reply after deletion is stored only as a sanitized failure (950.381583ms)
✔ file-journal: late model reply after deletion retains measured usage without retaining forbidden proposal text (1290.799333ms)
✔ sqlite: restricted work reaches neither external estimator nor model even without an evidence body (94.184125ms)
✔ sqlite: authorized internal model retains the floor through a forced compact and stored request (127.742583ms)
✔ sqlite: disclosure revoked during source assembly stops the estimator before it receives prose (72.339416ms)
✔ sqlite: revoked model disclosure cancels a stored request before adapter entry (96.107917ms)
✔ sqlite: disclosure revoked during stored model input read stops the final transport (154.965125ms)
✔ sqlite: tool access labels cannot authorize restricted task inputs to an external tool (120.791ms)
✔ sqlite: read permission narrowing does not relabel old task prose as public (137.839791ms)
✔ sqlite: authorized internal tool receives one invocation after current disclosure check (121.816709ms)
✔ sqlite: changed disclosure during asynchronous tool preflight stops adapter entry (171.11125ms)
✔ sqlite: denied channel cannot receive even a queued acknowledgement from restricted work (91.512875ms)
✔ sqlite: disclosure revocation preserves unknown delivery and prevents full-body lookup (81.031125ms)
✔ sqlite: still-authorized unknown delivery uses lookup without resending (85.028792ms)
✔ sqlite: policy changed during artifact check stops an unknown question lookup (161.793167ms)
✔ sqlite: child budget cannot omit or expand parent disclosure policy (55.147125ms)
✔ sqlite: child read-scope narrowing inherits the parent prose floor and blocks model export (114.849167ms)
✔ sqlite: legacy parent cannot classify copied work prose by creating a boundary-enabled child (58.832167ms)
✔ sqlite: floor and active policy cannot be removed by a direct state commit (66.840625ms)
✔ sqlite: classifying a preexisting legacy work requires explicit migration (70.632584ms)
✔ file-journal: restricted work reaches neither external estimator nor model even without an evidence body (118.102917ms)
✔ file-journal: authorized internal model retains the floor through a forced compact and stored request (517.363625ms)
✔ file-journal: disclosure revoked during source assembly stops the estimator before it receives prose (270.846708ms)
✔ file-journal: revoked model disclosure cancels a stored request before adapter entry (536.897417ms)
✔ file-journal: disclosure revoked during stored model input read stops the final transport (607.945291ms)
✔ file-journal: tool access labels cannot authorize restricted task inputs to an external tool (301.509875ms)
✔ file-journal: read permission narrowing does not relabel old task prose as public (616.935292ms)
✔ file-journal: authorized internal tool receives one invocation after current disclosure check (577.015208ms)
✔ file-journal: changed disclosure during asynchronous tool preflight stops adapter entry (616.274459ms)
✔ file-journal: denied channel cannot receive even a queued acknowledgement from restricted work (396.996166ms)
✔ file-journal: disclosure revocation preserves unknown delivery and prevents full-body lookup (558.639042ms)
✔ file-journal: still-authorized unknown delivery uses lookup without resending (654.805417ms)
✔ file-journal: policy changed during artifact check stops an unknown question lookup (1054.138667ms)
✔ file-journal: child budget cannot omit or expand parent disclosure policy (149.763166ms)
✔ file-journal: child read-scope narrowing inherits the parent prose floor and blocks model export (650.341875ms)
✔ file-journal: legacy parent cannot classify copied work prose by creating a boundary-enabled child (180.564667ms)
✔ file-journal: floor and active policy cannot be removed by a direct state commit (134.090875ms)
✔ file-journal: classifying a preexisting legacy work requires explicit migration (149.086167ms)
✔ memory state adapter applies the same floor transition guard as persistent adapters (0.906167ms)
✔ direct structured adapter denies estimation and transport using the retained context floor (1.696542ms)
✔ disclosure comparison: twelve A/B/C transport cases use two fixture families and reopened persistent stores (10852.789209ms)
✔ disclosure comparison: independent scoring rejects injected outbound originals even with rewritten measurement claims (198.466333ms)
✔ disclosure comparison: empty release, missing raw checks and advisory authority cannot become passing zero-leak samples (1983.880625ms)
✔ disclosure comparison: same-lineage and renamed copies retain root dependency while missing roots cannot independently complete (1.851792ms)
✔ disclosure comparison: tool and A2A data cannot add policy authority to a strict model proposal or mutate stored work (1.42175ms)
✔ destination rules combine read authority, destination, surface and labels (0.778375ms)
✔ duplicate destinations and rules with arbitrary output keys or ambiguous mappings are rejected (2.025833ms)
✔ child policies cannot remove destination restrictions or increase release budgets (0.101083ms)
✔ sqlite: release keeps only finite mapped facts and preserves immutable internal source proof (126.676083ms)
✔ sqlite: retry and reopen reuse the recorded release without resetting its budget (160.034916ms)
✔ sqlite: lineage aliases count repeated copies as the same source (139.686ms)
✔ sqlite: release does not accept data-supplied policy, an unknown field value, or missing evidence (92.283875ms)
✔ sqlite: restrict invalidates a stored release and preserves prior disclosure usage (96.465208ms)
✔ sqlite: retract invalidates a stored release and preserves prior disclosure usage (131.161583ms)
✔ sqlite: supersede invalidates a stored release and preserves prior disclosure usage (117.881542ms)
✔ sqlite: delete invalidates a stored release and preserves prior disclosure usage (128.940458ms)
✔ sqlite: policy invalidates a stored release and preserves prior disclosure usage (156.665ms)
✔ sqlite: goal invalidates a stored release and preserves prior disclosure usage (144.331167ms)
✔ sqlite: current read restrictions and wrong actor prevent release and later read (106.787125ms)
✔ sqlite: policy revocation during original read prevents publication (151.661792ms)
✔ sqlite: raw source gates cover every export surface without reclassifying the source (125.931375ms)
✔ sqlite: accumulated bytes and request identity remain binding (152.373166ms)
✔ sqlite: concurrent release publication does not overspend a one-release budget (157.703958ms)
✔ sqlite: release proof and cumulative history cannot be deleted or rewritten (137.051125ms)
✔ file-journal: release keeps only finite mapped facts and preserves immutable internal source proof (412.761959ms)
✔ file-journal: retry and reopen reuse the recorded release without resetting its budget (849.03925ms)
✔ file-journal: lineage aliases count repeated copies as the same source (506.046291ms)
✔ file-journal: release does not accept data-supplied policy, an unknown field value, or missing evidence (226.566125ms)
✔ file-journal: restrict invalidates a stored release and preserves prior disclosure usage (326.102ms)
✔ file-journal: retract invalidates a stored release and preserves prior disclosure usage (304.085334ms)
✔ file-journal: supersede invalidates a stored release and preserves prior disclosure usage (483.87025ms)
✔ file-journal: delete invalidates a stored release and preserves prior disclosure usage (450.684166ms)
✔ file-journal: policy invalidates a stored release and preserves prior disclosure usage (434.242208ms)
✔ file-journal: goal invalidates a stored release and preserves prior disclosure usage (522.536792ms)
✔ file-journal: current read restrictions and wrong actor prevent release and later read (580.188834ms)
✔ file-journal: policy revocation during original read prevents publication (395.758292ms)
✔ file-journal: raw source gates cover every export surface without reclassifying the source (1209.276458ms)
✔ file-journal: accumulated bytes and request identity remain binding (683.10775ms)
✔ file-journal: concurrent release publication does not overspend a one-release budget (630.611708ms)
✔ file-journal: release proof and cumulative history cannot be deleted or rewritten (451.969625ms)
✔ sqlite: a generic artifact reference cannot bypass its connected evidence restriction (136.950625ms)
✔ sqlite: changed or unavailable memory dependencies stop release and raw views (127.971042ms)
✔ sqlite: a new lineage on derived evidence does not create a new independent root (182.578625ms)
✔ sqlite: a lost commit response cannot erase a disclosure or give its budget back (137.374584ms)
✔ sqlite: an unclassified new work cannot opt in with an empty label floor (139.755ms)
✔ file-journal: a generic artifact reference cannot bypass its connected evidence restriction (291.0585ms)
✔ file-journal: changed or unavailable memory dependencies stop release and raw views (683.04075ms)
✔ file-journal: a new lineage on derived evidence does not create a new independent root (806.780625ms)
✔ file-journal: a lost commit response cannot erase a disclosure or give its budget back (690.948083ms)
✔ file-journal: an unclassified new work cannot opt in with an empty label floor (140.7025ms)
✔ sqlite: every released transport entry rechecks source authority and receiver binding (178.466ms)
✔ sqlite: revocation during released source validation prevents receiver entry (188.9655ms)
✔ sqlite: a receiver exception is an unknown outcome with retained release usage and no source-bearing error (151.74575ms)
✔ file-journal: every released transport entry rechecks source authority and receiver binding (763.801166ms)
✔ file-journal: revocation during released source validation prevents receiver entry (581.060125ms)
✔ file-journal: a receiver exception is an unknown outcome with retained release usage and no source-bearing error (577.939333ms)
✔ sqlite: initial model disclosure denial returns a durable blocked workflow and checkpoint (165.322583ms)
✔ sqlite: revoked reserved model is accounted as unused and resumes with one fresh call after reopen (355.638166ms)
✔ sqlite: disclosure changes inside dispatch preflight settle a known-unused reservation instead of escaping (156.695458ms)
✔ sqlite: required result channel denial persists blocked state and can resume delivery from checkpoint (232.9595ms)
✔ sqlite: completed analysis keeps its terminal state while unavailable channel yields an undelivered response (257.360459ms)
✔ sqlite: an unsuccessful resume under unchanged channel policy blocks again without becoming runnable (105.348792ms)
✔ sqlite: simultaneous cancel and disclosure revocation preserve user control and unused accounting (149.036458ms)
✔ sqlite: simultaneous pause and disclosure revocation preserve user control and unused accounting (262.074333ms)
✔ file-journal: initial model disclosure denial returns a durable blocked workflow and checkpoint (1836.796709ms)
✔ file-journal: revoked reserved model is accounted as unused and resumes with one fresh call after reopen (6817.151292ms)
✔ file-journal: disclosure changes inside dispatch preflight settle a known-unused reservation instead of escaping (1831.678542ms)
✔ file-journal: required result channel denial persists blocked state and can resume delivery from checkpoint (2207.009375ms)
✔ file-journal: completed analysis keeps its terminal state while unavailable channel yields an undelivered response (2551.51675ms)
✔ file-journal: an unsuccessful resume under unchanged channel policy blocks again without becoming runnable (1685.227625ms)
✔ file-journal: simultaneous cancel and disclosure revocation preserve user control and unused accounting (1924.402125ms)
✔ file-journal: simultaneous pause and disclosure revocation preserve user control and unused accounting (1730.493292ms)
✔ inject all local ports without a database or channel SDK: documents-simple (6.6485ms)
✔ inject all local ports without a database or channel SDK: observations-simple (0.783416ms)
✔ scripted planner honors cancellation and cannot mutate caller state (0.320667ms)
✔ fake sink exposes delivery uncertainty and deduplicates only matching content (0.118ms)
✔ sqlite: injected invalid retained proof blocks every pending ack, question and failure before transport (342.916625ms)
✔ sqlite: retained failed proof blocks receipt lookup and settlement for uncertain ack, question and failure (108.328375ms)
✔ sqlite: settled-to-failed transition during send cannot adopt an already returned channel receipt (380.125625ms)
✔ sqlite: failed-only retained proof is checked again at the final delivery commit after an artifact await (311.735042ms)
✔ file-journal: injected invalid retained proof blocks every pending ack, question and failure before transport (2000.017333ms)
✔ file-journal: retained failed proof blocks receipt lookup and settlement for uncertain ack, question and failure (808.598583ms)
✔ file-journal: settled-to-failed transition during send cannot adopt an already returned channel receipt (2935.940292ms)
✔ file-journal: failed-only retained proof is checked again at the final delivery commit after an artifact await (2645.258333ms)
✔ effect proofs: a legacy work uses neither the optional checker nor any refresh mutation (18.262ms)
✔ effect proofs: settled claims require a checker and checker failures stay unavailable (10.31825ms)
✔ effect proofs: missing checker reopens the original obligation and cancels ordinary reservations once without rewriting proof history (6.918791ms)
✔ effect proofs: expired reserved lookup releases only an undispatched reservation and preserves measured uncertainty (5.174542ms)
✔ effect proofs: expired running lookup releases only an undispatched reservation and preserves measured uncertainty (4.579042ms)
✔ effect proofs: lifecycle deletion reopens a settled effect and quarantines all linked references without changing received facts or timestamps (7.6865ms)
✔ effect proofs: a committed tool dispatch with missing proof authority cannot silently bypass the broker (7.764459ms)
✔ effect proofs: a committed tool dispatch with invalid proof authority cannot silently bypass the broker (5.065541ms)
✔ effect proofs: a committed tool dispatch with valid proof authority cannot silently bypass the broker (6.038334ms)
✔ effect proofs: a reuse await that loses proof validity is checked before implementation entry (6.208208ms)
✔ effect proofs: invalid proof prevents new model reservation before compiling input (5.03225ms)
✔ effect proofs: losing proof during model input read prevents actual planner entry and still settles the dispatched call (11.572875ms)
✔ effect proofs: loss during adoption artifact checks rejects a stored model proposal while preserving usage (7.601209ms)
✔ effect proofs: a valid checker permits one model invocation and adoption with the historical proof unchanged (7.003542ms)
✔ effect proofs: proof loss during result body storage prevents response publication (5.995917ms)
✔ effect proofs: a same-revision snapshot suppresses an existing result when its proof becomes unavailable during the read (5.560042ms)
✔ sqlite: work resource bodies and metadata use canonical effect proof with a narrowed caller and fail without a checker (606.399458ms)
✔ sqlite: proof invalidation during original or stored result I/O cannot return the already read body (515.487166ms)
✔ sqlite: disclosure release, saved payload, raw read and receiver entry all retain current source effect proof (566.915583ms)
✔ sqlite: private, derived and cached shared memory cannot outlive the original work effect proof (565.670417ms)
✔ sqlite: source proof authentication does not recursively validate memory copied into that same work (1371.2165ms)
✔ sqlite: a failed historical effect proof stays required after refresh and reopen until the same source is explicitly proved again (2032.405583ms)
✔ file-journal: work resource bodies and metadata use canonical effect proof with a narrowed caller and fail without a checker (1915.267959ms)
✔ file-journal: proof invalidation during original or stored result I/O cannot return the already read body (1396.904709ms)
✔ file-journal: disclosure release, saved payload, raw read and receiver entry all retain current source effect proof (1908.949ms)
✔ file-journal: private, derived and cached shared memory cannot outlive the original work effect proof (2231.956208ms)
✔ file-journal: source proof authentication does not recursively validate memory copied into that same work (9614.992709ms)
✔ file-journal: a failed historical effect proof stays required after refresh and reopen until the same source is explicitly proved again (13834.064958ms)
✔ evaluation build: none checks source and executed output together (120.712958ms)
✔ evaluation build: source checks source and executed output together (115.578ms)
✔ evaluation build: compiled checks source and executed output together (105.041959ms)
✔ evaluation build: missing checks source and executed output together (112.738208ms)
✔ evaluation build: runtime checks source and executed output together (87.823167ms)
✔ evaluation build: orphan checks source and executed output together (78.9405ms)
✔ evaluation build: a source change during case selection cannot relabel older compiled execution (120.225375ms)
✔ sqlite: readonly evaluation replay authenticates full receipt history, old originals and the current resume packet after reopen (286.233167ms)
✔ sqlite: version, pins and independently recomputed score are required without writes (278.46125ms)
✔ sqlite: receipt omission, duplicates, absent receipts and changed stored states fail closed (275.81125ms)
✔ sqlite: altered oracle and expected outcome cannot be blessed by recomputing sample and score hashes (247.873875ms)
✔ sqlite: rehashing an altered or dropped intermediate completion cannot bypass receipt-state binding (297.194917ms)
✔ sqlite: repeated readonly observations and explicit status-only measurement preserve historical receipt validation (268.767542ms)
✔ sqlite: omitted historical artifacts and conflicting refs are detected independently of the supplied list (236.70825ms)
✔ sqlite: deleted original is unavailable even with intact state, score and resume blob (260.153375ms)
✔ sqlite: corrupt original is unavailable even with intact state, score and resume blob (237.64725ms)
✔ sqlite: historical_deleted original is unavailable even with intact state, score and resume blob (237.1015ms)
✔ sqlite: wrong owner and the current actor's narrower label policy cannot replay source bytes (206.5845ms)
✔ sqlite: a currently indexed original cannot override a durable lifecycle tombstone (263.604125ms)
✔ sqlite: foreign, body-altered and lost resume packets fail without regeneration (375.153125ms)
✔ sqlite: canonical changes during original I/O prevent a successful replay result (228.889084ms)
✔ sqlite: a receipt changed after initial validation is caught at the final read boundary (234.702625ms)
✔ sqlite: caller mutation cannot replace the in-flight sample and current actor revocation is detected (220.0765ms)
✔ file-journal: readonly evaluation replay authenticates full receipt history, old originals and the current resume packet after reopen (856.978ms)
✔ file-journal: version, pins and independently recomputed score are required without writes (639.008709ms)
✔ file-journal: receipt omission, duplicates, absent receipts and changed stored states fail closed (818.899834ms)
✔ file-journal: altered oracle and expected outcome cannot be blessed by recomputing sample and score hashes (463.809292ms)
✔ file-journal: rehashing an altered or dropped intermediate completion cannot bypass receipt-state binding (991.991417ms)
✔ file-journal: repeated readonly observations and explicit status-only measurement preserve historical receipt validation (983.083334ms)
✔ file-journal: omitted historical artifacts and conflicting refs are detected independently of the supplied list (929.996542ms)
✔ file-journal: deleted original is unavailable even with intact state, score and resume blob (644.011167ms)
✔ file-journal: corrupt original is unavailable even with intact state, score and resume blob (608.864125ms)
✔ file-journal: historical_deleted original is unavailable even with intact state, score and resume blob (653.620208ms)
✔ file-journal: wrong owner and the current actor's narrower label policy cannot replay source bytes (698.278458ms)
✔ file-journal: a currently indexed original cannot override a durable lifecycle tombstone (712.695625ms)
✔ file-journal: foreign, body-altered and lost resume packets fail without regeneration (1475.348583ms)
✔ file-journal: canonical changes during original I/O prevent a successful replay result (732.329208ms)
✔ file-journal: a receipt changed after initial validation is caught at the final read boundary (656.389291ms)
✔ file-journal: caller mutation cannot replace the in-flight sample and current actor revocation is detected (1075.012333ms)
✔ forgotten evidence is rediscovered by ID, source, locator or facts without returning fact bodies (25.700042ms)
✔ hidden, retracted, superseded and parent-retracted evidence never contributes cards or hasMore (9.8435ms)
✔ Korean NFC and NFD clues and English case variants find the same current evidence (9.411375ms)
✔ the evidence discovery tool preserves bounded current-card and partial-call semantics (6.900041ms)
✔ locator truncation preserves the exact evidence ID and reports partial coverage without inventing more matches (5.776125ms)
✔ different owners, tenants and narrower caller labels cannot inspect evidence discovery cards (6.793958ms)
✔ retained knowledge failure at validation 1 blocks cards before return (6.286708ms)
✔ retained knowledge failure at validation 2 blocks cards before return (5.921333ms)
✔ a work retaining knowledge cannot discover derived evidence without its current validator (4.930958ms)
✔ a goal change while the final source-state read waits prevents returning earlier-scope cards (4.685667ms)
✔ caller permission narrowing during the knowledge gate is detected even without a work revision change (5.459333ms)
✔ strict discovery arguments reject extra authority, excessive query length and invalid limits (5.124959ms)
✔ instructions in source facts remain data and discovery changes no facts, goal, plan or authority (6.125125ms)
✔ pre-aborted discovery uses the common read wrapper without reading the work (4.783125ms)
✔ current and historical views enforce own access, tenant, scope and artifact labels while omitted access stays available (0.716625ms)
✔ two generations of derived evidence lose current validity when an ancestor is retracted or superseded, while history stays readable (0.127625ms)
✔ ancestor restriction, deletion, missing reference or revoked labels blocks current and historical descendants (0.083958ms)
✔ a correction remains a monotonic supersession after retraction, restriction, deletion or permission loss (0.127625ms)
✔ supersession uses the full valid version chain and is independent of record ordering (1.439375ms)
✔ foreign tenant, scope, source, lineage and invalid time cannot suppress a valid original (0.191ms)
✔ a replacement does not depend on a superseded body being current or present in a selected view (0.078416ms)
✔ cyclic, missing and ambiguous derived references fail closed without removing independent evidence (0.250625ms)
✔ deep derived chains are evaluated without recursive call-stack growth and do not become independent sources (10.540584ms)
✔ record intake accepts parents and descendants in either order and preserves caller objects (4.19ms)
✔ record intake requires inherited labels on both derivation and replacement edges (0.7405ms)
✔ record intake requires artifact labels to cover the evidence and rejects artifacts outside policy (0.445083ms)
✔ new records inherit transitive dependency labels even if a legacy intermediate record was under-labelled (0.554291ms)
✔ shared ancestry across multiple parents is not mistaken for a cycle (0.283584ms)
✔ derived intake refuses historical or inaccessible ancestors and checks validity after the whole incoming batch (0.464792ms)
✔ replacement intake permits an accessible retracted target but never an inaccessible historical target (0.176459ms)
✔ record intake rejects missing references and invalid tenant, scope, source, lineage or time on replacements (0.325041ms)
✔ record intake rejects self, indirect and mixed cycles before accepting partial lineage (0.132917ms)
✔ omitted and explicit available access are idempotently equivalent but content or access changes cannot overwrite an ID (0.642917ms)
✔ tool-result validation preserves effect, error and artifact guards while using the shared record intake (0.251459ms)
✔ evaluation: fixture truth distinguishes acknowledgement, first original, delivered useful answer and verified completion (5.20025ms)
✔ evaluation: a runtime completed flag cannot replace the fixed expected facts (0.594334ms)
✔ evaluation: absent expected facts do not count as verified evidence or a useful answer (0.338416ms)
✔ evaluation: early delivered answers remain false completion even if the final state later becomes correct (0.325875ms)
✔ evaluation: a correct result before a declared late-evidence release fails the fixed timeline oracle (0.244208ms)
✔ evaluation: wrong source identity cannot satisfy an original named by the fixture oracle (0.2005ms)
✔ evaluation: wrong lineage identity cannot satisfy an original named by the fixture oracle (0.175667ms)
✔ evaluation: wrong observation time cannot satisfy an original named by the fixture oracle (0.183375ms)
✔ evaluation: wrong tenant cannot satisfy an original named by the fixture oracle (0.253959ms)
✔ evaluation: wrong scope cannot satisfy an original named by the fixture oracle (0.367708ms)
✔ evaluation: restricted label cannot satisfy an original named by the fixture oracle (0.378917ms)
✔ evaluation: restricted access cannot satisfy an original named by the fixture oracle (0.25725ms)
✔ evaluation: retracted source cannot satisfy an original named by the fixture oracle (0.1915ms)
✔ evaluation: copied source cannot satisfy an original named by the fixture oracle (0.155334ms)
✔ evaluation: partial coverage cannot satisfy an original named by the fixture oracle (0.133667ms)
✔ evaluation: two required records from one lineage cannot satisfy a two-source criterion even with matching facts (0.186583ms)
✔ evaluation: duplicate source IDs, current forbidden evidence and unresolved counterevidence fail independently (0.484667ms)
✔ evaluation: a pinned replacement must remain readable, accepted, original and complete without resurrecting its withdrawn predecessor (1.215334ms)
✔ evaluation: hypothesis status and current original support are checked against the pinned final hypothesis (0.3595ms)
✔ evaluation: answer delivery requires authorized routing and explicit required evidence references (0.719875ms)
✔ evaluation: waiting with an unknown delivery reports no useful answer latency and preserves its delivery obligation (0.163ms)
✔ evaluation: run errors and mismatched final control remain failures even for an expected blocked case (0.1985ms)
✔ evaluation: completed states with pending obligations or an undelivered required response are false completion (0.205541ms)
✔ evaluation: status-only observation of an existing completed work is not a new completion or answer (0.863417ms)
✔ evaluation: cumulative costs cannot disappear and unknown model usage cannot become fabricated zero after resume (0.319042ms)
✔ evaluation: a real late usage report may resolve unknown reservations while preserving known and additional charges (0.235041ms)
✔ evaluation: a gate failure before dispatch costs zero, while a dispatched call denied before invocation remains charged (0.714958ms)
✔ evaluation: observations and source queries can repeat without duplicating intervention or context accounting (0.469667ms)
✔ evaluation: context cost comes from unique persisted model calls and remains distinct from reported token usage (0.595125ms)
✔ evaluation summary: contract success, all-case completion and eligible completion use different explicit denominators (7.250417ms)
✔ evaluation summary: nearest-rank p50/p95 include answer samples only and report the sample count (0.847209ms)
✔ evaluation summary: supplied scores join by case ID and cannot silently replace missing or duplicate cases (1.022417ms)
✔ sqlite: two local callers join one real execution and preserve owner, lease, deadline and one budget charge (192.879416ms)
✔ sqlite: cancelling the initiating caller and another joined caller detaches only their waits (171.711959ms)
✔ sqlite: an already aborted caller cannot create an execution (103.88ms)
✔ sqlite: another facade observes durable running and settled states without claiming local promise ownership (155.949959ms)
✔ sqlite: a different owner and an expired reservation remain explicit waits without lease renewal or automatic recovery (107.804917ms)
✔ sqlite: reopening a dispatched write never replays it and explicit recovery retains the unknown effect obligation (116.959417ms)
✔ sqlite: reopening after a stored result reports received without executing or adopting it again (149.708666ms)
✔ sqlite: state changes during receipt lookup are reread before the facade decides to execute (98.238916ms)
✔ sqlite: a reporting read error after successful execution is shared as an error and retry only observes the durable result (214.06575ms)
✔ file-journal: two local callers join one real execution and preserve owner, lease, deadline and one budget charge (713.623958ms)
✔ file-journal: cancelling the initiating caller and another joined caller detaches only their waits (695.031292ms)
✔ file-journal: an already aborted caller cannot create an execution (383.916958ms)
✔ file-journal: another facade observes durable running and settled states without claiming local promise ownership (884.767375ms)
✔ file-journal: a different owner and an expired reservation remain explicit waits without lease renewal or automatic recovery (569.932542ms)
✔ file-journal: reopening a dispatched write never replays it and explicit recovery retains the unknown effect obligation (734.851375ms)
✔ file-journal: reopening after a stored result reports received without executing or adopting it again (763.167917ms)
✔ file-journal: state changes during receipt lookup are reread before the facade decides to execute (540.806708ms)
✔ file-journal: a reporting read error after successful execution is shared as an error and retry only observes the durable result (748.954625ms)
✔ execution mode CLI sqlite: fast reception survives process exit and repeated status is read-only (1347.164459ms)
✔ execution mode CLI sqlite: mode command is durable and idempotent while stale revisions do not change state (1583.67275ms)
✔ execution mode CLI sqlite: a pending mode change is visible after exit and preserves the reserved attempt (1561.532291ms)
✔ execution mode CLI sqlite: enum, both revisions and an explicit nonblank reason are required (1348.074083ms)
✔ execution mode CLI sqlite: irrelevant mode options are rejected before opening a profile (710.999125ms)
✔ execution mode CLI sqlite documents-simple: changing mode preserves the goal, original source and completed work (1838.15475ms)
✔ execution mode CLI sqlite observations-simple: changing mode preserves the goal, original source and completed work (1800.942167ms)
✔ execution mode CLI file-journal: fast reception survives process exit and repeated status is read-only (2602.398958ms)
✔ execution mode CLI file-journal: mode command is durable and idempotent while stale revisions do not change state (2387.503375ms)
✔ execution mode CLI file-journal: a pending mode change is visible after exit and preserves the reserved attempt (3157.837792ms)
✔ execution mode CLI file-journal: enum, both revisions and an explicit nonblank reason are required (1661.658875ms)
✔ execution mode CLI file-journal: irrelevant mode options are rejected before opening a profile (797.652416ms)
✔ execution mode CLI file-journal documents-simple: changing mode preserves the goal, original source and completed work (4731.564167ms)
✔ execution mode CLI file-journal observations-simple: changing mode preserves the goal, original source and completed work (4403.315666ms)
✔ sqlite/documents-simple/auto: one necessary plan and observation complete with no extra investigation (527.507667ms)
✔ sqlite/documents-simple/fast: one necessary plan and observation complete with no extra investigation (433.473791ms)
✔ sqlite/documents-simple/deep: one necessary plan and observation complete with no extra investigation (510.033125ms)
✔ sqlite/observations-simple/auto: one necessary plan and observation complete with no extra investigation (435.420583ms)
✔ sqlite/observations-simple/fast: one necessary plan and observation complete with no extra investigation (460.308333ms)
✔ sqlite/observations-simple/deep: one necessary plan and observation complete with no extra investigation (456.614792ms)
✔ sqlite/documents-complex/auto: complex scope is either validated for investigation or rejected without false completion (573.267417ms)
✔ sqlite/documents-complex/fast: complex scope is either validated for investigation or rejected without false completion (206.788334ms)
✔ sqlite/documents-complex/deep: complex scope is either validated for investigation or rejected without false completion (555.784458ms)
✔ sqlite/observations-complex/auto: complex scope is either validated for investigation or rejected without false completion (529.434666ms)
✔ sqlite/observations-complex/fast: complex scope is either validated for investigation or rejected without false completion (250.569375ms)
✔ sqlite/observations-complex/deep: complex scope is either validated for investigation or rejected without false completion (534.070458ms)
✔ sqlite: mode commands enforce owner and both revisions, remain idempotent, and preserve goal and costs (88.631875ms)
✔ sqlite: lowering to fast after two paid reads cannot reset usage or oversubscribe the next reservation (299.538292ms)
✔ sqlite: explicit model cap and fast cap include reservations and do not reopen paid capacity (662.802917ms)
✔ sqlite: a running model keeps its pending mode request and late reply accounting until the next safe boundary (517.751417ms)
✔ sqlite: a pending mode survives reserved model restart without invalidating its stored input (537.939416ms)
✔ sqlite: cancel overrides a pending mode without discarding late measured model costs (258.877958ms)
✔ sqlite: deep to fast retains original goal, completed tasks, checkpoint and result reuse after reopen (410.999209ms)
✔ sqlite: fast keeps mandatory review of existing hypotheses and cannot replace it with premature completion (413.882625ms)
✔ sqlite: legacy model reservations keep their version-one basis when a pending mode first materializes control (306.716042ms)
✔ sqlite: a newer mode wins a pending-mode boundary CAS race (164.014625ms)
✔ sqlite: a newer cancel wins a pending-mode boundary CAS race (196.25975ms)
✔ sqlite: cancellation during model backoff publication returns current control without failing the workflow (316.44475ms)
✔ sqlite: auto mode change and reopen preserve a partial collection's original goal and explicit resume chain (1178.097ms)
✔ file-journal/documents-simple/auto: one necessary plan and observation complete with no extra investigation (3837.199291ms)
✔ file-journal/documents-simple/fast: one necessary plan and observation complete with no extra investigation (2993.816042ms)
✔ file-journal/documents-simple/deep: one necessary plan and observation complete with no extra investigation (2827.877958ms)
✔ file-journal/observations-simple/auto: one necessary plan and observation complete with no extra investigation (4484.215667ms)
✔ file-journal/observations-simple/fast: one necessary plan and observation complete with no extra investigation (4127.952375ms)
✔ file-journal/observations-simple/deep: one necessary plan and observation complete with no extra investigation (4495.39825ms)
✔ file-journal/documents-complex/auto: complex scope is either validated for investigation or rejected without false completion (6851.864125ms)
✔ file-journal/documents-complex/fast: complex scope is either validated for investigation or rejected without false completion (1349.195458ms)
✔ file-journal/documents-complex/deep: complex scope is either validated for investigation or rejected without false completion (6553.729125ms)
✔ file-journal/observations-complex/auto: complex scope is either validated for investigation or rejected without false completion (3781.183792ms)
✔ file-journal/observations-complex/fast: complex scope is either validated for investigation or rejected without false completion (1003.101542ms)
✔ file-journal/observations-complex/deep: complex scope is either validated for investigation or rejected without false completion (3685.950667ms)
✔ file-journal: mode commands enforce owner and both revisions, remain idempotent, and preserve goal and costs (420.46725ms)
✔ file-journal: lowering to fast after two paid reads cannot reset usage or oversubscribe the next reservation (1474.384917ms)
✔ file-journal: explicit model cap and fast cap include reservations and do not reopen paid capacity (3208.943708ms)
✔ file-journal: a running model keeps its pending mode request and late reply accounting until the next safe boundary (2612.913459ms)
✔ file-journal: a pending mode survives reserved model restart without invalidating its stored input (3564.992542ms)
✔ file-journal: cancel overrides a pending mode without discarding late measured model costs (956.012667ms)
✔ file-journal: deep to fast retains original goal, completed tasks, checkpoint and result reuse after reopen (2437.834667ms)
✔ file-journal: fast keeps mandatory review of existing hypotheses and cannot replace it with premature completion (2881.864333ms)
✔ file-journal: legacy model reservations keep their version-one basis when a pending mode first materializes control (1266.222ms)
✔ file-journal: a newer mode wins a pending-mode boundary CAS race (943.608458ms)
✔ file-journal: a newer cancel wins a pending-mode boundary CAS race (856.712375ms)
✔ file-journal: cancellation during model backoff publication returns current control without failing the workflow (1179.311334ms)
✔ file-journal: auto mode change and reopen preserve a partial collection's original goal and explicit resume chain (5522.053041ms)
✔ local versioned defaults select direct auto/fast and investigate deep without allocating work (1.80775ms)
✔ new controls snapshot caller policy and never expose the default policy for mutation (0.061917ms)
✔ legacy goals supply initial mode while a saved control overrides it without mutating state (2.788375ms)
✔ effective fast limits are absolute work caps and retain token/time limits (0.248334ms)
✔ auto starts direct while retaining the user work limits before evidence or strategy expansion (0.644ms)
✔ explicit work caps beat mode policy and mode changes cannot grant a fresh allowance (0.179583ms)
✔ investigate strategies retain explicit work limits and pending mode requests have no effect yet (0.249084ms)
✔ fast allows completed history plus one pending task and counts only current adopted successes (1.523333ms)
✔ fast rejects an oversized pending graph or hypotheses without mutating or silently escalating (0.289041ms)
✔ fast preserves and reviews existing hypotheses while rejecting new optional hypotheses (0.390209ms)
✔ policy-specific scope limits are used instead of hard coded local defaults (0.44875ms)
✔ auto expands only validated plan scope and preserves investigate strategy on smaller subsequent plans (0.235625ms)
✔ deep permits a simple or empty plan without manufacturing tasks or hypotheses (0.0965ms)
✔ automatic expansion requires available relevant new evidence and an unmet criterion (0.230958ms)
✔ irrelevant, inaccessible, retracted and another-scope facts cannot justify expansion (0.279166ms)
✔ current counterevidence justifies investigation even if it has already been assessed (0.069875ms)
✔ current hypotheses allow review but sufficiently assessed completed goals do not expand (0.0895ms)
✔ permission failure, empty responses and exhausted budgets are not independent escalation evidence (0.063ms)
✔ pending obligations, active calls, terminal states and explicit modes suppress automatic expansion (0.213333ms)
✔ delivery waiting does not manufacture completion or suppress investigation of unmet criteria (0.085125ms)
✔ a reserved, running or received model prevents expansion until its existing call is settled (0.219333ms)
✔ policy contracts reject unknown fields, unsafe counts and blank versions while allowing explicit zero caps (0.948417ms)
✔ control contracts enforce current mode strategy and preserve distinct pending requests (0.359208ms)
✔ documents-simple: validated plan executes to verified completion without additional planner calls (29.082958ms)
✔ observations-simple: validated plan executes to verified completion without additional planner calls (12.828209ms)
✔ invalid plans fail before budget or execution: stale, cyclic, missing deps, schema, effects, permission and IDs (5.262792ms)
✔ plan commands deduplicate after later state changes; task IDs cannot hide changed inputs (5.221375ms)
✔ discarded unexecuted task ID still cannot acquire a different contract (5.0275ms)
✔ scripted planner proposal enters the real validator and executor only when control requests a plan (7.202875ms)
✔ dependencies execute in order; partial observations require another source, not false completion (9.623125ms)
✔ empty queue is replan; wake conditions, tool budget, deadline and cancellation produce distinct controls (6.420292ms)
✔ only authorized current-goal commands mutate state; duplicate cancellation is stable (4.054875ms)
✔ competing executors cannot both reserve or replay dispatch (6.124916ms)
✔ late tool result after cancel is recorded without adopting or reversing the command (6.292ms)
✔ late tool result after goal is recorded without adopting or reversing the command (6.326583ms)
✔ expired dispatched read has bounded retry or explicit unknown effect (4.932459ms)
✔ expired dispatched write has bounded retry or explicit unknown effect (4.767958ms)
✔ invalid result identity, labels, references and output cannot become accepted evidence (35.486291ms)
✔ stored received result resumes in reopened SQLite and artifact stores without invoking tool again (230.518458ms)
✔ tool JSON schema validation compiles once, rejects unsupported schema and preserves inputs (3.926875ms)
✔ successful dependency chain follows DAG order even when task array is reversed (7.373708ms)
✔ pause before dispatch releases reservation; resume and repeated old pause do not cancel new execution (6.40475ms)
✔ tool failures retry only within attempt budget and repeated empty replans exhaust their own budget (9.188417ms)
✔ unconfirmed write is unknown and cannot satisfy the goal or be retried by a renamed task (7.164708ms)
✔ lease timeout yields even for a tool that ignores cancellation; late result cannot finish the goal (27.418334ms)
✔ permission revocation after reservation is rechecked before dispatch and durably blocks execution (4.090667ms)
✔ memory: waiting execution wakes only for expired lease or received result (10.386166ms)
✔ sqlite: waiting execution wakes only for expired lease or received result (119.572167ms)
✔ baseline documents-complex (3.871584ms)
✔ baseline documents-simple (0.676125ms)
✔ baseline observations-complex (0.31275ms)
✔ baseline observations-simple (0.147334ms)
✔ both domains use the same schema and include simple/complex baselines (0.338417ms)
✔ fixture oracle rejects missing references and duplicated evidence IDs (1.443208ms)
✔ repetition and permutation cannot create independent sources (0.23875ms)
✔ completed facts do not discharge an unrelated pending obligation (0.278625ms)
✔ sqlite: goal change rejects a mode changed by another channel without modifying goal, control or receipts (348.594583ms)
✔ sqlite: goal control is rechecked after a commit CAS conflict and cannot overwrite the winning mode (265.787458ms)
✔ sqlite: unrelated commit contention retries the same goal request while incrementing control exactly once (317.077292ms)
✔ sqlite: successful goal replay remains idempotent after a later mode change and restart (395.758459ms)
✔ sqlite: goal mutation requires a positive safe control revision and strict fields before any receipt or state change (262.299083ms)
✔ sqlite: a legacy goal without stored execution control still requires its explicit initial revision (280.923083ms)
✔ sqlite: CLI goal changes require both explicit revisions, reject stale control and replay the saved receipt (1456.08475ms)
✔ sqlite: Web strict goal input carries control revision through HTTP and rejects a newer channel mode (330.749625ms)
✔ file-journal: goal change rejects a mode changed by another channel without modifying goal, control or receipts (952.731917ms)
✔ file-journal: goal control is rechecked after a commit CAS conflict and cannot overwrite the winning mode (673.130167ms)
✔ file-journal: unrelated commit contention retries the same goal request while incrementing control exactly once (801.380042ms)
✔ file-journal: successful goal replay remains idempotent after a later mode change and restart (1006.185416ms)
✔ file-journal: goal mutation requires a positive safe control revision and strict fields before any receipt or state change (745.024208ms)
✔ file-journal: a legacy goal without stored execution control still requires its explicit initial revision (759.012833ms)
✔ file-journal: CLI goal changes require both explicit revisions, reject stale control and replay the saved receipt (2230.972541ms)
✔ file-journal: Web strict goal input carries control revision through HTTP and rejects a newer channel mode (895.903041ms)
✔ Web goal schema accepts only an explicit positive safe numeric control revision (0.297167ms)
✔ sqlite: valid original guidance remains readable through two historical copies and records actual file probe bytes (498.612875ms)
✔ sqlite: body-edited without refresh invalidates original guidance history and two stored copies (443.608083ms)
✔ sqlite: body-deleted without refresh invalidates original guidance history and two stored copies (462.971292ms)
✔ sqlite: catalog-rules-changed without refresh invalidates original guidance history and two stored copies (416.172208ms)
✔ file-journal: valid original guidance remains readable through two historical copies and records actual file probe bytes (3080.932584ms)
✔ file-journal: body-edited without refresh invalidates original guidance history and two stored copies (2652.894ms)
✔ file-journal: body-deleted without refresh invalidates original guidance history and two stored copies (1689.081834ms)
✔ file-journal: catalog-rules-changed without refresh invalidates original guidance history and two stored copies (3195.734083ms)
✔ guidance refresh stages every provider page and only then replaces the complete snapshot (12.636125ms)
✔ guidance failure listing leaves the previous snapshot usable (0.880917ms)
✔ guidance mixed listing leaves the previous snapshot usable (0.861083ms)
✔ guidance duplicate listing leaves the previous snapshot usable (1.720583ms)
✔ guidance cycle listing leaves the previous snapshot usable (0.601375ms)
✔ guidance page-bound listing leaves the previous snapshot usable (0.588584ms)
✔ guidance entry-bound listing leaves the previous snapshot usable (0.583083ms)
✔ guidance byte-bound listing leaves the previous snapshot usable (0.688625ms)
✔ guidance abort and late completion cannot replace a published listing (0.72575ms)
✔ guidance concurrent refresh rejects an earlier listing and a complete empty snapshot retires entries (0.544ms)
✔ legacy list/load remains compatible and missing source validation disables body reuse (1.511375ms)
✔ guidance pages reach beyond 20 and preserve item and whole UTF-8 page bounds (7.388666ms)
✔ guidance cursor binds kind, owner, permission and snapshot and hides unauthorized counts (3.085625ms)
✔ hot guidance reuses only body/artifact while rules, selection reason and method are current (0.906083ms)
✔ guidance body cache cannot bypass current tenant, label or work-kind restrictions (0.936917ms)
✔ guidance cache obeys entry/byte bounds, evicts unused bodies and isolates artifact stores (0.639792ms)
✔ a body larger than the cache byte budget is read and decoded on every load (0.39275ms)
✔ a pending hot load cannot exceed cache bounds when another body evicts its old entry (0.420084ms)
✔ a cold legacy-source load rechecks its manifest after artifact persistence (0.281667ms)
✔ source changes during an artifact check are caught by the final probe (0.306042ms)
✔ manifest refresh during final validation rejects a hot result from the previous rules (0.340416ms)
✔ load cancellation cannot publish a cache entry after an ignored-signal provider returns (0.263625ms)
✔ file guidance reports actual cold/hot original I/O separately from put/decode reuse (28.820125ms)
ℹ {"coldOriginalReads":2,"hotOriginalReads":1,"coldOriginalBytes":48,"hotOriginalBytes":24,"source":{"catalogReads":7,"catalogBytes":2702,"bodyReads":3,"bodyBytes":72,"readCalls":1,"validateCalls":2},"catalog":{"sourceReadCalls":1,"sourceReadBytes":24,"sourceValidateCalls":2,"artifactPutCalls":1,"artifactCheckCalls":1,"bodyDecodes":1,"cacheHits":1,"cacheMisses":1,"cachedBodies":1,"cachedBytes":24},"artifactPuts":1,"artifactChecks":1}
✔ file guidance cache never bypasses a deleted original source (34.072458ms)
✔ file guidance cache never bypasses a modified original source (42.891625ms)
✔ file guidance cache never bypasses a manifest original source (36.108709ms)
✔ file guidance refresh observes a new catalog, preserves same-body cache and rejects invalid replacements (49.890209ms)
✔ guidance resources documents-simple: cold and hot runtime loads retain provenance and report original I/O separately (62.885375ms)
ℹ {"family":"documents-simple","coldOriginalBytes":58,"hotOriginalBytes":29,"coldMetrics":{"sourceReadCalls":1,"sourceReadBytes":29,"sourceValidateCalls":1,"artifactPutCalls":1,"artifactCheckCalls":0,"bodyDecodes":1,"cacheHits":0,"cacheMisses":1,"cachedBodies":1,"cachedBytes":29},"hotMetrics":{"sourceReadCalls":1,"sourceReadBytes":29,"sourceValidateCalls":2,"artifactPutCalls":1,"artifactCheckCalls":1,"bodyDecodes":1,"cacheHits":1,"cacheMisses":1,"cachedBodies":1,"cachedBytes":29}}
✔ guidance resources documents-simple: policy revocation during a hot validation suppresses the cached body (13.257ms)
✔ guidance resources documents-simple: a goal change while the source read waits cannot return the previous selection (8.735042ms)
✔ guidance resources documents-simple: a refreshed version cannot be replaced by an in-flight older load (8.727208ms)
✔ guidance resources documents-simple: cancellation reaches a pending source and returns no late body (7.186375ms)
✔ guidance resources observations-simple: cold and hot runtime loads retain provenance and report original I/O separately (12.120666ms)
ℹ {"family":"observations-simple","coldOriginalBytes":58,"hotOriginalBytes":29,"coldMetrics":{"sourceReadCalls":1,"sourceReadBytes":29,"sourceValidateCalls":1,"artifactPutCalls":1,"artifactCheckCalls":0,"bodyDecodes":1,"cacheHits":0,"cacheMisses":1,"cachedBodies":1,"cachedBytes":29},"hotMetrics":{"sourceReadCalls":1,"sourceReadBytes":29,"sourceValidateCalls":2,"artifactPutCalls":1,"artifactCheckCalls":1,"bodyDecodes":1,"cacheHits":1,"cacheMisses":1,"cachedBodies":1,"cachedBytes":29}}
✔ guidance resources observations-simple: policy revocation during a hot validation suppresses the cached body (6.546791ms)
✔ guidance resources observations-simple: a goal change while the source read waits cannot return the previous selection (7.262917ms)
✔ guidance resources observations-simple: a refreshed version cannot be replaced by an in-flight older load (6.866708ms)
✔ guidance resources observations-simple: cancellation reaches a pending source and returns no late body (7.43725ms)
✔ guidance resources: paginated cards respect the complete output byte budget and never read guidance bodies (12.398666ms)
✔ guidance resources: cursors cannot cross kind, caller labels, owner or a refreshed listing (8.372709ms)
✔ guidance resources: legacy discovery keeps its original shape and current method in both work families (15.293917ms)
✔ guidance resources: optional paging fields are strict and pre-aborted discovery performs no original reads (5.453084ms)
✔ legacy current validation reads original bytes and a fresh listing and accounts for each cost (5.0095ms)
✔ legacy cold load compares a fresh manifest without duplicating the original read (0.972666ms)
✔ a cancelled current probe makes no original read and a failed fresh listing is not accepted (0.99075ms)
✔ sqlite: context compilation refuses delete in an original guidance source (299.15125ms)
✔ sqlite: context compilation refuses modify in an original guidance source (275.6175ms)
✔ sqlite: context compilation refuses rules in an original guidance source (292.746917ms)
✔ sqlite: restarted stored model input cannot send a deleted original guide (450.950875ms)
✔ sqlite: restarted stored model input cannot send a modifyd original guide (402.999333ms)
✔ sqlite: policy during original-source validation stops transport and settles zero usage (411.22775ms)
✔ sqlite: goal during original-source validation stops transport and settles zero usage (398.331416ms)
✔ sqlite: cancel during original-source validation stops transport and settles zero usage (403.232084ms)
✔ sqlite: manifest refresh after the source probe is caught after final state lookup (389.905667ms)
✔ sqlite: an ignored-signal original probe is stopped by the remaining model lease (725.606625ms)
✔ sqlite: stored guidance loss during source probe blocks transport and prevents settlement until repair (509.178667ms)
✔ sqlite: unchanged original guidance sends the exact stored request once after restart (401.216458ms)
✔ file-journal: context compilation refuses delete in an original guidance source (685.740417ms)
✔ file-journal: context compilation refuses modify in an original guidance source (748.83825ms)
✔ file-journal: context compilation refuses rules in an original guidance source (609.764083ms)
✔ file-journal: restarted stored model input cannot send a deleted original guide (1200.533959ms)
✔ file-journal: restarted stored model input cannot send a modifyd original guide (1965.693084ms)
✔ file-journal: policy during original-source validation stops transport and settles zero usage (2334.209833ms)
✔ file-journal: goal during original-source validation stops transport and settles zero usage (1859.726792ms)
✔ file-journal: cancel during original-source validation stops transport and settles zero usage (1907.980625ms)
✔ file-journal: manifest refresh after the source probe is caught after final state lookup (2144.395292ms)
✔ file-journal: an ignored-signal original probe is stopped by the remaining model lease (2155.375041ms)
✔ file-journal: stored guidance loss during source probe blocks transport and prevents settlement until repair (2274.970666ms)
✔ file-journal: unchanged original guidance sends the exact stored request once after restart (2253.198667ms)
✔ web adapter: rejected current authority sends no browser input (3.489666ms)
✔ web adapter: cancellation while authority is awaited sends no input (0.405458ms)
✔ web adapter: loss after dispatch is unknown and duplicate operation never sends again (0.288083ms)
✔ web adapter: same operation id with changed action is unknown without another transport (0.451542ms)
✔ web adapter: concurrent duplicate joins the original operation (0.19675ms)
✔ web adapter: malformed or wrong operation response is uncertain (0.678542ms)
✔ web adapter: observation from another document cannot become a current view (0.325334ms)
✔ web adapter: observation bounds apply after the remote response (0.095208ms)
✔ web adapter: missing receipt remains unknown and lookup does not send act (0.287209ms)
✔ web adapter: lookup rejects another work and altered receipt identity (1.631333ms)
✔ web adapter: navigation outside the registered loopback document is rejected before evaluation (0.498583ms)
✔ web transport: abort stops waiting but does not claim to retract a sent renderer command (3.0215ms)
✔ web adapter: caller mutations during authorization cannot change the pinned DOM command (0.575625ms)
✔ web adapter: read authorization cannot change the receipt identity or work being looked up (0.268833ms)
✔ invocation copies: two real canonical copies expose the still-authorized original without executing it again (51.246333ms)
✔ invocation copies: retaining only calls.get permission does not restore a revoked source tool (21.138917ms)
✔ invocation copies: current guidance version replacement blocks the copied earlier guide (30.885708ms)
✔ invocation copies: same-version manifest replacement and new guidance labels also block nested bodies (16.088625ms)
✔ invocation copies: catalog target permission is rechecked through both copies (17.397916ms)
✔ invocation copies: catalog target version is rechecked through both copies (23.449917ms)
✔ invocation copies: catalog target definition is rechecked through both copies (22.867833ms)
✔ invocation copies: a missing canonical source receipt is rejected (15.6665ms)
✔ invocation copies: a foreign-owner canonical source receipt is rejected (16.004042ms)
✔ invocation copies: a foreign-tenant canonical source receipt is rejected (17.213ms)
✔ invocation copies: a foreign-work canonical source receipt is rejected (18.476084ms)
✔ invocation copies: a input-digest canonical source receipt is rejected (19.695792ms)
✔ invocation copies: missing source artifacts invalidate copied bodies even when copy artifacts remain readable (19.857792ms)
✔ invocation copies: a modified copied body must still equal its canonical source result (20.119208ms)
✔ invocation copies: source knowledge is validated and propagated even if an older copy omitted its dependency metadata (19.317875ms)
✔ invocation copies: permission changes during a source receipt read prevent returning the already-read copy (14.944667ms)
✔ invocation copies: a canonical input cycle is rejected before following the same receipt twice (19.116458ms)
✔ invocation copies: the 64-node source boundary accepts 63 copies and rejects one further copy (760.192166ms)
✔ sqlite: two invocation copies recheck remove registry change after source artifact read (395.173541ms)
✔ sqlite: two invocation copies recheck labels registry change after source artifact read (351.532833ms)
✔ sqlite: two invocation copies recheck description registry change after source artifact read (347.338959ms)
✔ sqlite: two invocation copies recheck unrelated registry change after source artifact read (360.9125ms)
✔ sqlite: an executed third calls.get stores no private body when source is removed during its read (435.859791ms)
✔ sqlite: catalog target pin is rechecked after final asynchronous state validation (437.124291ms)
✔ sqlite: a same-version guidance manifest change cannot survive copied body verification (446.825375ms)
✔ file-journal: two invocation copies recheck remove registry change after source artifact read (3275.006958ms)
✔ file-journal: two invocation copies recheck labels registry change after source artifact read (2720.893583ms)
✔ file-journal: two invocation copies recheck description registry change after source artifact read (3218.664542ms)
✔ file-journal: two invocation copies recheck unrelated registry change after source artifact read (3299.7305ms)
✔ file-journal: an executed third calls.get stores no private body when source is removed during its read (4047.914042ms)
✔ file-journal: catalog target pin is rechecked after final asynchronous state validation (3399.081167ms)
✔ file-journal: a same-version guidance manifest change cannot survive copied body verification (3507.946333ms)
✔ file journal: exception at candidate_synced preserves the publication boundary and retry identity (187.127792ms)
✔ file journal: actual SIGKILL at candidate_synced reopens a whole commit or no commit (270.839834ms)
✔ file journal: exception at published preserves the publication boundary and retry identity (205.558917ms)
✔ file journal: actual SIGKILL at published reopens a whole commit or no commit (239.264833ms)
✔ file journal: exception at directory_synced preserves the publication boundary and retry identity (213.489708ms)
✔ file journal: actual SIGKILL at directory_synced reopens a whole commit or no commit (265.656833ms)
✔ file journal: a reader and duplicate retry observe a whole published record while its writer is pending (253.534292ms)
✔ file journal: directory sync failure prevents reads and duplicate acknowledgements without rolling back publication (162.184541ms)
✔ file journal: listing retries the first record when publication follows its initial ENOENT (175.645042ms)
✔ file journal: checksum corruption blocks reads and subsequent commits without overwriting the damaged record (84.307916ms)
✔ file journal: an intact record checksum does not hide a broken previous-hash link (123.720417ms)
✔ file journal: deleting a middle revision rejects the incomplete prefix (175.177167ms)
✔ file journal: changing store identity is rejected by an open instance and by replay after reopening (91.676792ms)
✔ file journal: a missing format header does not initialize a populated store as empty (76.219458ms)
✔ file journal: existing root, work and record symlinks are rejected without following their contents (270.872791ms)
✔ file journal: group or other permissions on the root and records are rejected (159.915709ms)
✔ file journal: an observed root or work directory replacement cannot reset the open repository (156.895625ms)
✔ file journal: record size limits reject both publication and oversized persisted input (146.72275ms)
✔ file journal: closed instances reject every repository operation while reopening retains data (164.466875ms)
✔ file journal: revision zero is invalid layout and cannot be silently ignored (145.736667ms)
✔ sqlite: custody-free reads keep their original I/O path and a W to M to W custody cycle remains finite (160.745625ms)
✔ sqlite: external K revise blocks direct, derived and cached M before W is refreshed (242.266459ms)
✔ sqlite: external K retract blocks direct, derived and cached M before W is refreshed (165.98025ms)
✔ sqlite: external K expire blocks direct, derived and cached M before W is refreshed (176.482334ms)
✔ sqlite: external K generation blocks direct, derived and cached M before W is refreshed (195.820833ms)
✔ sqlite: a shared reader uses current M authority without impersonating its owner's private K actor (206.898666ms)
✔ sqlite: custody does not reconstruct an unconfirmed reviewer-only permission (150.035833ms)
✔ sqlite: custody entry and byte limits fail closed before reading unbounded knowledge records (1230.812542ms)
✔ sqlite: a derivedFrom cycle remains invalid even when its work custody graph is finite (152.202709ms)
✔ sqlite: external memory changed during closure collection cannot survive the stable snapshot (188.13825ms)
✔ file-journal: custody-free reads keep their original I/O path and a W to M to W custody cycle remains finite (433.040708ms)
✔ file-journal: external K revise blocks direct, derived and cached M before W is refreshed (1144.217792ms)
✔ file-journal: external K retract blocks direct, derived and cached M before W is refreshed (1206.501917ms)
✔ file-journal: external K expire blocks direct, derived and cached M before W is refreshed (1415.41575ms)
✔ file-journal: external K generation blocks direct, derived and cached M before W is refreshed (1514.961833ms)
✔ file-journal: a shared reader uses current M authority without impersonating its owner's private K actor (981.729333ms)
✔ file-journal: custody does not reconstruct an unconfirmed reviewer-only permission (479.291917ms)
✔ file-journal: custody entry and byte limits fail closed before reading unbounded knowledge records (711.569084ms)
✔ file-journal: a derivedFrom cycle remains invalid even when its work custody graph is finite (763.912417ms)
✔ file-journal: external memory changed during closure collection cannot survive the stable snapshot (774.196292ms)
✔ sqlite: same-work recall survives dispatch, receipt and unrelated revision bookkeeping (397.875583ms)
✔ sqlite: cross-work memory copy keeps custody across a goal change and blocks a prepared result after source deletion (887.045541ms)
✔ sqlite: source deletion after a cross-goal copied memory cancels a reserved effect before invocation (572.017625ms)
✔ sqlite: stored model input contains recalled bodies while hiding internal custody metadata (660.103541ms)
✔ sqlite: reopening without a knowledge validator blocks retained originals and reserved effects (517.919833ms)
✔ sqlite: deleting another work's source while adopt commit waits quarantines the copied evidence before return (498.142084ms)
✔ file-journal: same-work recall survives dispatch, receipt and unrelated revision bookkeeping (3948.768125ms)
✔ file-journal: cross-work memory copy keeps custody across a goal change and blocks a prepared result after source deletion (13124.914542ms)
✔ file-journal: source deletion after a cross-goal copied memory cancels a reserved effect before invocation (7472.914ms)
✔ file-journal: stored model input contains recalled bodies while hiding internal custody metadata (9032.601958ms)
✔ file-journal: reopening without a knowledge validator blocks retained originals and reserved effects (5697.355792ms)
✔ file-journal: deleting another work's source while adopt commit waits quarantines the copied evidence before return (5113.425417ms)
✔ memory tools expose read cards, internal dependencies and schema-valid results (sqlite) (215.467291ms)
✔ memory tool authority intersects destination, caller and fresh trusted identity (sqlite) (195.545458ms)
✔ memory reads constrain IDs and searches to the current goal scope (sqlite) (186.442917ms)
✔ memory tools expose read cards, internal dependencies and schema-valid results (file-journal) (1477.723125ms)
✔ memory tool authority intersects destination, caller and fresh trusted identity (file-journal) (585.883208ms)
✔ memory reads constrain IDs and searches to the current goal scope (file-journal) (508.747291ms)
✔ memory tools report bounded references without bodies, including multibyte oversized references (137.051166ms)
✔ memory search distinguishes result truncation and index errors from complete absence (133.445833ms)
✔ memory tools discard a copied card when trusted-owner changes during a repository wait (106.403ms)
✔ memory tools discard a copied card when work-owner changes during a repository wait (167.668125ms)
✔ memory tools discard a copied card when caller-labels changes during a repository wait (130.893917ms)
✔ memory tools discard a copied card when work-labels changes during a repository wait (113.0025ms)
✔ memory tools discard a copied card when goal changes during a repository wait (124.061709ms)
✔ memory tools discard a copied card when generation changes during a repository wait (111.845334ms)
✔ memory tools discard a copied card when cancel changes during a repository wait (179.9285ms)
✔ each fresh trusted actor lookup must match the work owner, including the final return check (101.771083ms)
✔ dependency validation uses current source, record and caller permissions without a stale service cache (148.378167ms)
✔ memory adapters do not mutate the caller policy and normalize invalid input and pre-abort (146.010667ms)
✔ knowledge exact lookup precedes index, Korean/English and conditional search use current sources (sqlite) (165.285959ms)
✔ knowledge exact lookup precedes index, Korean/English and conditional search use current sources (file-journal) (583.375875ms)
✔ private memory needs explicit submission and another reviewer of the exact content revision (127.453167ms)
✔ source retracted prevents direct, cached lexical and dependency reuse (98.413875ms)
✔ source restricted prevents direct, cached lexical and dependency reuse (131.73975ms)
✔ source deleted prevents direct, cached lexical and dependency reuse (135.637458ms)
✔ source corrected prevents direct, cached lexical and dependency reuse (156.322291ms)
✔ source policy prevents direct, cached lexical and dependency reuse (138.265208ms)
✔ source generation prevents direct, cached lexical and dependency reuse (140.291666ms)
✔ ancestor changes and derived memories retain source identity without inflating independent provenance (143.271542ms)
✔ review CAS prevents a reviewed draft from being silently replaced or shared after editing (126.741375ms)
✔ source or actor changes while source reads wait cannot return stale memory content (167.998666ms)
✔ a delayed candidate cache fill rechecks namespace authority before returning cards or counts (170.716458ms)
✔ index errors remain distinct from absence and rebuild never resurrects deleted or expired content (171.150959ms)
✔ SQLite reopen retains memory, review, cursor and receipts; competing writers use revision CAS (132.11425ms)
✔ source and knowledge stores close and reopen with reviewed memory and index intact (162.686708ms)
✔ bounded results report truncation only after current visibility filtering (120.906625ms)
✔ deletion while a repeated source check waits is noticed before returning the memory card (141.706375ms)
✔ source deletion after the second source snapshot cannot return its old card (144.193833ms)
✔ batch dependency fences notice an earlier card source changing while a later card is checked (140.884708ms)
✔ retracted memory can subsequently be deleted while preserving the revision and idempotency rules (198.033917ms)
✔ a pruned limited search stays partial when an unread matching candidate remains (163.982417ms)
✔ unrelated work revisions preserve semantic dependencies while changed source content does not (179.189208ms)
✔ dependency contracts reject forged fields, unsafe revisions, malformed hashes and duplicate references (174.444625ms)
✔ continuously changing coherent-read revisions stop after a bounded number of fences (239.118042ms)
✔ local evaluation: 192 pinned cases retain two families, two stores, three modes and sixteen variants without duplicate IDs (14.679083ms)
✔ local evaluation sqlite/document_comparison: simple actual workflow and read-only replay preserve one model, one tool and one delivered answer (727.994375ms)
✔ local evaluation sqlite/observation_review: simple actual workflow and read-only replay preserve one model, one tool and one delivered answer (649.116208ms)
✔ local evaluation sqlite: complex original amendments change the hypothesis and require later model assessments (1762.992708ms)
✔ local evaluation sqlite: fast limits reject a complex plan without claiming goal completion or invoking its tool (927.842083ms)
✔ local evaluation sqlite: stored_model_resume actually crosses reopen with a received response and does not invoke it again (819.885417ms)
✔ local evaluation sqlite: stored_tool_resume actually crosses reopen with a received response and does not invoke it again (808.218042ms)
✔ local evaluation sqlite: forced compact is persisted before reopen and subsequent model calls assess later originals (1586.857125ms)
✔ local evaluation sqlite: next-day reply preserves a real wait interval with no model or tool entries (949.834833ms)
✔ local evaluation sqlite: status-only keeps its recorded state unchanged with no execution or transport (138.871917ms)
✔ local evaluation sqlite: source_missing reaches the intended failure boundary and stays incomplete (943.865334ms)
✔ local evaluation sqlite: partial_result reaches the intended failure boundary and stays incomplete (1789.831291ms)
✔ local evaluation sqlite: tool_errors reaches the intended failure boundary and stays incomplete (1088.48275ms)
✔ local evaluation sqlite: model_errors reaches the intended failure boundary and stays incomplete (1327.277ms)
✔ local evaluation sqlite: permission_revoked reaches the intended failure boundary and stays incomplete (975.081625ms)
✔ local evaluation sqlite: cancellation occurs after model entry and preserves its reported usage without a tool or answer (620.406792ms)
✔ local evaluation sqlite: requested mode change is first pending during the entered call and later applied (955.271125ms)
✔ local evaluation sqlite: unknown result delivery produces lookup rather than a duplicate send or false completion (982.841916ms)
✔ local evaluation sqlite/document_comparison: late counterevidence is actually observed before final judgment (1997.005542ms)
✔ local evaluation sqlite/observation_review: late counterevidence is actually observed before final judgment (1817.2565ms)
✔ local evaluation file-journal/document_comparison: simple actual workflow and read-only replay preserve one model, one tool and one delivered answer (5238.652916ms)
✔ local evaluation file-journal/observation_review: simple actual workflow and read-only replay preserve one model, one tool and one delivered answer (5385.003041ms)
✔ local evaluation file-journal: complex original amendments change the hypothesis and require later model assessments (14257.8305ms)
✔ local evaluation file-journal: fast limits reject a complex plan without claiming goal completion or invoking its tool (7607.806958ms)
✔ local evaluation file-journal: stored_model_resume actually crosses reopen with a received response and does not invoke it again (6285.058083ms)
✔ local evaluation file-journal: stored_tool_resume actually crosses reopen with a received response and does not invoke it again (5451.066416ms)
✔ local evaluation file-journal: forced compact is persisted before reopen and subsequent model calls assess later originals (12313.125375ms)

Interrupted while running:

⚠ dist/tests/local-evaluation.test.js (dist/tests/local-evaluation.test.js:1:1)
⚠ dist/tests/local-memory-profile.test.js (dist/tests/local-memory-profile.test.js:1:1)
⚠ dist/tests/local-workbench.test.js (dist/tests/local-workbench.test.js:1:1)
⚠ dist/tests/mcp-read-tools.test.js (dist/tests/mcp-read-tools.test.js:1:1)
⚠ dist/tests/mcp-stdio-client.test.js (dist/tests/mcp-stdio-client.test.js:1:1)
⚠ dist/tests/model-boundaries.test.js (dist/tests/model-boundaries.test.js:1:1)
⚠ dist/tests/model-conversation.test.js (dist/tests/model-conversation.test.js:1:1)
⚠ dist/tests/model-runtime.test.js (dist/tests/model-runtime.test.js:1:1)
⚠ dist/tests/persistent-workflow.test.js (dist/tests/persistent-workflow.test.js:1:1)
⚠ dist/tests/read-checkpoint-record.test.js (dist/tests/read-checkpoint-record.test.js:1:1)
⚠ dist/tests/read-checkpoint-store.test.js (dist/tests/read-checkpoint-store.test.js:1:1)
⚠ dist/tests/read-checkpoints.test.js (dist/tests/read-checkpoints.test.js:1:1)
⚠ dist/tests/read-collection-context.test.js (dist/tests/read-collection-context.test.js:1:1)
⚠ dist/tests/read-collection-io.test.js (dist/tests/read-collection-io.test.js:1:1)
⚠ dist/tests/read-collection-validation.test.js (dist/tests/read-collection-validation.test.js:1:1)
⚠ dist/tests/read-collections.test.js (dist/tests/read-collections.test.js:1:1)
⚠ dist/tests/recovery.test.js (dist/tests/recovery.test.js:1:1)
⚠ dist/tests/resource-io.test.js (dist/tests/resource-io.test.js:1:1)
⚠ dist/tests/resource-progress.test.js (dist/tests/resource-progress.test.js:1:1)
⚠ dist/tests/resources.test.js (dist/tests/resources.test.js:1:1)
⚠ dist/tests/state-conformance.test.js (dist/tests/state-conformance.test.js:1:1)
⚠ dist/tests/state-profile.test.js (dist/tests/state-profile.test.js:1:1)
⚠ dist/tests/state-query.test.js (dist/tests/state-query.test.js:1:1)
⚠ dist/tests/storage.test.js (dist/tests/storage.test.js:1:1)
⚠ dist/tests/structured-planner.test.js (dist/tests/structured-planner.test.js:1:1)
⚠ dist/tests/synthetic-computer-driver.test.js (dist/tests/synthetic-computer-driver.test.js:1:1)
⚠ dist/tests/synthetic-computer-receipts.test.js (dist/tests/synthetic-computer-receipts.test.js:1:1)
⚠ dist/tests/synthetic-computer-storage.test.js (dist/tests/synthetic-computer-storage.test.js:1:1)
⚠ dist/tests/tool-broker-refresh.test.js (dist/tests/tool-broker-refresh.test.js:1:1)
⚠ dist/tests/tool-catalog-lifecycle.test.js (dist/tests/tool-catalog-lifecycle.test.js:1:1)
⚠ dist/tests/tool-efficiency-runtime.test.js (dist/tests/tool-efficiency-runtime.test.js:1:1)
⚠ dist/tests/tool-result-reuse.test.js (dist/tests/tool-result-reuse.test.js:1:1)
⚠ dist/tests/tool-result-validation.test.js (dist/tests/tool-result-validation.test.js:1:1)
⚠ dist/tests/web-integration.test.js (dist/tests/web-integration.test.js:1:1)
⚠ dist/tests/web-server.test.js (dist/tests/web-server.test.js:1:1)
⚠ dist/tests/web-view-state.test.js (dist/tests/web-view-state.test.js:1:1)
⚠ dist/tests/work-progress-runtime.test.js (dist/tests/work-progress-runtime.test.js:1:1)
⚠ dist/tests/work-progress.test.js (dist/tests/work-progress.test.js:1:1)
⚠ dist/tests/work-query-view.test.js (dist/tests/work-query-view.test.js:1:1)
⚠ dist/tests/work-view-cli.test.js (dist/tests/work-view-cli.test.js:1:1)
⚠ dist/tests/work-view-format.test.js (dist/tests/work-view-format.test.js:1:1)
⚠ dist/tests/work-view-service.test.js (dist/tests/work-view-service.test.js:1:1)
⚠ dist/tests/workflow-crash.test.js (dist/tests/workflow-crash.test.js:1:1)
⚠ dist/tests/workflow.test.js (dist/tests/workflow.test.js:1:1)
⚠ dist/tests/workspace-checkpoints.test.js (dist/tests/workspace-checkpoints.test.js:1:1)
✖ dist/tests/local-evaluation.test.js (83303.786542ms)
✔ sqlite: local memory tools and workspace checkpoints remain usable after profile reopen (932.759708ms)
✔ sqlite: workspace initialization failure closes state, channel and knowledge stores (192.484334ms)
✔ file-journal: local memory tools and workspace checkpoints remain usable after profile reopen (6481.799042ms)
✔ file-journal: workspace initialization failure closes state, channel and knowledge stores (236.256791ms)
✔ composition without optional memory or workspace keeps the prior tool configuration usable (178.296ms)
✔ profile close still closes databases after a workspace close failure (211.466583ms)
✔ sqlite: accepted work, request replay, and queries stay separate from fixture execution (654.830541ms)
✔ sqlite: document question is atomic, actionable, and does not interpret reply text (755.721875ms)
✔ sqlite: current ownership, route, and disclosure gates apply to reads and mutations (246.877584ms)
✔ sqlite: web attachment observes an existing CLI primary without re-sending or changing it (700.04325ms)
✔ sqlite: goal and mode commands preserve optimistic revisions and durable idempotency (619.01825ms)
✔ sqlite: pause does not wait behind an active run and a replay cannot start another run (735.57225ms)
✔ sqlite: cancel does not wait behind an active run and a replay cannot start another run (367.987542ms)
✔ sqlite: an unfinished durable run is not repeated by the same request after restart (679.575375ms)
✔ sqlite: a goal changed while the old run intent is acknowledged never receives that run's plan (601.355833ms)
✔ sqlite: workflow entry rejects a stale pinned goal before recovery or execution (252.459208ms)
✔ sqlite: paged lists recheck every returned card and omit a card revoked while another is read (1118.256416ms)
✔ sqlite: at most four distinct works execute concurrently and draining admits no new mutations (1621.05675ms)
✔ file-journal: accepted work, request replay, and queries stay separate from fixture execution (4931.382917ms)
✔ file-journal: document question is atomic, actionable, and does not interpret reply text (5397.449208ms)
✔ file-journal: current ownership, route, and disclosure gates apply to reads and mutations (679.849333ms)
✔ file-journal: web attachment observes an existing CLI primary without re-sending or changing it (2825.858416ms)
✔ file-journal: goal and mode commands preserve optimistic revisions and durable idempotency (3658.008333ms)
✔ file-journal: pause does not wait behind an active run and a replay cannot start another run (4645.8365ms)
✔ file-journal: cancel does not wait behind an active run and a replay cannot start another run (1532.787709ms)
✔ file-journal: an unfinished durable run is not repeated by the same request after restart (3123.023458ms)
✔ file-journal: a goal changed while the old run intent is acknowledged never receives that run's plan (3580.592333ms)
✔ file-journal: workflow entry rejects a stale pinned goal before recovery or execution (771.3365ms)
✔ file-journal: paged lists recheck every returned card and omit a card revoked while another is read (14139.845833ms)
✔ file-journal: at most four distinct works execute concurrently and draining admits no new mutations (11237.769792ms)
✔ sqlite: MCP family 0 stores an original, adopts facts and revalidates offline (479.079875ms)
✔ sqlite: MCP family 1 stores an original, adopts facts and revalidates offline (366.6135ms)
✔ sqlite: MCP partial records do not satisfy complete coverage (394.510834ms)
✔ sqlite: MCP error retains no result evidence (359.948792ms)
✔ sqlite: MCP invalid retains no result evidence (333.283125ms)
✔ sqlite: MCP changed projected facts and different attempt proof are rejected (405.393125ms)
✔ sqlite: MCP raw body corruption prevents adoption after restart (344.522541ms)
✔ sqlite: MCP received result survives reopen and does not recall a stopped server (345.888458ms)
✔ sqlite: MCP request intent prevents a hidden second call for the same attempt (308.747042ms)
✔ sqlite: MCP repeated reads keep one independent source lineage (553.88275ms)
✔ sqlite: MCP pause during adapter wait blocks the wire call (304.765875ms)
✔ sqlite: MCP expand-labels during adapter wait blocks the wire call (345.002042ms)
✔ sqlite: MCP cancel after a real reply prevents raw publication and adoption (374.739875ms)
✔ sqlite: MCP restrict-labels after a real reply prevents raw publication and adoption (313.160625ms)
✔ file-journal: MCP family 0 stores an original, adopts facts and revalidates offline (1958.966417ms)
✔ file-journal: MCP family 1 stores an original, adopts facts and revalidates offline (1997.010417ms)
✔ file-journal: MCP partial records do not satisfy complete coverage (1771.960666ms)
✔ file-journal: MCP error retains no result evidence (1802.952791ms)
✔ file-journal: MCP invalid retains no result evidence (1317.942292ms)
✔ file-journal: MCP changed projected facts and different attempt proof are rejected (1321.686833ms)
✔ file-journal: MCP raw body corruption prevents adoption after restart (1341.72525ms)
✔ file-journal: MCP received result survives reopen and does not recall a stopped server (1201.964334ms)
✔ file-journal: MCP request intent prevents a hidden second call for the same attempt (857.013958ms)
✔ file-journal: MCP repeated reads keep one independent source lineage (2302.341333ms)
✔ file-journal: MCP pause during adapter wait blocks the wire call (759.417291ms)
✔ file-journal: MCP expand-labels during adapter wait blocks the wire call (739.098834ms)
✔ file-journal: MCP cancel after a real reply prevents raw publication and adoption (782.642ms)
✔ file-journal: MCP restrict-labels after a real reply prevents raw publication and adoption (738.327667ms)
✔ MCP client: invalid host process configuration is rejected without starting a child (2.788375ms)
✔ MCP client: real pinned stdio discovery and repeated reads each make one fresh call (134.280875ms)
✔ MCP client: staged paginated listing is bounded and only the approved subset can be called (116.6135ms)
✔ MCP client: partial, mismatched and cycling listings never publish a callable session (541.935292ms)
✔ MCP client: list change during discovery rejects the mixed view; explicit discovery can recover (137.630416ms)
✔ MCP client: caller mutation and rejected authorization cannot change the registered request (130.911208ms)
✔ MCP client: cancellation while authorization is pending sends zero calls (121.039375ms)
✔ MCP client: active-call admission rejects overflow without invoking its authority callback (121.701666ms)
✔ MCP client: actual serialized request and oversized response are bounded (113.179708ms)
✔ MCP client: post-dispatch list change invalidates the result and never repeats the call (135.708625ms)
✔ MCP client: lost delayed response preserves sent uncertainty and releases the owned process (129.697459ms)
✔ MCP client: crashed peer requires explicit new discovery and old session is never revived (225.944ms)
✔ MCP client: ambient default environment is blanked; only explicit host variables are forwarded (37.055208ms)
✔ cancel during input artifact read prevents transport invocation and releases the known unused token reservation (35.668292ms)
✔ goal during input artifact read prevents transport invocation and releases the known unused token reservation (13.634833ms)
✔ destination during input artifact read prevents transport invocation and releases the known unused token reservation (11.133792ms)
✔ labels during input artifact read prevents transport invocation and releases the known unused token reservation (6.969375ms)
✔ cancelling an active model sends its signal, yields promptly and settles late usage once without adopting the old plan (9.27475ms)
✔ input byte limit rejects before a durable reservation or transport call (4.411375ms)
✔ token budget rejects before a durable reservation or transport call (6.531292ms)
✔ model call budget rejects before a durable reservation or transport call (3.621667ms)
✔ model context capacity and destination policy reject input without invoking the planner (10.30125ms)
✔ concurrent reservations have one winner and duplicate execution performs one dispatch and one transport call (11.195167ms)
✔ a replacement owner waits for a reserved lease, then releases it and creates a fresh intent without repeating a transport call (11.987625ms)
✔ a recovered running lease retains uncertain cost and accepts only late accounting, never its expired plan (7.062ms)
✔ a reply without usage keeps its reservation and prevents a further model call after rejection (7.934083ms)
✔ verified facts remain visible while hypothesis review prevents response readiness and preparation (40.350792ms)
✔ reserved, running and stored model replies cannot produce a result; accepted review resumes preparation (42.744708ms)
✔ pending model work suppresses question preparation while preserving existing obligation blockers (16.83875ms)
✔ an already prepared result is withheld during review and can be prepared again after accepted model assessment (19.916958ms)
✔ documents-simple: one model plan executes to completion with usage and no extra hypothesis call (57.958958ms)
✔ observations-simple: one model plan executes to completion with usage and no extra hypothesis call (16.843666ms)
✔ late counterevidence revises the hypothesis and only the changed graph consumes a replan (74.662917ms)
✔ strict structured transport adapter feeds the same validator and execution loop without a provider SDK (12.301208ms)
✔ invalid or truncated responses cannot replace an executable plan or fabricate zero usage (9.424083ms)
✔ rejected model plans still charge exactly one call and preserve their raw response for an authorized read (7.491917ms)
✔ bookkeeping changes do not stale a response but goal and evidence changes do (13.7875ms)
✔ received model result resumes after SQLite and artifact reopen with no additional model call (421.355209ms)
✔ a new scope archives the old hypothesis in prior events and permits a fresh plan (16.569875ms)
✔ unsupported hypotheses and erased counterevidence are rejected without changing the current assessment (9.488ms)
✔ validator feedback reaches the next model proposal and invalid plans never dispatch their tools (15.862417ms)
✔ permission revocation during reply storage preserves usage but never downgrades the model body (8.706959ms)
✔ sqlite/documents-simple: same model/tool/evidence/conversation workflow resumes on persistent state without a new model call for the stored reply (823.081459ms)
✔ sqlite/documents-complex: same model/tool/evidence/conversation workflow resumes on persistent state without a new model call for the stored reply (2135.497041ms)
✔ sqlite/observations-simple: same model/tool/evidence/conversation workflow resumes on persistent state without a new model call for the stored reply (924.715667ms)
✔ sqlite/observations-complex: same model/tool/evidence/conversation workflow resumes on persistent state without a new model call for the stored reply (1800.692084ms)
✔ file-journal/documents-simple: same model/tool/evidence/conversation workflow resumes on persistent state without a new model call for the stored reply (5710.393875ms)
✔ file-journal/documents-complex: same model/tool/evidence/conversation workflow resumes on persistent state without a new model call for the stored reply (10057.469292ms)
✔ file-journal/observations-simple: same model/tool/evidence/conversation workflow resumes on persistent state without a new model call for the stored reply (4821.049209ms)
✔ file-journal/observations-complex: same model/tool/evidence/conversation workflow resumes on persistent state without a new model call for the stored reply (8044.670291ms)
✔ checkpoint record: empty paged root round-trips metadata once without raw reads (6.236542ms)
✔ checkpoint record: empty batch root round-trips metadata once without raw reads (1.620458ms)
✔ checkpoint record: multiple normal pages store references rather than repeating large bodies (11.790959ms)
✔ checkpoint record: partial batch resumes only unfinished items and preserves original successes (8.771708ms)
✔ checkpoint record: rejected source calls survive explicit resume and consume the operation call limit (1.897792ms)
✔ checkpoint record: a crashed intent becomes one unknown call and is never silently replayed (2.132917ms)
✔ checkpoint record: complete orphan resume performs no new page read or call (1.211375ms)
✔ checkpoint record: explicit stop changes only stop metadata and appends its exact base reference (0.787167ms)
✔ checkpoint record: unchanged fields and inherited dependencies cannot be dropped from an intent (2.366583ms)
✔ checkpoint record: start rejects retained history, source artifacts, and non-root identity (0.558834ms)
✔ checkpoint record: intent, settlement, and resume reject invalid request identity or time transitions (2.04875ms)
✔ checkpoint record: wrong logical digest, wrong base, extra keys, and failed source reads are rejected (2.347542ms)
✔ checkpoint record: accepted encode defers new raw body, source-ref, and dependency authentication to decode (4.639125ms)
✔ checkpoint record: conflicting artifact metadata and dropped inherited references are never encoded (1.740417ms)
✔ checkpoint record: logical checkpoint and referenced response byte limits are enforced before source I/O (2.407333ms)
✔ checkpoint record: record schema rejects more than 16 MiB of otherwise bounded root metadata (66.487792ms)
✔ checkpoint store: real v2 start/intent/settle records load the logical v1 result and preserve original bytes (225.560833ms)
✔ checkpoint store: a legacy snapshot can anchor a v2 orphan resume without reissuing any raw page request (408.523042ms)
✔ checkpoint store: missing base is detected through the actual file adapter (235.808375ms)
✔ checkpoint store: tampered base is detected through the actual file adapter (201.011ms)
✔ checkpoint store: missing raw is detected through the actual file adapter (219.935208ms)
✔ checkpoint store: tampered raw is detected through the actual file adapter (219.090208ms)
✔ checkpoint store: a base reference with tenant cannot use an otherwise readable head (320.551542ms)
✔ checkpoint store: a base reference with labels cannot use an otherwise readable head (322.12525ms)
✔ checkpoint store: a base reference with missing-index cannot use an otherwise readable head (229.745125ms)
✔ checkpoint store: a valid artifact hash cannot authenticate a forged logical digest (298.00575ms)
✔ checkpoint store: returned byte/page/checkpoint mutations cannot poison a reader cache (234.845167ms)
✔ checkpoint store: shared materialization rechecks every original and a new file instance decodes cold (252.131334ms)
✔ checkpoint store: shared materialization cannot hide a revoked or unindexed original (275.854333ms)
✔ checkpoint store: shared materialization evicts at 64-heads (3685.875125ms)
✔ checkpoint store: shared materialization evicts at 16-MiB-logical-bytes (515.569833ms)
✔ checkpoint store: eviction during a shared materialization await preserves the logical byte budget (584.101084ms)
✔ checkpoint store: an in-flight head mutation cannot seed a different artifact materialization (229.121125ms)
✔ checkpoint store: caller ref mutation cannot redirect cached-reference revalidation (253.991375ms)
✔ checkpoint store: policy snapshots and exact index entries cannot be widened or aliased by callers (250.609542ms)
✔ checkpoint store: cached originals require real exists checks and new readers cannot inherit a deleted source (216.270084ms)
✔ checkpoint store: raw source cache stays within 16 MiB and evicted sources are fetched again (417.985917ms)
✔ checkpoint store: cycles and oversized records are rejected before decoding any logical history (1.007125ms)
✔ checkpoint store: a record chain stops at 10000 records before requesting the next dependency (210.021ms)
✔ checkpoint store: a record chain stops at 64 MiB without caching the entire traversal (39.005125ms)
✔ checkpoint store: a materialized base retains its chain byte cost for the next event (75.327041ms)
✔ checkpoint store sqlite: a legacy committed root resumes through v2 records into an authenticated public result (583.155917ms)
✔ checkpoint store file-journal: a legacy committed root resumes through v2 records into an authenticated public result (2927.8785ms)
✔ read checkpoint sqlite: a complete checkpoint survives outer-result loss and resumes without another fetch (995.469917ms)
✔ read checkpoint sqlite: projection preserves original evidence and charges only the successor's raw response (1072.881375ms)
✔ read checkpoint sqlite: missing proof and altered payload are denied while ordinary failures remain valid (1099.14525ms)
✔ read checkpoint sqlite: an indexed forged merged page cannot replace its accepted raw response (1149.690458ms)
✔ read checkpoint sqlite: an unchanged original body cannot authorize a changed request identity (1119.021459ms)
✔ read checkpoint sqlite: losing raw-response blocks result history and copied history (1183.055208ms)
✔ read checkpoint sqlite: losing source-artifact blocks result history and copied history (1179.753375ms)
✔ read checkpoint sqlite: severing the parent's exclusive successor claim rejects the child (1099.857958ms)
✔ read checkpoint file-journal: a complete checkpoint survives outer-result loss and resumes without another fetch (3253.833458ms)
✔ read checkpoint file-journal: projection preserves original evidence and charges only the successor's raw response (4243.926417ms)
✔ read checkpoint file-journal: missing proof and altered payload are denied while ordinary failures remain valid (3999.21275ms)
✔ read checkpoint file-journal: an indexed forged merged page cannot replace its accepted raw response (4523.734209ms)
✔ read checkpoint file-journal: an unchanged original body cannot authorize a changed request identity (4486.077542ms)
✔ read checkpoint file-journal: losing raw-response blocks result history and copied history (5282.935916ms)
✔ read checkpoint file-journal: losing source-artifact blocks result history and copied history (4865.857958ms)
✔ read checkpoint file-journal: severing the parent's exclusive successor claim rejects the child (4483.869125ms)
✔ read collection context: only visible current goal and scope tips survive; complete unadopted tips remain resumable (4.878458ms)
✔ read collection context: the common packet removes denied head metadata from both execution and resume projections (3.522375ms)
✔ read collection context sqlite: five compactions and reopen retain partial resume metadata without page bodies (784.545209ms)
✔ read collection context sqlite: five compactions and reopen retain complete orphan resume metadata without page bodies (766.735833ms)
✔ read collection context file-journal: five compactions and reopen retain partial resume metadata without page bodies (3053.900375ms)
✔ read collection context file-journal: five compactions and reopen retain complete orphan resume metadata without page bodies (2676.135083ms)
✔ read collection context sqlite: lost derived frame regenerates while lost original raw response blocks context and recovery (396.91975ms)
✔ read collection context file-journal: lost derived frame regenerates while lost original raw response blocks context and recovery (1568.900042ms)
✔ read collection context sqlite: source gate rejects omitted, altered, and canonically inconsistent resume metadata (244.853125ms)
✔ read collection context file-journal: source gate rejects omitted, altered, and canonically inconsistent resume metadata (992.837083ms)
✔ read collection context sqlite: resume metadata is mandatory input and cannot be evicted to satisfy a smaller byte budget (235.201083ms)
✔ read collection context file-journal: resume metadata is mandatory input and cannot be evicted to satisfy a smaller byte budget (849.835208ms)
✔ read collection context sqlite: source lifecycle change during checkpoint read prevents staged frame publication (249.926583ms)
✔ read collection context file-journal: source lifecycle change during checkpoint read prevents staged frame publication (682.656791ms)
✔ read collection context sqlite: contract change during derived resume put is checked before return (266.278542ms)
✔ read collection context sqlite: original change during derived resume put is checked before return (269.884916ms)
✔ read collection context file-journal: contract change during derived resume put is checked before return (1245.831333ms)
✔ read collection context file-journal: original change during derived resume put is checked before return (1302.048417ms)
✔ read collection context sqlite: completed adopted output retains original proof requirements after leaving the resume list (415.996ms)
✔ read collection context file-journal: completed adopted output retains original proof requirements after leaving the resume list (1488.648584ms)
✔ read collection context sqlite: raw loss during frame staging suppresses completed adopted copies (370.490917ms)
✔ read collection context file-journal: raw loss during frame staging suppresses completed adopted copies (1349.604417ms)
✔ collection I/O sqlite documents-simple: 4 pages retain semantics across reads, copying and reopening (1384.27525ms)
ℹ {"adapter":"sqlite","family":"documents-simple","pages":4,"sourceCalls":4,"resultSignature":"ca3cbf4a810188e565397de9b01c666596d3bfd519841b869c91c2e4ca1eaa0c","stages":[{"name":"collect","get":114,"exists":202,"put":14,"returnedBodyBytes":171997,"stateReads":201,"receipts":30,"commits":14,"physicalBodyBytes":485558},{"name":"checkpointRead","get":13,"exists":12,"put":0,"returnedBodyBytes":18362,"stateReads":4,"receipts":1,"commits":0,"physicalBodyBytes":35757},{"name":"callsGet","get":41,"exists":96,"put":1,"returnedBodyBytes":84792,"stateReads":45,"receipts":10,"commits":5,"physicalBodyBytes":314778},{"name":"contextPrepare","get":70,"exists":50,"put":1,"returnedBodyBytes":188989,"stateReads":37,"receipts":7,"commits":0,"physicalBodyBytes":288275},{"name":"reopenAndPrepare","get":83,"exists":62,"put":1,"returnedBodyBytes":207351,"stateReads":41,"receipts":8,"commits":0,"physicalBodyBytes":324032}]}
✔ collection I/O sqlite documents-simple: 8 pages retain semantics across reads, copying and reopening (2195.926875ms)
ℹ {"adapter":"sqlite","family":"documents-simple","pages":8,"sourceCalls":8,"resultSignature":"c223661cc27ac8f18d90094013769634188fab210c6fa1531b423635c1ef5c84","stages":[{"name":"collect","get":318,"exists":590,"put":26,"returnedBodyBytes":470387,"stateReads":337,"receipts":46,"commits":22,"physicalBodyBytes":1357149},{"name":"checkpointRead","get":25,"exists":24,"put":0,"returnedBodyBytes":35235,"stateReads":4,"receipts":1,"commits":0,"physicalBodyBytes":69502},{"name":"callsGet","get":77,"exists":180,"put":1,"returnedBodyBytes":162709,"stateReads":45,"receipts":10,"commits":5,"physicalBodyBytes":606344},{"name":"contextPrepare","get":130,"exists":98,"put":1,"returnedBodyBytes":354351,"stateReads":37,"receipts":7,"commits":0,"physicalBodyBytes":548423},{"name":"reopenAndPrepare","get":155,"exists":122,"put":1,"returnedBodyBytes":389586,"stateReads":41,"receipts":8,"commits":0,"physicalBodyBytes":617925}]}
✔ collection I/O sqlite documents-simple: 16 pages retain semantics across reads, copying and reopening (4015.784084ms)
ℹ {"adapter":"sqlite","family":"documents-simple","pages":16,"sourceCalls":16,"resultSignature":"ab9d2af3b8ec8ae6983b1b42f01fae55eaa9771ae3f0271537f2a91d7e4ef676","stages":[{"name":"collect","get":1014,"exists":1942,"put":50,"returnedBodyBytes":1473478,"stateReads":609,"receipts":78,"commits":38,"physicalBodyBytes":4319151},{"name":"checkpointRead","get":49,"exists":48,"put":0,"returnedBodyBytes":69080,"stateReads":4,"receipts":1,"commits":0,"physicalBodyBytes":137191},{"name":"callsGet","get":149,"exists":348,"put":1,"returnedBodyBytes":318994,"stateReads":45,"receipts":10,"commits":5,"physicalBodyBytes":1191167},{"name":"contextPrepare","get":250,"exists":194,"put":1,"returnedBodyBytes":686038,"stateReads":37,"receipts":7,"commits":0,"physicalBodyBytes":1070236},{"name":"reopenAndPrepare","get":299,"exists":242,"put":1,"returnedBodyBytes":755118,"stateReads":41,"receipts":8,"commits":0,"physicalBodyBytes":1207427}]}
✔ collection I/O sqlite observations-simple: 4 pages retain semantics across reads, copying and reopening (1304.381834ms)
ℹ {"adapter":"sqlite","family":"observations-simple","pages":4,"sourceCalls":4,"resultSignature":"a6a1b857443999b7a5f4b1945b1768f00b1f58af8a2d1b7fce08ea4816c57ae5","stages":[{"name":"collect","get":114,"exists":202,"put":14,"returnedBodyBytes":172551,"stateReads":201,"receipts":30,"commits":14,"physicalBodyBytes":487152},{"name":"checkpointRead","get":13,"exists":12,"put":0,"returnedBodyBytes":18412,"stateReads":4,"receipts":1,"commits":0,"physicalBodyBytes":35857},{"name":"callsGet","get":41,"exists":96,"put":1,"returnedBodyBytes":85070,"stateReads":45,"receipts":10,"commits":5,"physicalBodyBytes":315854},{"name":"contextPrepare","get":70,"exists":50,"put":1,"returnedBodyBytes":189654,"stateReads":37,"receipts":7,"commits":0,"physicalBodyBytes":289268},{"name":"reopenAndPrepare","get":83,"exists":62,"put":1,"returnedBodyBytes":208066,"stateReads":41,"receipts":8,"commits":0,"physicalBodyBytes":325125}]}
✔ collection I/O sqlite observations-simple: 8 pages retain semantics across reads, copying and reopening (2121.229125ms)
ℹ {"adapter":"sqlite","family":"observations-simple","pages":8,"sourceCalls":8,"resultSignature":"3e066d9f43cd916245766040a04be753e4d813303fafe0d6c5edfead4c0113c9","stages":[{"name":"collect","get":318,"exists":590,"put":26,"returnedBodyBytes":471661,"stateReads":337,"receipts":46,"commits":22,"physicalBodyBytes":1360871},{"name":"checkpointRead","get":25,"exists":24,"put":0,"returnedBodyBytes":35317,"stateReads":4,"receipts":1,"commits":0,"physicalBodyBytes":69666},{"name":"callsGet","get":77,"exists":180,"put":1,"returnedBodyBytes":163211,"stateReads":45,"receipts":10,"commits":5,"physicalBodyBytes":608316},{"name":"contextPrepare","get":130,"exists":98,"put":1,"returnedBodyBytes":355572,"stateReads":37,"receipts":7,"commits":0,"physicalBodyBytes":550228},{"name":"reopenAndPrepare","get":155,"exists":122,"put":1,"returnedBodyBytes":390889,"stateReads":41,"receipts":8,"commits":0,"physicalBodyBytes":619894}]}
✔ collection I/O sqlite observations-simple: 16 pages retain semantics across reads, copying and reopening (4213.175334ms)
ℹ {"adapter":"sqlite","family":"observations-simple","pages":16,"sourceCalls":16,"resultSignature":"efdaf769faccd802339a9b0a1fb7bb1c170d5d2cfcd84df6499f8eceb676f508","stages":[{"name":"collect","get":1014,"exists":1942,"put":50,"returnedBodyBytes":1476960,"stateReads":609,"receipts":78,"commits":38,"physicalBodyBytes":4329433},{"name":"checkpointRead","get":49,"exists":48,"put":0,"returnedBodyBytes":69226,"stateReads":4,"receipts":1,"commits":0,"physicalBodyBytes":137483},{"name":"callsGet","get":149,"exists":348,"put":1,"returnedBodyBytes":319944,"stateReads":45,"receipts":10,"commits":5,"physicalBodyBytes":1194931},{"name":"contextPrepare","get":250,"exists":194,"put":1,"returnedBodyBytes":688371,"stateReads":37,"receipts":7,"commits":0,"physicalBodyBytes":1073665},{"name":"reopenAndPrepare","get":299,"exists":242,"put":1,"returnedBodyBytes":757597,"stateReads":41,"receipts":8,"commits":0,"physicalBodyBytes":1211148}]}
✔ collection I/O file-journal documents-simple: 4 pages retain semantics across reads, copying and reopening (6547.483834ms)
ℹ {"adapter":"file-journal","family":"documents-simple","pages":4,"sourceCalls":4,"resultSignature":"ca3cbf4a810188e565397de9b01c666596d3bfd519841b869c91c2e4ca1eaa0c","stages":[{"name":"collect","get":114,"exists":202,"put":14,"returnedBodyBytes":171997,"stateReads":201,"receipts":30,"commits":14,"physicalBodyBytes":485558},{"name":"checkpointRead","get":13,"exists":12,"put":0,"returnedBodyBytes":18362,"stateReads":4,"receipts":1,"commits":0,"physicalBodyBytes":35757},{"name":"callsGet","get":41,"exists":96,"put":1,"returnedBodyBytes":84792,"stateReads":45,"receipts":10,"commits":5,"physicalBodyBytes":314778},{"name":"contextPrepare","get":70,"exists":50,"put":1,"returnedBodyBytes":188989,"stateReads":37,"receipts":7,"commits":0,"physicalBodyBytes":288275},{"name":"reopenAndPrepare","get":83,"exists":62,"put":1,"returnedBodyBytes":207351,"stateReads":41,"receipts":8,"commits":0,"physicalBodyBytes":324032}]}
✔ collection I/O file-journal documents-simple: 8 pages retain semantics across reads, copying and reopening (9154.179833ms)
ℹ {"adapter":"file-journal","family":"documents-simple","pages":8,"sourceCalls":8,"resultSignature":"c223661cc27ac8f18d90094013769634188fab210c6fa1531b423635c1ef5c84","stages":[{"name":"collect","get":318,"exists":590,"put":26,"returnedBodyBytes":470387,"stateReads":337,"receipts":46,"commits":22,"physicalBodyBytes":1357149},{"name":"checkpointRead","get":25,"exists":24,"put":0,"returnedBodyBytes":35235,"stateReads":4,"receipts":1,"commits":0,"physicalBodyBytes":69502},{"name":"callsGet","get":77,"exists":180,"put":1,"returnedBodyBytes":162709,"stateReads":45,"receipts":10,"commits":5,"physicalBodyBytes":606344},{"name":"contextPrepare","get":130,"exists":98,"put":1,"returnedBodyBytes":354351,"stateReads":37,"receipts":7,"commits":0,"physicalBodyBytes":548423},{"name":"reopenAndPrepare","get":155,"exists":122,"put":1,"returnedBodyBytes":389586,"stateReads":41,"receipts":8,"commits":0,"physicalBodyBytes":617925}]}
✔ collection I/O file-journal documents-simple: 16 pages retain semantics across reads, copying and reopening (16512.867875ms)
ℹ {"adapter":"file-journal","family":"documents-simple","pages":16,"sourceCalls":16,"resultSignature":"ab9d2af3b8ec8ae6983b1b42f01fae55eaa9771ae3f0271537f2a91d7e4ef676","stages":[{"name":"collect","get":1014,"exists":1942,"put":50,"returnedBodyBytes":1473478,"stateReads":609,"receipts":78,"commits":38,"physicalBodyBytes":4319151},{"name":"checkpointRead","get":49,"exists":48,"put":0,"returnedBodyBytes":69080,"stateReads":4,"receipts":1,"commits":0,"physicalBodyBytes":137191},{"name":"callsGet","get":149,"exists":348,"put":1,"returnedBodyBytes":318994,"stateReads":45,"receipts":10,"commits":5,"physicalBodyBytes":1191167},{"name":"contextPrepare","get":250,"exists":194,"put":1,"returnedBodyBytes":686038,"stateReads":37,"receipts":7,"commits":0,"physicalBodyBytes":1070236},{"name":"reopenAndPrepare","get":299,"exists":242,"put":1,"returnedBodyBytes":755118,"stateReads":41,"receipts":8,"commits":0,"physicalBodyBytes":1207427}]}
✔ collection I/O file-journal observations-simple: 4 pages retain semantics across reads, copying and reopening (6079.66525ms)
ℹ {"adapter":"file-journal","family":"observations-simple","pages":4,"sourceCalls":4,"resultSignature":"a6a1b857443999b7a5f4b1945b1768f00b1f58af8a2d1b7fce08ea4816c57ae5","stages":[{"name":"collect","get":114,"exists":202,"put":14,"returnedBodyBytes":172551,"stateReads":201,"receipts":30,"commits":14,"physicalBodyBytes":487152},{"name":"checkpointRead","get":13,"exists":12,"put":0,"returnedBodyBytes":18412,"stateReads":4,"receipts":1,"commits":0,"physicalBodyBytes":35857},{"name":"callsGet","get":41,"exists":96,"put":1,"returnedBodyBytes":85070,"stateReads":45,"receipts":10,"commits":5,"physicalBodyBytes":315854},{"name":"contextPrepare","get":70,"exists":50,"put":1,"returnedBodyBytes":189654,"stateReads":37,"receipts":7,"commits":0,"physicalBodyBytes":289268},{"name":"reopenAndPrepare","get":83,"exists":62,"put":1,"returnedBodyBytes":208066,"stateReads":41,"receipts":8,"commits":0,"physicalBodyBytes":325125}]}
✖ dist/tests/read-collection-io.test.js (60164.305042ms)
✔ read collection: bounded batch keeps original observations and input objects independent (6.01075ms)
✔ read collection: explicit retries request every unfinished key and advance only when the original page is complete (3.55525ms)
✔ read collection: extra cannot satisfy a trusted batch manifest (0.367458ms)
✔ read collection: missing cannot satisfy a trusted batch manifest (0.119042ms)
✔ read collection: wrong-digest cannot satisfy a trusted batch manifest (0.129375ms)
✔ read collection: duplicate-expected cannot satisfy a trusted batch manifest (0.113875ms)
✔ read collection: duplicate-item cannot satisfy a trusted batch manifest (0.105583ms)
✔ read collection: retry rejects successful-item instead of overwriting successful observations (0.703083ms)
✔ read collection: retry rejects missing-unfinished instead of overwriting successful observations (0.552292ms)
✔ read collection: retry rejects changed-digest instead of overwriting successful observations (0.62175ms)
✔ read collection: pending retry binds snapshot to its original source page (0.476083ms)
✔ read collection: pending retry binds cursor to its original source page (0.304ms)
✔ read collection: pending retry binds nextCursor to its original source page (0.262875ms)
✔ read collection: pending retry binds totalItems to its original source page (0.230833ms)
✔ read collection: pending retry binds exhausted to its original source page (0.279625ms)
✔ read collection: pending retry binds requestId to its original source page (1.082875ms)
✔ read collection: an explicit retry cannot omit a key in the request or reuse the last request identity (0.361667ms)
✔ read collection: accepted request history survives replaced pending IDs and is checked on restore (0.63775ms)
✔ read collection: a nonretryable error preserves the pending observations but forbids resume (0.42ms)
✔ read collection: retries consume the operation call limit without advancing page count (0.438917ms)
✔ read collection: declared totals count unique logical items and may become known on the final page (0.235334ms)
✔ read collection: a known total stays binding when a later response omits it (0.390792ms)
✔ read collection: repeated IDs cannot create another item even with a different digest (0.130667ms)
✔ read collection: cursor loops and snapshot changes are rejected across finalized pages (0.292792ms)
✔ read collection: empty pages may progress with new cursors and a complete empty collection is valid (0.184417ms)
✔ read collection: page, item and batch bounds stop further requests without truncation (0.231542ms)
✔ read collection: response and checkpoint limits use exact UTF-8 byte lengths (0.248209ms)
✔ read collection: each raw retry is byte-bounded while the merged logical page uses the checkpoint bound (0.276916ms)
✔ read collection: restored projection corruption is rejected before producing a request (0.23375ms)
✔ read collection: restored cursor-chain corruption is rejected before producing a request (0.136291ms)
✔ read collection: restored calls corruption is rejected before producing a request (0.116ms)
✔ read collection: restored completed-pending corruption is rejected before producing a request (0.242541ms)
✔ read collection: restored manifest corruption is rejected before producing a request (0.203125ms)
✔ read collection: strict schemas reject false completion, fabricated not-run output and invalid budgets (0.578125ms)
✔ read collection: usage overflow and dependency overflow fail without dropping earlier accounting or custody (1.503375ms)
✔ durable collections sqlite: a process crash after intent becomes an unknown call on explicit resume (753.143667ms)
✔ durable collections sqlite: a batch retries only unfinished manifest items after reopening (794.240625ms)
✔ durable collections sqlite: source failures consume the persisted call budget across explicit retries (1004.846666ms)
✔ durable collections sqlite: a source that answers after cancellation cannot commit its late page (312.921666ms)
✔ durable collections sqlite: policy revocation while the source waits suppresses the response (387.065709ms)
✔ durable collections file-journal: a process crash after intent becomes an unknown call on explicit resume (3268.889166ms)
✔ durable collections file-journal: a batch retries only unfinished manifest items after reopening (4605.765375ms)
✔ durable collections file-journal: source failures consume the persisted call budget across explicit retries (5851.164334ms)
✔ durable collections file-journal: a source that answers after cancellation cannot commit its late page (1367.687167ms)
✔ durable collections file-journal: policy revocation while the source waits suppresses the response (1113.720042ms)
✔ durable collections: query cannot resume a checkpoint under a changed contract (542.941917ms)
✔ durable collections: fresh cannot resume a checkpoint under a changed contract (381.640959ms)
✔ durable collections: same-task-id cannot resume a checkpoint under a changed contract (403.228042ms)
✔ durable collections: policy cannot resume a checkpoint under a changed contract (413.005917ms)
✔ durable collections: goal cannot resume a checkpoint under a changed contract (443.919959ms)
✔ durable collections: generation cannot resume a checkpoint under a changed contract (466.753875ms)
✔ durable collections sqlite documents-simple: complete pages advance automatically and survive reopening (630.920375ms)
✔ durable collections sqlite documents-simple: partial stops until a new task explicitly resumes after reopening (1127.109375ms)
✔ durable collections sqlite observations-simple: complete pages advance automatically and survive reopening (723.585916ms)
✔ durable collections sqlite observations-simple: partial stops until a new task explicitly resumes after reopening (1004.284792ms)
✔ durable collections file-journal documents-simple: complete pages advance automatically and survive reopening (3643.656834ms)
✔ durable collections file-journal documents-simple: partial stops until a new task explicitly resumes after reopening (5086.316083ms)
✔ durable collections file-journal observations-simple: complete pages advance automatically and survive reopening (4303.08975ms)
✔ durable collections file-journal observations-simple: partial stops until a new task explicitly resumes after reopening (5798.683208ms)
✔ state-based packet retains counterevidence, obligations and original references without raw history or a state mutation (36.471166ms)
✔ old and forged packets cannot reverse a goal change, cancellation or budget (11.426125ms)
✔ separate SQLite/artifact instances reconstruct packets and regenerate missing or corrupt derived blobs (221.966875ms)
✔ missing original is reported by id and cannot be hidden by a valid prior packet (5.467625ms)
✔ reconstruction rechecks a goal change committed while the packet is being saved (6.35425ms)
✔ snapshot retries mixed state/event/outbox revisions and rejects broken event history (5.04175ms)
✔ untrusted packet dimensions, tool revision changes and a foreign work packet never authorize reuse (9.449625ms)
✔ resume requires the work owner and full runtime view; revoked history is never relabelled (5.351875ms)
✔ packet size limit refuses the whole projection without dropping obligations or writing a partial packet (5.511875ms)
✔ model context restores task attempts and budget but excludes model ledger and delivery bodies (7.784709ms)
✔ model context cannot relabel a revoked attempt result reference under the current policy (11.2495ms)
✔ model context refuses assessment references whose evidence metadata is no longer permitted (4.837958ms)
✔ sqlite: text originals use one verified body read and no cross-call availability cache (300.121709ms)
ℹ {"adapter":"sqlite","operation":"original","name":"original","elapsedMs":2.3760839999999916,"artifactApi":{"get":{"calls":1,"requestedBodyBytes":1733,"returnedBodyBytes":1733,"failures":0},"exists":{"calls":0,"referencedBodyBytes":0,"available":0,"unavailable":0},"put":{"calls":0,"inputBodyBytes":0,"returnedReferenceBodyBytes":0,"failures":0}},"stateApi":{"get":4,"receipt":0,"commit":0,"events":0,"recentEventMetadata":0,"deliveries":0,"workIdsForConversation":0,"conversationWorkPage":0,"runnable":0,"close":0},"physical":{"getCalls":1,"existsCalls":0,"putCalls":0,"metadataReadOperations":1,"metadataReadBytes":237,"bodyReadOperations":1,"bodyReadBytes":1733,"hashCalls":1,"hashBytes":1733,"fileWrites":0,"metadataWriteBytes":0,"bodyWriteBytes":0,"readFailures":0,"verificationFailures":0,"deniedReads":0,"writeFailures":0}}
✔ sqlite: one result materialization deduplicates repeated originals and preserves a final real verification (226.502834ms)
ℹ {"adapter":"sqlite","operation":"result","name":"result","elapsedMs":4.041167000000087,"artifactApi":{"get":{"calls":2,"requestedBodyBytes":6315,"returnedBodyBytes":6315,"failures":0},"exists":{"calls":1,"referencedBodyBytes":1733,"available":1,"unavailable":0},"put":{"calls":0,"inputBodyBytes":0,"returnedReferenceBodyBytes":0,"failures":0}},"stateApi":{"get":10,"receipt":1,"commit":0,"events":0,"recentEventMetadata":0,"deliveries":0,"workIdsForConversation":0,"conversationWorkPage":0,"runnable":0,"close":0},"physical":{"getCalls":2,"existsCalls":1,"putCalls":0,"metadataReadOperations":3,"metadataReadBytes":717,"bodyReadOperations":3,"bodyReadBytes":8048,"hashCalls":3,"hashBytes":8048,"fileWrites":0,"metadataWriteBytes":0,"bodyWriteBytes":0,"readFailures":0,"verificationFailures":0,"deniedReads":0,"writeFailures":0}}
✔ sqlite: a two-copy chain decodes and reads each dispatch once per materialization (372.243042ms)
ℹ {"adapter":"sqlite","operation":"copy-chain","name":"copy-chain","elapsedMs":2.872833000000014,"artifactApi":{"get":{"calls":4,"requestedBodyBytes":16962,"returnedBodyBytes":16962,"failures":0},"exists":{"calls":1,"referencedBodyBytes":1733,"available":1,"unavailable":0},"put":{"calls":0,"inputBodyBytes":0,"returnedReferenceBodyBytes":0,"failures":0}},"stateApi":{"get":10,"receipt":3,"commit":0,"events":0,"recentEventMetadata":0,"deliveries":0,"workIdsForConversation":0,"conversationWorkPage":0,"runnable":0,"close":0},"physical":{"getCalls":4,"existsCalls":1,"putCalls":0,"metadataReadOperations":5,"metadataReadBytes":1203,"bodyReadOperations":5,"bodyReadBytes":18695,"hashCalls":5,"hashBytes":18695,"fileWrites":0,"metadataWriteBytes":0,"bodyWriteBytes":0,"readFailures":0,"verificationFailures":0,"deniedReads":0,"writeFailures":0}}
✔ sqlite: context uses verified copy materialization without rereading its dispatch pair (497.97675ms)
ℹ {"adapter":"sqlite","operation":"context","name":"context","elapsedMs":78.5441659999999,"artifactApi":{"get":{"calls":9,"requestedBodyBytes":70896,"returnedBodyBytes":70896,"failures":0},"exists":{"calls":6,"referencedBodyBytes":20428,"available":6,"unavailable":0},"put":{"calls":1,"inputBodyBytes":37961,"returnedReferenceBodyBytes":37961,"failures":0}},"stateApi":{"get":34,"receipt":6,"commit":0,"events":1,"recentEventMetadata":0,"deliveries":0,"workIdsForConversation":0,"conversationWorkPage":0,"runnable":0,"close":0},"physical":{"getCalls":9,"existsCalls":7,"putCalls":1,"metadataReadOperations":15,"metadataReadBytes":3616,"bodyReadOperations":15,"bodyReadBytes":91324,"hashCalls":17,"hashBytes":129436,"fileWrites":2,"metadataWriteBytes":244,"bodyWriteBytes":37961,"readFailures":1,"verificationFailures":1,"deniedReads":0,"writeFailures":0}}
✔ sqlite: adapter argument mutation and returned metadata cannot change private reference snapshots (350.916375ms)
✔ sqlite: cached original is rejected if deleted during a later state read (205.603291ms)
✔ sqlite: cached original is rejected if corrupted during a later state read (186.487416ms)
✔ sqlite: context rechecks metadata-reused originals after its staging await (389.812875ms)
✔ sqlite: context rechecks ordinary cached originals after staging without a calls.get copy (237.016625ms)
✔ sqlite: final cached-source check retains contract authority handling (276.850416ms)
✔ sqlite: final cached-source check retains policy authority handling (211.79175ms)
✔ sqlite: final cached-source check retains unrelated authority handling (205.603625ms)
✔ file-journal: text originals use one verified body read and no cross-call availability cache (705.919416ms)
ℹ {"adapter":"file-journal","operation":"original","name":"original","elapsedMs":16.826500000000124,"artifactApi":{"get":{"calls":1,"requestedBodyBytes":1733,"returnedBodyBytes":1733,"failures":0},"exists":{"calls":0,"referencedBodyBytes":0,"available":0,"unavailable":0},"put":{"calls":0,"inputBodyBytes":0,"returnedReferenceBodyBytes":0,"failures":0}},"stateApi":{"get":4,"receipt":0,"commit":0,"events":0,"recentEventMetadata":0,"deliveries":0,"workIdsForConversation":0,"conversationWorkPage":0,"runnable":0,"close":0},"physical":{"getCalls":1,"existsCalls":0,"putCalls":0,"metadataReadOperations":1,"metadataReadBytes":237,"bodyReadOperations":1,"bodyReadBytes":1733,"hashCalls":1,"hashBytes":1733,"fileWrites":0,"metadataWriteBytes":0,"bodyWriteBytes":0,"readFailures":0,"verificationFailures":0,"deniedReads":0,"writeFailures":0}}
✔ file-journal: one result materialization deduplicates repeated originals and preserves a final real verification (843.120833ms)
ℹ {"adapter":"file-journal","operation":"result","name":"result","elapsedMs":80.88020799999958,"artifactApi":{"get":{"calls":2,"requestedBodyBytes":6315,"returnedBodyBytes":6315,"failures":0},"exists":{"calls":1,"referencedBodyBytes":1733,"available":1,"unavailable":0},"put":{"calls":0,"inputBodyBytes":0,"returnedReferenceBodyBytes":0,"failures":0}},"stateApi":{"get":10,"receipt":1,"commit":0,"events":0,"recentEventMetadata":0,"deliveries":0,"workIdsForConversation":0,"conversationWorkPage":0,"runnable":0,"close":0},"physical":{"getCalls":2,"existsCalls":1,"putCalls":0,"metadataReadOperations":3,"metadataReadBytes":717,"bodyReadOperations":3,"bodyReadBytes":8048,"hashCalls":3,"hashBytes":8048,"fileWrites":0,"metadataWriteBytes":0,"bodyWriteBytes":0,"readFailures":0,"verificationFailures":0,"deniedReads":0,"writeFailures":0}}
✔ file-journal: a two-copy chain decodes and reads each dispatch once per materialization (2759.008542ms)
ℹ {"adapter":"file-journal","operation":"copy-chain","name":"copy-chain","elapsedMs":176.1536670000005,"artifactApi":{"get":{"calls":4,"requestedBodyBytes":16962,"returnedBodyBytes":16962,"failures":0},"exists":{"calls":1,"referencedBodyBytes":1733,"available":1,"unavailable":0},"put":{"calls":0,"inputBodyBytes":0,"returnedReferenceBodyBytes":0,"failures":0}},"stateApi":{"get":10,"receipt":3,"commit":0,"events":0,"recentEventMetadata":0,"deliveries":0,"workIdsForConversation":0,"conversationWorkPage":0,"runnable":0,"close":0},"physical":{"getCalls":4,"existsCalls":1,"putCalls":0,"metadataReadOperations":5,"metadataReadBytes":1203,"bodyReadOperations":5,"bodyReadBytes":18695,"hashCalls":5,"hashBytes":18695,"fileWrites":0,"metadataWriteBytes":0,"bodyWriteBytes":0,"readFailures":0,"verificationFailures":0,"deniedReads":0,"writeFailures":0}}
✔ file-journal: context uses verified copy materialization without rereading its dispatch pair (2819.154959ms)
ℹ {"adapter":"file-journal","operation":"context","name":"context","elapsedMs":635.1017080000001,"artifactApi":{"get":{"calls":9,"requestedBodyBytes":70896,"returnedBodyBytes":70896,"failures":0},"exists":{"calls":6,"referencedBodyBytes":20428,"available":6,"unavailable":0},"put":{"calls":1,"inputBodyBytes":37961,"returnedReferenceBodyBytes":37961,"failures":0}},"stateApi":{"get":34,"receipt":6,"commit":0,"events":1,"recentEventMetadata":0,"deliveries":0,"workIdsForConversation":0,"conversationWorkPage":0,"runnable":0,"close":0},"physical":{"getCalls":9,"existsCalls":7,"putCalls":1,"metadataReadOperations":15,"metadataReadBytes":3616,"bodyReadOperations":15,"bodyReadBytes":91324,"hashCalls":17,"hashBytes":129436,"fileWrites":2,"metadataWriteBytes":244,"bodyWriteBytes":37961,"readFailures":1,"verificationFailures":1,"deniedReads":0,"writeFailures":0}}
✔ file-journal: adapter argument mutation and returned metadata cannot change private reference snapshots (2090.936958ms)
✔ file-journal: cached original is rejected if deleted during a later state read (952.89675ms)
✔ file-journal: cached original is rejected if corrupted during a later state read (954.337791ms)
✔ file-journal: context rechecks metadata-reused originals after its staging await (2141.290458ms)
✔ file-journal: context rechecks ordinary cached originals after staging without a calls.get copy (1103.999708ms)
✔ file-journal: final cached-source check retains contract authority handling (957.619667ms)
✔ file-journal: final cached-source check retains policy authority handling (758.086625ms)
✔ file-journal: final cached-source check retains unrelated authority handling (948.675833ms)
✔ resource progress: legacy and paged catalog cards share a stable preparation key independent of query and cursor metadata (4.6985ms)
✔ resource progress: exact schema loading earns a distinct credit and also records discovery so reverse-order searches add none (1.364166ms)
✔ resource progress: forged, mismatched or denied tool metadata and too-large responses do not earn preparation credit (0.923ms)
✔ resource progress: guidance listing metadata does not reset progress and exact body loading subsumes the card (1.247333ms)
✔ resource progress: guidance body credit requires permitted manifest, matching indexed original and canonical selection identity (0.823958ms)
✔ resource progress: empty results, history/evidence reads and arbitrary new artifacts cannot fabricate preparation (0.257541ms)
✔ resource progress: replayed, reused and unadopted resource results cannot earn a new preparation key (0.270292ms)
✔ resource progress sqlite/documents-simple: default no-progress policy allows discovery, schemas and guidance before the real source (578.5925ms)
✔ resource progress sqlite/observations-simple: default no-progress policy allows discovery, schemas and guidance before the real source (480.162209ms)
✔ resource progress sqlite: repeated identical catalog preparation stops after the first credit and three empty steps (370.659042ms)
✔ resource progress sqlite: repeated identical guidance preparation stops after the first credit and three empty steps (406.583167ms)
✔ resource progress sqlite: empty searches with different query and task IDs stop at the default limit (381.351708ms)
✔ resource progress file-journal/documents-simple: default no-progress policy allows discovery, schemas and guidance before the real source (3047.402417ms)
✔ resource progress file-journal/observations-simple: default no-progress policy allows discovery, schemas and guidance before the real source (3127.451208ms)
✔ resource progress file-journal: repeated identical catalog preparation stops after the first credit and three empty steps (3132.659083ms)
✔ resource progress file-journal: repeated identical guidance preparation stops after the first credit and three empty steps (3229.03275ms)
✔ resource progress file-journal: empty searches with different query and task IDs stop at the default limit (2612.630209ms)
✔ catalog filters before ranking, bounds cards, separates providers and loads only an exact schema (22.934292ms)
✔ registration snapshots reject namespace/duplicates and cannot be mutated through adapters or catalog results (7.971084ms)
✔ documents-simple: discovery and selected guidance share the execution ledger without adding evidence or permissions (41.518959ms)
✔ observations-simple: discovery and selected guidance share the execution ledger without adding evidence or permissions (23.971042ms)
✔ simple direct lookup does not load optional guidance or run a hypothesis review (8.449125ms)
✔ method selection follows contradiction, independence and response needs without model calls (8.001625ms)
✔ guidance metadata/limits do not read bodies and wrong version, tenant or applicability are rejected (7.452084ms)
✔ evidence readers distinguish protected/missing, superseded and retracted records; limits preserve provenance (6.197875ms)
✔ call result lookup stays historical after retraction and does not restore it to current evidence (9.630041ms)
✔ broker rejects calls without a committed dispatch or with another owner before reaching a tool (6.421083ms)
✔ in-flight output is not downgraded to a less restricted artifact when labels are revoked (8.750042ms)
✔ revocation after result storage settles without reading protected bytes or repeatedly getting stuck (6.95775ms)
✔ stored guidance and invocation results can be read after SQLite/artifact/source restart without source execution (284.530584ms)
✔ guidance source rejects altered content, path escape and symlink replacement (59.806959ms)
✔ model-facing evidence and call readers use the common budget without reexecuting a source or completing a changed goal (21.14375ms)
✔ sqlite: one commit and reopen retain state, all ordered events, deliveries and historical receipts (63.031833ms)
✔ sqlite: duplicate and idempotency conflict precede revision conflict and preserve the first receipt (62.627291ms)
✔ sqlite: malformed commits leave all four collections unchanged, even on duplicate commands (89.936333ms)
✔ sqlite: caller mutations and mutable returned snapshots cannot rewrite persisted history (96.601125ms)
✔ sqlite: work, tenant, principal, channel and conversation identifiers remain separate (126.198167ms)
✔ sqlite: event cursors are exclusive and sequence numbers are local to each work (73.608208ms)
✔ sqlite: runnable respects exact deadline, obligation, tool and model recovery boundaries after reopen (366.936625ms)
✔ sqlite: two separate processes race on revision with exactly one atomic winning commit (158.044ms)
✔ sqlite: two separate processes race on same-command with exactly one atomic winning commit (140.249125ms)
✔ sqlite: two separate processes race on different-digest with exactly one atomic winning commit (149.694833ms)
✔ sqlite: acknowledged commit survives SIGKILL without close and reopening replays its receipt without duplicate records (260.733917ms)
✔ file-journal: one commit and reopen retain state, all ordered events, deliveries and historical receipts (178.211292ms)
✔ file-journal: duplicate and idempotency conflict precede revision conflict and preserve the first receipt (187.998833ms)
✔ file-journal: malformed commits leave all four collections unchanged, even on duplicate commands (487.95575ms)
✔ file-journal: caller mutations and mutable returned snapshots cannot rewrite persisted history (199.957792ms)
✔ file-journal: work, tenant, principal, channel and conversation identifiers remain separate (835.202709ms)
✔ file-journal: event cursors are exclusive and sequence numbers are local to each work (277.671083ms)
✔ file-journal: runnable respects exact deadline, obligation, tool and model recovery boundaries after reopen (2353.994625ms)
✔ file-journal: two separate processes race on revision with exactly one atomic winning commit (256.853042ms)
✔ file-journal: two separate processes race on same-command with exactly one atomic winning commit (221.107375ms)
✔ file-journal: two separate processes race on different-digest with exactly one atomic winning commit (276.91225ms)
✔ file-journal: acknowledged commit survives SIGKILL without close and reopening replays its receipt without duplicate records (573.16175ms)
✔ sqlite: profile closes the opened state repository when channel initialization fails (83.908166ms)
✔ file-journal: profile closes the opened state repository when channel initialization fails (58.99575ms)
✔ sqlite/documents-simple: CLI persists backend choice across processes and prevents an accidental switch (1298.384583ms)
✔ sqlite/observations-simple: CLI persists backend choice across processes and prevents an accidental switch (1341.028167ms)
✔ file-journal/documents-simple: CLI persists backend choice across processes and prevents an accidental switch (4402.50475ms)
✔ file-journal/observations-simple: CLI persists backend choice across processes and prevents an accidental switch (3922.806375ms)
✔ legacy SQLite profile acquires metadata without losing its work or accepting a backend switch (516.406167ms)
✔ two processes choosing different backends create only one accepted profile (872.065125ms)
✔ invalid or linked profile metadata is rejected without opening a new backend (36.595541ms)
✔ memory: recent metadata is bounded at the requested revision and omits payloads without changing state (15.378042ms)
✔ memory: pages progress once per matching work across Unicode IDs and isolate the complete binding scope (9.373541ms)
✔ memory: query limits, malformed cursors and empty repositories have a defined result (6.111ms)
✔ sqlite: recent metadata is bounded at the requested revision and omits payloads without changing state (209.296666ms)
✔ sqlite: pages progress once per matching work across Unicode IDs and isolate the complete binding scope (200.818291ms)
✔ sqlite: query limits, malformed cursors and empty repositories have a defined result (72.618875ms)
✔ file-journal: recent metadata is bounded at the requested revision and omits payloads without changing state (651.744292ms)
✔ file-journal: pages progress once per matching work across Unicode IDs and isolate the complete binding scope (1013.406375ms)
✔ file-journal: query limits, malformed cursors and empty repositories have a defined result (38.48325ms)
✔ journal: each page inspects only its directory budget and a foreign-only page still advances (777.107083ms)
✔ journal: cold, warm and external append distinguish body hashing from parsed and replayed records (455.978917ms)
✔ journal: a warm query rejects same-length after caching the complete history (200.927334ms)
✔ journal: a warm query rejects middle-delete after caching the complete history (189.9655ms)
✔ journal: a warm query rejects tail-delete after caching the complete history (190.898375ms)
✔ journal: a warm query rejects replacement after caching the complete history (182.076417ms)
✔ journal: a warm query rejects symlink after caching the complete history (187.762625ms)
✔ journal: a warm query rejects mode after caching the complete history (182.9205ms)
✔ journal: a warm query rejects header after caching the complete history (176.183917ms)
✔ journal: a warm read still fails when the directory durability fence fails (106.765125ms)
✔ journal: a normal pending-link cleanup during a warm read retries the entire record once (123.865125ms)
✔ journal: repeated record changes exhaust the bounded read retry and fail closed (92.995459ms)
✔ journal: cache accounting includes historical receipt snapshots and eviction releases record identities (283.856083ms)
✔ journal: a delayed older commit acknowledgement cannot lower a newer observed head with caching disabled (193.296167ms)
✔ sqlite: transactional migration backfills query indexes and an already open legacy writer keeps them current (124.100667ms)
✔ sqlite: migration failure rolls back schema and leaves the legacy records unchanged (90.500833ms)
✔ sqlite: reopening an intermediate v2 store rebuilds stale indexes and replaces old triggers transactionally (90.859708ms)
✔ sqlite: a failed index write rolls back canonical state, events, receipt and binding changes together (51.114458ms)
✔ sqlite: bounded query SQL selects metadata and IDs without loading event or work bodies (54.977334ms)
✔ one atomic commit stores state, events, outbox and idempotency receipt (52.303334ms)
✔ injected failure between state and event writes rolls back every record (75.025917ms)
✔ waiting state and wake obligation survive process termination after commit (207.820458ms)
✔ two independent processes cannot commit from the same stale revision (182.89525ms)
✔ structured planner accepts one strict JSON proposal and forwards identity, options and source-boundary instructions once (3.311167ms)
✔ configuration and request snapshots cannot be rewritten by caller or transport mutation (0.9225ms)
✔ input estimation includes the exact transport request and schema without invoking the transport or claiming measured usage (0.482334ms)
✔ input estimation uses the same policy and size gates as transport requests (0.730875ms)
✔ finish reasons remain distinct and never expose provider failure content or run hidden retries (0.5775ms)
✔ invalid JSON, schema, response fields and missing proposal fail without repair calls (1.167ms)
✔ usage omission is unknown rather than zero; only independently valid safe integer fields survive invalid envelopes (1.490791ms)
✔ provider and model identity mismatch cannot masquerade as the configured adapter (0.263833ms)
✔ missing options, denied destinations and unauthorized tool schemas never reach the transport (0.4265ms)
✔ request and response limits use UTF-8 bytes and preserve valid usage on oversized responses (0.274667ms)
✔ transport exceptions become fixed errors with unknown usage and no implicit retry (0.572292ms)
✔ pre-call cancellation has no transport effect; late cancellation preserves returned usage without accepting a proposal (0.216625ms)
✔ abort-related transport rejection is cancellation with unmeasured usage (0.134625ms)
✔ invalid configurations fail with a fixed message before transport registration (0.138875ms)
✔ structured transport rejects incomplete observation pairs and reference bodies before invocation (2.111625ms)
✔ synthetic document inputs produce independently observed app facts and separate session/call usage (5.939916ms)
✔ every lease identity dimension is checked at input and a forged grant applies no input (1.343875ms)
✔ stale observation identity and focus are rejected with zero input (1.482792ms)
✔ current target uniqueness, ref, role, name, visibility and enabled state gate the actual target (2.159459ms)
✔ an expired delayed input cannot reach a new owner and old release cannot release the new lease (0.82525ms)
✔ human handoff interrupts pending input, invalidates old views and remains owned after agent release (0.350125ms)
✔ cancellation and shared deadline are rechecked after a driver delay without injecting late input (0.360708ms)
✔ wait observes late readiness using virtual condition changes and a single remaining deadline (0.804417ms)
✔ applied-but-unknown save retains its effect and exact operation replay never saves twice (0.786875ms)
✔ concurrent identical operations join while timeout injection and hook failure apply zero input (0.394209ms)
✔ bounded partial observations never expose omitted targets for action or silently exceed bytes (0.172958ms)
✔ durable synthetic contents and input counts survive reconstruction while leases and observations do not (153.325333ms)
✔ authority is required after delay and host hook, and focus is rechecked after asynchronous authorization (0.824916ms)
✔ synthetic fill accepts the shared 8192-character limit and rejects an oversized value before input (0.419625ms)
✔ synthetic receipts: applied and explicitly not-applied records are durable before response and lookup changes no app bytes (83.68225ms)
✔ synthetic receipts: applied-unknown and negative receipts remain queryable by their original epoch after restart (117.758375ms)
✔ synthetic receipts: missing identities and changed action, target, view or focus never inherit another receipt (1.013625ms)
✔ synthetic receipts: another work cannot read an original receipt even with a valid current session grant (0.332666ms)
✔ synthetic receipts: denied or missing read authority, cancelled signals and expired grants disclose no receipt (0.834792ms)
✔ synthetic receipts: cancellation, expiry and owner replacement during read authorization are checked again (0.6635ms)
✔ synthetic receipts: a pending input lookup returns unknown without joining or executing the action (0.654375ms)
✔ synthetic receipts: legacy app contents migrate without inventing operation proofs from saved values or counts (52.448292ms)
✔ synthetic receipts: a full bounded ledger rejects new input, keeps old proofs and remains full after reopen (83.710542ms)
✔ synthetic receipts: a reopened full ledger cannot relabel an old applied command as not-applied (75.739041ms)
✔ synthetic receipts: hundreds of distinct refused operations keep diagnostics bounded and preserve the original proof (53.213667ms)
✔ synthetic receipts: pending operation memory caps authorization waits and retains the first response without duplicate input (132.086ms)
✔ synthetic receipts: delayed concurrent operations cannot overfill a one-record ledger (48.875375ms)
✔ synthetic receipts: malformed, duplicate and oversized persisted receipt sets fail before replacing the file (86.959167ms)
✔ synthetic receipts: an older instance cannot overwrite the newer epoch or its existing receipt file (77.881875ms)
✔ synthetic receipts: mutable lookup inputs and returned receipts cannot change the pinned identity or cached proof (0.401417ms)
✔ synthetic computer storage: reopening prevents the stale owner from publishing its old app as a fresh observation (66.771541ms)
✔ synthetic computer storage: stale delayed search interrupts waiters without throwing or overwriting the reopened file (106.703542ms)
✔ synthetic computer storage: lost directory-sync acknowledgement preserves an applied receipt while blocking new inputs (84.5875ms)
✔ sqlite: broker rechecks source knowledge after a real reuse lookup misses (147.128625ms)
✔ sqlite: legacy attempt rejects a destination replacement during beforeInvoke (90.352208ms)
✔ sqlite: legacy attempt rejects a labels replacement during beforeInvoke (122.295042ms)
✔ sqlite: legacy attempt rejects a effect replacement during beforeInvoke (123.687917ms)
✔ sqlite: legacy attempt rejects a destination replacement during reuse (95.912042ms)
✔ sqlite: legacy attempt rejects a labels replacement during reuse (93.058208ms)
✔ sqlite: legacy attempt rejects a effect replacement during reuse (86.793209ms)
✔ sqlite: an unchanged legacy attempt invokes once after asynchronous guards and a reuse miss (95.130291ms)
✔ file-journal: broker rechecks source knowledge after a real reuse lookup misses (797.745583ms)
✔ file-journal: legacy attempt rejects a destination replacement during beforeInvoke (600.0515ms)
✔ file-journal: legacy attempt rejects a labels replacement during beforeInvoke (530.835ms)
✔ file-journal: legacy attempt rejects a effect replacement during beforeInvoke (547.669583ms)
✔ file-journal: legacy attempt rejects a destination replacement during reuse (398.260958ms)
✔ file-journal: legacy attempt rejects a labels replacement during reuse (287.942917ms)
✔ file-journal: legacy attempt rejects a effect replacement during reuse (260.95125ms)
✔ file-journal: an unchanged legacy attempt invokes once after asynchronous guards and a reuse miss (448.6185ms)
✔ provider pages become visible in one publication and keep unrelated providers (15.663916ms)
✔ only a complete empty provider listing retires that provider (5.643208ms)
✔ provider partial transport failure preserves the previously published snapshot (5.672208ms)
✔ provider mixed provider revisions preserves the previously published snapshot (4.394292ms)
✔ provider cross-page duplicate preserves the previously published snapshot (3.275583ms)
✔ provider pagination cycle preserves the previously published snapshot (3.213792ms)
✔ provider wrong provider namespace preserves the previously published snapshot (3.243208ms)
✔ provider invalid namespace definition preserves the previously published snapshot (3.982625ms)
✔ provider invalid JSON schema preserves the previously published snapshot (3.283084ms)
✔ provider missing completeness cursor preserves the previously published snapshot (2.866292ms)
✔ provider undeclared partial flag preserves the previously published snapshot (3.586042ms)
✔ provider page bound preserves the previously published snapshot (5.679209ms)
✔ provider tool bound preserves the previously published snapshot (3.531667ms)
✔ provider definition byte bound preserves the previously published snapshot (2.897958ms)
✔ provider pre-cancellation makes no listing call (2.102917ms)
✔ provider abort ends an ignored-signal wait and late listing cannot publish (2.5615ms)
✔ provider abort during schema compilation still prevents publication (2.082959ms)
✔ concurrent same-provider refresh refuses an older listing after a newer publication (2.785625ms)
✔ concurrent unrelated provider refreshes both publish without reverting each other (2.786459ms)
✔ provider staging snapshots metadata and callbacks before awaiting another page (3.122625ms)
✔ catalog cursor pages reach every permitted result after 20 without duplicate or missing cards (19.367667ms)
✔ catalog cursor replay returns the same cards while allowing a smaller per-page item limit (11.967333ms)
✔ catalog cursor is bound to current query (9.377667ms)
✔ catalog cursor is bound to current tenant (8.284083ms)
✔ catalog cursor is bound to current principal (7.01825ms)
✔ catalog cursor is bound to current tools (6.352208ms)
✔ catalog cursor is bound to current labels (5.777333ms)
✔ catalog cursor is bound to current destinations (5.970791ms)
✔ catalog cursor is bound to current writes (6.490084ms)
✔ catalog cursor rejects unpublished, stale, and restarted lookup state (10.649542ms)
✔ catalog cursor expires by injected clock and bounded index eviction requires a fresh search (8.348875ms)
✔ catalog applies permissions before rank, total page size, and hasMore (7.328583ms)
✔ catalog page budgets count Unicode and the entire response envelope (3.386584ms)
✔ catalog rejects invalid bounds and keeps punctuation-only search bounded and empty (5.850417ms)
✔ catalog reuses immutable definition digests across cursor pages and refreshes after registry replacement (10.216791ms)
✔ sqlite/documents-simple: durable reuse keeps evidence identity and charges source costs once after reopen (484.719375ms)
✔ sqlite/observations-simple: durable reuse keeps evidence identity and charges source costs once after reopen (472.627708ms)
✔ file-journal/documents-simple: durable reuse keeps evidence identity and charges source costs once after reopen (3351.621208ms)
✔ file-journal/observations-simple: durable reuse keeps evidence identity and charges source costs once after reopen (4505.940333ms)
✔ sqlite: default deny and fresh request perform actual reads, unreported adapter costs stay unknown (502.161958ms)
✔ sqlite: TTL boundary makes a new read and adoption after expiry rejects an already-stored hit (610.474709ms)
✔ sqlite: a changed principal cannot reuse a result obtained under the old policy (282.467292ms)
✔ sqlite: contract changes before dispatch fail without invoking; unrelated registry changes keep a selected contract usable (299.722459ms)
✔ sqlite: a reuse clone cannot survive source custody removal in history, copies, or context (299.519542ms)
✔ sqlite: original artifact is rechecked at the adoption commit boundary (256.257166ms)
✔ sqlite: a dispatched call without a received measurement remains unknown after reopen (117.880583ms)
✔ sqlite: unsent cancellation and legacy reservation expiry do not create unknown execution costs (66.073958ms)
✔ sqlite: emitted observation source contracts are checked even when that tool schema is not selected (393.795084ms)
✔ sqlite: registry removal while a context frame is staged prevents returning the prepared input (200.553042ms)
✔ file-journal: default deny and fresh request perform actual reads, unreported adapter costs stay unknown (2441.309417ms)
✔ file-journal: TTL boundary makes a new read and adoption after expiry rejects an already-stored hit (3015.060583ms)
✔ file-journal: a changed principal cannot reuse a result obtained under the old policy (1284.878959ms)
✔ file-journal: contract changes before dispatch fail without invoking; unrelated registry changes keep a selected contract usable (1226.88625ms)
✔ file-journal: a reuse clone cannot survive source custody removal in history, copies, or context (2314.053667ms)
✔ file-journal: original artifact is rechecked at the adoption commit boundary (1186.746459ms)
✔ file-journal: a dispatched call without a received measurement remains unknown after reopen (317.95025ms)
✔ file-journal: unsent cancellation and legacy reservation expiry do not create unknown execution costs (238.701708ms)
✖ dist/tests/tool-efficiency-runtime.test.js (24863.63275ms)
✔ tool reuse: trusted immutable defaults reuse across task IDs while preserving exact original evidence, timing and nullable usage (44.87475ms)
✔ tool reuse: untrusted-default always misses (13.394125ms)
✔ tool reuse: untrusted-request always misses (9.286542ms)
✔ tool reuse: fresh always misses (8.4385ms)
✔ tool reuse: TTL begins at original start, expires at the exact boundary, and is rechecked before adoption (11.296208ms)
✔ tool reuse: retracted source evidence is never reused (10.751416ms)
✔ tool reuse: deleted source evidence is never reused (10.275792ms)
✔ tool reuse: restricted source evidence is never reused (9.775584ms)
✔ tool reuse: corrected source evidence is never reused (9.951083ms)
✔ tool reuse: superseded source evidence is never reused (9.220875ms)
✔ tool reuse: missing source evidence is never reused (9.527542ms)
✔ tool reuse: contract-stamp original attempt cannot establish a cache hit (7.884916ms)
✔ tool reuse: execution-proof original attempt cannot establish a cache hit (7.281292ms)
✔ tool reuse: reused original attempt cannot establish a cache hit (8.445125ms)
✔ tool reuse: not-invoked original attempt cannot establish a cache hit (6.978084ms)
✔ tool reuse: partial original attempt cannot establish a cache hit (7.711583ms)
✔ tool reuse: unknown original attempt cannot establish a cache hit (7.773417ms)
✔ tool reuse: unadopted original attempt cannot establish a cache hit (7.580791ms)
✔ tool reuse: future original attempt cannot establish a cache hit (7.686125ms)
✔ tool reuse: full goal context changes invalidate the old key (7.098333ms)
✔ tool reuse: full goal-revision context changes invalidate the old key (7.063791ms)
✔ tool reuse: full scope context changes invalidate the old key (6.666875ms)
✔ tool reuse: full owner context changes invalidate the old key (7.693ms)
✔ tool reuse: full labels context changes invalidate the old key (7.902666ms)
✔ tool reuse: full permission context changes invalidate the old key (7.256167ms)
✔ tool reuse: changed immutable sourceVersion or schema under the same tool version invalidates pinned contracts (11.703959ms)
✔ tool reuse: a different canonical input under the same trusted definition is a cache miss (7.205333ms)
✔ tool reuse: parent retraction invalidates an unchanged derived evidence payload (10.414292ms)
✔ tool reuse: missing or damaged original bytes and oversized results are conservative misses (15.850458ms)
✔ tool reuse: a partial canonical result is not an original complete observation (8.882917ms)
✔ tool reuse: a cursor canonical result is not an original complete observation (9.917041ms)
✔ tool reuse: a reused canonical result is not an original complete observation (8.724625ms)
✔ tool reuse: a identity canonical result is not an original complete observation (9.018208ms)
✔ tool reuse: forged payloads, evidence timing, consumer identity, source stamps and accounting reports fail validation (13.77175ms)
✔ tool reuse: current source knowledge must validate and travels with the reused result (11.027083ms)
✔ tool reuse: source authority changes while canonical receipt lookup waits prevent a stale hit (8.193125ms)
✔ tool reuse: find-remove during the final state read invalidates the registry pin (9.095834ms)
✔ tool reuse: validate-source-version during the final state read invalidates the registry pin (10.272ms)
✔ tool reuse: validate-labels during the final state read invalidates the registry pin (9.06175ms)
✔ tool result validation: proof requirement is part of the contract and missing callbacks reject registration atomically (14.247875ms)
✔ tool result validation: assigning new fields or callback on the original adapter cannot alter a registered proof (10.0615ms)
✔ tool result validation: provider callback receives detached state and result values (4.920209ms)
✔ tool result validation: same-version replacement while awaiting a proof invalidates the pending answer (3.240375ms)
✔ tool result validation: removal or unrelated provider refresh has the correct registration scope (6.462334ms)
✔ tool result validation: legacy tools retain optional validation and rejected or malformed proofs fail closed (13.418209ms)
✔ Web HTTP → stored workflow → restart is readonly (sqlite) (1068.969125ms)
✔ Web HTTP → stored workflow → restart is readonly (file-journal) (7265.355542ms)
✔ web session is one-time, per-instance, HttpOnly; reload and static reads never execute (33.97575ms)
✔ web Host, Origin, Fetch Metadata, CSRF and strict JSON reject before controller entry (15.040833ms)
✔ web exact assets, methods and cursor options do not expose files or internal errors (14.811459ms)
✔ web session expiry during body blocks mutation entry, logout blocks late view payload (26.792625ms)
✔ web bootstrap expires and authenticated request rate has a finite window (345.502833ms)
✔ web SSE emits projection changes at same revision, reconnect is readonly, denial closes (3037.306875ms)
✔ web SSE session revocation, stream cap and lifetime release resources (37.7965ms)
✔ closed SSE keeps physical read slots until completion; reconnect cannot create unbounded reads (369.971792ms)
✔ web pending run permits independent cancel and disconnect does not call cancel (15.474125ms)
✔ browser view: same-revision source invalidation replaces a result without sorting opaque cursors (0.716125ms)
✔ browser view: unavailable invalidates pending details and unchanged cannot resurrect revoked content (0.106917ms)
✔ browser view: an accepted conversation refresh invalidates an older in-flight detail response (0.150208ms)
✔ browser view: work identity, level, revision and goal version cannot be mixed or reversed (0.099542ms)
✔ browser view: repeated message identities update in place while new goal versions have distinct identities (0.2225ms)
✔ browser view: snapshots clone data and invalidate other levels without mutating the previous view (0.212917ms)
✔ browser view: state and cursors remain isolated across two selected works (0.150334ms)
✔ browser view: history readers are not treated as pinned to the end of a scroll region (0.091583ms)
✔ browser reads: serialization starts the next request only after the prior read completes (0.159708ms)
✔ browser reads: unavailability discards already-queued old reads and a new selection has its own queue epoch (0.123167ms)
✔ browser reads: a failed read does not permanently block later explicit reads (0.215542ms)
✔ browser stream: unchanged events make no reads and a burst of changes has at most one follow-up read (0.295459ms)
✔ browser stream: an invalidated stream cannot start its queued follow-up refresh (0.463333ms)
✔ browser stream: delayed change notifications only read the current same-revision source state (0.092542ms)
✔ browser acceptance: a lost response keeps the same receipt identity for an explicit retry (0.08725ms)
✔ browser acceptance: the same receipt after a lost response produces one work in a receipt-based fake receiver (0.0405ms)
✔ browser status: stored completion is distinct from a currently invalidated result (0.072916ms)
✔ browser goal editing: changing only the description preserves the current fast mode over the original goal mode (0.163042ms)
✔ browser goal editing: a pending requested mode is preserved and its control revision is pinned (0.072875ms)
✔ browser goal editing: a control, goal or work change rejects submission without changing the input draft (0.275292ms)
✔ browser goal editing: an explicit refreshed basis retains user edits and adopts the latest requested mode (0.103875ms)
✔ progress runtime sqlite: renamed tasks share failure history and backoff survives workflow runs and reopening (470.2895ms)
✔ progress runtime sqlite: replanning cannot extend the first semantic request retry deadline (295.448875ms)
✔ progress runtime sqlite: successful empty results still stall and mode, compact, resume and reopening cannot erase that state (490.725ms)
✔ progress runtime sqlite: a stored tool result settles atomically before allocation gates and verified completion still wins (239.1965ms)
✔ progress runtime sqlite: a stored model reply settles after reopening even when new allocations are blocked (278.166708ms)
✔ progress runtime sqlite: repeated invalid model proposals preserve one failure key and persist model backoff (945.750375ms)
✔ progress runtime sqlite: a new goal starts a new streak while preserving usage, processed history and failure deadlines (224.753333ms)
✔ progress runtime sqlite: an unknown synthetic write remains an obligation ahead of a no-progress allocation stop (279.618375ms)
✔ progress runtime file-journal: renamed tasks share failure history and backoff survives workflow runs and reopening (4505.882583ms)
✔ progress runtime file-journal: replanning cannot extend the first semantic request retry deadline (2073.959333ms)
✔ progress runtime file-journal: successful empty results still stall and mode, compact, resume and reopening cannot erase that state (3140.279333ms)
✔ progress runtime file-journal: a stored tool result settles atomically before allocation gates and verified completion still wins (1651.965708ms)
✔ progress runtime file-journal: a stored model reply settles after reopening even when new allocations are blocked (1310.493458ms)
✔ progress runtime file-journal: repeated invalid model proposals preserve one failure key and persist model backoff (3782.263375ms)
✔ progress runtime file-journal: a new goal starts a new streak while preserving usage, processed history and failure deadlines (501.036333ms)
✖ dist/tests/work-progress-runtime.test.js (20835.809125ms)
✔ progress: a unique committed operation contributes once and returned state has no mutable aliases (0.861ms)
✔ progress: permutations, repeated known keys and new operation IDs cannot fabricate productive steps (1.201083ms)
✔ progress: explicit goal epochs reset only the current streak and preserve deduplication and the original retry window (0.308542ms)
✔ progress: processed capacity saturates without evicting prior records or resetting on a new goal (0.293209ms)
✔ progress: knownKeys capacity saturates without evicting prior records or resetting on a new goal (0.101792ms)
✔ progress: repeated failures retain their first deadline and use the current backoff without extending the retry window (0.452125ms)
✔ progress: retry gate respects the work deadline and specific repeated-failure limits (0.248041ms)
✔ progress: policies remain pinned and invalid counters, times, keys or schema fields fail closed (0.552083ms)
✔ capture: a new negative observation is productive while aliases, timestamps and duplicate originals are not (2.894667ms)
✔ capture: changed facts, coverage and an authenticated original version can each carry new information (0.448583ms)
✔ capture: derived copies do not add progress or independent completion credit (0.265ms)
✔ capture: tenant evidence cannot earn progress (0.1435ms)
✔ capture: scope evidence cannot earn progress (0.120584ms)
✔ capture: labels evidence cannot earn progress (0.313958ms)
✔ capture: retracted evidence cannot earn progress (0.2725ms)
✔ capture: deleted evidence cannot earn progress (0.117292ms)
✔ capture: blocked-artifact evidence cannot earn progress (0.121208ms)
✔ capture: a hypothesis assessment is credited once per semantic evidence basis, not per hypothesis text or evidence ID (0.350542ms)
✔ capture: no evidence or a stale hypothesis assessment earns a fresh reasoning credit (0.161708ms)
✔ capture: only satisfied obligations contribute and identity or explanation rewrites cannot repeat the credit (0.13175ms)
✔ capture: plan, task, revision, mode, usage and replay changes cannot reset a stalled work (0.1425ms)
✔ capture: trusted explicit item progress and returned state copies follow the same deduplication contract (0.090375ms)
✔ progress sqlite: reopen and duplicate commit preserve settlement counts and the first retry deadline (94.781708ms)
✔ progress file-journal: reopen and duplicate commit preserve settlement counts and the first retry deadline (188.9615ms)
✔ sqlite: page options cannot replace the trusted actor or conversation route (269.4665ms)
✔ sqlite: diagnostics uses metadata through the current revision and never requests full event payloads (499.859834ms)
✔ sqlite: a denied-only list page stops after one candidate page and continues after a detached anchor (1738.209125ms)
✔ sqlite: list cursor handles expire, stay instance scoped, and are evicted without resolving all IDs (205.597709ms)
✔ file-journal: page options cannot replace the trusted actor or conversation route (455.726666ms)
✔ file-journal: diagnostics uses metadata through the current revision and never requests full event payloads (1064.277625ms)
✖ dist/tests/work-query-view.test.js (19333.821792ms)
✔ sqlite: public CLI cursor survives process reconnect without executing or changing the work (2629.968625ms)
✔ sqlite: public CLI binds reconnect to the registered conversation and keeps the primary reply route (2716.289917ms)
✔ sqlite: delivered results disappear from the current CLI view after a goal change and explicit cancel (2221.07425ms)
✔ file-journal: public CLI cursor survives process reconnect without executing or changing the work (2856.918292ms)
✔ file-journal: public CLI binds reconnect to the registered conversation and keeps the primary reply route (3738.912042ms)
✔ file-journal: delivered results disappear from the current CLI view after a goal change and explicit cancel (4473.926292ms)
✖ dist/tests/work-view-cli.test.js (19159.049875ms)
✔ human work view labels prepared outputs and never turns unknown delivery into delivered or read (0.64475ms)
✔ human work view keeps stored completion separate from a currently invalid result (0.070792ms)
✔ human work view strips terminal controls and gives a bounded status reason without replaying diagnostics (0.089208ms)
✔ human work view makes observing another reply route explicit and keeps unchanged output quiet (0.736125ms)
✔ sqlite: empty accepted work reads and reopens without executing, writing, or sending (138.943209ms)
✔ sqlite: ownership, exact route, current read restriction, and diagnostics are distinct checks (118.693375ms)
✔ sqlite: legacy read labels also protect retained text (61.958791ms)
✔ sqlite: cursors bind level, route, actor rights, and work without moving the primary reply (128.892791ms)
✔ sqlite: verified prepared results remain distinct from pending and unknown delivery (315.067583ms)
✔ sqlite: missing source and corrupt response withhold a same-revision result before cursor matching (104.809083ms)
✔ sqlite: originals, goals, cancellation, and hypothesis review invalidate historical replies (133.576959ms)
✔ sqlite: only the current pending question is displayed and resolved questions disappear (99.984667ms)
✔ sqlite: losing a separate hypothesis basis withholds the result consistently at every view level (121.831834ms)
✔ sqlite: a derived evidence card requires every original ancestor to remain available (99.980041ms)
✔ sqlite: knowledge changes reject current and repeated reads without refreshing state (105.270291ms)
✔ sqlite: revocation during artifact reads or final state checks prevents unchanged and snapshots (128.680833ms)
✔ sqlite: a disappearing original during projection is revalidated before returning a cached cursor (91.058125ms)
✔ sqlite: detail and diagnostic cards are bounded and omit raw inputs, outputs, event payloads, and controls (128.845542ms)
✔ file-journal: empty accepted work reads and reopens without executing, writing, or sending (414.196834ms)
✔ file-journal: ownership, exact route, current read restriction, and diagnostics are distinct checks (601.843208ms)
✔ file-journal: legacy read labels also protect retained text (272.484875ms)
✔ file-journal: cursors bind level, route, actor rights, and work without moving the primary reply (673.081542ms)
✔ file-journal: verified prepared results remain distinct from pending and unknown delivery (1849.933959ms)
✔ file-journal: missing source and corrupt response withhold a same-revision result before cursor matching (410.114458ms)
✔ file-journal: originals, goals, cancellation, and hypothesis review invalidate historical replies (683.086458ms)
✔ file-journal: only the current pending question is displayed and resolved questions disappear (328.5495ms)
✔ file-journal: losing a separate hypothesis basis withholds the result consistently at every view level (964.388542ms)
✔ file-journal: a derived evidence card requires every original ancestor to remain available (487.942166ms)
✔ file-journal: knowledge changes reject current and repeated reads without refreshing state (294.676541ms)
✔ file-journal: revocation during artifact reads or final state checks prevents unchanged and snapshots (523.990125ms)
✔ file-journal: a disappearing original during projection is revalidated before returning a cached cursor (500.772084ms)
✔ file-journal: detail and diagnostic cards are bounded and omit raw inputs, outputs, event payloads, and controls (500.403709ms)
✔ sqlite/documents-simple: SIGKILL at before-execution resumes from reopened stores with 1 source call(s) and one result send (1109.65625ms)
✔ sqlite/documents-simple: SIGKILL at response-before-store resumes from reopened stores with 2 source call(s) and one result send (1098.341042ms)
✔ sqlite/documents-simple: SIGKILL at response-stored resumes from reopened stores with 1 source call(s) and one result send (884.132375ms)
✔ sqlite/documents-simple: SIGKILL at receiver-committed resumes from reopened stores with 1 source call(s) and one result send (909.02325ms)
✔ sqlite/observations-simple: SIGKILL at before-execution resumes from reopened stores with 1 source call(s) and one result send (1013.059958ms)
✔ sqlite/observations-simple: SIGKILL at response-before-store resumes from reopened stores with 2 source call(s) and one result send (1062.746166ms)
✔ sqlite/observations-simple: SIGKILL at response-stored resumes from reopened stores with 1 source call(s) and one result send (971.0115ms)
✔ sqlite/observations-simple: SIGKILL at receiver-committed resumes from reopened stores with 1 source call(s) and one result send (1014.771291ms)
✔ sqlite: SIGKILL after a synthetic write effect but before response storage preserves unknown and never repeats the write or claims completion (838.877125ms)
✔ file-journal/documents-simple: SIGKILL at before-execution resumes from reopened stores with 1 source call(s) and one result send (4028.776625ms)
✖ dist/tests/workflow-crash.test.js (14929.548625ms)
✔ documents-simple: restarted workflow adopts a stored model response and reaches delivered completion without another planner call (64.384625ms)
✔ observations-simple: restarted workflow adopts a stored model response and reaches delivered completion without another planner call (29.698958ms)
✔ an unknown result delivery causes bounded waiting and only one receipt lookup on the next explicit run (21.342083ms)
✔ a workflow without a planner returns a planning requirement and does not create an inferred plan (6.244416ms)
✔ workflow entry requires the full persisted execution policy rather than a narrower read-only view (5.788417ms)
✔ user cancellation between workflow steps preserves terminal state and cancels an unsent model reservation (8.527208ms)
✔ scoped actors cannot enter execution even when their current limits equal the work policy (4.209709ms)
✔ final checkpoint cannot report old completion when a goal change arrives during checkpoint storage (17.828875ms)
✔ workspace: missing or denying memory validators block file operations before workspace I/O (208.152167ms)
✔ workspace: stage rechecks memory custody after its asynchronous I/O (242.613333ms)
✔ workspace: read rechecks memory custody after its asynchronous I/O (143.499084ms)
✔ workspace: checkpoint rechecks memory custody after its asynchronous I/O (132.214792ms)
✔ workspace: restore rechecks memory custody after its asynchronous I/O (180.006167ms)
✔ workspace: cleanup rechecks memory custody after its asynchronous I/O (222.889084ms)
✔ workspace: sqlite checkpoint and byte-for-byte restore survive new state, artifact and workspace instances (384.120958ms)
✔ workspace: file-journal checkpoint and byte-for-byte restore survive new state, artifact and workspace instances (708.689834ms)
✔ workspace: identical paths are isolated by both work and attempt and ownership is checked before file access (243.211708ms)
✔ workspace: traversal, absolute, ambiguous and platform-specific paths cannot be staged (54.887833ms)
✔ workspace: repeated identical staging is idempotent and different content cannot overwrite it (142.79125ms)
✔ workspace: caller mutations after starting stage cannot change the bytes being staged (100.314208ms)
✔ workspace: two processes cannot overwrite the same staged path with different bytes (165.649125ms)
✔ workspace: artifact saved during a state change remains uncommitted and cannot replace the authoritative revision (139.03875ms)
✔ workspace: narrower actor grants never replace the stored work policy during checkpoint commit (108.657167ms)
✔ workspace: policy change during file read prevents returning previously read bytes (87.241291ms)
✔ workspace: generation change during file read prevents returning previously read bytes (64.840125ms)
✔ workspace: policy change during staging prevents a successful stale response and preserves the local file (110.933542ms)
✔ workspace: generation change during staging prevents a successful stale response and preserves the local file (72.039208ms)
✔ workspace: generation changes block even source-free checkpoints and preserve their staged files (160.682959ms)
✔ workspace: restricted is checked when restoring a checkpoint even without a generation change (187.364584ms)
✔ workspace: deleted is checked when restoring a checkpoint even without a generation change (183.664791ms)
✔ workspace: labels is checked when restoring a checkpoint even without a generation change (224.265792ms)
✔ workspace: artifact is checked when restoring a checkpoint even without a generation change (191.551208ms)
✔ workspace: lifecycle changes during artifact restore prevent files from being staged (198.26ms)
✔ workspace: cleanup preserves files while active (113.996458ms)
✔ workspace: cleanup preserves files while unknown (117.540917ms)
✔ workspace: cleanup preserves files while obligation (150.270958ms)
✔ workspace: cleanup preserves files while uncheckpointed (103.977167ms)
✔ workspace: a file staged after cleanup inspection causes manifest conflict and remains preserved (177.858792ms)
✔ workspace: missing checkpoint content prevents cleanup of the surviving staged file (154.702542ms)
✔ workspace: a remaining lock is never stolen by staging or cleanup (142.339ms)
✔ workspace: symlink files and replaced roots are rejected instead of reading or overwriting them (96.885625ms)
✔ workspace: content corruption and configured byte or file capacity limits fail without silent truncation (165.83975ms)
ℹ tests 1968
ℹ suites 0
ℹ pass 1961
ℹ fail 0
ℹ cancelled 7
ℹ skipped 0
ℹ todo 0
ℹ duration_ms 263178.630167

✖ failing tests:

test at dist/tests/local-evaluation.test.js:1:1
✖ dist/tests/local-evaluation.test.js (83303.786542ms)
  'Promise resolution is still pending but the event loop has already resolved'

test at dist/tests/read-collection-io.test.js:1:1
✖ dist/tests/read-collection-io.test.js (60164.305042ms)
  'Promise resolution is still pending but the event loop has already resolved'

test at dist/tests/tool-efficiency-runtime.test.js:1:1
✖ dist/tests/tool-efficiency-runtime.test.js (24863.63275ms)
  'Promise resolution is still pending but the event loop has already resolved'

test at dist/tests/work-progress-runtime.test.js:1:1
✖ dist/tests/work-progress-runtime.test.js (20835.809125ms)
  'Promise resolution is still pending but the event loop has already resolved'

test at dist/tests/work-query-view.test.js:1:1
✖ dist/tests/work-query-view.test.js (19333.821792ms)
  'Promise resolution is still pending but the event loop has already resolved'

test at dist/tests/work-view-cli.test.js:1:1
✖ dist/tests/work-view-cli.test.js (19159.049875ms)
  'Promise resolution is still pending but the event loop has already resolved'

test at dist/tests/workflow-crash.test.js:1:1
✖ dist/tests/workflow-crash.test.js (14929.548625ms)
  'Promise resolution is still pending but the event loop has already resolved'
