
> long-horizon-runtime@0.1.0 verify
> npm test && npm run typecheck:core && npm run check:architecture && npm run fixtures


> long-horizon-runtime@0.1.0 test
> npm run build && node --test dist/tests/*.test.js


> long-horizon-runtime@0.1.0 build
> tsc -p tsconfig.json && node scripts/record-build.mjs

✔ artifact I/O: metrics snapshots are independent and reset does not modify stored artifacts (53.019042ms)
✔ artifact I/O: first put counts its missing existence probe, exact UTF-8 hashes, and two atomic file writes (45.612916ms)
✔ artifact I/O: duplicate put verifies the existing body and performs no file writes (58.136917ms)
✔ artifact I/O: put repairs a corrupt existing object after counting the failed verification (98.818042ms)
✔ artifact I/O: get and exists each perform independent metadata, body, and integrity work under concurrent reads (64.604959ms)
✔ artifact I/O: tenant and label denials count API calls without opening or hashing files (37.854666ms)
✔ artifact I/O: missing json counts failed opens without claiming unread body bytes (62.800834ms)
✔ artifact I/O: missing blob counts failed opens without claiming unread body bytes (61.932166ms)
✔ artifact I/O: invalid metadata is a verification failure after a successful metadata read (80.88825ms)
✔ artifact I/O: a metadata reference mismatch stops before body read or hashing (73.069709ms)
✔ artifact I/O: same-size tampering hashes the read body (71.861833ms)
✔ artifact I/O: length mismatch preserves the existing hash short circuit (65.385333ms)
✔ artifact I/O: a body symlink remains unreadable and contributes no target bytes (95.05825ms)
✔ content, metadata and permissions survive artifact store restart (77.798208ms)
✔ same bytes under different tenant/labels never share an accessible reference (132.249708ms)
✔ corrupt bytes, missing originals, path traversal and symlink substitution are rejected (92.749708ms)
✔ artifact stored before failed state commit is reused after reopening, without dangling references (214.080459ms)
✔ execution intent and unadopted result persist independently of evidence acceptance (211.866583ms)
✔ budget crash sqlite: SIGKILL after durable child-genesis resumes one grant without Tool or Planner entry (642.498ms)
✔ budget crash sqlite: SIGKILL after durable parent-grant resumes one grant without Tool or Planner entry (645.612417ms)
✔ budget crash sqlite: SIGKILL after durable child-activation resumes one grant without Tool or Planner entry (728.39125ms)
✔ budget crash sqlite: SIGKILL after parent-draining retains consumed usage and cancels unsent tool once (1233.315208ms)
✔ budget crash sqlite: SIGKILL after child-fence retains consumed usage and cancels unsent tool once (1185.805375ms)
✔ budget crash sqlite: SIGKILL after parent-settlement retains consumed usage and cancels unsent tool once (1358.007333ms)
✔ budget crash sqlite: SIGKILL after parent-draining retains consumed usage and cancels unsent model once (1391.833833ms)
✔ budget crash sqlite: SIGKILL after child-fence retains consumed usage and cancels unsent model once (1342.658084ms)
✔ budget crash sqlite: SIGKILL after parent-settlement retains consumed usage and cancels unsent model once (1218.426667ms)
✔ budget crash file-journal: SIGKILL after durable child-genesis resumes one grant without Tool or Planner entry (1409.692583ms)
✔ budget crash file-journal: SIGKILL after durable parent-grant resumes one grant without Tool or Planner entry (1594.856875ms)
✔ budget crash file-journal: SIGKILL after durable child-activation resumes one grant without Tool or Planner entry (1143.098584ms)
✔ budget crash file-journal: SIGKILL after parent-draining retains consumed usage and cancels unsent tool once (4886.834334ms)
✔ budget crash file-journal: SIGKILL after child-fence retains consumed usage and cancels unsent tool once (4515.720584ms)
✔ budget crash file-journal: SIGKILL after parent-settlement retains consumed usage and cancels unsent tool once (4899.224416ms)
✔ budget crash file-journal: SIGKILL after parent-draining retains consumed usage and cancels unsent model once (4219.694ms)
✔ budget crash file-journal: SIGKILL after child-fence retains consumed usage and cancels unsent model once (4696.279375ms)
✔ budget crash file-journal: SIGKILL after parent-settlement retains consumed usage and cancels unsent model once (6105.563875ms)
✔ budget runtime sqlite: child execution settles once across duplicate creation, reconciliation and reopen without copying evidence (327.677083ms)
✔ budget runtime sqlite: parent remaining calls execute while escrow prevents parent and sibling over-allocation (367.741417ms)
✔ budget runtime sqlite: concurrent sibling grants cannot oversubscribe one parent's remaining budget (172.164ms)
✔ budget runtime sqlite: a child's last logical tool call is consumed by an actual dispatch and cannot be minted by a new task ID (359.22125ms)
✔ budget runtime sqlite: actual model dispatch and reported tokens remain charged when its plan is rejected (508.023583ms)
✔ budget runtime sqlite: a child token cap below the estimated reservation prevents durable model allocation and transport (159.689875ms)
✔ budget runtime sqlite: revoking an unsent tool reservation fences the child and returns only unused escrow (220.119375ms)
✔ budget runtime sqlite: revoking an unsent model reservation fences the child and returns only unused escrow (421.635042ms)
✔ budget runtime sqlite: revoke retains an active model's unknown usage, then late accounting settles once without adopting its plan (473.303ms)
✔ budget runtime sqlite: unknown write effects keep the grant outstanding after revoke and restart (478.534833ms)
✔ budget runtime sqlite: reported model overage is charged to the parent without clamping and prevents further funding (421.872833ms)
✔ budget runtime sqlite: reducing limits preserves committed charges and child deadlines while blocking new grants (276.808917ms)
✔ budget runtime sqlite: pending genesis cannot execute before funding (309.294625ms)
✔ budget runtime sqlite: pending genesis cannot execute before funding and parent cancellation wins activation (231.9115ms)
✔ budget runtime sqlite: child funding rejects broader authority, altered duplicate commands and work ID reattachment (190.720625ms)
✔ budget runtime sqlite: grant commit ACK loss resumes the same grant and child without another allocation (160.261667ms)
✔ budget runtime sqlite: activation commit ACK loss resumes the same grant and child without another allocation (209.196125ms)
✔ budget runtime sqlite: revocation during child activation installs a fence that the stale activation cannot overwrite (122.189041ms)
✔ budget runtime sqlite: revoke after tool dispatch and before entry prevents transport while keeping the logical dispatch charge (502.432708ms)
✔ budget runtime sqlite: revoke after model dispatch and before entry prevents transport while keeping the logical dispatch charge (532.950625ms)
✔ budget runtime sqlite: actual replan adoption spends the child's delegated replan allowance once (554.808ms)
✔ budget runtime sqlite: nested child execution reconciles through both grants without double charging or copying originals (643.899166ms)
✔ budget runtime sqlite: an unfunded pending child cannot turn resume or a new goal into execution authority (167.767791ms)
✔ budget runtime sqlite: a parent goal change fences a child's previously reserved tool before entry (256.3415ms)
✔ budget runtime sqlite: a parent policy change fences a child's previously reserved tool before entry (241.661334ms)
✔ budget runtime sqlite: a parent deadline change fences a child's previously reserved tool before entry (211.966542ms)
✔ budget runtime sqlite: a partially reported model response retains known tokens and unknown reservation after revoke and reopen (480.127292ms)
✔ budget runtime sqlite: sibling overage received during a tool dispatch ACK delay prevents its actual entry despite stale parent accounting (549.78225ms)
✔ budget runtime sqlite: sibling overage received during a model dispatch ACK delay prevents its actual entry despite stale parent accounting (550.99325ms)
✔ budget runtime file-journal: child execution settles once across duplicate creation, reconciliation and reopen without copying evidence (2965.992916ms)
✔ budget runtime file-journal: parent remaining calls execute while escrow prevents parent and sibling over-allocation (2422.432166ms)
✔ budget runtime file-journal: concurrent sibling grants cannot oversubscribe one parent's remaining budget (594.24275ms)
✔ budget runtime file-journal: a child's last logical tool call is consumed by an actual dispatch and cannot be minted by a new task ID (2318.849333ms)
✔ budget runtime file-journal: actual model dispatch and reported tokens remain charged when its plan is rejected (1158.708459ms)
✔ budget runtime file-journal: a child token cap below the estimated reservation prevents durable model allocation and transport (847.143875ms)
✔ budget runtime file-journal: revoking an unsent tool reservation fences the child and returns only unused escrow (1387.249333ms)
✔ budget runtime file-journal: revoking an unsent model reservation fences the child and returns only unused escrow (1290.400875ms)
✔ budget runtime file-journal: revoke retains an active model's unknown usage, then late accounting settles once without adopting its plan (2354.268666ms)
✔ budget runtime file-journal: unknown write effects keep the grant outstanding after revoke and restart (2256.875ms)
✔ budget runtime file-journal: reported model overage is charged to the parent without clamping and prevents further funding (1240.075041ms)
✔ budget runtime file-journal: reducing limits preserves committed charges and child deadlines while blocking new grants (2093.955416ms)
✔ budget runtime file-journal: pending genesis cannot execute before funding (1227.98425ms)
✔ budget runtime file-journal: pending genesis cannot execute before funding and parent cancellation wins activation (393.692416ms)
✔ budget runtime file-journal: child funding rejects broader authority, altered duplicate commands and work ID reattachment (415.172708ms)
✔ budget runtime file-journal: grant commit ACK loss resumes the same grant and child without another allocation (340.89625ms)
✔ budget runtime file-journal: activation commit ACK loss resumes the same grant and child without another allocation (242.157958ms)
✔ budget runtime file-journal: revocation during child activation installs a fence that the stale activation cannot overwrite (448.630208ms)
✔ budget runtime file-journal: revoke after tool dispatch and before entry prevents transport while keeping the logical dispatch charge (2261.161417ms)
✔ budget runtime file-journal: revoke after model dispatch and before entry prevents transport while keeping the logical dispatch charge (2531.913208ms)
✔ budget runtime file-journal: actual replan adoption spends the child's delegated replan allowance once (4720.581417ms)
✔ budget runtime file-journal: nested child execution reconciles through both grants without double charging or copying originals (4612.1045ms)
✔ budget runtime file-journal: an unfunded pending child cannot turn resume or a new goal into execution authority (659.963791ms)
✔ budget runtime file-journal: a parent goal change fences a child's previously reserved tool before entry (2108.977ms)
✔ budget runtime file-journal: a parent policy change fences a child's previously reserved tool before entry (1684.882208ms)
✔ budget runtime file-journal: a parent deadline change fences a child's previously reserved tool before entry (1576.5825ms)
✔ budget runtime file-journal: a partially reported model response retains known tokens and unknown reservation after revoke and reopen (2114.25725ms)
✔ budget runtime file-journal: sibling overage received during a tool dispatch ACK delay prevents its actual entry despite stale parent accounting (3753.107375ms)
✔ budget runtime file-journal: sibling overage received during a model dispatch ACK delay prevents its actual entry despite stale parent accounting (3528.689167ms)
✔ budget exposure: own usage and reservations add each dimension without charging elapsed time or unknown counts as tokens (1.883584ms)
✔ budget exposure: active and draining escrow count once even when the same child usage has already been observed (0.49175ms)
✔ budget exposure: usage above allocation and outstanding reservations remain visible in independent dimensions (0.145791ms)
✔ budget exposure: settling replaces escrow with accounted plus reserved amounts and repeated reads cannot refund twice (0.179541ms)
✔ budget exposure: unknown and partially reported model usage keeps reserved tokens even on a settled summary (2.418208ms)
✔ budget exposure: a lower parent limit preserves actual costs and reports each excess without negative remaining values (0.348459ms)
✔ budget exposure: separate grants sum but duplicate IDs and duplicate child funding records are rejected (1.369ms)
✔ budget exposure: zero-funded grants remain explicit and cannot hide a later reported expense (0.101125ms)
✔ budget exposure: max-safe totals are exact and overflow in local, grant, aggregate or combined arithmetic fails closed (0.289042ms)
✔ budget exposure: fractional, negative, nonfinite, unsafe and missing values never become zero (1.281208ms)
✔ budget exposure: grant schema keeps authority identity strict and requires a state revision for observed or settled accounting (0.920583ms)
✔ budget exposure: parent links preserve pending, active and draining as different stored phases without conferring allocation authority (1.102ms)
✔ budget exposure: empty and absent grant lists are equivalent while malformed and over-cap lists are rejected (95.100125ms)
✔ budget exposure: projections and strict schema copies share no mutable vectors with the ledger (0.135792ms)
✔ CLI resumes across processes, keeps conversation/work identities and separates disconnect, pause and cancel (4753.914375ms)
✔ CLI human output is reception plus result, with no internal events or ANSI: documents-simple (1054.667167ms)
✔ CLI human output is reception plus result, with no internal events or ANSI: observations-simple (1282.043709ms)
✔ CLI goal changes require an explicit revision and failures have no success JSON on stdout (1328.826417ms)
✔ CLI checkpoint is a derived reference and an old resume file does not reverse a paused work (2701.14925ms)
✔ computer operation contract: identity binds the requested input without copying the observed screen or mutable lease (3.842125ms)
✔ computer operation contract: every routing and action component distinguishes an otherwise reused operation id (2.710958ms)
✔ computer operation contract: strict identity retains the bounded typed-action boundary (4.336584ms)
✔ computer operation contract: receipts record a decision and never treat an unknown response as a negative effect (3.935833ms)
✔ computer operation contract: lookup cannot claim found without a receipt or turn an absent proof into not_applied (2.295333ms)
✔ SIGKILL after durable Save permits exact original receipt lookup in a new epoch without replaying input (181.145708ms)
✔ SIGKILL before Save leaves an absent receipt unknown rather than inventing a not-applied receipt (164.09925ms)
✔ sqlite: lost receive ACK preserves the committed reconciliation response and settles without another lookup (1572.968917ms)
✔ sqlite: pause during an actual driver lookup fences its late receipt while retaining the read charge and effect obligation (1207.647708ms)
✔ sqlite: goal during an actual driver lookup fences its late receipt while retaining the read charge and effect obligation (1162.881667ms)
✔ file-journal: lost receive ACK preserves the committed reconciliation response and settles without another lookup (7103.583916ms)
✔ file-journal: pause during an actual driver lookup fences its late receipt while retaining the read charge and effect obligation (4818.938583ms)
✔ file-journal: goal during an actual driver lookup fences its late receipt while retaining the read charge and effect obligation (3721.996458ms)
✔ reconciliation context sqlite: reserved metadata and original refs survive compaction and repository reopen (1784.112875ms)
✔ reconciliation context sqlite: settled metadata and original refs survive compaction and repository reopen (2062.440666ms)
✔ reconciliation context sqlite: missing proof rejects source reuse, compaction and restore (1404.04125ms)
✔ reconciliation context sqlite: corrupt proof rejects source reuse, compaction and restore (1592.526958ms)
✔ reconciliation context sqlite: proof loss during model_context staging is rejected before return (1496.981292ms)
✔ reconciliation context sqlite: proof loss during runtime_resume staging is rejected before return (1469.353709ms)
✔ reconciliation context sqlite: lifecycle and read permission changes hide the index without dropping the pending obligation (1377.406292ms)
✔ reconciliation context sqlite: a runtime without an effect proof reader rejects settled metadata (1305.994833ms)
✔ reconciliation context file-journal: reserved metadata and original refs survive compaction and repository reopen (5582.634458ms)
✔ reconciliation context file-journal: settled metadata and original refs survive compaction and repository reopen (10670.04425ms)
✔ reconciliation context file-journal: missing proof rejects source reuse, compaction and restore (5517.902583ms)
✔ reconciliation context file-journal: corrupt proof rejects source reuse, compaction and restore (7513.868083ms)
✔ reconciliation context file-journal: proof loss during model_context staging is rejected before return (6854.949416ms)
✔ reconciliation context file-journal: proof loss during runtime_resume staging is rejected before return (6195.922375ms)
✔ reconciliation context file-journal: lifecycle and read permission changes hide the index without dropping the pending obligation (6654.735708ms)
✔ reconciliation context file-journal: a runtime without an effect proof reader rejects settled metadata (6076.11325ms)
✔ computer reconciliation contract: optional index preserves legacy states and contexts without adding empty metadata (9.098791ms)
✔ computer reconciliation contract: metadata remains strict and bounded without accepting raw action or duplicate ids (25.541625ms)
✔ computer reconciliation contract: received and settled require different proof stages and a timed response (0.393917ms)
✔ computer reconciliation contract: lookup outcome does not erase an earlier applied prefix or invent a known absence (0.413584ms)
✔ computer reconciliation transition: intent identity and the first response, proof, and timestamps cannot be replaced (4.041041ms)
✔ computer reconciliation transition: new records cannot skip dispatch and existing records cannot disappear or restart (1.314417ms)
✔ computer reconciliation transition: known claims remain historical even when the proof is invalidated (2.677333ms)
✔ computer reconciliation transition: original task identity, result, and checkpoint remain fixed across late updates (1.3605ms)
✔ memory: reconciliation CAS retains original results, rejects rollback atomically, and preserves historical receipts (10.635ms)
✔ sqlite: reconciliation CAS retains original results, rejects rollback atomically, and preserves historical receipts (122.401417ms)
✔ file-journal: reconciliation CAS retains original results, rejects rollback atomically, and preserves historical receipts (1299.237542ms)
✔ sqlite: receipt identity and driver mismatches cannot close an effect and retain the measured read (2498.064375ms)
✔ sqlite: a lease acquisition that ignores abort cannot hold cancellation or enter lookup later (1118.915542ms)
✔ sqlite: a reconciled expired input keeps its intent head and null result when the original runner returns late (907.454791ms)
✔ sqlite: revoking a parent grant refunds an unused query and prevents a fresh lookup allowance (1348.282167ms)
✔ file-journal: receipt identity and driver mismatches cannot close an effect and retain the measured read (10056.760209ms)
✔ file-journal: a lease acquisition that ignores abort cannot hold cancellation or enter lookup later (3243.798291ms)
✔ file-journal: a reconciled expired input keeps its intent head and null result when the original runner returns late (3633.308625ms)
✔ file-journal: revoking a parent grant refunds an unused query and prevents a fresh lookup allowance (5915.605625ms)
✔ reconciliation outbox sqlite: current proof permits one result send and delivery obligation settlement (1920.448667ms)
✔ reconciliation outbox sqlite: narrowed tool authority preserves proof validation while channel restrictions still apply (3604.439042ms)
✔ reconciliation outbox sqlite: proof loss at the same revision prevents any result transport (1651.987625ms)
✔ reconciliation outbox sqlite: proof loss defers lookup of an already sent uncertain result (1588.931459ms)
✔ reconciliation outbox sqlite: proof loss after the send claim is checked before entering the sink (1282.947792ms)
✔ reconciliation outbox sqlite: proof loss in the pre-lookup artifact await prevents receipt lookup (1423.661667ms)
✔ reconciliation outbox sqlite: proof loss during send keeps the delivery unadopted without resending (1293.274791ms)
✔ reconciliation outbox sqlite: proof loss during receipt lookup cannot close the delivery obligation (1237.304541ms)
✔ reconciliation outbox sqlite: the commit guard rechecks proof after awaited artifact validation (1257.912417ms)
✔ reconciliation outbox file-journal: current proof permits one result send and delivery obligation settlement (6650.468209ms)
✔ reconciliation outbox file-journal: narrowed tool authority preserves proof validation while channel restrictions still apply (13193.807417ms)
✔ reconciliation outbox file-journal: proof loss at the same revision prevents any result transport (7527.00975ms)
✔ reconciliation outbox file-journal: proof loss defers lookup of an already sent uncertain result (8867.778958ms)
✔ reconciliation outbox file-journal: proof loss after the send claim is checked before entering the sink (6999.608791ms)
✔ reconciliation outbox file-journal: proof loss in the pre-lookup artifact await prevents receipt lookup (7546.387833ms)
✔ reconciliation outbox file-journal: proof loss during send keeps the delivery unadopted without resending (7664.893875ms)
✔ reconciliation outbox file-journal: proof loss during receipt lookup cannot close the delivery obligation (8279.744959ms)
✔ reconciliation outbox file-journal: the commit guard rechecks proof after awaited artifact validation (8373.967708ms)
✔ sqlite: reserve command receipt is required to authenticate an otherwise intact reconciliation proof (1597.215042ms)
✔ sqlite: dispatch command receipt is required to authenticate an otherwise intact reconciliation proof (1450.680959ms)
✔ sqlite: receive command receipt is required to authenticate an otherwise intact reconciliation proof (1359.323667ms)
✔ sqlite: settle command receipt is required to authenticate an otherwise intact reconciliation proof (1488.83775ms)
✔ sqlite: concurrent identical reserve, execute, and settle calls retain one intent, one lookup charge, and one proof (1361.128125ms)
✔ file-journal: reserve command receipt is required to authenticate an otherwise intact reconciliation proof (6667.539834ms)
✔ file-journal: dispatch command receipt is required to authenticate an otherwise intact reconciliation proof (5268.815833ms)
✔ file-journal: receive command receipt is required to authenticate an otherwise intact reconciliation proof (5520.895167ms)
✔ file-journal: settle command receipt is required to authenticate an otherwise intact reconciliation proof (5402.11575ms)
✔ file-journal: concurrent identical reserve, execute, and settle calls retain one intent, one lookup charge, and one proof (4439.92725ms)
✔ sqlite: SIGKILL after reconciliation reservation preserves its owner and refunds only on expiry before an explicit new command (1929.455833ms)
✔ sqlite: SIGKILL during dispatched lookup retains unknown usage and never reissues that command across expiry (1699.462916ms)
✔ sqlite: SIGKILL after received reconciliation settles the stored timely response after lease expiry with no new lookup or input (1777.232083ms)
✔ sqlite: SIGKILL after settlement reopens a current separate proof and duplicate commands remain read-only (1633.822834ms)
✔ file-journal: SIGKILL after reconciliation reservation preserves its owner and refunds only on expiry before an explicit new command (7230.05725ms)
✔ file-journal: SIGKILL during dispatched lookup retains unknown usage and never reissues that command across expiry (6546.583667ms)
✔ file-journal: SIGKILL after received reconciliation settles the stored timely response after lease expiry with no new lookup or input (5860.004833ms)
✔ file-journal: SIGKILL after settlement reopens a current separate proof and duplicate commands remain read-only (5611.060125ms)
✔ sqlite: screen result depends on the live reconciliation proof even when the state revision and previous cursor are unchanged (1584.271875ms)
✔ sqlite: proof loss during diagnostics projection withholds an already prepared result before returning a cursor (1299.421125ms)
✔ sqlite: a reader without the effect verifier cannot treat stored settled metadata as current proof (1335.394875ms)
✔ file-journal: screen result depends on the live reconciliation proof even when the state revision and previous cursor are unchanged (7948.213583ms)
✔ file-journal: proof loss during diagnostics projection withholds an already prepared result before returning a cursor (6533.677ms)
✔ file-journal: a reader without the effect verifier cannot treat stored settled metadata as current proof (5708.312125ms)
✔ sqlite: explicit reconciliation records a read response and separate effect proof without adopting or changing the original input (1113.761375ms)
✔ sqlite: recorded not-applied receipts resolve only the unknown step and preserve a prior applied prefix (1620.20625ms)
✔ sqlite: a missing driver receipt remains unresolved and repeating the same request neither repeats input nor lookup (628.45375ms)
✔ sqlite: duplicate command and execution charge one lookup while changed payload conflicts (1074.292416ms)
✔ sqlite: exhausted lookup budget refuses reservation without a driver call or a stored intent (854.303625ms)
✔ sqlite: receipt lookup requires current read authority but does not require permission to issue another input (1066.116958ms)
✔ sqlite: an expired unused reconciliation reservation is released and the same request never dispatches later (804.822334ms)
✔ sqlite: loss of a settled proof reopens the effect obligation while preserving the old receipt, claim, and original head (1021.868458ms)
✔ file-journal: explicit reconciliation records a read response and separate effect proof without adopting or changing the original input (4651.076708ms)
✔ file-journal: recorded not-applied receipts resolve only the unknown step and preserve a prior applied prefix (9744.597958ms)
✔ file-journal: a missing driver receipt remains unresolved and repeating the same request neither repeats input nor lookup (4998.855666ms)
✔ file-journal: duplicate command and execution charge one lookup while changed payload conflicts (6563.072458ms)
✔ file-journal: exhausted lookup budget refuses reservation without a driver call or a stored intent (3710.042291ms)
✔ file-journal: receipt lookup requires current read authority but does not require permission to issue another input (5321.806666ms)
✔ file-journal: an expired unused reconciliation reservation is released and the same request never dispatches later (3854.144667ms)
✔ file-journal: loss of a settled proof reopens the effect obligation while preserving the old receipt, claim, and original head (6001.756541ms)
✔ computer context sqlite: five compactions and restart preserve running input metadata (590.551792ms)
✔ computer context sqlite: five compactions and restart preserve unknown input metadata (582.656708ms)
✔ computer context file-journal: five compactions and restart preserve running input metadata (2157.520459ms)
✔ computer context file-journal: five compactions and restart preserve unknown input metadata (2024.985334ms)
✔ computer context sqlite: deleted head blocks compaction, source fence and restore (235.155375ms)
✔ computer context sqlite: modified head blocks compaction, source fence and restore (242.931167ms)
✔ computer context file-journal: deleted head blocks compaction, source fence and restore (889.778292ms)
✔ computer context file-journal: modified head blocks compaction, source fence and restore (1180.916458ms)
✔ computer context sqlite: mandatory input metadata cannot be evicted, altered or reassigned to a later goal (374.048167ms)
✔ computer context file-journal: mandatory input metadata cannot be evicted, altered or reassigned to a later goal (1175.748292ms)
✔ computer context sqlite: head loss during model_context staging is checked before return (323.181791ms)
✔ computer context sqlite: head loss during runtime_resume staging is checked before return (339.56175ms)
✔ computer context file-journal: head loss during model_context staging is checked before return (870.17ms)
✔ computer context file-journal: head loss during runtime_resume staging is checked before return (890.077ms)
✔ computer context sqlite: current knowledge, source lifecycle and read permissions still fence metadata (319.787458ms)
✔ computer context file-journal: current knowledge, source lifecycle and read permissions still fence metadata (1020.351625ms)
✔ computer contracts: tool inputs cannot select a driver address, add hidden actions or exceed a short batch (19.2865ms)
✔ computer contracts: malformed observations cannot acquire trustworthy refs or silently omit their usage (2.169542ms)
✔ computer contracts: a name match is insufficient when another hidden target shares that name (0.228333ms)
✔ computer contracts: a truncated view cannot prove a unique target or element condition (0.191333ms)
✔ computer contracts: byte limits count UTF-8 bytes and successful validation detaches the source (0.63075ms)
✔ computer contracts: observations cannot move backwards or switch sessions behind the same task (0.587791ms)
✔ computer contracts: conditions require explicit own values and never use prototype facts or coercion (0.125084ms)
✔ computer contracts: intent, application and observation verification cannot be collapsed into complete (1.751917ms)
✔ sqlite: a failed observation artifact write retains the driver's measured call (213.560125ms)
✔ sqlite: intent persistence failure proves no driver entry and keeps the failed step diagnostic (516.573542ms)
✔ sqlite: cancellation before driver entry settles no-input and proof revoked=false fences adoption (498.081291ms)
✔ sqlite: cancellation before driver entry settles no-input and proof revoked=true fences adoption (588.596291ms)
✔ sqlite: a failure cannot downgrade the committed unknown effect or measured usage prefix (1034.840417ms)
✔ sqlite: removing the proof provider at the receive commit fence cannot accept a no-effect result (804.27725ms)
✔ sqlite: provider removal between no-effect validation and adoption cannot skip the captured proof fence (696.7865ms)
✔ sqlite: completion must match the checkpoint and only explicitly confirmed facts become evidence (1114.054042ms)
✔ sqlite: losing the checkpoint original between receive and adopt prevents completion (993.86625ms)
✔ sqlite: losing the observation original between receive and adopt prevents completion (1080.59775ms)
✔ sqlite: diagnostic reads recheck retained knowledge before and after original IO (995.302458ms)
✔ file-journal: a failed observation artifact write retains the driver's measured call (911.815875ms)
✔ file-journal: intent persistence failure proves no driver entry and keeps the failed step diagnostic (2847.986833ms)
✔ file-journal: cancellation before driver entry settles no-input and proof revoked=false fences adoption (2990.95325ms)
✔ file-journal: cancellation before driver entry settles no-input and proof revoked=true fences adoption (2801.927042ms)
✔ file-journal: a failure cannot downgrade the committed unknown effect or measured usage prefix (3621.89ms)
✔ file-journal: removing the proof provider at the receive commit fence cannot accept a no-effect result (2483.016ms)
✔ file-journal: provider removal between no-effect validation and adoption cannot skip the captured proof fence (2697.013458ms)
✔ file-journal: completion must match the checkpoint and only explicitly confirmed facts become evidence (3474.750834ms)
✔ file-journal: losing the checkpoint original between receive and adopt prevents completion (3603.838625ms)
✔ file-journal: losing the observation original between receive and adopt prevents completion (4073.057ms)
✔ file-journal: diagnostic reads recheck retained knowledge before and after original IO (3625.160791ms)
✔ sqlite: SIGKILL after Save leaves committed intent unknown across recovery, goal change and cancellation without replay (1202.970667ms)
✔ sqlite: SIGKILL after received result permits one adoption and rejects an old-epoch observation for a new input (1579.591958ms)
✔ file-journal: SIGKILL after Save leaves committed intent unknown across recovery, goal change and cancellation without replay (4628.82925ms)
✔ file-journal: SIGKILL after received result permits one adoption and rejects an old-epoch observation for a new input (6063.0625ms)
✔ sqlite: registered computer tools observe, apply, prove and adopt a completed synthetic note (1216.308ms)
✔ sqlite: rerendered or restarted observations stop before the first input (1027.843958ms)
✔ sqlite: a copied observation from another work remains foreign even when its artifact bytes are present (600.426167ms)
✔ sqlite: ambiguous and partial observations cannot select a target for the batch (1237.885125ms)
✔ sqlite: step two not-applied preserves the confirmed first input without claiming batch completion (935.225375ms)
✔ sqlite: applied-unknown save creates a reconciliation block and neither execute replay nor replanning adds an input (979.023916ms)
✔ sqlite: goal, policy and cancellation changes across an awaited response prevent the next input (1700.808583ms)
✔ sqlite: late readiness is observed through bounded waits before subsequent note inputs (1528.842208ms)
✔ sqlite: another runtime revoking writes during the driver's own input delay prevents every input (639.081292ms)
✔ sqlite: false or too-late conditions consume one deadline and cannot reset time or continue to Save (1637.850959ms)
✔ sqlite: stored successful result can be read and adopted after reopening without replaying app input (987.862708ms)
✔ sqlite: strict action contracts reject injected script fields while document text has no command authority (1057.889666ms)
✔ file-journal: registered computer tools observe, apply, prove and adopt a completed synthetic note (4144.816125ms)
✔ file-journal: rerendered or restarted observations stop before the first input (3802.935792ms)
✔ file-journal: a copied observation from another work remains foreign even when its artifact bytes are present (1984.9615ms)
✔ file-journal: ambiguous and partial observations cannot select a target for the batch (4739.671291ms)
✔ file-journal: step two not-applied preserves the confirmed first input without claiming batch completion (3410.453ms)
✔ file-journal: applied-unknown save creates a reconciliation block and neither execute replay nor replanning adds an input (4321.490958ms)
✔ file-journal: goal, policy and cancellation changes across an awaited response prevent the next input (7977.102583ms)
✔ file-journal: late readiness is observed through bounded waits before subsequent note inputs (5113.292334ms)
✔ file-journal: another runtime revoking writes during the driver's own input delay prevents every input (3237.583583ms)
✔ file-journal: false or too-late conditions consume one deadline and cannot reset time or continue to Save (7573.041666ms)
✔ file-journal: stored successful result can be read and adopted after reopening without replaying app input (4116.249209ms)
✔ file-journal: strict action contracts reject injected script fields while document text has no command authority (4584.730792ms)
✔ context compiler sqlite/documents-complex: five published working sets retain counterevidence and rediscover an early original (1970.658208ms)
✔ context compiler sqlite/observations-complex: five published working sets retain counterevidence and rediscover an early original (1776.677917ms)
✔ context compiler file-journal/documents-complex: five published working sets retain counterevidence and rediscover an early original (9931.3845ms)
✔ context compiler file-journal/observations-complex: five published working sets retain counterevidence and rediscover an early original (9037.702417ms)
✔ context compiler sqlite: five compactions preserve canonical unknown effect and timed response obligations (478.212333ms)
✔ context compiler file-journal: five compactions preserve canonical unknown effect and timed response obligations (2216.574ms)
✔ context compiler sqlite: selected schemas reduce the actual structured transport request and preserve precise byte accounting (229.516916ms)
ℹ {"backend":"sqlite","baselinePacketBytes":4700,"baselineToolBytes":516593,"packetBytes":2471,"toolBytes":33733,"envelopeBytes":36282,"requestBytes":41004,"selectedToolCount":13,"catalogTotal":81}
✔ context compiler file-journal: selected schemas reduce the actual structured transport request and preserve precise byte accounting (439.796834ms)
ℹ {"backend":"file-journal","baselinePacketBytes":4700,"baselineToolBytes":516593,"packetBytes":2471,"toolBytes":33733,"envelopeBytes":36282,"requestBytes":41004,"selectedToolCount":13,"catalogTotal":81}
✔ context compiler sqlite: an oversized mandatory goal fails before candidate storage or transport (143.589ms)
✔ context compiler file-journal: an oversized mandatory goal fails before candidate storage or transport (232.933959ms)
✔ context copy: a canonical two-level invocation copy cannot restore guidance body after its catalog version is replaced (64.993458ms)
✔ context copy: two nested call results stop exposing a tool body when original tool permission is revoked (29.684375ms)
✔ context dispatch sqlite: persisted reservation does not send removed registration (404.000875ms)
✔ context dispatch sqlite: persisted reservation does not send replacement version (403.646459ms)
✔ context dispatch sqlite: persisted reservation does not send changed input schema under the same ID and version (333.770583ms)
✔ context dispatch sqlite: persisted reservation does not send changed allowed labels under the same ID and version (350.586416ms)
✔ context dispatch sqlite: persisted reservation does not send changed allowed destination under the same ID and version (321.309541ms)
✔ context dispatch file-journal: persisted reservation does not send removed registration (1055.76775ms)
✔ context dispatch file-journal: persisted reservation does not send replacement version (1019.894083ms)
✔ context dispatch file-journal: persisted reservation does not send changed input schema under the same ID and version (968.173583ms)
✔ context dispatch file-journal: persisted reservation does not send changed allowed labels under the same ID and version (1055.769583ms)
✔ context dispatch file-journal: persisted reservation does not send changed allowed destination under the same ID and version (1108.035583ms)
✔ context dispatch sqlite: persisted guidance required-rules change is checked before transport (449.7705ms)
✔ context dispatch sqlite: persisted guidance version change is checked before transport (418.137ms)
✔ context dispatch file-journal: persisted guidance required-rules change is checked before transport (1608.7375ms)
✔ context dispatch file-journal: persisted guidance version change is checked before transport (1599.908875ms)
✔ context dispatch sqlite: unchanged tool and trusted guidance contracts resume the stored request once (414.018458ms)
✔ context dispatch file-journal: unchanged tool and trusted guidance contracts resume the stored request once (1615.609541ms)
✔ context guidance: trusted required rules, exact version and hash survive published body eviction (64.506792ms)
✔ context guidance: a manifest without required rules keeps the full original and fails a smaller input budget (27.385042ms)
✔ context guidance: result-provided rules cannot replace an absent trusted manifest rule set (11.437084ms)
✔ context guidance: current label revocation prevents a previously published original from reappearing (18.685292ms)
✔ context guidance: a missing original cannot be recovered from its copied tool result or prior frame (19.414ms)
✔ context guidance: replacing the catalog version does not expose the superseded loaded body (20.282084ms)
✔ context guidance: replacing trusted bytes under the same version rejects the old manifest and body (10.652208ms)
✔ context guidance: a stored result with a mismatched attemptId is rejected (10.401084ms)
✔ context guidance: a stored result with a mismatched resultId is rejected (10.830667ms)
✔ context guidance: the actual dispatch receipt must match the adopted attempt task digest (11.061958ms)
✔ sqlite/model_call_reserved: publishing requires the derived blob, later loss permits commits and regeneration while original loss blocks both (263.043041ms)
✔ sqlite/context_compacted: publishing requires the derived blob, later loss permits commits and regeneration while original loss blocks both (237.890292ms)
✔ sqlite: publishing detects a context head reference conflict before committing (144.324125ms)
✔ sqlite: a blocked context candidate cannot be newly published even when its bytes remain (189.905417ms)
✔ sqlite/retract: lifecycle retires the context head and access removal also blocks its retained artifact (186.920041ms)
✔ sqlite/correct: lifecycle retires the context head and access removal also blocks its retained artifact (179.605708ms)
✔ sqlite/restrict: lifecycle retires the context head and access removal also blocks its retained artifact (180.106167ms)
✔ sqlite/delete: lifecycle retires the context head and access removal also blocks its retained artifact (161.97475ms)
✔ sqlite/dependency_changed: lifecycle retires the context head and access removal also blocks its retained artifact (205.609625ms)
✔ file-journal/model_call_reserved: publishing requires the derived blob, later loss permits commits and regeneration while original loss blocks both (474.304291ms)
✔ file-journal/context_compacted: publishing requires the derived blob, later loss permits commits and regeneration while original loss blocks both (448.775208ms)
✔ file-journal: publishing detects a context head reference conflict before committing (237.860542ms)
✔ file-journal: a blocked context candidate cannot be newly published even when its bytes remain (169.005375ms)
✔ file-journal/retract: lifecycle retires the context head and access removal also blocks its retained artifact (299.666209ms)
✔ file-journal/correct: lifecycle retires the context head and access removal also blocks its retained artifact (297.121417ms)
✔ file-journal/restrict: lifecycle retires the context head and access removal also blocks its retained artifact (288.7725ms)
✔ file-journal/delete: lifecycle retires the context head and access removal also blocks its retained artifact (266.204917ms)
✔ file-journal/dependency_changed: lifecycle retires the context head and access removal also blocks its retained artifact (321.958ms)
✔ sqlite: source deletion during the context head exists check prevents reservation and head publication (478.02125ms)
✔ sqlite: source deletion inside repository commit retires the published head and cancels the model reservation before returning (476.762125ms)
✔ sqlite: losing the prior frame does not turn an old catalog request into a conflict with the current task version (451.43825ms)
✔ file-journal: source deletion during the context head exists check prevents reservation and head publication (5502.298291ms)
✔ file-journal: source deletion inside repository commit retires the published head and cancels the model reservation before returning (5511.014416ms)
✔ file-journal: losing the prior frame does not turn an old catalog request into a conflict with the current task version (2075.855917ms)
✔ required full and reference information survives optional content pressure (2.22375ms)
✔ a full value cheaper than its required reference satisfies the minimum without overflow (0.171125ms)
✔ a required reference cap rejects contradictory bounds and never substitutes a cheaper full payload (0.317583ms)
✔ optional reference caps consume only reference bytes and remain omitted when that representation does not fit (0.186375ms)
✔ a reference cap overrides full residency and new use without counting references as full reloads (0.5265ms)
✔ high and low watermarks retain compact mode until the lower boundary is crossed (0.128833ms)
✔ mere inclusion is not actual use and an idle full value does not automatically reload (0.445958ms)
✔ a new actual use marker refreshes usage and reloads the same digest once (0.250791ms)
✔ minimum residency delays idle eviction for two cycles while the hard budget still wins (0.199416ms)
✔ five changing working sets preserve old counterevidence, pending and unknown references (0.842167ms)
✔ removed authority and changed digests cannot be revived by resident or use history (0.456334ms)
✔ decisions are stable by minimum, priority, real use, recency, residence and key (0.177875ms)
✔ recently evicted content waits through cooldown unless actual use or a minimum requires it (0.109875ms)
✔ memo storage is bounded and prioritizes selected residents without changing decisions (0.707333ms)
✔ inputs and previous memo stay immutable and byte sums match selected representations (0.464916ms)
✔ duplicate keys, malformed items, invalid budgets and inconsistent memo are rejected (0.687708ms)
✔ context store stages an immutable frame without publishing it and reads the installed basis N from revision N+1 (72.459708ms)
✔ context store sqlite: derived frame and installed head survive separate reopened instances (149.427167ms)
✔ context store file-journal: derived frame and installed head survive separate reopened instances (296.889875ms)
✔ context store regenerates a missing derived frame without editing the authoritative head (75.922375ms)
✔ context store regenerates a corrupt derived frame without editing the authoritative head (67.116459ms)
✔ context store regenerates a invalid-json derived frame without editing the authoritative head (103.016916ms)
✔ context store regenerates a invalid-schema derived frame without editing the authoritative head (104.960042ms)
✔ context store excludes a foreign-work previous head or frame (118.645417ms)
✔ context store excludes a foreign-tenant previous head or frame (65.19325ms)
✔ context store excludes a cycle previous head or frame (45.6285ms)
✔ context store excludes a basis previous head or frame (46.977417ms)
✔ context store excludes a unpublished previous head or frame (58.031917ms)
✔ context store excludes a policy previous head or frame (47.958875ms)
✔ context store excludes a goal previous head or frame (52.0195ms)
✔ context store excludes a generation previous head or frame (49.933833ms)
✔ context store excludes a blocked previous head or frame (57.713625ms)
✔ context store excludes a underlabelled previous head or frame (110.215959ms)
✔ context store checks stale frame basis and forbidden packet policy before writing any candidate (9.821459ms)
✔ context store previous rejects goal changes during artifact I/O (57.770833ms)
✔ context store previous rejects policy changes during artifact I/O (55.239375ms)
✔ context store previous rejects generation changes during artifact I/O (59.61425ms)
✔ context store previous rejects source changes during artifact I/O (47.307209ms)
✔ context store put rejects goal changes during artifact I/O (43.671ms)
✔ context store put rejects policy changes during artifact I/O (59.909041ms)
✔ context store put rejects generation changes during artifact I/O (43.148542ms)
✔ context store put rejects source changes during artifact I/O (35.392083ms)
✔ context store readback rejects goal changes during artifact I/O (53.212208ms)
✔ context store readback rejects policy changes during artifact I/O (43.063792ms)
✔ context store readback rejects generation changes during artifact I/O (65.052917ms)
✔ context store readback rejects source changes during artifact I/O (42.75025ms)
✔ context store never turns state or source failure during a missing-frame read into successful regeneration (43.142792ms)
✔ context store refuses unavailable knowledge even when there is no previous head (6.965875ms)
✔ context store leaves the previous head intact when candidate storage fails (62.722542ms)
✔ context store rejects a relabelled put receipt or altered readback bytes and never publishes a head (36.207292ms)
✔ context store applies byte limits before writing or loading a derived frame (57.023042ms)
✔ canonical state has explicit nulls, bounded revisions and no provider/SQL objects (2.818291ms)
✔ goal validation cannot silently drop unknown authorization fields or empty completion rules (0.120584ms)
✔ partial result is distinct from complete result and API errors are not evidence of absence (0.469209ms)
✔ plan and context explicitly bind state and goal revisions (0.566375ms)
✔ invalid provider content is not included in validation error text (0.120917ms)
✔ a late counterexample prevents a previously delivered answer from being displayed as the current result (568.051417ms)
✔ a public snapshot retries a goal change during artifact verification (544.613334ms)
✔ conversation view keeps message selection and public status on the same revision (556.714542ms)
✔ cancelled work displays its status rather than its historical delivered result (504.231417ms)
✔ request acceptance is atomic, duplicate input is stable and each conversation can bind several works (17.775667ms)
✔ failed acceptance commit creates neither a work nor a reception acknowledgment (76.426958ms)
✔ analysis, response preparation, delivery and completion are distinct; retransmission never collects evidence again (24.972625ms)
✔ analysis-only completion does not pretend that its result was prepared or delivered (7.287666ms)
✔ pending questions are grouped once and resolving a question cannot waive required result delivery (6.7555ms)
✔ independent dispatchers claim once and receipt reconciliation after restart does not send again (91.8995ms)
✔ ambiguous delivery with no idempotency stays unknown, including repeated and timed-out lookup (14.840417ms)
✔ idempotent absent receipt permits only a bounded later retry and permanent failure stays visible (6.783166ms)
✔ goal before delivery prevents an obsolete or unauthorized result from being sent (8.2145ms)
✔ cancel before delivery prevents an obsolete or unauthorized result from being sent (6.692042ms)
✔ labels before delivery prevents an obsolete or unauthorized result from being sent (7.08775ms)
✔ destination before delivery prevents an obsolete or unauthorized result from being sent (6.065042ms)
✔ pause preserves pending delivery and resume can complete it without another source call (7.664458ms)
✔ late confirmed delivery is historical and cannot satisfy a revised goal (6.688458ms)
✔ an uncertain old-goal delivery retains its uncertainty when superseded by a new goal (6.63525ms)
✔ SIGKILL between channel commit and outbox settlement recovers from two reopened databases without another send (200.879833ms)
✔ a never-dispatched response can be prepared after permission restoration, and large questions retain their full artifact (16.280042ms)
✔ sqlite/documents-simple: delete blocks derived copies and pending result; restart preserves tombstone and cancellation works after bytes are absent (460.418208ms)
✔ sqlite/observations-simple: delete blocks derived copies and pending result; restart preserves tombstone and cancellation works after bytes are absent (412.504917ms)
✔ file-journal/documents-simple: delete blocks derived copies and pending result; restart preserves tombstone and cancellation works after bytes are absent (2061.504292ms)
✔ file-journal/observations-simple: delete blocks derived copies and pending result; restart preserves tombstone and cancellation works after bytes are absent (1837.273542ms)
✔ sqlite: lifecycle ownership, concurrent generation and command identity are enforced (247.962042ms)
✔ sqlite: a question prepared before access removal is superseded without sending its text (331.733417ms)
✔ sqlite: data removal preserves an already dispatched write as an unresolved effect (286.601625ms)
✔ sqlite: tool reply is revalidated after lifecycle change during artifact storage (249.174458ms)
✔ sqlite: model reply is revalidated after lifecycle change during artifact storage (402.604791ms)
✔ sqlite: validity retraction allows labelled historical inspection and correction uses a new immutable evidence ID (293.244375ms)
✔ sqlite: a stored core.calls.get copy cannot expose deleted source content (366.051875ms)
✔ sqlite: evidence read rechecks a lifecycle change during artifact I/O (304.739958ms)
✔ sqlite: original read rechecks a lifecycle change during artifact I/O (302.727917ms)
✔ sqlite: result read rechecks a lifecycle change during artifact I/O (300.866875ms)
✔ sqlite: old dispatched tool reply after deletion is stored only as a sanitized failure (346.131709ms)
✔ sqlite: late model reply after deletion retains measured usage without retaining forbidden proposal text (489.889125ms)
✔ file-journal: lifecycle ownership, concurrent generation and command identity are enforced (998.025709ms)
✔ file-journal: a question prepared before access removal is superseded without sending its text (1177.822458ms)
✔ file-journal: data removal preserves an already dispatched write as an unresolved effect (1179.962917ms)
✔ file-journal: tool reply is revalidated after lifecycle change during artifact storage (954.7945ms)
✔ file-journal: model reply is revalidated after lifecycle change during artifact storage (1199.274666ms)
✔ file-journal: validity retraction allows labelled historical inspection and correction uses a new immutable evidence ID (1104.934583ms)
✔ file-journal: a stored core.calls.get copy cannot expose deleted source content (1712.762833ms)
✔ file-journal: evidence read rechecks a lifecycle change during artifact I/O (823.928417ms)
✔ file-journal: original read rechecks a lifecycle change during artifact I/O (735.015459ms)
✔ file-journal: result read rechecks a lifecycle change during artifact I/O (888.088541ms)
✔ file-journal: old dispatched tool reply after deletion is stored only as a sanitized failure (842.500584ms)
✔ file-journal: late model reply after deletion retains measured usage without retaining forbidden proposal text (1357.949958ms)
✔ sqlite: restricted work reaches neither external estimator nor model even without an evidence body (76.213334ms)
✔ sqlite: authorized internal model retains the floor through a forced compact and stored request (126.797042ms)
✔ sqlite: disclosure revoked during source assembly stops the estimator before it receives prose (72.956ms)
✔ sqlite: revoked model disclosure cancels a stored request before adapter entry (92.797833ms)
✔ sqlite: disclosure revoked during stored model input read stops the final transport (108.9415ms)
✔ sqlite: tool access labels cannot authorize restricted task inputs to an external tool (101.99725ms)
✔ sqlite: read permission narrowing does not relabel old task prose as public (89.018833ms)
✔ sqlite: authorized internal tool receives one invocation after current disclosure check (96.03225ms)
✔ sqlite: changed disclosure during asynchronous tool preflight stops adapter entry (122.445833ms)
✔ sqlite: denied channel cannot receive even a queued acknowledgement from restricted work (57.181458ms)
✔ sqlite: disclosure revocation preserves unknown delivery and prevents full-body lookup (82.823ms)
✔ sqlite: still-authorized unknown delivery uses lookup without resending (103.287833ms)
✔ sqlite: policy changed during artifact check stops an unknown question lookup (185.796875ms)
✔ sqlite: child budget cannot omit or expand parent disclosure policy (61.785084ms)
✔ sqlite: child read-scope narrowing inherits the parent prose floor and blocks model export (97.052917ms)
✔ sqlite: legacy parent cannot classify copied work prose by creating a boundary-enabled child (71.898167ms)
✔ sqlite: floor and active policy cannot be removed by a direct state commit (70.914333ms)
✔ sqlite: classifying a preexisting legacy work requires explicit migration (69.90175ms)
✔ file-journal: restricted work reaches neither external estimator nor model even without an evidence body (198.896375ms)
✔ file-journal: authorized internal model retains the floor through a forced compact and stored request (640.975333ms)
✔ file-journal: disclosure revoked during source assembly stops the estimator before it receives prose (178.097875ms)
✔ file-journal: revoked model disclosure cancels a stored request before adapter entry (542.570167ms)
✔ file-journal: disclosure revoked during stored model input read stops the final transport (817.169667ms)
✔ file-journal: tool access labels cannot authorize restricted task inputs to an external tool (584.940708ms)
✔ file-journal: read permission narrowing does not relabel old task prose as public (696.898916ms)
✔ file-journal: authorized internal tool receives one invocation after current disclosure check (596.066ms)
✔ file-journal: changed disclosure during asynchronous tool preflight stops adapter entry (688.807125ms)
✔ file-journal: denied channel cannot receive even a queued acknowledgement from restricted work (495.382834ms)
✔ file-journal: disclosure revocation preserves unknown delivery and prevents full-body lookup (617.504958ms)
✔ file-journal: still-authorized unknown delivery uses lookup without resending (562.010542ms)
✔ file-journal: policy changed during artifact check stops an unknown question lookup (814.792083ms)
✔ file-journal: child budget cannot omit or expand parent disclosure policy (269.925209ms)
✔ file-journal: child read-scope narrowing inherits the parent prose floor and blocks model export (802.78275ms)
✔ file-journal: legacy parent cannot classify copied work prose by creating a boundary-enabled child (180.1705ms)
✔ file-journal: floor and active policy cannot be removed by a direct state commit (181.15875ms)
✔ file-journal: classifying a preexisting legacy work requires explicit migration (162.888709ms)
✔ memory state adapter applies the same floor transition guard as persistent adapters (0.73125ms)
✔ direct structured adapter denies estimation and transport using the retained context floor (1.48925ms)
✔ disclosure comparison: twelve A/B/C transport cases use two fixture families and reopened persistent stores (10902.374875ms)
✔ disclosure comparison: independent scoring rejects injected outbound originals even with rewritten measurement claims (205.43375ms)
✔ disclosure comparison: empty release, missing raw checks and advisory authority cannot become passing zero-leak samples (1637.762166ms)
✔ disclosure comparison: same-lineage and renamed copies retain root dependency while missing roots cannot independently complete (1.66275ms)
✔ disclosure comparison: tool and A2A data cannot add policy authority to a strict model proposal or mutate stored work (1.707167ms)
✔ destination rules combine read authority, destination, surface and labels (0.826834ms)
✔ duplicate destinations and rules with arbitrary output keys or ambiguous mappings are rejected (2.1595ms)
✔ child policies cannot remove destination restrictions or increase release budgets (0.100334ms)
✔ sqlite: release keeps only finite mapped facts and preserves immutable internal source proof (179.428167ms)
✔ sqlite: retry and reopen reuse the recorded release without resetting its budget (174.113375ms)
✔ sqlite: lineage aliases count repeated copies as the same source (168.540208ms)
✔ sqlite: release does not accept data-supplied policy, an unknown field value, or missing evidence (159.147792ms)
✔ sqlite: restrict invalidates a stored release and preserves prior disclosure usage (150.934458ms)
✔ sqlite: retract invalidates a stored release and preserves prior disclosure usage (141.098042ms)
✔ sqlite: supersede invalidates a stored release and preserves prior disclosure usage (146.752834ms)
✔ sqlite: delete invalidates a stored release and preserves prior disclosure usage (155.896ms)
✔ sqlite: policy invalidates a stored release and preserves prior disclosure usage (221.94475ms)
✔ sqlite: goal invalidates a stored release and preserves prior disclosure usage (183.050042ms)
✔ sqlite: current read restrictions and wrong actor prevent release and later read (153.694334ms)
✔ sqlite: policy revocation during original read prevents publication (150.643292ms)
✔ sqlite: raw source gates cover every export surface without reclassifying the source (178.03325ms)
✔ sqlite: accumulated bytes and request identity remain binding (183.930583ms)
✔ sqlite: concurrent release publication does not overspend a one-release budget (135.094666ms)
✔ sqlite: release proof and cumulative history cannot be deleted or rewritten (119.731625ms)
✔ file-journal: release keeps only finite mapped facts and preserves immutable internal source proof (258.918833ms)
✔ file-journal: retry and reopen reuse the recorded release without resetting its budget (626.001792ms)
✔ file-journal: lineage aliases count repeated copies as the same source (291.804ms)
✔ file-journal: release does not accept data-supplied policy, an unknown field value, or missing evidence (233.082333ms)
✔ file-journal: restrict invalidates a stored release and preserves prior disclosure usage (314.558167ms)
✔ file-journal: retract invalidates a stored release and preserves prior disclosure usage (498.346667ms)
✔ file-journal: supersede invalidates a stored release and preserves prior disclosure usage (484.7745ms)
✔ file-journal: delete invalidates a stored release and preserves prior disclosure usage (497.663708ms)
✔ file-journal: policy invalidates a stored release and preserves prior disclosure usage (422.228667ms)
✔ file-journal: goal invalidates a stored release and preserves prior disclosure usage (489.792375ms)
✔ file-journal: current read restrictions and wrong actor prevent release and later read (495.841333ms)
✔ file-journal: policy revocation during original read prevents publication (293.095792ms)
✔ file-journal: raw source gates cover every export surface without reclassifying the source (1115.66575ms)
✔ file-journal: accumulated bytes and request identity remain binding (567.005542ms)
✔ file-journal: concurrent release publication does not overspend a one-release budget (398.08075ms)
✔ file-journal: release proof and cumulative history cannot be deleted or rewritten (373.738291ms)
✔ sqlite: a generic artifact reference cannot bypass its connected evidence restriction (131.975167ms)
✔ sqlite: changed or unavailable memory dependencies stop release and raw views (165.215583ms)
✔ sqlite: a new lineage on derived evidence does not create a new independent root (126.706375ms)
✔ sqlite: a lost commit response cannot erase a disclosure or give its budget back (174.187042ms)
✔ sqlite: an unclassified new work cannot opt in with an empty label floor (80.669417ms)
✔ file-journal: a generic artifact reference cannot bypass its connected evidence restriction (214.031166ms)
✔ file-journal: changed or unavailable memory dependencies stop release and raw views (464.296917ms)
✔ file-journal: a new lineage on derived evidence does not create a new independent root (523.723291ms)
✔ file-journal: a lost commit response cannot erase a disclosure or give its budget back (411.069458ms)
✔ file-journal: an unclassified new work cannot opt in with an empty label floor (128.895542ms)
✔ sqlite: every released transport entry rechecks source authority and receiver binding (123.117208ms)
✔ sqlite: revocation during released source validation prevents receiver entry (157.70025ms)
✔ sqlite: a receiver exception is an unknown outcome with retained release usage and no source-bearing error (121.066667ms)
✔ file-journal: every released transport entry rechecks source authority and receiver binding (572.932958ms)
✔ file-journal: revocation during released source validation prevents receiver entry (638.7165ms)
✔ file-journal: a receiver exception is an unknown outcome with retained release usage and no source-bearing error (538.851458ms)
✔ sqlite: initial model disclosure denial returns a durable blocked workflow and checkpoint (256.775125ms)
✔ sqlite: revoked reserved model is accounted as unused and resumes with one fresh call after reopen (534.176583ms)
✔ sqlite: disclosure changes inside dispatch preflight settle a known-unused reservation instead of escaping (262.483834ms)
✔ sqlite: required result channel denial persists blocked state and can resume delivery from checkpoint (315.860083ms)
✔ sqlite: completed analysis keeps its terminal state while unavailable channel yields an undelivered response (257.696583ms)
✔ sqlite: an unsuccessful resume under unchanged channel policy blocks again without becoming runnable (208.02825ms)
✔ sqlite: simultaneous cancel and disclosure revocation preserve user control and unused accounting (187.5175ms)
✔ sqlite: simultaneous pause and disclosure revocation preserve user control and unused accounting (144.22175ms)
✔ file-journal: initial model disclosure denial returns a durable blocked workflow and checkpoint (1197.7155ms)
✔ file-journal: revoked reserved model is accounted as unused and resumes with one fresh call after reopen (6003.069875ms)
✔ file-journal: disclosure changes inside dispatch preflight settle a known-unused reservation instead of escaping (1868.826583ms)
✔ file-journal: required result channel denial persists blocked state and can resume delivery from checkpoint (2154.059084ms)
✔ file-journal: completed analysis keeps its terminal state while unavailable channel yields an undelivered response (2950.855084ms)
✔ file-journal: an unsuccessful resume under unchanged channel policy blocks again without becoming runnable (1907.0315ms)
✔ file-journal: simultaneous cancel and disclosure revocation preserve user control and unused accounting (1869.745209ms)
✔ file-journal: simultaneous pause and disclosure revocation preserve user control and unused accounting (1791.214541ms)
✔ inject all local ports without a database or channel SDK: documents-simple (8.079208ms)
✔ inject all local ports without a database or channel SDK: observations-simple (0.708042ms)
✔ scripted planner honors cancellation and cannot mutate caller state (0.289208ms)
✔ fake sink exposes delivery uncertainty and deduplicates only matching content (0.112958ms)
✔ effect proofs: a legacy work uses neither the optional checker nor any refresh mutation (18.888459ms)
✔ effect proofs: settled claims require a checker and checker failures stay unavailable (9.462041ms)
✔ effect proofs: missing checker reopens the original obligation and cancels ordinary reservations once without rewriting proof history (9.25625ms)
✔ effect proofs: expired reserved lookup releases only an undispatched reservation and preserves measured uncertainty (4.814375ms)
✔ effect proofs: expired running lookup releases only an undispatched reservation and preserves measured uncertainty (5.195875ms)
✔ effect proofs: lifecycle deletion reopens a settled effect and quarantines all linked references without changing received facts or timestamps (7.206958ms)
✔ effect proofs: a committed tool dispatch with missing proof authority cannot silently bypass the broker (7.800291ms)
✔ effect proofs: a committed tool dispatch with invalid proof authority cannot silently bypass the broker (5.281375ms)
✔ effect proofs: a committed tool dispatch with valid proof authority cannot silently bypass the broker (5.904417ms)
✔ effect proofs: a reuse await that loses proof validity is checked before implementation entry (5.151125ms)
✔ effect proofs: invalid proof prevents new model reservation before compiling input (4.453125ms)
✔ effect proofs: losing proof during model input read prevents actual planner entry and still settles the dispatched call (9.919041ms)
✔ effect proofs: loss during adoption artifact checks rejects a stored model proposal while preserving usage (6.383125ms)
✔ effect proofs: a valid checker permits one model invocation and adoption with the historical proof unchanged (5.6515ms)
✔ effect proofs: proof loss during result body storage prevents response publication (5.80025ms)
✔ effect proofs: a same-revision snapshot suppresses an existing result when its proof becomes unavailable during the read (5.5835ms)
✔ evaluation build: none checks source and executed output together (96.692083ms)
✔ evaluation build: source checks source and executed output together (92.448166ms)
✔ evaluation build: compiled checks source and executed output together (89.976125ms)
✔ evaluation build: missing checks source and executed output together (99.153833ms)
✔ evaluation build: runtime checks source and executed output together (130.667209ms)
✔ evaluation build: orphan checks source and executed output together (119.708292ms)
✔ evaluation build: a source change during case selection cannot relabel older compiled execution (181.199583ms)
✔ sqlite: readonly evaluation replay authenticates full receipt history, old originals and the current resume packet after reopen (284.0985ms)
✔ sqlite: version, pins and independently recomputed score are required without writes (246.380833ms)
✔ sqlite: receipt omission, duplicates, absent receipts and changed stored states fail closed (193.067875ms)
✔ sqlite: altered oracle and expected outcome cannot be blessed by recomputing sample and score hashes (179.933167ms)
✔ sqlite: rehashing an altered or dropped intermediate completion cannot bypass receipt-state binding (208.919834ms)
✔ sqlite: repeated readonly observations and explicit status-only measurement preserve historical receipt validation (234.845166ms)
✔ sqlite: omitted historical artifacts and conflicting refs are detected independently of the supplied list (258.717584ms)
✔ sqlite: deleted original is unavailable even with intact state, score and resume blob (253.4035ms)
✔ sqlite: corrupt original is unavailable even with intact state, score and resume blob (229.739458ms)
✔ sqlite: historical_deleted original is unavailable even with intact state, score and resume blob (258.05225ms)
✔ sqlite: wrong owner and the current actor's narrower label policy cannot replay source bytes (215.892167ms)
✔ sqlite: a currently indexed original cannot override a durable lifecycle tombstone (224.8365ms)
✔ sqlite: foreign, body-altered and lost resume packets fail without regeneration (322.68575ms)
✔ sqlite: canonical changes during original I/O prevent a successful replay result (232.430459ms)
✔ sqlite: a receipt changed after initial validation is caught at the final read boundary (241.669792ms)
✔ sqlite: caller mutation cannot replace the in-flight sample and current actor revocation is detected (199.866ms)
✔ file-journal: readonly evaluation replay authenticates full receipt history, old originals and the current resume packet after reopen (722.917042ms)
✔ file-journal: version, pins and independently recomputed score are required without writes (618.395166ms)
✔ file-journal: receipt omission, duplicates, absent receipts and changed stored states fail closed (751.639625ms)
✔ file-journal: altered oracle and expected outcome cannot be blessed by recomputing sample and score hashes (560.713458ms)
✔ file-journal: rehashing an altered or dropped intermediate completion cannot bypass receipt-state binding (810.072458ms)
✔ file-journal: repeated readonly observations and explicit status-only measurement preserve historical receipt validation (918.682709ms)
✔ file-journal: omitted historical artifacts and conflicting refs are detected independently of the supplied list (1063.454291ms)
✔ file-journal: deleted original is unavailable even with intact state, score and resume blob (788.437459ms)
✔ file-journal: corrupt original is unavailable even with intact state, score and resume blob (780.197333ms)
✔ file-journal: historical_deleted original is unavailable even with intact state, score and resume blob (740.115875ms)
✔ file-journal: wrong owner and the current actor's narrower label policy cannot replay source bytes (759.911458ms)
✔ file-journal: a currently indexed original cannot override a durable lifecycle tombstone (784.050541ms)
✔ file-journal: foreign, body-altered and lost resume packets fail without regeneration (1375.859292ms)
✔ file-journal: canonical changes during original I/O prevent a successful replay result (826.615542ms)
✔ file-journal: a receipt changed after initial validation is caught at the final read boundary (767.166209ms)
✔ file-journal: caller mutation cannot replace the in-flight sample and current actor revocation is detected (953.228708ms)
✔ forgotten evidence is rediscovered by ID, source, locator or facts without returning fact bodies (25.568167ms)
✔ hidden, retracted, superseded and parent-retracted evidence never contributes cards or hasMore (11.84625ms)
✔ Korean NFC and NFD clues and English case variants find the same current evidence (7.761667ms)
✔ the evidence discovery tool preserves bounded current-card and partial-call semantics (5.512209ms)
✔ locator truncation preserves the exact evidence ID and reports partial coverage without inventing more matches (5.950917ms)
✔ different owners, tenants and narrower caller labels cannot inspect evidence discovery cards (6.373833ms)
✔ retained knowledge failure at validation 1 blocks cards before return (7.651584ms)
✔ retained knowledge failure at validation 2 blocks cards before return (5.450333ms)
✔ a work retaining knowledge cannot discover derived evidence without its current validator (5.545291ms)
✔ a goal change while the final source-state read waits prevents returning earlier-scope cards (5.217375ms)
✔ caller permission narrowing during the knowledge gate is detected even without a work revision change (5.192833ms)
✔ strict discovery arguments reject extra authority, excessive query length and invalid limits (5.561792ms)
✔ instructions in source facts remain data and discovery changes no facts, goal, plan or authority (4.5995ms)
✔ pre-aborted discovery uses the common read wrapper without reading the work (5.898791ms)
✔ current and historical views enforce own access, tenant, scope and artifact labels while omitted access stays available (0.746334ms)
✔ two generations of derived evidence lose current validity when an ancestor is retracted or superseded, while history stays readable (0.175834ms)
✔ ancestor restriction, deletion, missing reference or revoked labels blocks current and historical descendants (0.100333ms)
✔ a correction remains a monotonic supersession after retraction, restriction, deletion or permission loss (0.14425ms)
✔ supersession uses the full valid version chain and is independent of record ordering (0.070458ms)
✔ foreign tenant, scope, source, lineage and invalid time cannot suppress a valid original (0.094666ms)
✔ a replacement does not depend on a superseded body being current or present in a selected view (0.039709ms)
✔ cyclic, missing and ambiguous derived references fail closed without removing independent evidence (0.05275ms)
✔ deep derived chains are evaluated without recursive call-stack growth and do not become independent sources (9.125583ms)
✔ record intake accepts parents and descendants in either order and preserves caller objects (3.63725ms)
✔ record intake requires inherited labels on both derivation and replacement edges (0.726166ms)
✔ record intake requires artifact labels to cover the evidence and rejects artifacts outside policy (0.545125ms)
✔ new records inherit transitive dependency labels even if a legacy intermediate record was under-labelled (0.206292ms)
✔ shared ancestry across multiple parents is not mistaken for a cycle (0.085791ms)
✔ derived intake refuses historical or inaccessible ancestors and checks validity after the whole incoming batch (0.379125ms)
✔ replacement intake permits an accessible retracted target but never an inaccessible historical target (0.147084ms)
✔ record intake rejects missing references and invalid tenant, scope, source, lineage or time on replacements (0.270083ms)
✔ record intake rejects self, indirect and mixed cycles before accepting partial lineage (0.125917ms)
✔ omitted and explicit available access are idempotently equivalent but content or access changes cannot overwrite an ID (0.533291ms)
✔ tool-result validation preserves effect, error and artifact guards while using the shared record intake (0.391333ms)
✔ evaluation: fixture truth distinguishes acknowledgement, first original, delivered useful answer and verified completion (4.610625ms)
✔ evaluation: a runtime completed flag cannot replace the fixed expected facts (0.593709ms)
✔ evaluation: absent expected facts do not count as verified evidence or a useful answer (0.265458ms)
✔ evaluation: early delivered answers remain false completion even if the final state later becomes correct (0.318375ms)
✔ evaluation: a correct result before a declared late-evidence release fails the fixed timeline oracle (0.339709ms)
✔ evaluation: wrong source identity cannot satisfy an original named by the fixture oracle (0.226375ms)
✔ evaluation: wrong lineage identity cannot satisfy an original named by the fixture oracle (0.183792ms)
✔ evaluation: wrong observation time cannot satisfy an original named by the fixture oracle (0.189833ms)
✔ evaluation: wrong tenant cannot satisfy an original named by the fixture oracle (0.258958ms)
✔ evaluation: wrong scope cannot satisfy an original named by the fixture oracle (0.196167ms)
✔ evaluation: restricted label cannot satisfy an original named by the fixture oracle (0.176292ms)
✔ evaluation: restricted access cannot satisfy an original named by the fixture oracle (0.170042ms)
✔ evaluation: retracted source cannot satisfy an original named by the fixture oracle (0.149542ms)
✔ evaluation: copied source cannot satisfy an original named by the fixture oracle (0.158208ms)
✔ evaluation: partial coverage cannot satisfy an original named by the fixture oracle (0.154625ms)
✔ evaluation: two required records from one lineage cannot satisfy a two-source criterion even with matching facts (0.188084ms)
✔ evaluation: duplicate source IDs, current forbidden evidence and unresolved counterevidence fail independently (0.502125ms)
✔ evaluation: a pinned replacement must remain readable, accepted, original and complete without resurrecting its withdrawn predecessor (1.696375ms)
✔ evaluation: hypothesis status and current original support are checked against the pinned final hypothesis (0.318625ms)
✔ evaluation: answer delivery requires authorized routing and explicit required evidence references (0.60025ms)
✔ evaluation: waiting with an unknown delivery reports no useful answer latency and preserves its delivery obligation (0.204833ms)
✔ evaluation: run errors and mismatched final control remain failures even for an expected blocked case (0.415542ms)
✔ evaluation: completed states with pending obligations or an undelivered required response are false completion (0.627458ms)
✔ evaluation: status-only observation of an existing completed work is not a new completion or answer (0.353334ms)
✔ evaluation: cumulative costs cannot disappear and unknown model usage cannot become fabricated zero after resume (0.809125ms)
✔ evaluation: a real late usage report may resolve unknown reservations while preserving known and additional charges (0.249417ms)
✔ evaluation: a gate failure before dispatch costs zero, while a dispatched call denied before invocation remains charged (0.609208ms)
✔ evaluation: observations and source queries can repeat without duplicating intervention or context accounting (0.380833ms)
✔ evaluation: context cost comes from unique persisted model calls and remains distinct from reported token usage (0.588375ms)
✔ evaluation summary: contract success, all-case completion and eligible completion use different explicit denominators (5.849541ms)
✔ evaluation summary: nearest-rank p50/p95 include answer samples only and report the sample count (0.88275ms)
✔ evaluation summary: supplied scores join by case ID and cannot silently replace missing or duplicate cases (0.555167ms)
✔ sqlite: two local callers join one real execution and preserve owner, lease, deadline and one budget charge (191.514833ms)
✔ sqlite: cancelling the initiating caller and another joined caller detaches only their waits (217.380458ms)
✔ sqlite: an already aborted caller cannot create an execution (102.833042ms)
✔ sqlite: another facade observes durable running and settled states without claiming local promise ownership (232.816125ms)
✔ sqlite: a different owner and an expired reservation remain explicit waits without lease renewal or automatic recovery (140.757459ms)
✔ sqlite: reopening a dispatched write never replays it and explicit recovery retains the unknown effect obligation (131.013292ms)
✔ sqlite: reopening after a stored result reports received without executing or adopting it again (185.952875ms)
✔ sqlite: state changes during receipt lookup are reread before the facade decides to execute (109.971959ms)
✔ sqlite: a reporting read error after successful execution is shared as an error and retry only observes the durable result (213.904834ms)
✔ file-journal: two local callers join one real execution and preserve owner, lease, deadline and one budget charge (757.617083ms)
✔ file-journal: cancelling the initiating caller and another joined caller detaches only their waits (766.935125ms)
✔ file-journal: an already aborted caller cannot create an execution (210.884834ms)
✔ file-journal: another facade observes durable running and settled states without claiming local promise ownership (690.578ms)
✔ file-journal: a different owner and an expired reservation remain explicit waits without lease renewal or automatic recovery (566.843834ms)
✔ file-journal: reopening a dispatched write never replays it and explicit recovery retains the unknown effect obligation (610.622792ms)
✔ file-journal: reopening after a stored result reports received without executing or adopting it again (660.073083ms)
✔ file-journal: state changes during receipt lookup are reread before the facade decides to execute (360.005417ms)
✔ file-journal: a reporting read error after successful execution is shared as an error and retry only observes the durable result (735.683417ms)
✔ execution mode CLI sqlite: fast reception survives process exit and repeated status is read-only (1209.643375ms)
✔ execution mode CLI sqlite: mode command is durable and idempotent while stale revisions do not change state (1504.547166ms)
✔ execution mode CLI sqlite: a pending mode change is visible after exit and preserves the reserved attempt (1485.904375ms)
✔ execution mode CLI sqlite: enum, both revisions and an explicit nonblank reason are required (1298.896375ms)
✔ execution mode CLI sqlite: irrelevant mode options are rejected before opening a profile (661.675666ms)
✔ execution mode CLI sqlite documents-simple: changing mode preserves the goal, original source and completed work (1834.313792ms)
✔ execution mode CLI sqlite observations-simple: changing mode preserves the goal, original source and completed work (1913.630042ms)
✔ execution mode CLI file-journal: fast reception survives process exit and repeated status is read-only (2669.212167ms)
✔ execution mode CLI file-journal: mode command is durable and idempotent while stale revisions do not change state (2554.032125ms)
✔ execution mode CLI file-journal: a pending mode change is visible after exit and preserves the reserved attempt (3360.742917ms)
✔ execution mode CLI file-journal: enum, both revisions and an explicit nonblank reason are required (1748.823792ms)
✔ execution mode CLI file-journal: irrelevant mode options are rejected before opening a profile (631.641292ms)
✔ execution mode CLI file-journal documents-simple: changing mode preserves the goal, original source and completed work (4637.336916ms)
✔ execution mode CLI file-journal observations-simple: changing mode preserves the goal, original source and completed work (4610.553125ms)
✔ sqlite/documents-simple/auto: one necessary plan and observation complete with no extra investigation (468.261791ms)
✔ sqlite/documents-simple/fast: one necessary plan and observation complete with no extra investigation (494.781458ms)
✔ sqlite/documents-simple/deep: one necessary plan and observation complete with no extra investigation (367.62975ms)
✔ sqlite/observations-simple/auto: one necessary plan and observation complete with no extra investigation (532.345834ms)
✔ sqlite/observations-simple/fast: one necessary plan and observation complete with no extra investigation (511.72975ms)
✔ sqlite/observations-simple/deep: one necessary plan and observation complete with no extra investigation (510.704334ms)
✔ sqlite/documents-complex/auto: complex scope is either validated for investigation or rejected without false completion (690.193ms)
✔ sqlite/documents-complex/fast: complex scope is either validated for investigation or rejected without false completion (266.936209ms)
✔ sqlite/documents-complex/deep: complex scope is either validated for investigation or rejected without false completion (815.752292ms)
✔ sqlite/observations-complex/auto: complex scope is either validated for investigation or rejected without false completion (607.894375ms)
✔ sqlite/observations-complex/fast: complex scope is either validated for investigation or rejected without false completion (237.049042ms)
✔ sqlite/observations-complex/deep: complex scope is either validated for investigation or rejected without false completion (575.947167ms)
✔ sqlite: mode commands enforce owner and both revisions, remain idempotent, and preserve goal and costs (102.820708ms)
✔ sqlite: lowering to fast after two paid reads cannot reset usage or oversubscribe the next reservation (301.767917ms)
✔ sqlite: explicit model cap and fast cap include reservations and do not reopen paid capacity (685.250875ms)
✔ sqlite: a running model keeps its pending mode request and late reply accounting until the next safe boundary (455.085625ms)
✔ sqlite: a pending mode survives reserved model restart without invalidating its stored input (555.662875ms)
✔ sqlite: cancel overrides a pending mode without discarding late measured model costs (282.606542ms)
✔ sqlite: deep to fast retains original goal, completed tasks, checkpoint and result reuse after reopen (442.881458ms)
✔ sqlite: fast keeps mandatory review of existing hypotheses and cannot replace it with premature completion (465.988084ms)
✔ sqlite: legacy model reservations keep their version-one basis when a pending mode first materializes control (334.05975ms)
✔ sqlite: a newer mode wins a pending-mode boundary CAS race (162.291125ms)
✔ sqlite: a newer cancel wins a pending-mode boundary CAS race (137.922167ms)
✔ sqlite: cancellation during model backoff publication returns current control without failing the workflow (250.086833ms)
✔ sqlite: auto mode change and reopen preserve a partial collection's original goal and explicit resume chain (1113.42825ms)
✔ file-journal/documents-simple/auto: one necessary plan and observation complete with no extra investigation (3879.846083ms)
✔ file-journal/documents-simple/fast: one necessary plan and observation complete with no extra investigation (3380.524542ms)
✔ file-journal/documents-simple/deep: one necessary plan and observation complete with no extra investigation (4080.529583ms)
✔ file-journal/observations-simple/auto: one necessary plan and observation complete with no extra investigation (4095.359917ms)
✔ file-journal/observations-simple/fast: one necessary plan and observation complete with no extra investigation (5173.654625ms)
✔ file-journal/observations-simple/deep: one necessary plan and observation complete with no extra investigation (4262.598292ms)
✔ file-journal/documents-complex/auto: complex scope is either validated for investigation or rejected without false completion (4920.234ms)
✔ file-journal/documents-complex/fast: complex scope is either validated for investigation or rejected without false completion (918.870417ms)
✔ file-journal/documents-complex/deep: complex scope is either validated for investigation or rejected without false completion (4521.185584ms)
✔ file-journal/observations-complex/auto: complex scope is either validated for investigation or rejected without false completion (3407.88125ms)
✔ file-journal/observations-complex/fast: complex scope is either validated for investigation or rejected without false completion (778.760834ms)
✔ file-journal/observations-complex/deep: complex scope is either validated for investigation or rejected without false completion (3569.068333ms)
✔ file-journal: mode commands enforce owner and both revisions, remain idempotent, and preserve goal and costs (486.784375ms)
✔ file-journal: lowering to fast after two paid reads cannot reset usage or oversubscribe the next reservation (1332.623ms)
✔ file-journal: explicit model cap and fast cap include reservations and do not reopen paid capacity (2161.260333ms)
✔ file-journal: a running model keeps its pending mode request and late reply accounting until the next safe boundary (3094.099917ms)
✔ file-journal: a pending mode survives reserved model restart without invalidating its stored input (3042.704791ms)
✔ file-journal: cancel overrides a pending mode without discarding late measured model costs (851.105708ms)
✔ file-journal: deep to fast retains original goal, completed tasks, checkpoint and result reuse after reopen (2014.702458ms)
✔ file-journal: fast keeps mandatory review of existing hypotheses and cannot replace it with premature completion (2217.7835ms)
✔ file-journal: legacy model reservations keep their version-one basis when a pending mode first materializes control (1176.9285ms)
✔ file-journal: a newer mode wins a pending-mode boundary CAS race (958.2065ms)
✔ file-journal: a newer cancel wins a pending-mode boundary CAS race (869.009709ms)
✔ file-journal: cancellation during model backoff publication returns current control without failing the workflow (1011.951958ms)
✔ file-journal: auto mode change and reopen preserve a partial collection's original goal and explicit resume chain (4800.158875ms)
✔ local versioned defaults select direct auto/fast and investigate deep without allocating work (2.687833ms)
✔ new controls snapshot caller policy and never expose the default policy for mutation (0.082542ms)
✔ legacy goals supply initial mode while a saved control overrides it without mutating state (3.432125ms)
✔ effective fast limits are absolute work caps and retain token/time limits (0.378041ms)
✔ auto starts direct while retaining the user work limits before evidence or strategy expansion (0.507625ms)
✔ explicit work caps beat mode policy and mode changes cannot grant a fresh allowance (0.416625ms)
✔ investigate strategies retain explicit work limits and pending mode requests have no effect yet (0.1685ms)
✔ fast allows completed history plus one pending task and counts only current adopted successes (1.256792ms)
✔ fast rejects an oversized pending graph or hypotheses without mutating or silently escalating (0.233209ms)
✔ fast preserves and reviews existing hypotheses while rejecting new optional hypotheses (0.218709ms)
✔ policy-specific scope limits are used instead of hard coded local defaults (0.199625ms)
✔ auto expands only validated plan scope and preserves investigate strategy on smaller subsequent plans (0.17775ms)
✔ deep permits a simple or empty plan without manufacturing tasks or hypotheses (0.085041ms)
✔ automatic expansion requires available relevant new evidence and an unmet criterion (0.230708ms)
✔ irrelevant, inaccessible, retracted and another-scope facts cannot justify expansion (0.327708ms)
✔ current counterevidence justifies investigation even if it has already been assessed (0.084583ms)
✔ current hypotheses allow review but sufficiently assessed completed goals do not expand (0.108625ms)
✔ permission failure, empty responses and exhausted budgets are not independent escalation evidence (0.086542ms)
✔ pending obligations, active calls, terminal states and explicit modes suppress automatic expansion (0.270875ms)
✔ delivery waiting does not manufacture completion or suppress investigation of unmet criteria (0.08125ms)
✔ a reserved, running or received model prevents expansion until its existing call is settled (0.180625ms)
✔ policy contracts reject unknown fields, unsafe counts and blank versions while allowing explicit zero caps (0.647709ms)
✔ control contracts enforce current mode strategy and preserve distinct pending requests (0.4045ms)
✔ documents-simple: validated plan executes to verified completion without additional planner calls (26.750083ms)
✔ observations-simple: validated plan executes to verified completion without additional planner calls (12.558541ms)
✔ invalid plans fail before budget or execution: stale, cyclic, missing deps, schema, effects, permission and IDs (6.273166ms)
✔ plan commands deduplicate after later state changes; task IDs cannot hide changed inputs (5.864833ms)
✔ discarded unexecuted task ID still cannot acquire a different contract (4.783875ms)
✔ scripted planner proposal enters the real validator and executor only when control requests a plan (6.499458ms)
✔ dependencies execute in order; partial observations require another source, not false completion (8.591709ms)
✔ empty queue is replan; wake conditions, tool budget, deadline and cancellation produce distinct controls (5.214625ms)
✔ only authorized current-goal commands mutate state; duplicate cancellation is stable (3.991167ms)
✔ competing executors cannot both reserve or replay dispatch (5.034875ms)
✔ late tool result after cancel is recorded without adopting or reversing the command (5.577875ms)
✔ late tool result after goal is recorded without adopting or reversing the command (4.280875ms)
✔ expired dispatched read has bounded retry or explicit unknown effect (4.70125ms)
✔ expired dispatched write has bounded retry or explicit unknown effect (3.926083ms)
✔ invalid result identity, labels, references and output cannot become accepted evidence (29.671667ms)
✔ stored received result resumes in reopened SQLite and artifact stores without invoking tool again (266.542792ms)
✔ tool JSON schema validation compiles once, rejects unsupported schema and preserves inputs (3.804833ms)
✔ successful dependency chain follows DAG order even when task array is reversed (7.858917ms)
✔ pause before dispatch releases reservation; resume and repeated old pause do not cancel new execution (5.663958ms)
✔ tool failures retry only within attempt budget and repeated empty replans exhaust their own budget (7.854417ms)
✔ unconfirmed write is unknown and cannot satisfy the goal or be retried by a renamed task (6.090834ms)
✔ lease timeout yields even for a tool that ignores cancellation; late result cannot finish the goal (27.106542ms)
✔ permission revocation after reservation is rechecked before dispatch and durably blocks execution (4.465708ms)
✔ memory: waiting execution wakes only for expired lease or received result (9.911958ms)
✔ sqlite: waiting execution wakes only for expired lease or received result (135.556959ms)
✔ baseline documents-complex (3.907833ms)
✔ baseline documents-simple (0.305375ms)
✔ baseline observations-complex (0.382709ms)
✔ baseline observations-simple (0.179083ms)
✔ both domains use the same schema and include simple/complex baselines (0.33075ms)
✔ fixture oracle rejects missing references and duplicated evidence IDs (0.682334ms)
✔ repetition and permutation cannot create independent sources (0.133458ms)
✔ completed facts do not discharge an unrelated pending obligation (0.061334ms)
✔ sqlite: goal change rejects a mode changed by another channel without modifying goal, control or receipts (322.822167ms)
✔ sqlite: goal control is rechecked after a commit CAS conflict and cannot overwrite the winning mode (332.346125ms)
✔ sqlite: unrelated commit contention retries the same goal request while incrementing control exactly once (354.93125ms)
✔ sqlite: successful goal replay remains idempotent after a later mode change and restart (339.933042ms)
✔ sqlite: goal mutation requires a positive safe control revision and strict fields before any receipt or state change (244.889583ms)
✔ sqlite: a legacy goal without stored execution control still requires its explicit initial revision (319.747333ms)
✔ sqlite: CLI goal changes require both explicit revisions, reject stale control and replay the saved receipt (1477.2855ms)
✔ sqlite: Web strict goal input carries control revision through HTTP and rejects a newer channel mode (401.686584ms)
✔ file-journal: goal change rejects a mode changed by another channel without modifying goal, control or receipts (984.991083ms)
✔ file-journal: goal control is rechecked after a commit CAS conflict and cannot overwrite the winning mode (1033.626334ms)
✔ file-journal: unrelated commit contention retries the same goal request while incrementing control exactly once (956.961333ms)
✔ file-journal: successful goal replay remains idempotent after a later mode change and restart (1145.195541ms)
✔ file-journal: goal mutation requires a positive safe control revision and strict fields before any receipt or state change (940.8595ms)
✔ file-journal: a legacy goal without stored execution control still requires its explicit initial revision (833.1785ms)
✔ file-journal: CLI goal changes require both explicit revisions, reject stale control and replay the saved receipt (2391.84125ms)
✔ file-journal: Web strict goal input carries control revision through HTTP and rejects a newer channel mode (1393.118833ms)
✔ Web goal schema accepts only an explicit positive safe numeric control revision (0.333958ms)
✔ sqlite: valid original guidance remains readable through two historical copies and records actual file probe bytes (553.720042ms)
✔ sqlite: body-edited without refresh invalidates original guidance history and two stored copies (484.768542ms)
✔ sqlite: body-deleted without refresh invalidates original guidance history and two stored copies (604.69175ms)
✔ sqlite: catalog-rules-changed without refresh invalidates original guidance history and two stored copies (571.6315ms)
✔ file-journal: valid original guidance remains readable through two historical copies and records actual file probe bytes (3157.379ms)
✔ file-journal: body-edited without refresh invalidates original guidance history and two stored copies (3023.708333ms)
✔ file-journal: body-deleted without refresh invalidates original guidance history and two stored copies (2980.900667ms)
✔ file-journal: catalog-rules-changed without refresh invalidates original guidance history and two stored copies (2418.623667ms)
✔ guidance refresh stages every provider page and only then replaces the complete snapshot (13.961875ms)
✔ guidance failure listing leaves the previous snapshot usable (1.208166ms)
✔ guidance mixed listing leaves the previous snapshot usable (0.530833ms)
✔ guidance duplicate listing leaves the previous snapshot usable (0.469542ms)
✔ guidance cycle listing leaves the previous snapshot usable (0.389667ms)
✔ guidance page-bound listing leaves the previous snapshot usable (0.277833ms)
✔ guidance entry-bound listing leaves the previous snapshot usable (0.381416ms)
✔ guidance byte-bound listing leaves the previous snapshot usable (0.6185ms)
✔ guidance abort and late completion cannot replace a published listing (0.635375ms)
✔ guidance concurrent refresh rejects an earlier listing and a complete empty snapshot retires entries (0.5385ms)
✔ legacy list/load remains compatible and missing source validation disables body reuse (1.628875ms)
✔ guidance pages reach beyond 20 and preserve item and whole UTF-8 page bounds (7.440541ms)
✔ guidance cursor binds kind, owner, permission and snapshot and hides unauthorized counts (1.743167ms)
✔ hot guidance reuses only body/artifact while rules, selection reason and method are current (0.802792ms)
✔ guidance body cache cannot bypass current tenant, label or work-kind restrictions (0.513541ms)
✔ guidance cache obeys entry/byte bounds, evicts unused bodies and isolates artifact stores (0.5695ms)
✔ a body larger than the cache byte budget is read and decoded on every load (0.379625ms)
✔ a pending hot load cannot exceed cache bounds when another body evicts its old entry (0.401166ms)
✔ a cold legacy-source load rechecks its manifest after artifact persistence (0.255667ms)
✔ source changes during an artifact check are caught by the final probe (0.402292ms)
✔ manifest refresh during final validation rejects a hot result from the previous rules (0.464792ms)
✔ load cancellation cannot publish a cache entry after an ignored-signal provider returns (0.365583ms)
✔ file guidance reports actual cold/hot original I/O separately from put/decode reuse (28.89375ms)
ℹ {"coldOriginalReads":2,"hotOriginalReads":1,"coldOriginalBytes":48,"hotOriginalBytes":24,"source":{"catalogReads":7,"catalogBytes":2702,"bodyReads":3,"bodyBytes":72,"readCalls":1,"validateCalls":2},"catalog":{"sourceReadCalls":1,"sourceReadBytes":24,"sourceValidateCalls":2,"artifactPutCalls":1,"artifactCheckCalls":1,"bodyDecodes":1,"cacheHits":1,"cacheMisses":1,"cachedBodies":1,"cachedBytes":24},"artifactPuts":1,"artifactChecks":1}
✔ file guidance cache never bypasses a deleted original source (22.661ms)
✔ file guidance cache never bypasses a modified original source (26.864583ms)
✔ file guidance cache never bypasses a manifest original source (37.852ms)
✔ file guidance refresh observes a new catalog, preserves same-body cache and rejects invalid replacements (56.995166ms)
✔ guidance resources documents-simple: cold and hot runtime loads retain provenance and report original I/O separately (42.102625ms)
ℹ {"family":"documents-simple","coldOriginalBytes":58,"hotOriginalBytes":29,"coldMetrics":{"sourceReadCalls":1,"sourceReadBytes":29,"sourceValidateCalls":1,"artifactPutCalls":1,"artifactCheckCalls":0,"bodyDecodes":1,"cacheHits":0,"cacheMisses":1,"cachedBodies":1,"cachedBytes":29},"hotMetrics":{"sourceReadCalls":1,"sourceReadBytes":29,"sourceValidateCalls":2,"artifactPutCalls":1,"artifactCheckCalls":1,"bodyDecodes":1,"cacheHits":1,"cacheMisses":1,"cachedBodies":1,"cachedBytes":29}}
✔ guidance resources documents-simple: policy revocation during a hot validation suppresses the cached body (10.231916ms)
✔ guidance resources documents-simple: a goal change while the source read waits cannot return the previous selection (7.16825ms)
✔ guidance resources documents-simple: a refreshed version cannot be replaced by an in-flight older load (7.507416ms)
✔ guidance resources documents-simple: cancellation reaches a pending source and returns no late body (6.3625ms)
✔ guidance resources observations-simple: cold and hot runtime loads retain provenance and report original I/O separately (11.81825ms)
ℹ {"family":"observations-simple","coldOriginalBytes":58,"hotOriginalBytes":29,"coldMetrics":{"sourceReadCalls":1,"sourceReadBytes":29,"sourceValidateCalls":1,"artifactPutCalls":1,"artifactCheckCalls":0,"bodyDecodes":1,"cacheHits":0,"cacheMisses":1,"cachedBodies":1,"cachedBytes":29},"hotMetrics":{"sourceReadCalls":1,"sourceReadBytes":29,"sourceValidateCalls":2,"artifactPutCalls":1,"artifactCheckCalls":1,"bodyDecodes":1,"cacheHits":1,"cacheMisses":1,"cachedBodies":1,"cachedBytes":29}}
✔ guidance resources observations-simple: policy revocation during a hot validation suppresses the cached body (7.318ms)
✔ guidance resources observations-simple: a goal change while the source read waits cannot return the previous selection (6.177ms)
✔ guidance resources observations-simple: a refreshed version cannot be replaced by an in-flight older load (6.377625ms)
✔ guidance resources observations-simple: cancellation reaches a pending source and returns no late body (6.026625ms)
✔ guidance resources: paginated cards respect the complete output byte budget and never read guidance bodies (11.35225ms)
✔ guidance resources: cursors cannot cross kind, caller labels, owner or a refreshed listing (6.633583ms)
✔ guidance resources: legacy discovery keeps its original shape and current method in both work families (11.822ms)
✔ guidance resources: optional paging fields are strict and pre-aborted discovery performs no original reads (5.3735ms)
✔ legacy current validation reads original bytes and a fresh listing and accounts for each cost (5.492ms)
✔ legacy cold load compares a fresh manifest without duplicating the original read (1.098709ms)
✔ a cancelled current probe makes no original read and a failed fresh listing is not accepted (0.589333ms)
✔ sqlite: context compilation refuses delete in an original guidance source (387.334042ms)
✔ sqlite: context compilation refuses modify in an original guidance source (364.085875ms)
✔ sqlite: context compilation refuses rules in an original guidance source (346.677959ms)
✔ sqlite: restarted stored model input cannot send a deleted original guide (493.751375ms)
✔ sqlite: restarted stored model input cannot send a modifyd original guide (489.416542ms)
✔ sqlite: policy during original-source validation stops transport and settles zero usage (444.373875ms)
✔ sqlite: goal during original-source validation stops transport and settles zero usage (441.117625ms)
✔ sqlite: cancel during original-source validation stops transport and settles zero usage (442.904833ms)
✔ sqlite: manifest refresh after the source probe is caught after final state lookup (448.641959ms)
✔ sqlite: an ignored-signal original probe is stopped by the remaining model lease (650.076792ms)
✔ sqlite: stored guidance loss during source probe blocks transport and prevents settlement until repair (489.054458ms)
✔ sqlite: unchanged original guidance sends the exact stored request once after restart (466.895834ms)
✔ file-journal: context compilation refuses delete in an original guidance source (1155.706833ms)
✔ file-journal: context compilation refuses modify in an original guidance source (1190.2315ms)
✔ file-journal: context compilation refuses rules in an original guidance source (1229.701916ms)
✔ file-journal: restarted stored model input cannot send a deleted original guide (1877.8745ms)
✔ file-journal: restarted stored model input cannot send a modifyd original guide (1393.024833ms)
✔ file-journal: policy during original-source validation stops transport and settles zero usage (1981.230334ms)
✔ file-journal: goal during original-source validation stops transport and settles zero usage (2114.933ms)
✔ file-journal: cancel during original-source validation stops transport and settles zero usage (1958.657042ms)
✔ file-journal: manifest refresh after the source probe is caught after final state lookup (1925.666792ms)
✔ file-journal: an ignored-signal original probe is stopped by the remaining model lease (2086.316625ms)
✔ file-journal: stored guidance loss during source probe blocks transport and prevents settlement until repair (2369.656167ms)
✔ file-journal: unchanged original guidance sends the exact stored request once after restart (2771.377459ms)
✔ invocation copies: two real canonical copies expose the still-authorized original without executing it again (57.805375ms)
✔ invocation copies: retaining only calls.get permission does not restore a revoked source tool (21.454125ms)
✔ invocation copies: current guidance version replacement blocks the copied earlier guide (26.508875ms)
✔ invocation copies: same-version manifest replacement and new guidance labels also block nested bodies (16.567167ms)
✔ invocation copies: catalog target permission is rechecked through both copies (19.683833ms)
✔ invocation copies: catalog target version is rechecked through both copies (24.692709ms)
✔ invocation copies: catalog target definition is rechecked through both copies (19.133958ms)
✔ invocation copies: a missing canonical source receipt is rejected (12.3775ms)
✔ invocation copies: a foreign-owner canonical source receipt is rejected (14.415208ms)
✔ invocation copies: a foreign-tenant canonical source receipt is rejected (11.952916ms)
✔ invocation copies: a foreign-work canonical source receipt is rejected (10.925ms)
✔ invocation copies: a input-digest canonical source receipt is rejected (10.572833ms)
✔ invocation copies: missing source artifacts invalidate copied bodies even when copy artifacts remain readable (10.665708ms)
✔ invocation copies: a modified copied body must still equal its canonical source result (11.917667ms)
✔ invocation copies: source knowledge is validated and propagated even if an older copy omitted its dependency metadata (15.461ms)
✔ invocation copies: permission changes during a source receipt read prevent returning the already-read copy (11.061917ms)
✔ invocation copies: a canonical input cycle is rejected before following the same receipt twice (10.15575ms)
✔ invocation copies: the 64-node source boundary accepts 63 copies and rejects one further copy (686.301167ms)
✔ sqlite: two invocation copies recheck remove registry change after source artifact read (436.960834ms)
✔ sqlite: two invocation copies recheck labels registry change after source artifact read (418.072834ms)
✔ sqlite: two invocation copies recheck description registry change after source artifact read (380.1615ms)
✔ sqlite: two invocation copies recheck unrelated registry change after source artifact read (431.085958ms)
✔ sqlite: an executed third calls.get stores no private body when source is removed during its read (535.696708ms)
✔ sqlite: catalog target pin is rechecked after final asynchronous state validation (430.129291ms)
✔ sqlite: a same-version guidance manifest change cannot survive copied body verification (501.556542ms)
✔ file-journal: two invocation copies recheck remove registry change after source artifact read (2345.090083ms)
✔ file-journal: two invocation copies recheck labels registry change after source artifact read (2913.130166ms)
✔ file-journal: two invocation copies recheck description registry change after source artifact read (2943.881166ms)
✔ file-journal: two invocation copies recheck unrelated registry change after source artifact read (2874.769083ms)
✔ file-journal: an executed third calls.get stores no private body when source is removed during its read (3864.610834ms)
✔ file-journal: catalog target pin is rechecked after final asynchronous state validation (3651.78175ms)
✔ file-journal: a same-version guidance manifest change cannot survive copied body verification (3054.7ms)
✔ file journal: exception at candidate_synced preserves the publication boundary and retry identity (239.330791ms)
✔ file journal: actual SIGKILL at candidate_synced reopens a whole commit or no commit (319.775125ms)
✔ file journal: exception at published preserves the publication boundary and retry identity (172.433209ms)
✔ file journal: actual SIGKILL at published reopens a whole commit or no commit (274.3145ms)
✔ file journal: exception at directory_synced preserves the publication boundary and retry identity (235.063083ms)
✔ file journal: actual SIGKILL at directory_synced reopens a whole commit or no commit (327.83375ms)
✔ file journal: a reader and duplicate retry observe a whole published record while its writer is pending (241.785917ms)
✔ file journal: directory sync failure prevents reads and duplicate acknowledgements without rolling back publication (140.944208ms)
✔ file journal: listing retries the first record when publication follows its initial ENOENT (167.727083ms)
✔ file journal: checksum corruption blocks reads and subsequent commits without overwriting the damaged record (98.530958ms)
✔ file journal: an intact record checksum does not hide a broken previous-hash link (133.692792ms)
✔ file journal: deleting a middle revision rejects the incomplete prefix (173.699167ms)
✔ file journal: changing store identity is rejected by an open instance and by replay after reopening (100.808708ms)
✔ file journal: a missing format header does not initialize a populated store as empty (88.298875ms)
✔ file journal: existing root, work and record symlinks are rejected without following their contents (285.230084ms)
✔ file journal: group or other permissions on the root and records are rejected (162.4515ms)
✔ file journal: an observed root or work directory replacement cannot reset the open repository (134.174834ms)
✔ file journal: record size limits reject both publication and oversized persisted input (169.193792ms)
✔ file journal: closed instances reject every repository operation while reopening retains data (136.679916ms)
✔ file journal: revision zero is invalid layout and cannot be silently ignored (101.001708ms)
✔ sqlite: same-work recall survives dispatch, receipt and unrelated revision bookkeeping (417.34825ms)
✔ sqlite: cross-work memory copy keeps custody across a goal change and blocks a prepared result after source deletion (864.481833ms)
✔ sqlite: source deletion after a cross-goal copied memory cancels a reserved effect before invocation (504.614583ms)
✔ sqlite: stored model input contains recalled bodies while hiding internal custody metadata (661.324667ms)
✔ sqlite: reopening without a knowledge validator blocks retained originals and reserved effects (537.844292ms)
✔ sqlite: deleting another work's source while adopt commit waits quarantines the copied evidence before return (492.820667ms)
✔ file-journal: same-work recall survives dispatch, receipt and unrelated revision bookkeeping (3088.044791ms)
✔ file-journal: cross-work memory copy keeps custody across a goal change and blocks a prepared result after source deletion (13418.639042ms)
✔ file-journal: source deletion after a cross-goal copied memory cancels a reserved effect before invocation (7738.132625ms)
✔ file-journal: stored model input contains recalled bodies while hiding internal custody metadata (9565.893875ms)
✔ file-journal: reopening without a knowledge validator blocks retained originals and reserved effects (5119.03675ms)
✔ file-journal: deleting another work's source while adopt commit waits quarantines the copied evidence before return (4315.7445ms)
✔ memory tools expose read cards, internal dependencies and schema-valid results (sqlite) (178.682584ms)
✔ memory tool authority intersects destination, caller and fresh trusted identity (sqlite) (197.451333ms)
✔ memory reads constrain IDs and searches to the current goal scope (sqlite) (180.73925ms)
✔ memory tools expose read cards, internal dependencies and schema-valid results (file-journal) (1178.869125ms)
✔ memory tool authority intersects destination, caller and fresh trusted identity (file-journal) (583.418708ms)
✔ memory reads constrain IDs and searches to the current goal scope (file-journal) (806.561ms)
✔ memory tools report bounded references without bodies, including multibyte oversized references (212.881417ms)
✔ memory search distinguishes result truncation and index errors from complete absence (234.065875ms)
✔ memory tools discard a copied card when trusted-owner changes during a repository wait (144.907959ms)
✔ memory tools discard a copied card when work-owner changes during a repository wait (207.866417ms)
✔ memory tools discard a copied card when caller-labels changes during a repository wait (162.647416ms)
✔ memory tools discard a copied card when work-labels changes during a repository wait (191.369708ms)
✔ memory tools discard a copied card when goal changes during a repository wait (178.923917ms)
✔ memory tools discard a copied card when generation changes during a repository wait (252.922ms)
✔ memory tools discard a copied card when cancel changes during a repository wait (151.864625ms)
✔ each fresh trusted actor lookup must match the work owner, including the final return check (205.078208ms)
✔ dependency validation uses current source, record and caller permissions without a stale service cache (157.63725ms)
✔ memory adapters do not mutate the caller policy and normalize invalid input and pre-abort (117.716125ms)
✔ knowledge exact lookup precedes index, Korean/English and conditional search use current sources (sqlite) (107.836625ms)
✔ knowledge exact lookup precedes index, Korean/English and conditional search use current sources (file-journal) (417.41975ms)
✔ private memory needs explicit submission and another reviewer of the exact content revision (174.082666ms)
✔ source retracted prevents direct, cached lexical and dependency reuse (147.953708ms)
✔ source restricted prevents direct, cached lexical and dependency reuse (173.94475ms)
✔ source deleted prevents direct, cached lexical and dependency reuse (165.980375ms)
✔ source corrected prevents direct, cached lexical and dependency reuse (160.888584ms)
✔ source policy prevents direct, cached lexical and dependency reuse (174.969334ms)
✔ source generation prevents direct, cached lexical and dependency reuse (135.957792ms)
✔ ancestor changes and derived memories retain source identity without inflating independent provenance (140.805042ms)
✔ review CAS prevents a reviewed draft from being silently replaced or shared after editing (174.049583ms)
✔ source or actor changes while source reads wait cannot return stale memory content (185.969541ms)
✔ a delayed candidate cache fill rechecks namespace authority before returning cards or counts (139.553083ms)
✔ index errors remain distinct from absence and rebuild never resurrects deleted or expired content (192.314333ms)
✔ SQLite reopen retains memory, review, cursor and receipts; competing writers use revision CAS (214.76725ms)
✔ source and knowledge stores close and reopen with reviewed memory and index intact (216.042708ms)
✔ bounded results report truncation only after current visibility filtering (146.750375ms)
✔ deletion while a repeated source check waits is noticed before returning the memory card (225.33975ms)
✔ source deletion after the second source snapshot cannot return its old card (170.666125ms)
✔ batch dependency fences notice an earlier card source changing while a later card is checked (177.130083ms)
✔ retracted memory can subsequently be deleted while preserving the revision and idempotency rules (199.462625ms)
✔ a pruned limited search stays partial when an unread matching candidate remains (155.944458ms)
✔ unrelated work revisions preserve semantic dependencies while changed source content does not (112.289375ms)
✔ dependency contracts reject forged fields, unsafe revisions, malformed hashes and duplicate references (149.05825ms)
✔ continuously changing coherent-read revisions stop after a bounded number of fences (214.079875ms)
✔ local evaluation: 192 pinned cases retain two families, two stores, three modes and sixteen variants without duplicate IDs (13.731625ms)
✔ local evaluation sqlite/document_comparison: simple actual workflow and read-only replay preserve one model, one tool and one delivered answer (764.999875ms)
✔ local evaluation sqlite/observation_review: simple actual workflow and read-only replay preserve one model, one tool and one delivered answer (696.67025ms)
✔ local evaluation sqlite: complex original amendments change the hypothesis and require later model assessments (1731.331625ms)
✔ local evaluation sqlite: fast limits reject a complex plan without claiming goal completion or invoking its tool (923.905ms)
✔ local evaluation sqlite: stored_model_resume actually crosses reopen with a received response and does not invoke it again (855.790875ms)
✔ local evaluation sqlite: stored_tool_resume actually crosses reopen with a received response and does not invoke it again (780.929833ms)
✔ local evaluation sqlite: forced compact is persisted before reopen and subsequent model calls assess later originals (1635.065083ms)
✔ local evaluation sqlite: next-day reply preserves a real wait interval with no model or tool entries (873.94125ms)
✔ local evaluation sqlite: status-only keeps its recorded state unchanged with no execution or transport (151.913125ms)
✔ local evaluation sqlite: source_missing reaches the intended failure boundary and stays incomplete (1004.514125ms)
✔ local evaluation sqlite: partial_result reaches the intended failure boundary and stays incomplete (1621.496084ms)
✔ local evaluation sqlite: tool_errors reaches the intended failure boundary and stays incomplete (1569.992334ms)
✔ local evaluation sqlite: model_errors reaches the intended failure boundary and stays incomplete (2237.094458ms)
✔ local evaluation sqlite: permission_revoked reaches the intended failure boundary and stays incomplete (1119.367083ms)
✔ local evaluation sqlite: cancellation occurs after model entry and preserves its reported usage without a tool or answer (780.763333ms)
✔ local evaluation sqlite: requested mode change is first pending during the entered call and later applied (898.133ms)
✔ local evaluation sqlite: unknown result delivery produces lookup rather than a duplicate send or false completion (843.944917ms)
✔ local evaluation sqlite/document_comparison: late counterevidence is actually observed before final judgment (1912.90525ms)
✔ local evaluation sqlite/observation_review: late counterevidence is actually observed before final judgment (2005.718125ms)
✔ local evaluation file-journal/document_comparison: simple actual workflow and read-only replay preserve one model, one tool and one delivered answer (5393.418291ms)
✔ local evaluation file-journal/observation_review: simple actual workflow and read-only replay preserve one model, one tool and one delivered answer (4912.636292ms)
✔ local evaluation file-journal: complex original amendments change the hypothesis and require later model assessments (12523.998083ms)
✔ local evaluation file-journal: fast limits reject a complex plan without claiming goal completion or invoking its tool (6683.933208ms)
✔ local evaluation file-journal: stored_model_resume actually crosses reopen with a received response and does not invoke it again (5384.855375ms)
✔ local evaluation file-journal: stored_tool_resume actually crosses reopen with a received response and does not invoke it again (5199.746125ms)
✔ local evaluation file-journal: forced compact is persisted before reopen and subsequent model calls assess later originals (11079.300208ms)
✔ local evaluation file-journal: next-day reply preserves a real wait interval with no model or tool entries (5331.599875ms)
✔ local evaluation file-journal: status-only keeps its recorded state unchanged with no execution or transport (552.914083ms)
✔ local evaluation file-journal: source_missing reaches the intended failure boundary and stays incomplete (2686.143459ms)
✔ local evaluation file-journal: partial_result reaches the intended failure boundary and stays incomplete (2656.616083ms)
✔ local evaluation file-journal: tool_errors reaches the intended failure boundary and stays incomplete (1248.300542ms)
✔ local evaluation file-journal: model_errors reaches the intended failure boundary and stays incomplete (1403.836792ms)
✔ local evaluation file-journal: permission_revoked reaches the intended failure boundary and stays incomplete (675.177333ms)
✔ local evaluation file-journal: cancellation occurs after model entry and preserves its reported usage without a tool or answer (519.490833ms)
✔ local evaluation file-journal: requested mode change is first pending during the entered call and later applied (759.07225ms)
✔ local evaluation file-journal: unknown result delivery produces lookup rather than a duplicate send or false completion (634.74ms)
✔ local evaluation file-journal/document_comparison: late counterevidence is actually observed before final judgment (1682.129833ms)
✔ local evaluation file-journal/observation_review: late counterevidence is actually observed before final judgment (2143.238084ms)
✔ sqlite: local memory tools and workspace checkpoints remain usable after profile reopen (982.6955ms)
✔ sqlite: workspace initialization failure closes state, channel and knowledge stores (219.385ms)
✔ file-journal: local memory tools and workspace checkpoints remain usable after profile reopen (6415.781792ms)
✔ file-journal: workspace initialization failure closes state, channel and knowledge stores (195.827667ms)
✔ composition without optional memory or workspace keeps the prior tool configuration usable (360.231125ms)
✔ profile close still closes databases after a workspace close failure (424.80325ms)
✔ sqlite: accepted work, request replay, and queries stay separate from fixture execution (620.843417ms)
✔ sqlite: document question is atomic, actionable, and does not interpret reply text (778.460917ms)
✔ sqlite: current ownership, route, and disclosure gates apply to reads and mutations (226.949375ms)
✔ sqlite: web attachment observes an existing CLI primary without re-sending or changing it (596.945542ms)
✔ sqlite: goal and mode commands preserve optimistic revisions and durable idempotency (714.842667ms)
✔ sqlite: pause does not wait behind an active run and a replay cannot start another run (702.935959ms)
✔ sqlite: cancel does not wait behind an active run and a replay cannot start another run (315.106292ms)
✔ sqlite: an unfinished durable run is not repeated by the same request after restart (603.393791ms)
✔ sqlite: a goal changed while the old run intent is acknowledged never receives that run's plan (625.657875ms)
✔ sqlite: workflow entry rejects a stale pinned goal before recovery or execution (250.077375ms)
✔ sqlite: paged lists recheck every returned card and omit a card revoked while another is read (1487.412458ms)
✔ sqlite: at most four distinct works execute concurrently and draining admits no new mutations (1959.077584ms)
✔ file-journal: accepted work, request replay, and queries stay separate from fixture execution (5160.505875ms)
✔ file-journal: document question is atomic, actionable, and does not interpret reply text (5188.845041ms)
✔ file-journal: current ownership, route, and disclosure gates apply to reads and mutations (718.83975ms)
✔ file-journal: web attachment observes an existing CLI primary without re-sending or changing it (3321.406083ms)
✔ file-journal: goal and mode commands preserve optimistic revisions and durable idempotency (3798.018917ms)
✔ file-journal: pause does not wait behind an active run and a replay cannot start another run (3645.8605ms)
✔ file-journal: cancel does not wait behind an active run and a replay cannot start another run (1560.726292ms)
✔ file-journal: an unfinished durable run is not repeated by the same request after restart (3262.788667ms)
✔ file-journal: a goal changed while the old run intent is acknowledged never receives that run's plan (2963.672709ms)
✔ file-journal: workflow entry rejects a stale pinned goal before recovery or execution (1066.033125ms)
✔ file-journal: paged lists recheck every returned card and omit a card revoked while another is read (13469.202709ms)
✔ file-journal: at most four distinct works execute concurrently and draining admits no new mutations (10393.738833ms)
✔ cancel during input artifact read prevents transport invocation and releases the known unused token reservation (29.066166ms)
✔ goal during input artifact read prevents transport invocation and releases the known unused token reservation (12.417459ms)
✔ destination during input artifact read prevents transport invocation and releases the known unused token reservation (7.752584ms)
✔ labels during input artifact read prevents transport invocation and releases the known unused token reservation (6.377875ms)
✔ cancelling an active model sends its signal, yields promptly and settles late usage once without adopting the old plan (7.946667ms)
✔ input byte limit rejects before a durable reservation or transport call (4.996ms)
✔ token budget rejects before a durable reservation or transport call (4.667458ms)
✔ model call budget rejects before a durable reservation or transport call (3.831958ms)
✔ model context capacity and destination policy reject input without invoking the planner (7.654875ms)
✔ concurrent reservations have one winner and duplicate execution performs one dispatch and one transport call (7.706917ms)
✔ a replacement owner waits for a reserved lease, then releases it and creates a fresh intent without repeating a transport call (10.072292ms)
✔ a recovered running lease retains uncertain cost and accepts only late accounting, never its expired plan (5.980208ms)
✔ a reply without usage keeps its reservation and prevents a further model call after rejection (6.416542ms)
✔ verified facts remain visible while hypothesis review prevents response readiness and preparation (30.085958ms)
✔ reserved, running and stored model replies cannot produce a result; accepted review resumes preparation (33.4045ms)
✔ pending model work suppresses question preparation while preserving existing obligation blockers (12.738959ms)
✔ an already prepared result is withheld during review and can be prepared again after accepted model assessment (16.944583ms)
✔ documents-simple: one model plan executes to completion with usage and no extra hypothesis call (43.253ms)
✔ observations-simple: one model plan executes to completion with usage and no extra hypothesis call (12.489ms)
✔ late counterevidence revises the hypothesis and only the changed graph consumes a replan (49.533708ms)
✔ strict structured transport adapter feeds the same validator and execution loop without a provider SDK (10.259167ms)
✔ invalid or truncated responses cannot replace an executable plan or fabricate zero usage (7.812292ms)
✔ rejected model plans still charge exactly one call and preserve their raw response for an authorized read (5.506958ms)
✔ bookkeeping changes do not stale a response but goal and evidence changes do (12.355041ms)
✔ received model result resumes after SQLite and artifact reopen with no additional model call (382.444209ms)
✔ a new scope archives the old hypothesis in prior events and permits a fresh plan (12.191459ms)
✔ unsupported hypotheses and erased counterevidence are rejected without changing the current assessment (9.139958ms)
✔ validator feedback reaches the next model proposal and invalid plans never dispatch their tools (15.549083ms)
✔ permission revocation during reply storage preserves usage but never downgrades the model body (6.306167ms)
✔ sqlite/documents-simple: same model/tool/evidence/conversation workflow resumes on persistent state without a new model call for the stored reply (849.579583ms)
✔ sqlite/documents-complex: same model/tool/evidence/conversation workflow resumes on persistent state without a new model call for the stored reply (1987.531ms)
✔ sqlite/observations-simple: same model/tool/evidence/conversation workflow resumes on persistent state without a new model call for the stored reply (1369.702375ms)
✔ sqlite/observations-complex: same model/tool/evidence/conversation workflow resumes on persistent state without a new model call for the stored reply (2538.211542ms)
✔ file-journal/documents-simple: same model/tool/evidence/conversation workflow resumes on persistent state without a new model call for the stored reply (5928.716542ms)
✔ file-journal/documents-complex: same model/tool/evidence/conversation workflow resumes on persistent state without a new model call for the stored reply (10669.945875ms)
✔ file-journal/observations-simple: same model/tool/evidence/conversation workflow resumes on persistent state without a new model call for the stored reply (3816.756291ms)
✔ file-journal/observations-complex: same model/tool/evidence/conversation workflow resumes on persistent state without a new model call for the stored reply (8266.875875ms)
✔ checkpoint record: empty paged root round-trips metadata once without raw reads (6.484583ms)
✔ checkpoint record: empty batch root round-trips metadata once without raw reads (1.012792ms)
✔ checkpoint record: multiple normal pages store references rather than repeating large bodies (13.9735ms)
✔ checkpoint record: partial batch resumes only unfinished items and preserves original successes (9.638333ms)
✔ checkpoint record: rejected source calls survive explicit resume and consume the operation call limit (1.74325ms)
✔ checkpoint record: a crashed intent becomes one unknown call and is never silently replayed (2.637417ms)
✔ checkpoint record: complete orphan resume performs no new page read or call (0.930625ms)
✔ checkpoint record: explicit stop changes only stop metadata and appends its exact base reference (1.183666ms)
✔ checkpoint record: unchanged fields and inherited dependencies cannot be dropped from an intent (3.086625ms)
✔ checkpoint record: start rejects retained history, source artifacts, and non-root identity (0.43575ms)
✔ checkpoint record: intent, settlement, and resume reject invalid request identity or time transitions (1.680541ms)
✔ checkpoint record: wrong logical digest, wrong base, extra keys, and failed source reads are rejected (1.970167ms)
✔ checkpoint record: accepted encode defers new raw body, source-ref, and dependency authentication to decode (2.907083ms)
✔ checkpoint record: conflicting artifact metadata and dropped inherited references are never encoded (0.982ms)
✔ checkpoint record: logical checkpoint and referenced response byte limits are enforced before source I/O (0.889875ms)
✔ checkpoint record: record schema rejects more than 16 MiB of otherwise bounded root metadata (65.863042ms)
✔ checkpoint store: real v2 start/intent/settle records load the logical v1 result and preserve original bytes (224.878167ms)
✔ checkpoint store: a legacy snapshot can anchor a v2 orphan resume without reissuing any raw page request (316.436416ms)
✔ checkpoint store: missing base is detected through the actual file adapter (233.787541ms)
✔ checkpoint store: tampered base is detected through the actual file adapter (252.07225ms)
✔ checkpoint store: missing raw is detected through the actual file adapter (238.809083ms)
✔ checkpoint store: tampered raw is detected through the actual file adapter (231.875292ms)
✔ checkpoint store: a base reference with tenant cannot use an otherwise readable head (320.834917ms)
✔ checkpoint store: a base reference with labels cannot use an otherwise readable head (322.166375ms)
✔ checkpoint store: a base reference with missing-index cannot use an otherwise readable head (265.881334ms)
✔ checkpoint store: a valid artifact hash cannot authenticate a forged logical digest (400.894ms)
✔ checkpoint store: returned byte/page/checkpoint mutations cannot poison a reader cache (391.125291ms)
✔ checkpoint store: shared materialization rechecks every original and a new file instance decodes cold (298.607417ms)
✔ checkpoint store: shared materialization cannot hide a revoked or unindexed original (297.1265ms)
✔ checkpoint store: shared materialization evicts at 64-heads (4299.037708ms)
✔ checkpoint store: shared materialization evicts at 16-MiB-logical-bytes (505.913208ms)
✔ checkpoint store: eviction during a shared materialization await preserves the logical byte budget (594.841125ms)
✔ checkpoint store: an in-flight head mutation cannot seed a different artifact materialization (186.175542ms)
✔ checkpoint store: caller ref mutation cannot redirect cached-reference revalidation (224.688375ms)
✔ checkpoint store: policy snapshots and exact index entries cannot be widened or aliased by callers (271.86625ms)
✔ checkpoint store: cached originals require real exists checks and new readers cannot inherit a deleted source (213.029208ms)
✔ checkpoint store: raw source cache stays within 16 MiB and evicted sources are fetched again (495.910542ms)
✔ checkpoint store: cycles and oversized records are rejected before decoding any logical history (0.852375ms)
✔ checkpoint store: a record chain stops at 10000 records before requesting the next dependency (207.055042ms)
✔ checkpoint store: a record chain stops at 64 MiB without caching the entire traversal (53.311125ms)
✔ checkpoint store: a materialized base retains its chain byte cost for the next event (71.250541ms)
✔ checkpoint store sqlite: a legacy committed root resumes through v2 records into an authenticated public result (552.3245ms)
✔ checkpoint store file-journal: a legacy committed root resumes through v2 records into an authenticated public result (3135.096833ms)
✔ read checkpoint sqlite: a complete checkpoint survives outer-result loss and resumes without another fetch (1399.663667ms)
✔ read checkpoint sqlite: projection preserves original evidence and charges only the successor's raw response (1659.337709ms)
✔ read checkpoint sqlite: missing proof and altered payload are denied while ordinary failures remain valid (1297.611209ms)
✔ read checkpoint sqlite: an indexed forged merged page cannot replace its accepted raw response (1056.415708ms)
✔ read checkpoint sqlite: an unchanged original body cannot authorize a changed request identity (936.724125ms)
✔ read checkpoint sqlite: losing raw-response blocks result history and copied history (1123.760584ms)
✔ read checkpoint sqlite: losing source-artifact blocks result history and copied history (1029.874708ms)
✔ read checkpoint sqlite: severing the parent's exclusive successor claim rejects the child (986.968959ms)
✔ read checkpoint file-journal: a complete checkpoint survives outer-result loss and resumes without another fetch (3299.515875ms)
✔ read checkpoint file-journal: projection preserves original evidence and charges only the successor's raw response (4560.199417ms)
✔ read checkpoint file-journal: missing proof and altered payload are denied while ordinary failures remain valid (3814.656458ms)
✔ read checkpoint file-journal: an indexed forged merged page cannot replace its accepted raw response (3946.896875ms)
✔ read checkpoint file-journal: an unchanged original body cannot authorize a changed request identity (3948.100625ms)
✔ read checkpoint file-journal: losing raw-response blocks result history and copied history (5606.002833ms)
✔ read checkpoint file-journal: losing source-artifact blocks result history and copied history (4421.957583ms)
✔ read checkpoint file-journal: severing the parent's exclusive successor claim rejects the child (3725.60125ms)
✔ read collection context: only visible current goal and scope tips survive; complete unadopted tips remain resumable (5.264042ms)
✔ read collection context: the common packet removes denied head metadata from both execution and resume projections (4.184542ms)
✔ read collection context sqlite: five compactions and reopen retain partial resume metadata without page bodies (1035.564292ms)
✔ read collection context sqlite: five compactions and reopen retain complete orphan resume metadata without page bodies (780.530084ms)
✔ read collection context file-journal: five compactions and reopen retain partial resume metadata without page bodies (3706.217917ms)
✔ read collection context file-journal: five compactions and reopen retain complete orphan resume metadata without page bodies (3124.848458ms)
✔ read collection context sqlite: lost derived frame regenerates while lost original raw response blocks context and recovery (509.615042ms)
✔ read collection context file-journal: lost derived frame regenerates while lost original raw response blocks context and recovery (1740.177833ms)
✔ read collection context sqlite: source gate rejects omitted, altered, and canonically inconsistent resume metadata (235.211709ms)
✔ read collection context file-journal: source gate rejects omitted, altered, and canonically inconsistent resume metadata (1129.385459ms)
✔ read collection context sqlite: resume metadata is mandatory input and cannot be evicted to satisfy a smaller byte budget (237.122209ms)
✔ read collection context file-journal: resume metadata is mandatory input and cannot be evicted to satisfy a smaller byte budget (862.964167ms)
✔ read collection context sqlite: source lifecycle change during checkpoint read prevents staged frame publication (178.839791ms)
✔ read collection context file-journal: source lifecycle change during checkpoint read prevents staged frame publication (602.938334ms)
✔ read collection context sqlite: contract change during derived resume put is checked before return (274.717375ms)
✔ read collection context sqlite: original change during derived resume put is checked before return (282.141292ms)
✔ read collection context file-journal: contract change during derived resume put is checked before return (928.995583ms)
✔ read collection context file-journal: original change during derived resume put is checked before return (1056.986667ms)
✔ read collection context sqlite: completed adopted output retains original proof requirements after leaving the resume list (336.943667ms)
✔ read collection context file-journal: completed adopted output retains original proof requirements after leaving the resume list (1437.82925ms)
✔ read collection context sqlite: raw loss during frame staging suppresses completed adopted copies (273.933708ms)
✔ read collection context file-journal: raw loss during frame staging suppresses completed adopted copies (1342.81525ms)
✔ collection I/O sqlite documents-simple: 4 pages retain semantics across reads, copying and reopening (1618.440791ms)
ℹ {"adapter":"sqlite","family":"documents-simple","pages":4,"sourceCalls":4,"resultSignature":"ca3cbf4a810188e565397de9b01c666596d3bfd519841b869c91c2e4ca1eaa0c","stages":[{"name":"collect","get":114,"exists":202,"put":14,"returnedBodyBytes":171997,"stateReads":197,"receipts":30,"commits":14,"physicalBodyBytes":485558},{"name":"checkpointRead","get":13,"exists":12,"put":0,"returnedBodyBytes":18362,"stateReads":4,"receipts":1,"commits":0,"physicalBodyBytes":35757},{"name":"callsGet","get":41,"exists":96,"put":1,"returnedBodyBytes":84792,"stateReads":39,"receipts":10,"commits":5,"physicalBodyBytes":314778},{"name":"contextPrepare","get":70,"exists":50,"put":1,"returnedBodyBytes":188989,"stateReads":35,"receipts":7,"commits":0,"physicalBodyBytes":288275},{"name":"reopenAndPrepare","get":83,"exists":62,"put":1,"returnedBodyBytes":207351,"stateReads":39,"receipts":8,"commits":0,"physicalBodyBytes":324032}]}
✔ collection I/O sqlite documents-simple: 8 pages retain semantics across reads, copying and reopening (2238.415583ms)
ℹ {"adapter":"sqlite","family":"documents-simple","pages":8,"sourceCalls":8,"resultSignature":"c223661cc27ac8f18d90094013769634188fab210c6fa1531b423635c1ef5c84","stages":[{"name":"collect","get":318,"exists":590,"put":26,"returnedBodyBytes":470387,"stateReads":333,"receipts":46,"commits":22,"physicalBodyBytes":1357149},{"name":"checkpointRead","get":25,"exists":24,"put":0,"returnedBodyBytes":35235,"stateReads":4,"receipts":1,"commits":0,"physicalBodyBytes":69502},{"name":"callsGet","get":77,"exists":180,"put":1,"returnedBodyBytes":162709,"stateReads":39,"receipts":10,"commits":5,"physicalBodyBytes":606344},{"name":"contextPrepare","get":130,"exists":98,"put":1,"returnedBodyBytes":354351,"stateReads":35,"receipts":7,"commits":0,"physicalBodyBytes":548423},{"name":"reopenAndPrepare","get":155,"exists":122,"put":1,"returnedBodyBytes":389586,"stateReads":39,"receipts":8,"commits":0,"physicalBodyBytes":617925}]}
✔ collection I/O sqlite documents-simple: 16 pages retain semantics across reads, copying and reopening (4225.242709ms)
ℹ {"adapter":"sqlite","family":"documents-simple","pages":16,"sourceCalls":16,"resultSignature":"ab9d2af3b8ec8ae6983b1b42f01fae55eaa9771ae3f0271537f2a91d7e4ef676","stages":[{"name":"collect","get":1014,"exists":1942,"put":50,"returnedBodyBytes":1473478,"stateReads":605,"receipts":78,"commits":38,"physicalBodyBytes":4319151},{"name":"checkpointRead","get":49,"exists":48,"put":0,"returnedBodyBytes":69080,"stateReads":4,"receipts":1,"commits":0,"physicalBodyBytes":137191},{"name":"callsGet","get":149,"exists":348,"put":1,"returnedBodyBytes":318994,"stateReads":39,"receipts":10,"commits":5,"physicalBodyBytes":1191167},{"name":"contextPrepare","get":250,"exists":194,"put":1,"returnedBodyBytes":686038,"stateReads":35,"receipts":7,"commits":0,"physicalBodyBytes":1070236},{"name":"reopenAndPrepare","get":299,"exists":242,"put":1,"returnedBodyBytes":755118,"stateReads":39,"receipts":8,"commits":0,"physicalBodyBytes":1207427}]}
✔ collection I/O sqlite observations-simple: 4 pages retain semantics across reads, copying and reopening (1161.213ms)
ℹ {"adapter":"sqlite","family":"observations-simple","pages":4,"sourceCalls":4,"resultSignature":"a6a1b857443999b7a5f4b1945b1768f00b1f58af8a2d1b7fce08ea4816c57ae5","stages":[{"name":"collect","get":114,"exists":202,"put":14,"returnedBodyBytes":172551,"stateReads":197,"receipts":30,"commits":14,"physicalBodyBytes":487152},{"name":"checkpointRead","get":13,"exists":12,"put":0,"returnedBodyBytes":18412,"stateReads":4,"receipts":1,"commits":0,"physicalBodyBytes":35857},{"name":"callsGet","get":41,"exists":96,"put":1,"returnedBodyBytes":85070,"stateReads":39,"receipts":10,"commits":5,"physicalBodyBytes":315854},{"name":"contextPrepare","get":70,"exists":50,"put":1,"returnedBodyBytes":189654,"stateReads":35,"receipts":7,"commits":0,"physicalBodyBytes":289268},{"name":"reopenAndPrepare","get":83,"exists":62,"put":1,"returnedBodyBytes":208066,"stateReads":39,"receipts":8,"commits":0,"physicalBodyBytes":325125}]}
✔ collection I/O sqlite observations-simple: 8 pages retain semantics across reads, copying and reopening (1962.212375ms)
ℹ {"adapter":"sqlite","family":"observations-simple","pages":8,"sourceCalls":8,"resultSignature":"3e066d9f43cd916245766040a04be753e4d813303fafe0d6c5edfead4c0113c9","stages":[{"name":"collect","get":318,"exists":590,"put":26,"returnedBodyBytes":471661,"stateReads":333,"receipts":46,"commits":22,"physicalBodyBytes":1360871},{"name":"checkpointRead","get":25,"exists":24,"put":0,"returnedBodyBytes":35317,"stateReads":4,"receipts":1,"commits":0,"physicalBodyBytes":69666},{"name":"callsGet","get":77,"exists":180,"put":1,"returnedBodyBytes":163211,"stateReads":39,"receipts":10,"commits":5,"physicalBodyBytes":608316},{"name":"contextPrepare","get":130,"exists":98,"put":1,"returnedBodyBytes":355572,"stateReads":35,"receipts":7,"commits":0,"physicalBodyBytes":550228},{"name":"reopenAndPrepare","get":155,"exists":122,"put":1,"returnedBodyBytes":390889,"stateReads":39,"receipts":8,"commits":0,"physicalBodyBytes":619894}]}
✔ collection I/O sqlite observations-simple: 16 pages retain semantics across reads, copying and reopening (4148.643417ms)
ℹ {"adapter":"sqlite","family":"observations-simple","pages":16,"sourceCalls":16,"resultSignature":"efdaf769faccd802339a9b0a1fb7bb1c170d5d2cfcd84df6499f8eceb676f508","stages":[{"name":"collect","get":1014,"exists":1942,"put":50,"returnedBodyBytes":1476960,"stateReads":605,"receipts":78,"commits":38,"physicalBodyBytes":4329433},{"name":"checkpointRead","get":49,"exists":48,"put":0,"returnedBodyBytes":69226,"stateReads":4,"receipts":1,"commits":0,"physicalBodyBytes":137483},{"name":"callsGet","get":149,"exists":348,"put":1,"returnedBodyBytes":319944,"stateReads":39,"receipts":10,"commits":5,"physicalBodyBytes":1194931},{"name":"contextPrepare","get":250,"exists":194,"put":1,"returnedBodyBytes":688371,"stateReads":35,"receipts":7,"commits":0,"physicalBodyBytes":1073665},{"name":"reopenAndPrepare","get":299,"exists":242,"put":1,"returnedBodyBytes":757597,"stateReads":39,"receipts":8,"commits":0,"physicalBodyBytes":1211148}]}
✔ collection I/O file-journal documents-simple: 4 pages retain semantics across reads, copying and reopening (5958.002667ms)
ℹ {"adapter":"file-journal","family":"documents-simple","pages":4,"sourceCalls":4,"resultSignature":"ca3cbf4a810188e565397de9b01c666596d3bfd519841b869c91c2e4ca1eaa0c","stages":[{"name":"collect","get":114,"exists":202,"put":14,"returnedBodyBytes":171997,"stateReads":197,"receipts":30,"commits":14,"physicalBodyBytes":485558},{"name":"checkpointRead","get":13,"exists":12,"put":0,"returnedBodyBytes":18362,"stateReads":4,"receipts":1,"commits":0,"physicalBodyBytes":35757},{"name":"callsGet","get":41,"exists":96,"put":1,"returnedBodyBytes":84792,"stateReads":39,"receipts":10,"commits":5,"physicalBodyBytes":314778},{"name":"contextPrepare","get":70,"exists":50,"put":1,"returnedBodyBytes":188989,"stateReads":35,"receipts":7,"commits":0,"physicalBodyBytes":288275},{"name":"reopenAndPrepare","get":83,"exists":62,"put":1,"returnedBodyBytes":207351,"stateReads":39,"receipts":8,"commits":0,"physicalBodyBytes":324032}]}
✔ collection I/O file-journal documents-simple: 8 pages retain semantics across reads, copying and reopening (9051.018ms)
ℹ {"adapter":"file-journal","family":"documents-simple","pages":8,"sourceCalls":8,"resultSignature":"c223661cc27ac8f18d90094013769634188fab210c6fa1531b423635c1ef5c84","stages":[{"name":"collect","get":318,"exists":590,"put":26,"returnedBodyBytes":470387,"stateReads":333,"receipts":46,"commits":22,"physicalBodyBytes":1357149},{"name":"checkpointRead","get":25,"exists":24,"put":0,"returnedBodyBytes":35235,"stateReads":4,"receipts":1,"commits":0,"physicalBodyBytes":69502},{"name":"callsGet","get":77,"exists":180,"put":1,"returnedBodyBytes":162709,"stateReads":39,"receipts":10,"commits":5,"physicalBodyBytes":606344},{"name":"contextPrepare","get":130,"exists":98,"put":1,"returnedBodyBytes":354351,"stateReads":35,"receipts":7,"commits":0,"physicalBodyBytes":548423},{"name":"reopenAndPrepare","get":155,"exists":122,"put":1,"returnedBodyBytes":389586,"stateReads":39,"receipts":8,"commits":0,"physicalBodyBytes":617925}]}
✔ collection I/O file-journal documents-simple: 16 pages retain semantics across reads, copying and reopening (14387.147042ms)
ℹ {"adapter":"file-journal","family":"documents-simple","pages":16,"sourceCalls":16,"resultSignature":"ab9d2af3b8ec8ae6983b1b42f01fae55eaa9771ae3f0271537f2a91d7e4ef676","stages":[{"name":"collect","get":1014,"exists":1942,"put":50,"returnedBodyBytes":1473478,"stateReads":605,"receipts":78,"commits":38,"physicalBodyBytes":4319151},{"name":"checkpointRead","get":49,"exists":48,"put":0,"returnedBodyBytes":69080,"stateReads":4,"receipts":1,"commits":0,"physicalBodyBytes":137191},{"name":"callsGet","get":149,"exists":348,"put":1,"returnedBodyBytes":318994,"stateReads":39,"receipts":10,"commits":5,"physicalBodyBytes":1191167},{"name":"contextPrepare","get":250,"exists":194,"put":1,"returnedBodyBytes":686038,"stateReads":35,"receipts":7,"commits":0,"physicalBodyBytes":1070236},{"name":"reopenAndPrepare","get":299,"exists":242,"put":1,"returnedBodyBytes":755118,"stateReads":39,"receipts":8,"commits":0,"physicalBodyBytes":1207427}]}
✔ collection I/O file-journal observations-simple: 4 pages retain semantics across reads, copying and reopening (6435.337625ms)
ℹ {"adapter":"file-journal","family":"observations-simple","pages":4,"sourceCalls":4,"resultSignature":"a6a1b857443999b7a5f4b1945b1768f00b1f58af8a2d1b7fce08ea4816c57ae5","stages":[{"name":"collect","get":114,"exists":202,"put":14,"returnedBodyBytes":172551,"stateReads":197,"receipts":30,"commits":14,"physicalBodyBytes":487152},{"name":"checkpointRead","get":13,"exists":12,"put":0,"returnedBodyBytes":18412,"stateReads":4,"receipts":1,"commits":0,"physicalBodyBytes":35857},{"name":"callsGet","get":41,"exists":96,"put":1,"returnedBodyBytes":85070,"stateReads":39,"receipts":10,"commits":5,"physicalBodyBytes":315854},{"name":"contextPrepare","get":70,"exists":50,"put":1,"returnedBodyBytes":189654,"stateReads":35,"receipts":7,"commits":0,"physicalBodyBytes":289268},{"name":"reopenAndPrepare","get":83,"exists":62,"put":1,"returnedBodyBytes":208066,"stateReads":39,"receipts":8,"commits":0,"physicalBodyBytes":325125}]}
✔ collection I/O file-journal observations-simple: 8 pages retain semantics across reads, copying and reopening (7938.304041ms)
ℹ {"adapter":"file-journal","family":"observations-simple","pages":8,"sourceCalls":8,"resultSignature":"3e066d9f43cd916245766040a04be753e4d813303fafe0d6c5edfead4c0113c9","stages":[{"name":"collect","get":318,"exists":590,"put":26,"returnedBodyBytes":471661,"stateReads":333,"receipts":46,"commits":22,"physicalBodyBytes":1360871},{"name":"checkpointRead","get":25,"exists":24,"put":0,"returnedBodyBytes":35317,"stateReads":4,"receipts":1,"commits":0,"physicalBodyBytes":69666},{"name":"callsGet","get":77,"exists":180,"put":1,"returnedBodyBytes":163211,"stateReads":39,"receipts":10,"commits":5,"physicalBodyBytes":608316},{"name":"contextPrepare","get":130,"exists":98,"put":1,"returnedBodyBytes":355572,"stateReads":35,"receipts":7,"commits":0,"physicalBodyBytes":550228},{"name":"reopenAndPrepare","get":155,"exists":122,"put":1,"returnedBodyBytes":390889,"stateReads":39,"receipts":8,"commits":0,"physicalBodyBytes":619894}]}
✔ collection I/O file-journal observations-simple: 16 pages retain semantics across reads, copying and reopening (7812.353625ms)
ℹ {"adapter":"file-journal","family":"observations-simple","pages":16,"sourceCalls":16,"resultSignature":"efdaf769faccd802339a9b0a1fb7bb1c170d5d2cfcd84df6499f8eceb676f508","stages":[{"name":"collect","get":1014,"exists":1942,"put":50,"returnedBodyBytes":1476960,"stateReads":605,"receipts":78,"commits":38,"physicalBodyBytes":4329433},{"name":"checkpointRead","get":49,"exists":48,"put":0,"returnedBodyBytes":69226,"stateReads":4,"receipts":1,"commits":0,"physicalBodyBytes":137483},{"name":"callsGet","get":149,"exists":348,"put":1,"returnedBodyBytes":319944,"stateReads":39,"receipts":10,"commits":5,"physicalBodyBytes":1194931},{"name":"contextPrepare","get":250,"exists":194,"put":1,"returnedBodyBytes":688371,"stateReads":35,"receipts":7,"commits":0,"physicalBodyBytes":1073665},{"name":"reopenAndPrepare","get":299,"exists":242,"put":1,"returnedBodyBytes":757597,"stateReads":39,"receipts":8,"commits":0,"physicalBodyBytes":1211148}]}
✔ read collection: bounded batch keeps original observations and input objects independent (9.620792ms)
✔ read collection: explicit retries request every unfinished key and advance only when the original page is complete (8.838375ms)
✔ read collection: extra cannot satisfy a trusted batch manifest (1.815708ms)
✔ read collection: missing cannot satisfy a trusted batch manifest (0.2515ms)
✔ read collection: wrong-digest cannot satisfy a trusted batch manifest (0.831291ms)
✔ read collection: duplicate-expected cannot satisfy a trusted batch manifest (0.182292ms)
✔ read collection: duplicate-item cannot satisfy a trusted batch manifest (0.116834ms)
✔ read collection: retry rejects successful-item instead of overwriting successful observations (3.721958ms)
✔ read collection: retry rejects missing-unfinished instead of overwriting successful observations (2.449458ms)
✔ read collection: retry rejects changed-digest instead of overwriting successful observations (0.982708ms)
✔ read collection: pending retry binds snapshot to its original source page (0.762125ms)
✔ read collection: pending retry binds cursor to its original source page (0.794791ms)
✔ read collection: pending retry binds nextCursor to its original source page (0.48925ms)
✔ read collection: pending retry binds totalItems to its original source page (0.527667ms)
✔ read collection: pending retry binds exhausted to its original source page (0.295042ms)
✔ read collection: pending retry binds requestId to its original source page (0.294958ms)
✔ read collection: an explicit retry cannot omit a key in the request or reuse the last request identity (1.464333ms)
✔ read collection: accepted request history survives replaced pending IDs and is checked on restore (1.048875ms)
✔ read collection: a nonretryable error preserves the pending observations but forbids resume (0.596584ms)
✔ read collection: retries consume the operation call limit without advancing page count (0.372875ms)
✔ read collection: declared totals count unique logical items and may become known on the final page (0.343958ms)
✔ read collection: a known total stays binding when a later response omits it (0.504833ms)
✔ read collection: repeated IDs cannot create another item even with a different digest (0.132042ms)
✔ read collection: cursor loops and snapshot changes are rejected across finalized pages (0.278625ms)
✔ read collection: empty pages may progress with new cursors and a complete empty collection is valid (0.147542ms)
✔ read collection: page, item and batch bounds stop further requests without truncation (0.223167ms)
✔ read collection: response and checkpoint limits use exact UTF-8 byte lengths (0.295625ms)
✔ read collection: each raw retry is byte-bounded while the merged logical page uses the checkpoint bound (0.230125ms)
✔ read collection: restored projection corruption is rejected before producing a request (0.161583ms)
✔ read collection: restored cursor-chain corruption is rejected before producing a request (0.118625ms)
✔ read collection: restored calls corruption is rejected before producing a request (0.112333ms)
✔ read collection: restored completed-pending corruption is rejected before producing a request (0.116333ms)
✔ read collection: restored manifest corruption is rejected before producing a request (0.492917ms)
✔ read collection: strict schemas reject false completion, fabricated not-run output and invalid budgets (1.167625ms)
✔ read collection: usage overflow and dependency overflow fail without dropping earlier accounting or custody (3.644833ms)
✔ durable collections sqlite: a process crash after intent becomes an unknown call on explicit resume (777.249083ms)
✔ durable collections sqlite: a batch retries only unfinished manifest items after reopening (810.142625ms)
✔ durable collections sqlite: source failures consume the persisted call budget across explicit retries (861.449084ms)
✔ durable collections sqlite: a source that answers after cancellation cannot commit its late page (211.350625ms)
✔ durable collections sqlite: policy revocation while the source waits suppresses the response (285.989083ms)
✔ durable collections file-journal: a process crash after intent becomes an unknown call on explicit resume (3208.913208ms)
✔ durable collections file-journal: a batch retries only unfinished manifest items after reopening (3701.397958ms)
✔ durable collections file-journal: source failures consume the persisted call budget across explicit retries (5492.274125ms)
✔ durable collections file-journal: a source that answers after cancellation cannot commit its late page (1034.744334ms)
✔ durable collections file-journal: policy revocation while the source waits suppresses the response (986.973708ms)
✔ durable collections: query cannot resume a checkpoint under a changed contract (476.529666ms)
✔ durable collections: fresh cannot resume a checkpoint under a changed contract (422.372541ms)
✔ durable collections: same-task-id cannot resume a checkpoint under a changed contract (393.143792ms)
✔ durable collections: policy cannot resume a checkpoint under a changed contract (523.600625ms)
✔ durable collections: goal cannot resume a checkpoint under a changed contract (492.245041ms)
✔ durable collections: generation cannot resume a checkpoint under a changed contract (507.424ms)
✔ durable collections sqlite documents-simple: complete pages advance automatically and survive reopening (692.461542ms)
✔ durable collections sqlite documents-simple: partial stops until a new task explicitly resumes after reopening (1177.698ms)
✔ durable collections sqlite observations-simple: complete pages advance automatically and survive reopening (638.947417ms)
✔ durable collections sqlite observations-simple: partial stops until a new task explicitly resumes after reopening (990.9655ms)
✔ durable collections file-journal documents-simple: complete pages advance automatically and survive reopening (2890.822416ms)
✔ durable collections file-journal documents-simple: partial stops until a new task explicitly resumes after reopening (5161.02625ms)
✔ durable collections file-journal observations-simple: complete pages advance automatically and survive reopening (3476.979334ms)
✔ durable collections file-journal observations-simple: partial stops until a new task explicitly resumes after reopening (4893.018708ms)
✔ state-based packet retains counterevidence, obligations and original references without raw history or a state mutation (33.809083ms)
✔ old and forged packets cannot reverse a goal change, cancellation or budget (11.271125ms)
✔ separate SQLite/artifact instances reconstruct packets and regenerate missing or corrupt derived blobs (208.170417ms)
✔ missing original is reported by id and cannot be hidden by a valid prior packet (7.655917ms)
✔ reconstruction rechecks a goal change committed while the packet is being saved (6.689625ms)
✔ snapshot retries mixed state/event/outbox revisions and rejects broken event history (5.377459ms)
✔ untrusted packet dimensions, tool revision changes and a foreign work packet never authorize reuse (9.758ms)
✔ resume requires the work owner and full runtime view; revoked history is never relabelled (4.892041ms)
✔ packet size limit refuses the whole projection without dropping obligations or writing a partial packet (4.304709ms)
✔ model context restores task attempts and budget but excludes model ledger and delivery bodies (7.438125ms)
✔ model context cannot relabel a revoked attempt result reference under the current policy (10.075375ms)
✔ model context refuses assessment references whose evidence metadata is no longer permitted (3.957166ms)
✔ sqlite: text originals use one verified body read and no cross-call availability cache (229.887208ms)
ℹ {"adapter":"sqlite","operation":"original","name":"original","elapsedMs":0.8594590000000153,"artifactApi":{"get":{"calls":1,"requestedBodyBytes":1733,"returnedBodyBytes":1733,"failures":0},"exists":{"calls":0,"referencedBodyBytes":0,"available":0,"unavailable":0},"put":{"calls":0,"inputBodyBytes":0,"returnedReferenceBodyBytes":0,"failures":0}},"stateApi":{"get":3,"receipt":0,"commit":0,"events":0,"recentEventMetadata":0,"deliveries":0,"workIdsForConversation":0,"conversationWorkPage":0,"runnable":0,"close":0},"physical":{"getCalls":1,"existsCalls":0,"putCalls":0,"metadataReadOperations":1,"metadataReadBytes":237,"bodyReadOperations":1,"bodyReadBytes":1733,"hashCalls":1,"hashBytes":1733,"fileWrites":0,"metadataWriteBytes":0,"bodyWriteBytes":0,"readFailures":0,"verificationFailures":0,"deniedReads":0,"writeFailures":0}}
✔ sqlite: one result materialization deduplicates repeated originals and preserves a final real verification (203.565333ms)
ℹ {"adapter":"sqlite","operation":"result","name":"result","elapsedMs":3.3858749999999986,"artifactApi":{"get":{"calls":2,"requestedBodyBytes":6315,"returnedBodyBytes":6315,"failures":0},"exists":{"calls":1,"referencedBodyBytes":1733,"available":1,"unavailable":0},"put":{"calls":0,"inputBodyBytes":0,"returnedReferenceBodyBytes":0,"failures":0}},"stateApi":{"get":6,"receipt":1,"commit":0,"events":0,"recentEventMetadata":0,"deliveries":0,"workIdsForConversation":0,"conversationWorkPage":0,"runnable":0,"close":0},"physical":{"getCalls":2,"existsCalls":1,"putCalls":0,"metadataReadOperations":3,"metadataReadBytes":717,"bodyReadOperations":3,"bodyReadBytes":8048,"hashCalls":3,"hashBytes":8048,"fileWrites":0,"metadataWriteBytes":0,"bodyWriteBytes":0,"readFailures":0,"verificationFailures":0,"deniedReads":0,"writeFailures":0}}
✔ sqlite: a two-copy chain decodes and reads each dispatch once per materialization (436.816375ms)
ℹ {"adapter":"sqlite","operation":"copy-chain","name":"copy-chain","elapsedMs":3.680291000000011,"artifactApi":{"get":{"calls":4,"requestedBodyBytes":16962,"returnedBodyBytes":16962,"failures":0},"exists":{"calls":1,"referencedBodyBytes":1733,"available":1,"unavailable":0},"put":{"calls":0,"inputBodyBytes":0,"returnedReferenceBodyBytes":0,"failures":0}},"stateApi":{"get":6,"receipt":3,"commit":0,"events":0,"recentEventMetadata":0,"deliveries":0,"workIdsForConversation":0,"conversationWorkPage":0,"runnable":0,"close":0},"physical":{"getCalls":4,"existsCalls":1,"putCalls":0,"metadataReadOperations":5,"metadataReadBytes":1203,"bodyReadOperations":5,"bodyReadBytes":18695,"hashCalls":5,"hashBytes":18695,"fileWrites":0,"metadataWriteBytes":0,"bodyWriteBytes":0,"readFailures":0,"verificationFailures":0,"deniedReads":0,"writeFailures":0}}
✔ sqlite: context uses verified copy materialization without rereading its dispatch pair (413.0155ms)
ℹ {"adapter":"sqlite","operation":"context","name":"context","elapsedMs":61.774417000000085,"artifactApi":{"get":{"calls":9,"requestedBodyBytes":70896,"returnedBodyBytes":70896,"failures":0},"exists":{"calls":6,"referencedBodyBytes":20428,"available":6,"unavailable":0},"put":{"calls":1,"inputBodyBytes":37961,"returnedReferenceBodyBytes":37961,"failures":0}},"stateApi":{"get":26,"receipt":6,"commit":0,"events":1,"recentEventMetadata":0,"deliveries":0,"workIdsForConversation":0,"conversationWorkPage":0,"runnable":0,"close":0},"physical":{"getCalls":9,"existsCalls":7,"putCalls":1,"metadataReadOperations":15,"metadataReadBytes":3616,"bodyReadOperations":15,"bodyReadBytes":91324,"hashCalls":17,"hashBytes":129436,"fileWrites":2,"metadataWriteBytes":244,"bodyWriteBytes":37961,"readFailures":1,"verificationFailures":1,"deniedReads":0,"writeFailures":0}}
✔ sqlite: adapter argument mutation and returned metadata cannot change private reference snapshots (326.658042ms)
✔ sqlite: cached original is rejected if deleted during a later state read (191.375833ms)
✔ sqlite: cached original is rejected if corrupted during a later state read (260.720375ms)
✔ sqlite: context rechecks metadata-reused originals after its staging await (483.956125ms)
✔ sqlite: context rechecks ordinary cached originals after staging without a calls.get copy (290.922625ms)
✔ sqlite: final cached-source check retains contract authority handling (209.93625ms)
✔ sqlite: final cached-source check retains policy authority handling (255.896334ms)
✔ sqlite: final cached-source check retains unrelated authority handling (192.791917ms)
✔ file-journal: text originals use one verified body read and no cross-call availability cache (589.0105ms)
ℹ {"adapter":"file-journal","operation":"original","name":"original","elapsedMs":43.8037919999997,"artifactApi":{"get":{"calls":1,"requestedBodyBytes":1733,"returnedBodyBytes":1733,"failures":0},"exists":{"calls":0,"referencedBodyBytes":0,"available":0,"unavailable":0},"put":{"calls":0,"inputBodyBytes":0,"returnedReferenceBodyBytes":0,"failures":0}},"stateApi":{"get":3,"receipt":0,"commit":0,"events":0,"recentEventMetadata":0,"deliveries":0,"workIdsForConversation":0,"conversationWorkPage":0,"runnable":0,"close":0},"physical":{"getCalls":1,"existsCalls":0,"putCalls":0,"metadataReadOperations":1,"metadataReadBytes":237,"bodyReadOperations":1,"bodyReadBytes":1733,"hashCalls":1,"hashBytes":1733,"fileWrites":0,"metadataWriteBytes":0,"bodyWriteBytes":0,"readFailures":0,"verificationFailures":0,"deniedReads":0,"writeFailures":0}}
✔ file-journal: one result materialization deduplicates repeated originals and preserves a final real verification (693.926709ms)
ℹ {"adapter":"file-journal","operation":"result","name":"result","elapsedMs":69.2632079999994,"artifactApi":{"get":{"calls":2,"requestedBodyBytes":6315,"returnedBodyBytes":6315,"failures":0},"exists":{"calls":1,"referencedBodyBytes":1733,"available":1,"unavailable":0},"put":{"calls":0,"inputBodyBytes":0,"returnedReferenceBodyBytes":0,"failures":0}},"stateApi":{"get":6,"receipt":1,"commit":0,"events":0,"recentEventMetadata":0,"deliveries":0,"workIdsForConversation":0,"conversationWorkPage":0,"runnable":0,"close":0},"physical":{"getCalls":2,"existsCalls":1,"putCalls":0,"metadataReadOperations":3,"metadataReadBytes":717,"bodyReadOperations":3,"bodyReadBytes":8048,"hashCalls":3,"hashBytes":8048,"fileWrites":0,"metadataWriteBytes":0,"bodyWriteBytes":0,"readFailures":0,"verificationFailures":0,"deniedReads":0,"writeFailures":0}}
✔ file-journal: a two-copy chain decodes and reads each dispatch once per materialization (2072.071292ms)
ℹ {"adapter":"file-journal","operation":"copy-chain","name":"copy-chain","elapsedMs":134.23845900000015,"artifactApi":{"get":{"calls":4,"requestedBodyBytes":16962,"returnedBodyBytes":16962,"failures":0},"exists":{"calls":1,"referencedBodyBytes":1733,"available":1,"unavailable":0},"put":{"calls":0,"inputBodyBytes":0,"returnedReferenceBodyBytes":0,"failures":0}},"stateApi":{"get":6,"receipt":3,"commit":0,"events":0,"recentEventMetadata":0,"deliveries":0,"workIdsForConversation":0,"conversationWorkPage":0,"runnable":0,"close":0},"physical":{"getCalls":4,"existsCalls":1,"putCalls":0,"metadataReadOperations":5,"metadataReadBytes":1203,"bodyReadOperations":5,"bodyReadBytes":18695,"hashCalls":5,"hashBytes":18695,"fileWrites":0,"metadataWriteBytes":0,"bodyWriteBytes":0,"readFailures":0,"verificationFailures":0,"deniedReads":0,"writeFailures":0}}
✔ file-journal: context uses verified copy materialization without rereading its dispatch pair (3184.868542ms)
ℹ {"adapter":"file-journal","operation":"context","name":"context","elapsedMs":563.5960830000004,"artifactApi":{"get":{"calls":9,"requestedBodyBytes":70896,"returnedBodyBytes":70896,"failures":0},"exists":{"calls":6,"referencedBodyBytes":20428,"available":6,"unavailable":0},"put":{"calls":1,"inputBodyBytes":37961,"returnedReferenceBodyBytes":37961,"failures":0}},"stateApi":{"get":26,"receipt":6,"commit":0,"events":1,"recentEventMetadata":0,"deliveries":0,"workIdsForConversation":0,"conversationWorkPage":0,"runnable":0,"close":0},"physical":{"getCalls":9,"existsCalls":7,"putCalls":1,"metadataReadOperations":15,"metadataReadBytes":3616,"bodyReadOperations":15,"bodyReadBytes":91324,"hashCalls":17,"hashBytes":129436,"fileWrites":2,"metadataWriteBytes":244,"bodyWriteBytes":37961,"readFailures":1,"verificationFailures":1,"deniedReads":0,"writeFailures":0}}
✔ file-journal: adapter argument mutation and returned metadata cannot change private reference snapshots (1979.95325ms)
✔ file-journal: cached original is rejected if deleted during a later state read (667.955667ms)
✔ file-journal: cached original is rejected if corrupted during a later state read (721.930875ms)
✔ file-journal: context rechecks metadata-reused originals after its staging await (1521.644292ms)
✔ file-journal: context rechecks ordinary cached originals after staging without a calls.get copy (884.109959ms)
✔ file-journal: final cached-source check retains contract authority handling (575.995167ms)
✔ file-journal: final cached-source check retains policy authority handling (673.004292ms)
✔ file-journal: final cached-source check retains unrelated authority handling (684.839875ms)
✔ resource progress: legacy and paged catalog cards share a stable preparation key independent of query and cursor metadata (5.453792ms)
✔ resource progress: exact schema loading earns a distinct credit and also records discovery so reverse-order searches add none (1.986375ms)
✔ resource progress: forged, mismatched or denied tool metadata and too-large responses do not earn preparation credit (0.829542ms)
✔ resource progress: guidance listing metadata does not reset progress and exact body loading subsumes the card (1.1615ms)
✔ resource progress: guidance body credit requires permitted manifest, matching indexed original and canonical selection identity (0.706584ms)
✔ resource progress: empty results, history/evidence reads and arbitrary new artifacts cannot fabricate preparation (0.150416ms)
✔ resource progress: replayed, reused and unadopted resource results cannot earn a new preparation key (0.246459ms)
✔ resource progress sqlite/documents-simple: default no-progress policy allows discovery, schemas and guidance before the real source (665.593375ms)
✔ resource progress sqlite/observations-simple: default no-progress policy allows discovery, schemas and guidance before the real source (597.984042ms)
✔ resource progress sqlite: repeated identical catalog preparation stops after the first credit and three empty steps (435.849708ms)
✔ resource progress sqlite: repeated identical guidance preparation stops after the first credit and three empty steps (512.895875ms)
✔ resource progress sqlite: empty searches with different query and task IDs stop at the default limit (358.785083ms)
✔ resource progress file-journal/documents-simple: default no-progress policy allows discovery, schemas and guidance before the real source (3314.080458ms)
✔ resource progress file-journal/observations-simple: default no-progress policy allows discovery, schemas and guidance before the real source (2560.059959ms)
✔ resource progress file-journal: repeated identical catalog preparation stops after the first credit and three empty steps (2350.227375ms)
✔ resource progress file-journal: repeated identical guidance preparation stops after the first credit and three empty steps (2742.124542ms)
✔ resource progress file-journal: empty searches with different query and task IDs stop at the default limit (2002.095541ms)
✔ catalog filters before ranking, bounds cards, separates providers and loads only an exact schema (26.790833ms)
✔ registration snapshots reject namespace/duplicates and cannot be mutated through adapters or catalog results (11.24575ms)
✔ documents-simple: discovery and selected guidance share the execution ledger without adding evidence or permissions (40.812583ms)
✔ observations-simple: discovery and selected guidance share the execution ledger without adding evidence or permissions (22.325583ms)
✔ simple direct lookup does not load optional guidance or run a hypothesis review (8.703916ms)
✔ method selection follows contradiction, independence and response needs without model calls (6.446584ms)
✔ guidance metadata/limits do not read bodies and wrong version, tenant or applicability are rejected (7.212ms)
✔ evidence readers distinguish protected/missing, superseded and retracted records; limits preserve provenance (6.408375ms)
✔ call result lookup stays historical after retraction and does not restore it to current evidence (8.499625ms)
✔ broker rejects calls without a committed dispatch or with another owner before reaching a tool (6.430959ms)
✔ in-flight output is not downgraded to a less restricted artifact when labels are revoked (8.246125ms)
✔ revocation after result storage settles without reading protected bytes or repeatedly getting stuck (6.54975ms)
✔ stored guidance and invocation results can be read after SQLite/artifact/source restart without source execution (342.068167ms)
✔ guidance source rejects altered content, path escape and symlink replacement (78.532375ms)
✔ model-facing evidence and call readers use the common budget without reexecuting a source or completing a changed goal (21.108334ms)
✔ sqlite: one commit and reopen retain state, all ordered events, deliveries and historical receipts (89.903125ms)
✔ sqlite: duplicate and idempotency conflict precede revision conflict and preserve the first receipt (56.783125ms)
✔ sqlite: malformed commits leave all four collections unchanged, even on duplicate commands (94.733709ms)
✔ sqlite: caller mutations and mutable returned snapshots cannot rewrite persisted history (85.285125ms)
✔ sqlite: work, tenant, principal, channel and conversation identifiers remain separate (119.5315ms)
✔ sqlite: event cursors are exclusive and sequence numbers are local to each work (112.969208ms)
✔ sqlite: runnable respects exact deadline, obligation, tool and model recovery boundaries after reopen (462.755625ms)
✔ sqlite: two separate processes race on revision with exactly one atomic winning commit (177.83725ms)
✔ sqlite: two separate processes race on same-command with exactly one atomic winning commit (154.900667ms)
✔ sqlite: two separate processes race on different-digest with exactly one atomic winning commit (167.03325ms)
✔ sqlite: acknowledged commit survives SIGKILL without close and reopening replays its receipt without duplicate records (277.896167ms)
✔ file-journal: one commit and reopen retain state, all ordered events, deliveries and historical receipts (222.16575ms)
✔ file-journal: duplicate and idempotency conflict precede revision conflict and preserve the first receipt (348.858334ms)
✔ file-journal: malformed commits leave all four collections unchanged, even on duplicate commands (567.144167ms)
✔ file-journal: caller mutations and mutable returned snapshots cannot rewrite persisted history (172.790417ms)
✔ file-journal: work, tenant, principal, channel and conversation identifiers remain separate (735.847625ms)
✔ file-journal: event cursors are exclusive and sequence numbers are local to each work (195.941209ms)
✔ file-journal: runnable respects exact deadline, obligation, tool and model recovery boundaries after reopen (2116.081625ms)
✔ file-journal: two separate processes race on revision with exactly one atomic winning commit (255.860416ms)
✔ file-journal: two separate processes race on same-command with exactly one atomic winning commit (222.913833ms)
✔ file-journal: two separate processes race on different-digest with exactly one atomic winning commit (193.876459ms)
✔ file-journal: acknowledged commit survives SIGKILL without close and reopening replays its receipt without duplicate records (479.066583ms)
✔ sqlite: profile closes the opened state repository when channel initialization fails (82.048417ms)
✔ file-journal: profile closes the opened state repository when channel initialization fails (74.653542ms)
✔ sqlite/documents-simple: CLI persists backend choice across processes and prevents an accidental switch (1309.236959ms)
✔ sqlite/observations-simple: CLI persists backend choice across processes and prevents an accidental switch (1340.492834ms)
✔ file-journal/documents-simple: CLI persists backend choice across processes and prevents an accidental switch (4022.376625ms)
✔ file-journal/observations-simple: CLI persists backend choice across processes and prevents an accidental switch (3398.38575ms)
✔ legacy SQLite profile acquires metadata without losing its work or accepting a backend switch (528.202542ms)
✔ two processes choosing different backends create only one accepted profile (402.793333ms)
✔ invalid or linked profile metadata is rejected without opening a new backend (37.778542ms)
✔ memory: recent metadata is bounded at the requested revision and omits payloads without changing state (10.606375ms)
✔ memory: pages progress once per matching work across Unicode IDs and isolate the complete binding scope (6.505375ms)
✔ memory: query limits, malformed cursors and empty repositories have a defined result (6.304417ms)
✔ sqlite: recent metadata is bounded at the requested revision and omits payloads without changing state (200.825541ms)
✔ sqlite: pages progress once per matching work across Unicode IDs and isolate the complete binding scope (220.797375ms)
✔ sqlite: query limits, malformed cursors and empty repositories have a defined result (70.253ms)
✔ file-journal: recent metadata is bounded at the requested revision and omits payloads without changing state (589.774792ms)
✔ file-journal: pages progress once per matching work across Unicode IDs and isolate the complete binding scope (1193.99925ms)
✔ file-journal: query limits, malformed cursors and empty repositories have a defined result (57.851959ms)
✔ journal: each page inspects only its directory budget and a foreign-only page still advances (671.270375ms)
✔ journal: cold, warm and external append distinguish body hashing from parsed and replayed records (453.513125ms)
✔ journal: a warm query rejects same-length after caching the complete history (203.104291ms)
✔ journal: a warm query rejects middle-delete after caching the complete history (201.006042ms)
✔ journal: a warm query rejects tail-delete after caching the complete history (174.9795ms)
✔ journal: a warm query rejects replacement after caching the complete history (177.824833ms)
✔ journal: a warm query rejects symlink after caching the complete history (173.20525ms)
✔ journal: a warm query rejects mode after caching the complete history (178.738167ms)
✔ journal: a warm query rejects header after caching the complete history (169.943042ms)
✔ journal: a warm read still fails when the directory durability fence fails (100.833583ms)
✔ journal: a normal pending-link cleanup during a warm read retries the entire record once (85.025041ms)
✔ journal: repeated record changes exhaust the bounded read retry and fail closed (116.926417ms)
✔ journal: cache accounting includes historical receipt snapshots and eviction releases record identities (238.141584ms)
✔ journal: a delayed older commit acknowledgement cannot lower a newer observed head with caching disabled (169.855ms)
✔ sqlite: transactional migration backfills query indexes and an already open legacy writer keeps them current (122.701292ms)
✔ sqlite: migration failure rolls back schema and leaves the legacy records unchanged (105.297875ms)
✔ sqlite: reopening an intermediate v2 store rebuilds stale indexes and replaces old triggers transactionally (114.592792ms)
✔ sqlite: a failed index write rolls back canonical state, events, receipt and binding changes together (49.265917ms)
✔ sqlite: bounded query SQL selects metadata and IDs without loading event or work bodies (55.863375ms)
✔ one atomic commit stores state, events, outbox and idempotency receipt (54.878042ms)
✔ injected failure between state and event writes rolls back every record (96.520167ms)
✔ waiting state and wake obligation survive process termination after commit (196.819417ms)
✔ two independent processes cannot commit from the same stale revision (179.038875ms)
✔ structured planner accepts one strict JSON proposal and forwards identity, options and source-boundary instructions once (3.039416ms)
✔ configuration and request snapshots cannot be rewritten by caller or transport mutation (0.598334ms)
✔ input estimation includes the exact transport request and schema without invoking the transport or claiming measured usage (0.394417ms)
✔ input estimation uses the same policy and size gates as transport requests (0.560375ms)
✔ finish reasons remain distinct and never expose provider failure content or run hidden retries (0.52525ms)
✔ invalid JSON, schema, response fields and missing proposal fail without repair calls (1.276167ms)
✔ usage omission is unknown rather than zero; only independently valid safe integer fields survive invalid envelopes (1.132125ms)
✔ provider and model identity mismatch cannot masquerade as the configured adapter (0.237667ms)
✔ missing options, denied destinations and unauthorized tool schemas never reach the transport (0.401333ms)
✔ request and response limits use UTF-8 bytes and preserve valid usage on oversized responses (0.345292ms)
✔ transport exceptions become fixed errors with unknown usage and no implicit retry (0.242375ms)
✔ pre-call cancellation has no transport effect; late cancellation preserves returned usage without accepting a proposal (0.236208ms)
✔ abort-related transport rejection is cancellation with unmeasured usage (0.131042ms)
✔ invalid configurations fail with a fixed message before transport registration (0.195209ms)
✔ structured transport rejects incomplete observation pairs and reference bodies before invocation (1.240458ms)
✔ synthetic document inputs produce independently observed app facts and separate session/call usage (4.929416ms)
✔ every lease identity dimension is checked at input and a forged grant applies no input (1.143083ms)
✔ stale observation identity and focus are rejected with zero input (1.018042ms)
✔ current target uniqueness, ref, role, name, visibility and enabled state gate the actual target (0.600375ms)
✔ an expired delayed input cannot reach a new owner and old release cannot release the new lease (0.685125ms)
✔ human handoff interrupts pending input, invalidates old views and remains owned after agent release (0.316416ms)
✔ cancellation and shared deadline are rechecked after a driver delay without injecting late input (0.36825ms)
✔ wait observes late readiness using virtual condition changes and a single remaining deadline (0.707041ms)
✔ applied-but-unknown save retains its effect and exact operation replay never saves twice (0.289209ms)
✔ concurrent identical operations join while timeout injection and hook failure apply zero input (0.30525ms)
✔ bounded partial observations never expose omitted targets for action or silently exceed bytes (0.160208ms)
✔ durable synthetic contents and input counts survive reconstruction while leases and observations do not (150.612834ms)
✔ authority is required after delay and host hook, and focus is rechecked after asynchronous authorization (0.962042ms)
✔ synthetic fill accepts the shared 8192-character limit and rejects an oversized value before input (0.566042ms)
✔ synthetic receipts: applied and explicitly not-applied records are durable before response and lookup changes no app bytes (84.703542ms)
✔ synthetic receipts: applied-unknown and negative receipts remain queryable by their original epoch after restart (106.286083ms)
✔ synthetic receipts: missing identities and changed action, target, view or focus never inherit another receipt (1.369666ms)
✔ synthetic receipts: another work cannot read an original receipt even with a valid current session grant (0.672459ms)
✔ synthetic receipts: denied or missing read authority, cancelled signals and expired grants disclose no receipt (1.35925ms)
✔ synthetic receipts: cancellation, expiry and owner replacement during read authorization are checked again (0.701708ms)
✔ synthetic receipts: a pending input lookup returns unknown without joining or executing the action (0.439584ms)
✔ synthetic receipts: legacy app contents migrate without inventing operation proofs from saved values or counts (30.806208ms)
✔ synthetic receipts: a full bounded ledger rejects new input, keeps old proofs and remains full after reopen (73.298833ms)
✔ synthetic receipts: a reopened full ledger cannot relabel an old applied command as not-applied (59.689917ms)
✔ synthetic receipts: hundreds of distinct refused operations keep diagnostics bounded and preserve the original proof (65.210959ms)
✔ synthetic receipts: pending operation memory caps authorization waits and retains the first response without duplicate input (125.837375ms)
✔ synthetic receipts: delayed concurrent operations cannot overfill a one-record ledger (38.81675ms)
✔ synthetic receipts: malformed, duplicate and oversized persisted receipt sets fail before replacing the file (76.167416ms)
✔ synthetic receipts: an older instance cannot overwrite the newer epoch or its existing receipt file (75.841458ms)
✔ synthetic receipts: mutable lookup inputs and returned receipts cannot change the pinned identity or cached proof (0.621333ms)
✔ synthetic computer storage: reopening prevents the stale owner from publishing its old app as a fresh observation (78.443375ms)
✔ synthetic computer storage: stale delayed search interrupts waiters without throwing or overwriting the reopened file (87.562958ms)
✔ synthetic computer storage: lost directory-sync acknowledgement preserves an applied receipt while blocking new inputs (62.807042ms)
✔ sqlite: broker rechecks source knowledge after a real reuse lookup misses (127.831125ms)
✔ sqlite: legacy attempt rejects a destination replacement during beforeInvoke (106.453875ms)
✔ sqlite: legacy attempt rejects a labels replacement during beforeInvoke (98.981917ms)
✔ sqlite: legacy attempt rejects a effect replacement during beforeInvoke (126.910625ms)
✔ sqlite: legacy attempt rejects a destination replacement during reuse (87.925458ms)
✔ sqlite: legacy attempt rejects a labels replacement during reuse (89.737834ms)
✔ sqlite: legacy attempt rejects a effect replacement during reuse (97.121458ms)
✔ sqlite: an unchanged legacy attempt invokes once after asynchronous guards and a reuse miss (99.539834ms)
✔ file-journal: broker rechecks source knowledge after a real reuse lookup misses (721.120083ms)
✔ file-journal: legacy attempt rejects a destination replacement during beforeInvoke (693.766125ms)
✔ file-journal: legacy attempt rejects a labels replacement during beforeInvoke (383.02025ms)
✔ file-journal: legacy attempt rejects a effect replacement during beforeInvoke (341.997875ms)
✔ file-journal: legacy attempt rejects a destination replacement during reuse (503.905292ms)
✔ file-journal: legacy attempt rejects a labels replacement during reuse (434.058875ms)
✔ file-journal: legacy attempt rejects a effect replacement during reuse (298.121375ms)
✔ file-journal: an unchanged legacy attempt invokes once after asynchronous guards and a reuse miss (333.64425ms)
✔ provider pages become visible in one publication and keep unrelated providers (14.484542ms)
✔ only a complete empty provider listing retires that provider (6.063666ms)
✔ provider partial transport failure preserves the previously published snapshot (3.925167ms)
✔ provider mixed provider revisions preserves the previously published snapshot (3.978208ms)
✔ provider cross-page duplicate preserves the previously published snapshot (2.954709ms)
✔ provider pagination cycle preserves the previously published snapshot (3.518042ms)
✔ provider wrong provider namespace preserves the previously published snapshot (2.852291ms)
✔ provider invalid namespace definition preserves the previously published snapshot (2.974083ms)
✔ provider invalid JSON schema preserves the previously published snapshot (3.361833ms)
✔ provider missing completeness cursor preserves the previously published snapshot (2.796792ms)
✔ provider undeclared partial flag preserves the previously published snapshot (2.802291ms)
✔ provider page bound preserves the previously published snapshot (2.438709ms)
✔ provider tool bound preserves the previously published snapshot (2.253042ms)
✔ provider definition byte bound preserves the previously published snapshot (2.437959ms)
✔ provider pre-cancellation makes no listing call (2.625375ms)
✔ provider abort ends an ignored-signal wait and late listing cannot publish (2.676833ms)
✔ provider abort during schema compilation still prevents publication (2.364625ms)
✔ concurrent same-provider refresh refuses an older listing after a newer publication (2.957375ms)
✔ concurrent unrelated provider refreshes both publish without reverting each other (2.191459ms)
✔ provider staging snapshots metadata and callbacks before awaiting another page (2.533334ms)
✔ catalog cursor pages reach every permitted result after 20 without duplicate or missing cards (16.787791ms)
✔ catalog cursor replay returns the same cards while allowing a smaller per-page item limit (8.824833ms)
✔ catalog cursor is bound to current query (8.899375ms)
✔ catalog cursor is bound to current tenant (9.409125ms)
✔ catalog cursor is bound to current principal (7.0125ms)
✔ catalog cursor is bound to current tools (7.959833ms)
✔ catalog cursor is bound to current labels (7.195458ms)
✔ catalog cursor is bound to current destinations (7.101458ms)
✔ catalog cursor is bound to current writes (6.401041ms)
✔ catalog cursor rejects unpublished, stale, and restarted lookup state (11.609292ms)
✔ catalog cursor expires by injected clock and bounded index eviction requires a fresh search (8.072375ms)
✔ catalog applies permissions before rank, total page size, and hasMore (6.79575ms)
✔ catalog page budgets count Unicode and the entire response envelope (3.092ms)
✔ catalog rejects invalid bounds and keeps punctuation-only search bounded and empty (6.950042ms)
✔ catalog reuses immutable definition digests across cursor pages and refreshes after registry replacement (11.909833ms)
✔ sqlite/documents-simple: durable reuse keeps evidence identity and charges source costs once after reopen (486.955542ms)
✔ sqlite/observations-simple: durable reuse keeps evidence identity and charges source costs once after reopen (453.656584ms)
✔ file-journal/documents-simple: durable reuse keeps evidence identity and charges source costs once after reopen (3000.030417ms)
✔ file-journal/observations-simple: durable reuse keeps evidence identity and charges source costs once after reopen (3909.824917ms)
✔ sqlite: default deny and fresh request perform actual reads, unreported adapter costs stay unknown (447.704042ms)
✔ sqlite: TTL boundary makes a new read and adoption after expiry rejects an already-stored hit (405.92425ms)
✔ sqlite: a changed principal cannot reuse a result obtained under the old policy (239.963292ms)
✔ sqlite: contract changes before dispatch fail without invoking; unrelated registry changes keep a selected contract usable (207.3345ms)
✔ sqlite: a reuse clone cannot survive source custody removal in history, copies, or context (205.208ms)
✔ sqlite: original artifact is rechecked at the adoption commit boundary (203.256208ms)
✔ sqlite: a dispatched call without a received measurement remains unknown after reopen (87.723708ms)
✔ sqlite: unsent cancellation and legacy reservation expiry do not create unknown execution costs (59.894625ms)
✔ sqlite: emitted observation source contracts are checked even when that tool schema is not selected (239.300958ms)
✔ sqlite: registry removal while a context frame is staged prevents returning the prepared input (200.39025ms)
✔ file-journal: default deny and fresh request perform actual reads, unreported adapter costs stay unknown (2411.363708ms)
✔ file-journal: TTL boundary makes a new read and adoption after expiry rejects an already-stored hit (2935.811625ms)
✔ file-journal: a changed principal cannot reuse a result obtained under the old policy (1342.954ms)
✔ file-journal: contract changes before dispatch fail without invoking; unrelated registry changes keep a selected contract usable (955.186ms)
✔ file-journal: a reuse clone cannot survive source custody removal in history, copies, or context (1302.348416ms)
✔ file-journal: original artifact is rechecked at the adoption commit boundary (1104.277791ms)
✔ file-journal: a dispatched call without a received measurement remains unknown after reopen (244.887791ms)
✔ file-journal: unsent cancellation and legacy reservation expiry do not create unknown execution costs (223.042ms)
✔ file-journal: emitted observation source contracts are checked even when that tool schema is not selected (1485.940458ms)
✔ file-journal: registry removal while a context frame is staged prevents returning the prepared input (526.834875ms)
✔ adapter-supplied reuse metadata cannot claim an invocation was avoided (110.78375ms)
✔ a write tool cannot declare reuse and changing freshness changes the immutable task digest (0.696792ms)
✔ tool reuse: trusted immutable defaults reuse across task IDs while preserving exact original evidence, timing and nullable usage (47.16425ms)
✔ tool reuse: untrusted-default always misses (12.158042ms)
✔ tool reuse: untrusted-request always misses (9.489416ms)
✔ tool reuse: fresh always misses (8.03025ms)
✔ tool reuse: TTL begins at original start, expires at the exact boundary, and is rechecked before adoption (11.216042ms)
✔ tool reuse: retracted source evidence is never reused (11.327125ms)
✔ tool reuse: deleted source evidence is never reused (9.791542ms)
✔ tool reuse: restricted source evidence is never reused (9.457167ms)
✔ tool reuse: corrected source evidence is never reused (10.628875ms)
✔ tool reuse: superseded source evidence is never reused (10.395167ms)
✔ tool reuse: missing source evidence is never reused (8.243125ms)
✔ tool reuse: contract-stamp original attempt cannot establish a cache hit (9.471875ms)
✔ tool reuse: execution-proof original attempt cannot establish a cache hit (7.576167ms)
✔ tool reuse: reused original attempt cannot establish a cache hit (7.842833ms)
✔ tool reuse: not-invoked original attempt cannot establish a cache hit (7.882875ms)
✔ tool reuse: partial original attempt cannot establish a cache hit (6.812125ms)
✔ tool reuse: unknown original attempt cannot establish a cache hit (6.959666ms)
✔ tool reuse: unadopted original attempt cannot establish a cache hit (6.4105ms)
✔ tool reuse: future original attempt cannot establish a cache hit (6.965708ms)
✔ tool reuse: full goal context changes invalidate the old key (7.018667ms)
✔ tool reuse: full goal-revision context changes invalidate the old key (7.4705ms)
✔ tool reuse: full scope context changes invalidate the old key (6.319417ms)
✔ tool reuse: full owner context changes invalidate the old key (7.591458ms)
✔ tool reuse: full labels context changes invalidate the old key (7.129ms)
✔ tool reuse: full permission context changes invalidate the old key (8.020292ms)
✔ tool reuse: changed immutable sourceVersion or schema under the same tool version invalidates pinned contracts (13.31675ms)
✔ tool reuse: a different canonical input under the same trusted definition is a cache miss (7.064ms)
✔ tool reuse: parent retraction invalidates an unchanged derived evidence payload (9.790541ms)
✔ tool reuse: missing or damaged original bytes and oversized results are conservative misses (15.583167ms)
✔ tool reuse: a partial canonical result is not an original complete observation (9.691583ms)
✔ tool reuse: a cursor canonical result is not an original complete observation (9.81325ms)
✔ tool reuse: a reused canonical result is not an original complete observation (7.85225ms)
✔ tool reuse: a identity canonical result is not an original complete observation (8.863667ms)
✔ tool reuse: forged payloads, evidence timing, consumer identity, source stamps and accounting reports fail validation (13.251292ms)
✔ tool reuse: current source knowledge must validate and travels with the reused result (10.192959ms)
✔ tool reuse: source authority changes while canonical receipt lookup waits prevent a stale hit (7.473042ms)
✔ tool reuse: find-remove during the final state read invalidates the registry pin (9.26175ms)
✔ tool reuse: validate-source-version during the final state read invalidates the registry pin (8.894375ms)
✔ tool reuse: validate-labels during the final state read invalidates the registry pin (8.225833ms)
✔ tool result validation: proof requirement is part of the contract and missing callbacks reject registration atomically (13.121667ms)
✔ tool result validation: assigning new fields or callback on the original adapter cannot alter a registered proof (8.340167ms)
✔ tool result validation: provider callback receives detached state and result values (4.169ms)
✔ tool result validation: same-version replacement while awaiting a proof invalidates the pending answer (3.039583ms)
✔ tool result validation: removal or unrelated provider refresh has the correct registration scope (6.497625ms)
✔ tool result validation: legacy tools retain optional validation and rejected or malformed proofs fail closed (14.4115ms)
✔ Web HTTP → stored workflow → restart is readonly (sqlite) (958.889709ms)
✔ Web HTTP → stored workflow → restart is readonly (file-journal) (6794.107208ms)
✔ web session is one-time, per-instance, HttpOnly; reload and static reads never execute (37.350709ms)
✔ web Host, Origin, Fetch Metadata, CSRF and strict JSON reject before controller entry (14.474042ms)
✔ web exact assets, methods and cursor options do not expose files or internal errors (16.762459ms)
✔ web session expiry during body blocks mutation entry, logout blocks late view payload (27.409ms)
✔ web bootstrap expires and authenticated request rate has a finite window (363.921042ms)
✔ web SSE emits projection changes at same revision, reconnect is readonly, denial closes (3036.250333ms)
✔ web SSE session revocation, stream cap and lifetime release resources (37.815333ms)
✔ closed SSE keeps physical read slots until completion; reconnect cannot create unbounded reads (370.940166ms)
✔ web pending run permits independent cancel and disconnect does not call cancel (16.924958ms)
✔ browser view: same-revision source invalidation replaces a result without sorting opaque cursors (0.842458ms)
✔ browser view: unavailable invalidates pending details and unchanged cannot resurrect revoked content (0.253708ms)
✔ browser view: an accepted conversation refresh invalidates an older in-flight detail response (0.115875ms)
✔ browser view: work identity, level, revision and goal version cannot be mixed or reversed (0.087709ms)
✔ browser view: repeated message identities update in place while new goal versions have distinct identities (0.105125ms)
✔ browser view: snapshots clone data and invalidate other levels without mutating the previous view (0.085625ms)
✔ browser view: state and cursors remain isolated across two selected works (0.058292ms)
✔ browser view: history readers are not treated as pinned to the end of a scroll region (0.03775ms)
✔ browser reads: serialization starts the next request only after the prior read completes (0.148834ms)
✔ browser reads: unavailability discards already-queued old reads and a new selection has its own queue epoch (0.120125ms)
✔ browser reads: a failed read does not permanently block later explicit reads (0.210375ms)
✔ browser stream: unchanged events make no reads and a burst of changes has at most one follow-up read (0.121167ms)
✔ browser stream: an invalidated stream cannot start its queued follow-up refresh (0.569708ms)
✔ browser stream: delayed change notifications only read the current same-revision source state (0.116042ms)
✔ browser acceptance: a lost response keeps the same receipt identity for an explicit retry (0.086292ms)
✔ browser acceptance: the same receipt after a lost response produces one work in a receipt-based fake receiver (0.040875ms)
✔ browser status: stored completion is distinct from a currently invalidated result (0.027417ms)
✔ browser goal editing: changing only the description preserves the current fast mode over the original goal mode (0.098333ms)
✔ browser goal editing: a pending requested mode is preserved and its control revision is pinned (0.0355ms)
✔ browser goal editing: a control, goal or work change rejects submission without changing the input draft (0.151583ms)
✔ browser goal editing: an explicit refreshed basis retains user edits and adopts the latest requested mode (0.072042ms)
✔ progress runtime sqlite: renamed tasks share failure history and backoff survives workflow runs and reopening (453.049667ms)
✔ progress runtime sqlite: replanning cannot extend the first semantic request retry deadline (256.25375ms)
✔ progress runtime sqlite: successful empty results still stall and mode, compact, resume and reopening cannot erase that state (512.022083ms)
✔ progress runtime sqlite: a stored tool result settles atomically before allocation gates and verified completion still wins (252.694791ms)
✔ progress runtime sqlite: a stored model reply settles after reopening even when new allocations are blocked (257.834209ms)
✔ progress runtime sqlite: repeated invalid model proposals preserve one failure key and persist model backoff (751.250792ms)
✔ progress runtime sqlite: a new goal starts a new streak while preserving usage, processed history and failure deadlines (149.741167ms)
✔ progress runtime sqlite: an unknown synthetic write remains an obligation ahead of a no-progress allocation stop (278.921667ms)
✔ progress runtime file-journal: renamed tasks share failure history and backoff survives workflow runs and reopening (3753.814167ms)
✔ progress runtime file-journal: replanning cannot extend the first semantic request retry deadline (1922.951208ms)
✔ progress runtime file-journal: successful empty results still stall and mode, compact, resume and reopening cannot erase that state (3276.731917ms)
✔ progress runtime file-journal: a stored tool result settles atomically before allocation gates and verified completion still wins (1452.810584ms)
✔ progress runtime file-journal: a stored model reply settles after reopening even when new allocations are blocked (836.074375ms)
✔ progress runtime file-journal: repeated invalid model proposals preserve one failure key and persist model backoff (2443.63ms)
✔ progress runtime file-journal: a new goal starts a new streak while preserving usage, processed history and failure deadlines (501.343375ms)
✔ progress runtime file-journal: an unknown synthetic write remains an obligation ahead of a no-progress allocation stop (763.930959ms)
✔ progress: a unique committed operation contributes once and returned state has no mutable aliases (0.830666ms)
✔ progress: permutations, repeated known keys and new operation IDs cannot fabricate productive steps (1.26075ms)
✔ progress: explicit goal epochs reset only the current streak and preserve deduplication and the original retry window (0.280042ms)
✔ progress: processed capacity saturates without evicting prior records or resetting on a new goal (0.137709ms)
✔ progress: knownKeys capacity saturates without evicting prior records or resetting on a new goal (0.089583ms)
✔ progress: repeated failures retain their first deadline and use the current backoff without extending the retry window (0.396458ms)
✔ progress: retry gate respects the work deadline and specific repeated-failure limits (0.167583ms)
✔ progress: policies remain pinned and invalid counters, times, keys or schema fields fail closed (0.527542ms)
✔ capture: a new negative observation is productive while aliases, timestamps and duplicate originals are not (2.761375ms)
✔ capture: changed facts, coverage and an authenticated original version can each carry new information (0.391958ms)
✔ capture: derived copies do not add progress or independent completion credit (0.257458ms)
✔ capture: tenant evidence cannot earn progress (0.140875ms)
✔ capture: scope evidence cannot earn progress (0.125583ms)
✔ capture: labels evidence cannot earn progress (0.109708ms)
✔ capture: retracted evidence cannot earn progress (0.102042ms)
✔ capture: deleted evidence cannot earn progress (0.095083ms)
✔ capture: blocked-artifact evidence cannot earn progress (0.123625ms)
✔ capture: a hypothesis assessment is credited once per semantic evidence basis, not per hypothesis text or evidence ID (0.398083ms)
✔ capture: no evidence or a stale hypothesis assessment earns a fresh reasoning credit (0.162917ms)
✔ capture: only satisfied obligations contribute and identity or explanation rewrites cannot repeat the credit (0.141208ms)
✔ capture: plan, task, revision, mode, usage and replay changes cannot reset a stalled work (0.14725ms)
✔ capture: trusted explicit item progress and returned state copies follow the same deduplication contract (0.076209ms)
✔ progress sqlite: reopen and duplicate commit preserve settlement counts and the first retry deadline (89.454584ms)
✔ progress file-journal: reopen and duplicate commit preserve settlement counts and the first retry deadline (216.822125ms)
✔ sqlite: page options cannot replace the trusted actor or conversation route (239.140584ms)
✔ sqlite: diagnostics uses metadata through the current revision and never requests full event payloads (419.4905ms)
✔ sqlite: a denied-only list page stops after one candidate page and continues after a detached anchor (1417.938667ms)
✔ sqlite: list cursor handles expire, stay instance scoped, and are evicted without resolving all IDs (148.616916ms)
✔ file-journal: page options cannot replace the trusted actor or conversation route (627.123334ms)
✔ file-journal: diagnostics uses metadata through the current revision and never requests full event payloads (800.124ms)
✔ file-journal: a denied-only list page stops after one candidate page and continues after a detached anchor (14334.492667ms)
✔ file-journal: list cursor handles expire, stay instance scoped, and are evicted without resolving all IDs (108.242459ms)
✔ sqlite: public CLI cursor survives process reconnect without executing or changing the work (2076.361833ms)
✔ sqlite: public CLI binds reconnect to the registered conversation and keeps the primary reply route (2319.491167ms)
✔ sqlite: delivered results disappear from the current CLI view after a goal change and explicit cancel (2111.208583ms)
✔ file-journal: public CLI cursor survives process reconnect without executing or changing the work (2889.127208ms)
✔ file-journal: public CLI binds reconnect to the registered conversation and keeps the primary reply route (3293.786041ms)
✔ file-journal: delivered results disappear from the current CLI view after a goal change and explicit cancel (3389.788834ms)
✔ public CLI rejects ambiguous view flags without printing a success response (476.485583ms)
✔ human work view labels prepared outputs and never turns unknown delivery into delivered or read (0.507584ms)
✔ human work view keeps stored completion separate from a currently invalid result (0.0635ms)
✔ human work view strips terminal controls and gives a bounded status reason without replaying diagnostics (0.173125ms)
✔ human work view makes observing another reply route explicit and keeps unchanged output quiet (0.605417ms)
✔ sqlite: empty accepted work reads and reopens without executing, writing, or sending (77.771834ms)
✔ sqlite: ownership, exact route, current read restriction, and diagnostics are distinct checks (83.244042ms)
✔ sqlite: legacy read labels also protect retained text (37.972917ms)
✔ sqlite: cursors bind level, route, actor rights, and work without moving the primary reply (79.565917ms)
✔ sqlite: verified prepared results remain distinct from pending and unknown delivery (161.083625ms)
✔ sqlite: missing source and corrupt response withhold a same-revision result before cursor matching (73.848417ms)
✔ sqlite: originals, goals, cancellation, and hypothesis review invalidate historical replies (128.919875ms)
✔ sqlite: only the current pending question is displayed and resolved questions disappear (60.917375ms)
✔ sqlite: losing a separate hypothesis basis withholds the result consistently at every view level (116.24575ms)
✔ sqlite: a derived evidence card requires every original ancestor to remain available (74.195334ms)
✔ sqlite: knowledge changes reject current and repeated reads without refreshing state (53.494792ms)
✔ sqlite: revocation during artifact reads or final state checks prevents unchanged and snapshots (142.078ms)
✔ sqlite: a disappearing original during projection is revalidated before returning a cached cursor (72.715583ms)
✔ sqlite: detail and diagnostic cards are bounded and omit raw inputs, outputs, event payloads, and controls (106.2ms)
✔ file-journal: empty accepted work reads and reopens without executing, writing, or sending (322.634125ms)
✔ file-journal: ownership, exact route, current read restriction, and diagnostics are distinct checks (459.363708ms)
✔ file-journal: legacy read labels also protect retained text (227.639542ms)
✔ file-journal: cursors bind level, route, actor rights, and work without moving the primary reply (748.714584ms)
✔ file-journal: verified prepared results remain distinct from pending and unknown delivery (2064.243459ms)
✔ file-journal: missing source and corrupt response withhold a same-revision result before cursor matching (474.967125ms)
✔ file-journal: originals, goals, cancellation, and hypothesis review invalidate historical replies (821.825958ms)
✔ file-journal: only the current pending question is displayed and resolved questions disappear (458.850958ms)
✔ file-journal: losing a separate hypothesis basis withholds the result consistently at every view level (885.785875ms)
✔ file-journal: a derived evidence card requires every original ancestor to remain available (531.789083ms)
✔ file-journal: knowledge changes reject current and repeated reads without refreshing state (373.131458ms)
✔ file-journal: revocation during artifact reads or final state checks prevents unchanged and snapshots (509.23625ms)
✔ file-journal: a disappearing original during projection is revalidated before returning a cached cursor (419.717708ms)
✔ file-journal: detail and diagnostic cards are bounded and omit raw inputs, outputs, event payloads, and controls (406.270417ms)
✔ sqlite/documents-simple: SIGKILL at before-execution resumes from reopened stores with 1 source call(s) and one result send (873.960041ms)
✔ sqlite/documents-simple: SIGKILL at response-before-store resumes from reopened stores with 2 source call(s) and one result send (1093.658209ms)
✔ sqlite/documents-simple: SIGKILL at response-stored resumes from reopened stores with 1 source call(s) and one result send (904.889958ms)
✔ sqlite/documents-simple: SIGKILL at receiver-committed resumes from reopened stores with 1 source call(s) and one result send (909.682542ms)
✔ sqlite/observations-simple: SIGKILL at before-execution resumes from reopened stores with 1 source call(s) and one result send (906.826584ms)
✔ sqlite/observations-simple: SIGKILL at response-before-store resumes from reopened stores with 2 source call(s) and one result send (1004.342209ms)
✔ sqlite/observations-simple: SIGKILL at response-stored resumes from reopened stores with 1 source call(s) and one result send (1068.954291ms)
✔ sqlite/observations-simple: SIGKILL at receiver-committed resumes from reopened stores with 1 source call(s) and one result send (880.460458ms)
✔ sqlite: SIGKILL after a synthetic write effect but before response storage preserves unknown and never repeats the write or claims completion (741.429875ms)
✔ file-journal/documents-simple: SIGKILL at before-execution resumes from reopened stores with 1 source call(s) and one result send (2775.812083ms)
✔ file-journal/documents-simple: SIGKILL at response-before-store resumes from reopened stores with 2 source call(s) and one result send (2950.044ms)
✔ file-journal/documents-simple: SIGKILL at response-stored resumes from reopened stores with 1 source call(s) and one result send (1539.853583ms)
✔ file-journal/documents-simple: SIGKILL at receiver-committed resumes from reopened stores with 1 source call(s) and one result send (1190.96075ms)
✔ file-journal/observations-simple: SIGKILL at before-execution resumes from reopened stores with 1 source call(s) and one result send (1084.337833ms)
✔ file-journal/observations-simple: SIGKILL at response-before-store resumes from reopened stores with 2 source call(s) and one result send (1189.18425ms)
✔ file-journal/observations-simple: SIGKILL at response-stored resumes from reopened stores with 1 source call(s) and one result send (935.957958ms)
✔ file-journal/observations-simple: SIGKILL at receiver-committed resumes from reopened stores with 1 source call(s) and one result send (1102.7195ms)
✔ file-journal: SIGKILL after a synthetic write effect but before response storage preserves unknown and never repeats the write or claims completion (947.440458ms)
✔ documents-simple: restarted workflow adopts a stored model response and reaches delivered completion without another planner call (68.702375ms)
✔ observations-simple: restarted workflow adopts a stored model response and reaches delivered completion without another planner call (24.200375ms)
✔ an unknown result delivery causes bounded waiting and only one receipt lookup on the next explicit run (20.451417ms)
✔ a workflow without a planner returns a planning requirement and does not create an inferred plan (6.897208ms)
✔ workflow entry requires the full persisted execution policy rather than a narrower read-only view (5.856875ms)
✔ user cancellation between workflow steps preserves terminal state and cancels an unsent model reservation (9.278875ms)
✔ scoped actors cannot enter execution even when their current limits equal the work policy (4.206041ms)
✔ final checkpoint cannot report old completion when a goal change arrives during checkpoint storage (16.830917ms)
✔ workspace: missing or denying memory validators block file operations before workspace I/O (156.696917ms)
✔ workspace: stage rechecks memory custody after its asynchronous I/O (211.29ms)
✔ workspace: read rechecks memory custody after its asynchronous I/O (182.823667ms)
✔ workspace: checkpoint rechecks memory custody after its asynchronous I/O (207.318125ms)
✔ workspace: restore rechecks memory custody after its asynchronous I/O (196.372875ms)
✔ workspace: cleanup rechecks memory custody after its asynchronous I/O (197.277666ms)
✔ workspace: sqlite checkpoint and byte-for-byte restore survive new state, artifact and workspace instances (383.927292ms)
✔ workspace: file-journal checkpoint and byte-for-byte restore survive new state, artifact and workspace instances (742.813875ms)
✔ workspace: identical paths are isolated by both work and attempt and ownership is checked before file access (273.956416ms)
✔ workspace: traversal, absolute, ambiguous and platform-specific paths cannot be staged (46.025ms)
✔ workspace: repeated identical staging is idempotent and different content cannot overwrite it (105.623708ms)
✔ workspace: caller mutations after starting stage cannot change the bytes being staged (94.4415ms)
✔ workspace: two processes cannot overwrite the same staged path with different bytes (166.956542ms)
✔ workspace: artifact saved during a state change remains uncommitted and cannot replace the authoritative revision (150.776167ms)
✔ workspace: narrower actor grants never replace the stored work policy during checkpoint commit (145.959125ms)
✔ workspace: policy change during file read prevents returning previously read bytes (109.859583ms)
✔ workspace: generation change during file read prevents returning previously read bytes (69.948875ms)
✔ workspace: policy change during staging prevents a successful stale response and preserves the local file (99.870916ms)
✔ workspace: generation change during staging prevents a successful stale response and preserves the local file (100.061833ms)
✔ workspace: generation changes block even source-free checkpoints and preserve their staged files (170.05125ms)
✔ workspace: restricted is checked when restoring a checkpoint even without a generation change (200.480834ms)
✔ workspace: deleted is checked when restoring a checkpoint even without a generation change (211.039333ms)
✔ workspace: labels is checked when restoring a checkpoint even without a generation change (185.287584ms)
✔ workspace: artifact is checked when restoring a checkpoint even without a generation change (227.776041ms)
✔ workspace: lifecycle changes during artifact restore prevent files from being staged (187.06525ms)
✔ workspace: cleanup preserves files while active (131.137584ms)
✔ workspace: cleanup preserves files while unknown (138.736417ms)
✔ workspace: cleanup preserves files while obligation (162.992958ms)
✔ workspace: cleanup preserves files while uncheckpointed (124.889583ms)
✔ workspace: a file staged after cleanup inspection causes manifest conflict and remains preserved (211.314917ms)
✔ workspace: missing checkpoint content prevents cleanup of the surviving staged file (246.109333ms)
✔ workspace: a remaining lock is never stolen by staging or cleanup (186.750208ms)
✔ workspace: symlink files and replaced roots are rejected instead of reading or overwriting them (88.638875ms)
✔ workspace: content corruption and configured byte or file capacity limits fail without silent truncation (204.859958ms)
ℹ tests 1771
ℹ suites 0
ℹ pass 1771
ℹ fail 0
ℹ cancelled 0
ℹ skipped 0
ℹ todo 0
ℹ duration_ms 191351.012708

> long-horizon-runtime@0.1.0 typecheck:core
> tsc -p tsconfig.core.json


> long-horizon-runtime@0.1.0 check:architecture
> node scripts/check-architecture.mjs

{"inspected":96,"failures":[]}

> long-horizon-runtime@0.1.0 fixtures
> node dist/presentation/fixtures.js

{
  "createdAt": "2026-09-06T00:39:02.791Z",
  "node": "v24.20.0",
  "evaluation": "deterministic_contract_baseline",
  "passed": true,
  "scenarios": 4,
  "checkpoints": 22,
  "elapsedMs": 11.289166999999999,
  "actualModelCalls": 0,
  "actualToolCalls": 0,
  "actualTokenUsage": null,
  "results": [
    {
      "id": "documents-complex",
      "checks": 9,
      "passed": true
    },
    {
      "id": "documents-simple",
      "checks": 3,
      "passed": true
    },
    {
      "id": "observations-complex",
      "checks": 7,
      "passed": true
    },
    {
      "id": "observations-simple",
      "checks": 3,
      "passed": true
    }
  ]
}
