
> long-horizon-runtime@0.1.0 verify
> npm test && npm run typecheck:core && npm run check:architecture && npm run fixtures


> long-horizon-runtime@0.1.0 test
> npm run build && node --test dist/tests/*.test.js


> long-horizon-runtime@0.1.0 build
> tsc -p tsconfig.json && node scripts/record-build.mjs

✔ artifact I/O: metrics snapshots are independent and reset does not modify stored artifacts (44.324459ms)
✔ artifact I/O: first put counts its missing existence probe, exact UTF-8 hashes, and two atomic file writes (35.446334ms)
✔ artifact I/O: duplicate put verifies the existing body and performs no file writes (35.7565ms)
✔ artifact I/O: put repairs a corrupt existing object after counting the failed verification (101.611291ms)
✔ artifact I/O: get and exists each perform independent metadata, body, and integrity work under concurrent reads (67.466584ms)
✔ artifact I/O: tenant and label denials count API calls without opening or hashing files (63.523583ms)
✔ artifact I/O: missing json counts failed opens without claiming unread body bytes (44.520417ms)
✔ artifact I/O: missing blob counts failed opens without claiming unread body bytes (55.169083ms)
✔ artifact I/O: invalid metadata is a verification failure after a successful metadata read (64.161ms)
✔ artifact I/O: a metadata reference mismatch stops before body read or hashing (43.91025ms)
✔ artifact I/O: same-size tampering hashes the read body (82.989084ms)
✔ artifact I/O: length mismatch preserves the existing hash short circuit (44.315333ms)
✔ artifact I/O: a body symlink remains unreadable and contributes no target bytes (72.1025ms)
✔ content, metadata and permissions survive artifact store restart (55.276041ms)
✔ same bytes under different tenant/labels never share an accessible reference (112.735791ms)
✔ corrupt bytes, missing originals, path traversal and symlink substitution are rejected (85.87925ms)
✔ artifact stored before failed state commit is reused after reopening, without dangling references (127.245792ms)
✔ execution intent and unadopted result persist independently of evidence acceptance (137.510167ms)
✔ budget crash sqlite: SIGKILL after durable child-genesis resumes one grant without Tool or Planner entry (585.035833ms)
✔ budget crash sqlite: SIGKILL after durable parent-grant resumes one grant without Tool or Planner entry (612.681ms)
✔ budget crash sqlite: SIGKILL after durable child-activation resumes one grant without Tool or Planner entry (599.153708ms)
✔ budget crash sqlite: SIGKILL after parent-draining retains consumed usage and cancels unsent tool once (1243.449458ms)
✔ budget crash sqlite: SIGKILL after child-fence retains consumed usage and cancels unsent tool once (1014.194959ms)
✔ budget crash sqlite: SIGKILL after parent-settlement retains consumed usage and cancels unsent tool once (1089.553167ms)
✔ budget crash sqlite: SIGKILL after parent-draining retains consumed usage and cancels unsent model once (1076.534625ms)
✔ budget crash sqlite: SIGKILL after child-fence retains consumed usage and cancels unsent model once (924.697542ms)
✔ budget crash sqlite: SIGKILL after parent-settlement retains consumed usage and cancels unsent model once (1071.820125ms)
✔ budget crash file-journal: SIGKILL after durable child-genesis resumes one grant without Tool or Planner entry (975.98325ms)
✔ budget crash file-journal: SIGKILL after durable parent-grant resumes one grant without Tool or Planner entry (1562.725042ms)
✔ budget crash file-journal: SIGKILL after durable child-activation resumes one grant without Tool or Planner entry (1147.439292ms)
✔ budget crash file-journal: SIGKILL after parent-draining retains consumed usage and cancels unsent tool once (4924.699459ms)
✔ budget crash file-journal: SIGKILL after child-fence retains consumed usage and cancels unsent tool once (5178.807584ms)
✔ budget crash file-journal: SIGKILL after parent-settlement retains consumed usage and cancels unsent tool once (5241.042042ms)
✔ budget crash file-journal: SIGKILL after parent-draining retains consumed usage and cancels unsent model once (5539.778583ms)
✔ budget crash file-journal: SIGKILL after child-fence retains consumed usage and cancels unsent model once (5147.04475ms)
✔ budget crash file-journal: SIGKILL after parent-settlement retains consumed usage and cancels unsent model once (5678.934ms)
✔ budget runtime sqlite: child execution settles once across duplicate creation, reconciliation and reopen without copying evidence (355.722042ms)
✔ budget runtime sqlite: parent remaining calls execute while escrow prevents parent and sibling over-allocation (273.049708ms)
✔ budget runtime sqlite: concurrent sibling grants cannot oversubscribe one parent's remaining budget (81.351416ms)
✔ budget runtime sqlite: a child's last logical tool call is consumed by an actual dispatch and cannot be minted by a new task ID (259.529541ms)
✔ budget runtime sqlite: actual model dispatch and reported tokens remain charged when its plan is rejected (514.850709ms)
✔ budget runtime sqlite: a child token cap below the estimated reservation prevents durable model allocation and transport (171.607833ms)
✔ budget runtime sqlite: revoking an unsent tool reservation fences the child and returns only unused escrow (274.791ms)
✔ budget runtime sqlite: revoking an unsent model reservation fences the child and returns only unused escrow (339.196416ms)
✔ budget runtime sqlite: revoke retains an active model's unknown usage, then late accounting settles once without adopting its plan (528.764792ms)
✔ budget runtime sqlite: unknown write effects keep the grant outstanding after revoke and restart (340.609166ms)
✔ budget runtime sqlite: reported model overage is charged to the parent without clamping and prevents further funding (398.022917ms)
✔ budget runtime sqlite: reducing limits preserves committed charges and child deadlines while blocking new grants (308.081167ms)
✔ budget runtime sqlite: pending genesis cannot execute before funding (255.687333ms)
✔ budget runtime sqlite: pending genesis cannot execute before funding and parent cancellation wins activation (103.421292ms)
✔ budget runtime sqlite: child funding rejects broader authority, altered duplicate commands and work ID reattachment (106.837542ms)
✔ budget runtime sqlite: grant commit ACK loss resumes the same grant and child without another allocation (172.581167ms)
✔ budget runtime sqlite: activation commit ACK loss resumes the same grant and child without another allocation (174.203083ms)
✔ budget runtime sqlite: revocation during child activation installs a fence that the stale activation cannot overwrite (142.682167ms)
✔ budget runtime sqlite: revoke after tool dispatch and before entry prevents transport while keeping the logical dispatch charge (239.401667ms)
✔ budget runtime sqlite: revoke after model dispatch and before entry prevents transport while keeping the logical dispatch charge (388.017292ms)
✔ budget runtime sqlite: actual replan adoption spends the child's delegated replan allowance once (433.988167ms)
✔ budget runtime sqlite: nested child execution reconciles through both grants without double charging or copying originals (316.713125ms)
✔ budget runtime sqlite: an unfunded pending child cannot turn resume or a new goal into execution authority (91.863041ms)
✔ budget runtime sqlite: a parent goal change fences a child's previously reserved tool before entry (176.132042ms)
✔ budget runtime sqlite: a parent policy change fences a child's previously reserved tool before entry (179.89025ms)
✔ budget runtime sqlite: a parent deadline change fences a child's previously reserved tool before entry (132.873084ms)
✔ budget runtime sqlite: a partially reported model response retains known tokens and unknown reservation after revoke and reopen (299.317625ms)
✔ budget runtime sqlite: sibling overage received during a tool dispatch ACK delay prevents its actual entry despite stale parent accounting (428.478458ms)
✔ budget runtime sqlite: sibling overage received during a model dispatch ACK delay prevents its actual entry despite stale parent accounting (523.270542ms)
✔ budget runtime file-journal: child execution settles once across duplicate creation, reconciliation and reopen without copying evidence (2336.591167ms)
✔ budget runtime file-journal: parent remaining calls execute while escrow prevents parent and sibling over-allocation (2136.333708ms)
✔ budget runtime file-journal: concurrent sibling grants cannot oversubscribe one parent's remaining budget (595.976667ms)
✔ budget runtime file-journal: a child's last logical tool call is consumed by an actual dispatch and cannot be minted by a new task ID (2716.694542ms)
✔ budget runtime file-journal: actual model dispatch and reported tokens remain charged when its plan is rejected (2217.997042ms)
✔ budget runtime file-journal: a child token cap below the estimated reservation prevents durable model allocation and transport (986.83475ms)
✔ budget runtime file-journal: revoking an unsent tool reservation fences the child and returns only unused escrow (1604.611375ms)
✔ budget runtime file-journal: revoking an unsent model reservation fences the child and returns only unused escrow (1143.004625ms)
✔ budget runtime file-journal: revoke retains an active model's unknown usage, then late accounting settles once without adopting its plan (2154.181417ms)
✔ budget runtime file-journal: unknown write effects keep the grant outstanding after revoke and restart (2932.025875ms)
✔ budget runtime file-journal: reported model overage is charged to the parent without clamping and prevents further funding (2305.873292ms)
✔ budget runtime file-journal: reducing limits preserves committed charges and child deadlines while blocking new grants (2583.127584ms)
✔ budget runtime file-journal: pending genesis cannot execute before funding (2217.853709ms)
✔ budget runtime file-journal: pending genesis cannot execute before funding and parent cancellation wins activation (517.897208ms)
✔ budget runtime file-journal: child funding rejects broader authority, altered duplicate commands and work ID reattachment (714.904333ms)
✔ budget runtime file-journal: grant commit ACK loss resumes the same grant and child without another allocation (774.98875ms)
✔ budget runtime file-journal: activation commit ACK loss resumes the same grant and child without another allocation (480.103083ms)
✔ budget runtime file-journal: revocation during child activation installs a fence that the stale activation cannot overwrite (621.715708ms)
✔ budget runtime file-journal: revoke after tool dispatch and before entry prevents transport while keeping the logical dispatch charge (1896.375792ms)
✔ budget runtime file-journal: revoke after model dispatch and before entry prevents transport while keeping the logical dispatch charge (2382.933333ms)
✔ budget runtime file-journal: actual replan adoption spends the child's delegated replan allowance once (4449.361917ms)
✔ budget runtime file-journal: nested child execution reconciles through both grants without double charging or copying originals (4666.215125ms)
✔ budget runtime file-journal: an unfunded pending child cannot turn resume or a new goal into execution authority (682.069666ms)
✔ budget runtime file-journal: a parent goal change fences a child's previously reserved tool before entry (2126.756ms)
✔ budget runtime file-journal: a parent policy change fences a child's previously reserved tool before entry (2150.7015ms)
✔ budget runtime file-journal: a parent deadline change fences a child's previously reserved tool before entry (2008.25175ms)
✔ budget runtime file-journal: a partially reported model response retains known tokens and unknown reservation after revoke and reopen (2296.006458ms)
✔ budget runtime file-journal: sibling overage received during a tool dispatch ACK delay prevents its actual entry despite stale parent accounting (3276.687083ms)
✔ budget runtime file-journal: sibling overage received during a model dispatch ACK delay prevents its actual entry despite stale parent accounting (3023.058417ms)
✔ budget exposure: own usage and reservations add each dimension without charging elapsed time or unknown counts as tokens (0.690291ms)
✔ budget exposure: active and draining escrow count once even when the same child usage has already been observed (0.207375ms)
✔ budget exposure: usage above allocation and outstanding reservations remain visible in independent dimensions (0.061167ms)
✔ budget exposure: settling replaces escrow with accounted plus reserved amounts and repeated reads cannot refund twice (0.085084ms)
✔ budget exposure: unknown and partially reported model usage keeps reserved tokens even on a settled summary (1.409625ms)
✔ budget exposure: a lower parent limit preserves actual costs and reports each excess without negative remaining values (0.15525ms)
✔ budget exposure: separate grants sum but duplicate IDs and duplicate child funding records are rejected (0.639667ms)
✔ budget exposure: zero-funded grants remain explicit and cannot hide a later reported expense (0.070042ms)
✔ budget exposure: max-safe totals are exact and overflow in local, grant, aggregate or combined arithmetic fails closed (0.7045ms)
✔ budget exposure: fractional, negative, nonfinite, unsafe and missing values never become zero (0.476333ms)
✔ budget exposure: grant schema keeps authority identity strict and requires a state revision for observed or settled accounting (0.453125ms)
✔ budget exposure: parent links preserve pending, active and draining as different stored phases without conferring allocation authority (0.3665ms)
✔ budget exposure: empty and absent grant lists are equivalent while malformed and over-cap lists are rejected (61.655875ms)
✔ budget exposure: projections and strict schema copies share no mutable vectors with the ledger (0.42025ms)
✔ CLI resumes across processes, keeps conversation/work identities and separates disconnect, pause and cancel (4242.911666ms)
✔ CLI human output is reception plus result, with no internal events or ANSI: documents-simple (905.302125ms)
✔ CLI human output is reception plus result, with no internal events or ANSI: observations-simple (958.933167ms)
✔ CLI goal changes require an explicit revision and failures have no success JSON on stdout (1011.68325ms)
✔ CLI checkpoint is a derived reference and an old resume file does not reverse a paused work (2318.281917ms)
✔ context compiler sqlite/documents-complex: five published working sets retain counterevidence and rediscover an early original (2066.949667ms)
✔ context compiler sqlite/observations-complex: five published working sets retain counterevidence and rediscover an early original (1943.349583ms)
✔ context compiler file-journal/documents-complex: five published working sets retain counterevidence and rediscover an early original (10805.4805ms)
✔ context compiler file-journal/observations-complex: five published working sets retain counterevidence and rediscover an early original (10759.625125ms)
✔ context compiler sqlite: five compactions preserve canonical unknown effect and timed response obligations (702.49075ms)
✔ context compiler file-journal: five compactions preserve canonical unknown effect and timed response obligations (2855.725167ms)
✔ context compiler sqlite: selected schemas reduce the actual structured transport request and preserve precise byte accounting (165.980917ms)
ℹ {"backend":"sqlite","baselinePacketBytes":4700,"baselineToolBytes":516593,"packetBytes":2471,"toolBytes":33733,"envelopeBytes":36282,"requestBytes":41004,"selectedToolCount":13,"catalogTotal":81}
✔ context compiler file-journal: selected schemas reduce the actual structured transport request and preserve precise byte accounting (421.743959ms)
ℹ {"backend":"file-journal","baselinePacketBytes":4700,"baselineToolBytes":516593,"packetBytes":2471,"toolBytes":33733,"envelopeBytes":36282,"requestBytes":41004,"selectedToolCount":13,"catalogTotal":81}
✔ context compiler sqlite: an oversized mandatory goal fails before candidate storage or transport (183.385625ms)
✔ context compiler file-journal: an oversized mandatory goal fails before candidate storage or transport (217.526542ms)
✔ context copy: a canonical two-level invocation copy cannot restore guidance body after its catalog version is replaced (89.348125ms)
✔ context copy: two nested call results stop exposing a tool body when original tool permission is revoked (29.499583ms)
✔ context dispatch sqlite: persisted reservation does not send removed registration (316.363834ms)
✔ context dispatch sqlite: persisted reservation does not send replacement version (322.346208ms)
✔ context dispatch sqlite: persisted reservation does not send changed input schema under the same ID and version (284.943208ms)
✔ context dispatch sqlite: persisted reservation does not send changed allowed labels under the same ID and version (312.609ms)
✔ context dispatch sqlite: persisted reservation does not send changed allowed destination under the same ID and version (395.982084ms)
✔ context dispatch file-journal: persisted reservation does not send removed registration (1043.873583ms)
✔ context dispatch file-journal: persisted reservation does not send replacement version (991.17875ms)
✔ context dispatch file-journal: persisted reservation does not send changed input schema under the same ID and version (995.162958ms)
✔ context dispatch file-journal: persisted reservation does not send changed allowed labels under the same ID and version (971.406917ms)
✔ context dispatch file-journal: persisted reservation does not send changed allowed destination under the same ID and version (930.845458ms)
✔ context dispatch sqlite: persisted guidance required-rules change is checked before transport (391.971042ms)
✔ context dispatch sqlite: persisted guidance version change is checked before transport (420.79175ms)
✔ context dispatch file-journal: persisted guidance required-rules change is checked before transport (1465.256ms)
✔ context dispatch file-journal: persisted guidance version change is checked before transport (1771.066333ms)
✔ context dispatch sqlite: unchanged tool and trusted guidance contracts resume the stored request once (401.517125ms)
✔ context dispatch file-journal: unchanged tool and trusted guidance contracts resume the stored request once (1505.134709ms)
✔ context guidance: trusted required rules, exact version and hash survive published body eviction (57.237792ms)
✔ context guidance: a manifest without required rules keeps the full original and fails a smaller input budget (24.459959ms)
✔ context guidance: result-provided rules cannot replace an absent trusted manifest rule set (13.37ms)
✔ context guidance: current label revocation prevents a previously published original from reappearing (18.337167ms)
✔ context guidance: a missing original cannot be recovered from its copied tool result or prior frame (14.952292ms)
✔ context guidance: replacing the catalog version does not expose the superseded loaded body (15.64225ms)
✔ context guidance: replacing trusted bytes under the same version rejects the old manifest and body (8.252958ms)
✔ context guidance: a stored result with a mismatched attemptId is rejected (7.580916ms)
✔ context guidance: a stored result with a mismatched resultId is rejected (8.840667ms)
✔ context guidance: the actual dispatch receipt must match the adopted attempt task digest (7.777875ms)
✔ sqlite/model_call_reserved: publishing requires the derived blob, later loss permits commits and regeneration while original loss blocks both (195.035125ms)
✔ sqlite/context_compacted: publishing requires the derived blob, later loss permits commits and regeneration while original loss blocks both (222.9835ms)
✔ sqlite: publishing detects a context head reference conflict before committing (163.894708ms)
✔ sqlite: a blocked context candidate cannot be newly published even when its bytes remain (147.11975ms)
✔ sqlite/retract: lifecycle retires the context head and access removal also blocks its retained artifact (249.253333ms)
✔ sqlite/correct: lifecycle retires the context head and access removal also blocks its retained artifact (187.521333ms)
✔ sqlite/restrict: lifecycle retires the context head and access removal also blocks its retained artifact (193.119ms)
✔ sqlite/delete: lifecycle retires the context head and access removal also blocks its retained artifact (237.017459ms)
✔ sqlite/dependency_changed: lifecycle retires the context head and access removal also blocks its retained artifact (236.793292ms)
✔ file-journal/model_call_reserved: publishing requires the derived blob, later loss permits commits and regeneration while original loss blocks both (689.178875ms)
✔ file-journal/context_compacted: publishing requires the derived blob, later loss permits commits and regeneration while original loss blocks both (630.547125ms)
✔ file-journal: publishing detects a context head reference conflict before committing (174.920917ms)
✔ file-journal: a blocked context candidate cannot be newly published even when its bytes remain (206.1005ms)
✔ file-journal/retract: lifecycle retires the context head and access removal also blocks its retained artifact (362.625833ms)
✔ file-journal/correct: lifecycle retires the context head and access removal also blocks its retained artifact (379.796875ms)
✔ file-journal/restrict: lifecycle retires the context head and access removal also blocks its retained artifact (383.281958ms)
✔ file-journal/delete: lifecycle retires the context head and access removal also blocks its retained artifact (329.8785ms)
✔ file-journal/dependency_changed: lifecycle retires the context head and access removal also blocks its retained artifact (361.874208ms)
✔ sqlite: source deletion during the context head exists check prevents reservation and head publication (526.525334ms)
✔ sqlite: source deletion inside repository commit retires the published head and cancels the model reservation before returning (472.745208ms)
✔ sqlite: losing the prior frame does not turn an old catalog request into a conflict with the current task version (542.791625ms)
✔ file-journal: source deletion during the context head exists check prevents reservation and head publication (6391.833542ms)
✔ file-journal: source deletion inside repository commit retires the published head and cancels the model reservation before returning (5757.03725ms)
✔ file-journal: losing the prior frame does not turn an old catalog request into a conflict with the current task version (1920.882958ms)
✔ required full and reference information survives optional content pressure (2.35175ms)
✔ a full value cheaper than its required reference satisfies the minimum without overflow (0.173917ms)
✔ a required reference cap rejects contradictory bounds and never substitutes a cheaper full payload (0.320667ms)
✔ optional reference caps consume only reference bytes and remain omitted when that representation does not fit (0.184ms)
✔ a reference cap overrides full residency and new use without counting references as full reloads (0.774542ms)
✔ high and low watermarks retain compact mode until the lower boundary is crossed (0.300542ms)
✔ mere inclusion is not actual use and an idle full value does not automatically reload (0.36375ms)
✔ a new actual use marker refreshes usage and reloads the same digest once (0.220042ms)
✔ minimum residency delays idle eviction for two cycles while the hard budget still wins (0.160167ms)
✔ five changing working sets preserve old counterevidence, pending and unknown references (0.604708ms)
✔ removed authority and changed digests cannot be revived by resident or use history (0.375875ms)
✔ decisions are stable by minimum, priority, real use, recency, residence and key (0.165125ms)
✔ recently evicted content waits through cooldown unless actual use or a minimum requires it (0.097083ms)
✔ memo storage is bounded and prioritizes selected residents without changing decisions (0.63325ms)
✔ inputs and previous memo stay immutable and byte sums match selected representations (0.119792ms)
✔ duplicate keys, malformed items, invalid budgets and inconsistent memo are rejected (0.805083ms)
✔ context store stages an immutable frame without publishing it and reads the installed basis N from revision N+1 (87.915667ms)
✔ context store sqlite: derived frame and installed head survive separate reopened instances (125.914458ms)
✔ context store file-journal: derived frame and installed head survive separate reopened instances (393.43725ms)
✔ context store regenerates a missing derived frame without editing the authoritative head (80.278125ms)
✔ context store regenerates a corrupt derived frame without editing the authoritative head (71.97875ms)
✔ context store regenerates a invalid-json derived frame without editing the authoritative head (91.753ms)
✔ context store regenerates a invalid-schema derived frame without editing the authoritative head (90.696291ms)
✔ context store excludes a foreign-work previous head or frame (109.461291ms)
✔ context store excludes a foreign-tenant previous head or frame (76.516083ms)
✔ context store excludes a cycle previous head or frame (68.164917ms)
✔ context store excludes a basis previous head or frame (69.544208ms)
✔ context store excludes a unpublished previous head or frame (63.875166ms)
✔ context store excludes a policy previous head or frame (59.899167ms)
✔ context store excludes a goal previous head or frame (77.251583ms)
✔ context store excludes a generation previous head or frame (85.860667ms)
✔ context store excludes a blocked previous head or frame (66.000583ms)
✔ context store excludes a underlabelled previous head or frame (107.041791ms)
✔ context store checks stale frame basis and forbidden packet policy before writing any candidate (6.792958ms)
✔ context store previous rejects goal changes during artifact I/O (70.159291ms)
✔ context store previous rejects policy changes during artifact I/O (75.081667ms)
✔ context store previous rejects generation changes during artifact I/O (66.838417ms)
✔ context store previous rejects source changes during artifact I/O (66.644792ms)
✔ context store put rejects goal changes during artifact I/O (62.08575ms)
✔ context store put rejects policy changes during artifact I/O (78.147167ms)
✔ context store put rejects generation changes during artifact I/O (55.603375ms)
✔ context store put rejects source changes during artifact I/O (65.261833ms)
✔ context store readback rejects goal changes during artifact I/O (53.705333ms)
✔ context store readback rejects policy changes during artifact I/O (61.676417ms)
✔ context store readback rejects generation changes during artifact I/O (51.30775ms)
✔ context store readback rejects source changes during artifact I/O (67.58375ms)
✔ context store never turns state or source failure during a missing-frame read into successful regeneration (49.352792ms)
✔ context store refuses unavailable knowledge even when there is no previous head (6.993208ms)
✔ context store leaves the previous head intact when candidate storage fails (54.925667ms)
✔ context store rejects a relabelled put receipt or altered readback bytes and never publishes a head (76.546333ms)
✔ context store applies byte limits before writing or loading a derived frame (67.177416ms)
✔ canonical state has explicit nulls, bounded revisions and no provider/SQL objects (2.732792ms)
✔ goal validation cannot silently drop unknown authorization fields or empty completion rules (0.121875ms)
✔ partial result is distinct from complete result and API errors are not evidence of absence (0.485333ms)
✔ plan and context explicitly bind state and goal revisions (0.924708ms)
✔ invalid provider content is not included in validation error text (0.118125ms)
✔ a late counterexample prevents a previously delivered answer from being displayed as the current result (641.89025ms)
✔ a public snapshot retries a goal change during artifact verification (611.663125ms)
✔ conversation view keeps message selection and public status on the same revision (683.893917ms)
✔ cancelled work displays its status rather than its historical delivered result (651.446459ms)
✔ request acceptance is atomic, duplicate input is stable and each conversation can bind several works (19.706292ms)
✔ failed acceptance commit creates neither a work nor a reception acknowledgment (87.169083ms)
✔ analysis, response preparation, delivery and completion are distinct; retransmission never collects evidence again (21.597458ms)
✔ analysis-only completion does not pretend that its result was prepared or delivered (6.966791ms)
✔ pending questions are grouped once and resolving a question cannot waive required result delivery (5.191875ms)
✔ independent dispatchers claim once and receipt reconciliation after restart does not send again (83.224875ms)
✔ ambiguous delivery with no idempotency stays unknown, including repeated and timed-out lookup (12.03075ms)
✔ idempotent absent receipt permits only a bounded later retry and permanent failure stays visible (4.884958ms)
✔ goal before delivery prevents an obsolete or unauthorized result from being sent (7.632292ms)
✔ cancel before delivery prevents an obsolete or unauthorized result from being sent (6.647417ms)
✔ labels before delivery prevents an obsolete or unauthorized result from being sent (7.547208ms)
✔ destination before delivery prevents an obsolete or unauthorized result from being sent (7.57175ms)
✔ pause preserves pending delivery and resume can complete it without another source call (7.025167ms)
✔ late confirmed delivery is historical and cannot satisfy a revised goal (7.869125ms)
✔ an uncertain old-goal delivery retains its uncertainty when superseded by a new goal (6.89425ms)
✔ SIGKILL between channel commit and outbox settlement recovers from two reopened databases without another send (284.52675ms)
✔ a never-dispatched response can be prepared after permission restoration, and large questions retain their full artifact (13.934917ms)
✔ sqlite/documents-simple: delete blocks derived copies and pending result; restart preserves tombstone and cancellation works after bytes are absent (532.500166ms)
✔ sqlite/observations-simple: delete blocks derived copies and pending result; restart preserves tombstone and cancellation works after bytes are absent (491.754791ms)
✔ file-journal/documents-simple: delete blocks derived copies and pending result; restart preserves tombstone and cancellation works after bytes are absent (2350.645667ms)
✔ file-journal/observations-simple: delete blocks derived copies and pending result; restart preserves tombstone and cancellation works after bytes are absent (1941.854666ms)
✔ sqlite: lifecycle ownership, concurrent generation and command identity are enforced (193.267708ms)
✔ sqlite: a question prepared before access removal is superseded without sending its text (215.023375ms)
✔ sqlite: data removal preserves an already dispatched write as an unresolved effect (238.108209ms)
✔ sqlite: tool reply is revalidated after lifecycle change during artifact storage (225.355625ms)
✔ sqlite: model reply is revalidated after lifecycle change during artifact storage (396.0035ms)
✔ sqlite: validity retraction allows labelled historical inspection and correction uses a new immutable evidence ID (257.405ms)
✔ sqlite: a stored core.calls.get copy cannot expose deleted source content (329.697042ms)
✔ sqlite: evidence read rechecks a lifecycle change during artifact I/O (235.142417ms)
✔ sqlite: original read rechecks a lifecycle change during artifact I/O (238.79575ms)
✔ sqlite: result read rechecks a lifecycle change during artifact I/O (163.832042ms)
✔ sqlite: old dispatched tool reply after deletion is stored only as a sanitized failure (211.082583ms)
✔ sqlite: late model reply after deletion retains measured usage without retaining forbidden proposal text (382.014417ms)
✔ file-journal: lifecycle ownership, concurrent generation and command identity are enforced (679.759958ms)
✔ file-journal: a question prepared before access removal is superseded without sending its text (1458.133791ms)
✔ file-journal: data removal preserves an already dispatched write as an unresolved effect (1048.105708ms)
✔ file-journal: tool reply is revalidated after lifecycle change during artifact storage (940.518875ms)
✔ file-journal: model reply is revalidated after lifecycle change during artifact storage (1126.367375ms)
✔ file-journal: validity retraction allows labelled historical inspection and correction uses a new immutable evidence ID (1160.899ms)
✔ file-journal: a stored core.calls.get copy cannot expose deleted source content (1784.612083ms)
✔ file-journal: evidence read rechecks a lifecycle change during artifact I/O (741.619542ms)
✔ file-journal: original read rechecks a lifecycle change during artifact I/O (695.205541ms)
✔ file-journal: result read rechecks a lifecycle change during artifact I/O (815.071625ms)
✔ file-journal: old dispatched tool reply after deletion is stored only as a sanitized failure (656.470959ms)
✔ file-journal: late model reply after deletion retains measured usage without retaining forbidden proposal text (980.179541ms)
✔ sqlite: restricted work reaches neither external estimator nor model even without an evidence body (103.127792ms)
✔ sqlite: authorized internal model retains the floor through a forced compact and stored request (173.763333ms)
✔ sqlite: disclosure revoked during source assembly stops the estimator before it receives prose (127.791208ms)
✔ sqlite: revoked model disclosure cancels a stored request before adapter entry (132.157042ms)
✔ sqlite: disclosure revoked during stored model input read stops the final transport (129.834125ms)
✔ sqlite: tool access labels cannot authorize restricted task inputs to an external tool (108.051375ms)
✔ sqlite: read permission narrowing does not relabel old task prose as public (129.301792ms)
✔ sqlite: authorized internal tool receives one invocation after current disclosure check (107.154667ms)
✔ sqlite: changed disclosure during asynchronous tool preflight stops adapter entry (126.268292ms)
✔ sqlite: denied channel cannot receive even a queued acknowledgement from restricted work (151.798625ms)
✔ sqlite: disclosure revocation preserves unknown delivery and prevents full-body lookup (137.920583ms)
✔ sqlite: still-authorized unknown delivery uses lookup without resending (149.814375ms)
✔ sqlite: policy changed during artifact check stops an unknown question lookup (175.912417ms)
✔ sqlite: child budget cannot omit or expand parent disclosure policy (80.056917ms)
✔ sqlite: child read-scope narrowing inherits the parent prose floor and blocks model export (94.813166ms)
✔ sqlite: legacy parent cannot classify copied work prose by creating a boundary-enabled child (74.057167ms)
✔ sqlite: floor and active policy cannot be removed by a direct state commit (59.938917ms)
✔ sqlite: classifying a preexisting legacy work requires explicit migration (69.904333ms)
✔ file-journal: restricted work reaches neither external estimator nor model even without an evidence body (193.673667ms)
✔ file-journal: authorized internal model retains the floor through a forced compact and stored request (880.475584ms)
✔ file-journal: disclosure revoked during source assembly stops the estimator before it receives prose (294.90975ms)
✔ file-journal: revoked model disclosure cancels a stored request before adapter entry (484.685833ms)
✔ file-journal: disclosure revoked during stored model input read stops the final transport (442.134541ms)
✔ file-journal: tool access labels cannot authorize restricted task inputs to an external tool (382.747667ms)
✔ file-journal: read permission narrowing does not relabel old task prose as public (532.736959ms)
✔ file-journal: authorized internal tool receives one invocation after current disclosure check (545.203334ms)
✔ file-journal: changed disclosure during asynchronous tool preflight stops adapter entry (603.381333ms)
✔ file-journal: denied channel cannot receive even a queued acknowledgement from restricted work (423.468667ms)
✔ file-journal: disclosure revocation preserves unknown delivery and prevents full-body lookup (778.15875ms)
✔ file-journal: still-authorized unknown delivery uses lookup without resending (434.914459ms)
✔ file-journal: policy changed during artifact check stops an unknown question lookup (974.594416ms)
✔ file-journal: child budget cannot omit or expand parent disclosure policy (306.507833ms)
✔ file-journal: child read-scope narrowing inherits the parent prose floor and blocks model export (510.987125ms)
✔ file-journal: legacy parent cannot classify copied work prose by creating a boundary-enabled child (162.804084ms)
✔ file-journal: floor and active policy cannot be removed by a direct state commit (104.474083ms)
✔ file-journal: classifying a preexisting legacy work requires explicit migration (123.3445ms)
✔ memory state adapter applies the same floor transition guard as persistent adapters (0.457ms)
✔ direct structured adapter denies estimation and transport using the retained context floor (0.830583ms)
✔ disclosure comparison: twelve A/B/C transport cases use two fixture families and reopened persistent stores (10811.890958ms)
✔ disclosure comparison: independent scoring rejects injected outbound originals even with rewritten measurement claims (263.891125ms)
✔ disclosure comparison: empty release, missing raw checks and advisory authority cannot become passing zero-leak samples (2009.605792ms)
✔ disclosure comparison: same-lineage and renamed copies retain root dependency while missing roots cannot independently complete (1.764125ms)
✔ disclosure comparison: tool and A2A data cannot add policy authority to a strict model proposal or mutate stored work (2.099208ms)
✔ destination rules combine read authority, destination, surface and labels (0.768292ms)
✔ duplicate destinations and rules with arbitrary output keys or ambiguous mappings are rejected (1.841708ms)
✔ child policies cannot remove destination restrictions or increase release budgets (0.090708ms)
✔ sqlite: release keeps only finite mapped facts and preserves immutable internal source proof (131.723708ms)
✔ sqlite: retry and reopen reuse the recorded release without resetting its budget (137.520708ms)
✔ sqlite: lineage aliases count repeated copies as the same source (141.31975ms)
✔ sqlite: release does not accept data-supplied policy, an unknown field value, or missing evidence (169.971917ms)
✔ sqlite: restrict invalidates a stored release and preserves prior disclosure usage (174.107875ms)
✔ sqlite: retract invalidates a stored release and preserves prior disclosure usage (155.687625ms)
✔ sqlite: supersede invalidates a stored release and preserves prior disclosure usage (128.983875ms)
✔ sqlite: delete invalidates a stored release and preserves prior disclosure usage (158.035416ms)
✔ sqlite: policy invalidates a stored release and preserves prior disclosure usage (150.629875ms)
✔ sqlite: goal invalidates a stored release and preserves prior disclosure usage (134.101167ms)
✔ sqlite: current read restrictions and wrong actor prevent release and later read (136.945125ms)
✔ sqlite: policy revocation during original read prevents publication (138.089834ms)
✔ sqlite: raw source gates cover every export surface without reclassifying the source (112.8265ms)
✔ sqlite: accumulated bytes and request identity remain binding (101.316667ms)
✔ sqlite: concurrent release publication does not overspend a one-release budget (133.560958ms)
✔ sqlite: release proof and cumulative history cannot be deleted or rewritten (138.193042ms)
✔ file-journal: release keeps only finite mapped facts and preserves immutable internal source proof (415.819916ms)
✔ file-journal: retry and reopen reuse the recorded release without resetting its budget (485.852791ms)
✔ file-journal: lineage aliases count repeated copies as the same source (405.049333ms)
✔ file-journal: release does not accept data-supplied policy, an unknown field value, or missing evidence (301.817333ms)
✔ file-journal: restrict invalidates a stored release and preserves prior disclosure usage (465.031833ms)
✔ file-journal: retract invalidates a stored release and preserves prior disclosure usage (272.6015ms)
✔ file-journal: supersede invalidates a stored release and preserves prior disclosure usage (386.190625ms)
✔ file-journal: delete invalidates a stored release and preserves prior disclosure usage (479.964292ms)
✔ file-journal: policy invalidates a stored release and preserves prior disclosure usage (521.639334ms)
✔ file-journal: goal invalidates a stored release and preserves prior disclosure usage (427.3485ms)
✔ file-journal: current read restrictions and wrong actor prevent release and later read (491.707625ms)
✔ file-journal: policy revocation during original read prevents publication (288.397209ms)
✔ file-journal: raw source gates cover every export surface without reclassifying the source (1307.560042ms)
✔ file-journal: accumulated bytes and request identity remain binding (623.86075ms)
✔ file-journal: concurrent release publication does not overspend a one-release budget (576.579291ms)
✔ file-journal: release proof and cumulative history cannot be deleted or rewritten (419.259875ms)
✔ sqlite: a generic artifact reference cannot bypass its connected evidence restriction (102.158208ms)
✔ sqlite: changed or unavailable memory dependencies stop release and raw views (145.722875ms)
✔ sqlite: a new lineage on derived evidence does not create a new independent root (114.100459ms)
✔ sqlite: a lost commit response cannot erase a disclosure or give its budget back (113.057167ms)
✔ sqlite: an unclassified new work cannot opt in with an empty label floor (129.623958ms)
✔ file-journal: a generic artifact reference cannot bypass its connected evidence restriction (207.091292ms)
✔ file-journal: changed or unavailable memory dependencies stop release and raw views (470.037583ms)
✔ file-journal: a new lineage on derived evidence does not create a new independent root (453.895ms)
✔ file-journal: a lost commit response cannot erase a disclosure or give its budget back (464.249833ms)
✔ file-journal: an unclassified new work cannot opt in with an empty label floor (123.924875ms)
✔ sqlite: every released transport entry rechecks source authority and receiver binding (117.887167ms)
✔ sqlite: revocation during released source validation prevents receiver entry (143.740833ms)
✔ sqlite: a receiver exception is an unknown outcome with retained release usage and no source-bearing error (152.994417ms)
✔ file-journal: every released transport entry rechecks source authority and receiver binding (479.72675ms)
✔ file-journal: revocation during released source validation prevents receiver entry (438.277ms)
✔ file-journal: a receiver exception is an unknown outcome with retained release usage and no source-bearing error (405.909542ms)
✔ sqlite: initial model disclosure denial returns a durable blocked workflow and checkpoint (155.11675ms)
✔ sqlite: revoked reserved model is accounted as unused and resumes with one fresh call after reopen (304.61575ms)
✔ sqlite: disclosure changes inside dispatch preflight settle a known-unused reservation instead of escaping (174.248834ms)
✔ sqlite: required result channel denial persists blocked state and can resume delivery from checkpoint (192.781625ms)
✔ sqlite: completed analysis keeps its terminal state while unavailable channel yields an undelivered response (120.659667ms)
✔ sqlite: an unsuccessful resume under unchanged channel policy blocks again without becoming runnable (101.359042ms)
✔ sqlite: simultaneous cancel and disclosure revocation preserve user control and unused accounting (93.748167ms)
✔ sqlite: simultaneous pause and disclosure revocation preserve user control and unused accounting (112.874667ms)
✔ file-journal: initial model disclosure denial returns a durable blocked workflow and checkpoint (1512.736041ms)
✔ file-journal: revoked reserved model is accounted as unused and resumes with one fresh call after reopen (5695.854791ms)
✔ file-journal: disclosure changes inside dispatch preflight settle a known-unused reservation instead of escaping (1609.14225ms)
✔ file-journal: required result channel denial persists blocked state and can resume delivery from checkpoint (2143.1615ms)
✔ file-journal: completed analysis keeps its terminal state while unavailable channel yields an undelivered response (2912.541208ms)
✔ file-journal: an unsuccessful resume under unchanged channel policy blocks again without becoming runnable (1880.278709ms)
✔ file-journal: simultaneous cancel and disclosure revocation preserve user control and unused accounting (1569.926417ms)
✔ file-journal: simultaneous pause and disclosure revocation preserve user control and unused accounting (1758.779667ms)
✔ inject all local ports without a database or channel SDK: documents-simple (7.308583ms)
✔ inject all local ports without a database or channel SDK: observations-simple (0.613083ms)
✔ scripted planner honors cancellation and cannot mutate caller state (0.269791ms)
✔ fake sink exposes delivery uncertainty and deduplicates only matching content (0.110958ms)
✔ evaluation build: none checks source and executed output together (98.379583ms)
✔ evaluation build: source checks source and executed output together (78.513333ms)
✔ evaluation build: compiled checks source and executed output together (130.890125ms)
✔ evaluation build: missing checks source and executed output together (103.936959ms)
✔ evaluation build: runtime checks source and executed output together (115.856583ms)
✔ evaluation build: orphan checks source and executed output together (117.627292ms)
✔ evaluation build: a source change during case selection cannot relabel older compiled execution (151.113625ms)
✔ sqlite: readonly evaluation replay authenticates full receipt history, old originals and the current resume packet after reopen (276.1305ms)
✔ sqlite: version, pins and independently recomputed score are required without writes (276.631958ms)
✔ sqlite: receipt omission, duplicates, absent receipts and changed stored states fail closed (209.901958ms)
✔ sqlite: altered oracle and expected outcome cannot be blessed by recomputing sample and score hashes (185.9445ms)
✔ sqlite: rehashing an altered or dropped intermediate completion cannot bypass receipt-state binding (282.925584ms)
✔ sqlite: repeated readonly observations and explicit status-only measurement preserve historical receipt validation (241.525916ms)
✔ sqlite: omitted historical artifacts and conflicting refs are detected independently of the supplied list (254.076375ms)
✔ sqlite: deleted original is unavailable even with intact state, score and resume blob (237.18625ms)
✔ sqlite: corrupt original is unavailable even with intact state, score and resume blob (257.749375ms)
✔ sqlite: historical_deleted original is unavailable even with intact state, score and resume blob (253.067791ms)
✔ sqlite: wrong owner and the current actor's narrower label policy cannot replay source bytes (235.005333ms)
✔ sqlite: a currently indexed original cannot override a durable lifecycle tombstone (236.13ms)
✔ sqlite: foreign, body-altered and lost resume packets fail without regeneration (373.599ms)
✔ sqlite: canonical changes during original I/O prevent a successful replay result (220.9065ms)
✔ sqlite: a receipt changed after initial validation is caught at the final read boundary (222.905833ms)
✔ sqlite: caller mutation cannot replace the in-flight sample and current actor revocation is detected (191.159541ms)
✔ file-journal: readonly evaluation replay authenticates full receipt history, old originals and the current resume packet after reopen (926.828917ms)
✔ file-journal: version, pins and independently recomputed score are required without writes (475.919625ms)
✔ file-journal: receipt omission, duplicates, absent receipts and changed stored states fail closed (642.586458ms)
✔ file-journal: altered oracle and expected outcome cannot be blessed by recomputing sample and score hashes (634.321959ms)
✔ file-journal: rehashing an altered or dropped intermediate completion cannot bypass receipt-state binding (711.768583ms)
✔ file-journal: repeated readonly observations and explicit status-only measurement preserve historical receipt validation (838.8135ms)
✔ file-journal: omitted historical artifacts and conflicting refs are detected independently of the supplied list (965.269084ms)
✔ file-journal: deleted original is unavailable even with intact state, score and resume blob (689.064ms)
✔ file-journal: corrupt original is unavailable even with intact state, score and resume blob (831.798041ms)
✔ file-journal: historical_deleted original is unavailable even with intact state, score and resume blob (762.000459ms)
✔ file-journal: wrong owner and the current actor's narrower label policy cannot replay source bytes (753.9995ms)
✔ file-journal: a currently indexed original cannot override a durable lifecycle tombstone (773.789334ms)
✔ file-journal: foreign, body-altered and lost resume packets fail without regeneration (1424.30975ms)
✔ file-journal: canonical changes during original I/O prevent a successful replay result (683.460375ms)
✔ file-journal: a receipt changed after initial validation is caught at the final read boundary (605.390833ms)
✔ file-journal: caller mutation cannot replace the in-flight sample and current actor revocation is detected (1055.5455ms)
✔ forgotten evidence is rediscovered by ID, source, locator or facts without returning fact bodies (23.949417ms)
✔ hidden, retracted, superseded and parent-retracted evidence never contributes cards or hasMore (8.796208ms)
✔ Korean NFC and NFD clues and English case variants find the same current evidence (9.467709ms)
✔ the evidence discovery tool preserves bounded current-card and partial-call semantics (6.423166ms)
✔ locator truncation preserves the exact evidence ID and reports partial coverage without inventing more matches (5.26575ms)
✔ different owners, tenants and narrower caller labels cannot inspect evidence discovery cards (6.369041ms)
✔ retained knowledge failure at validation 1 blocks cards before return (5.707958ms)
✔ retained knowledge failure at validation 2 blocks cards before return (5.607708ms)
✔ a work retaining knowledge cannot discover derived evidence without its current validator (6.354167ms)
✔ a goal change while the final source-state read waits prevents returning earlier-scope cards (5.60375ms)
✔ caller permission narrowing during the knowledge gate is detected even without a work revision change (4.610708ms)
✔ strict discovery arguments reject extra authority, excessive query length and invalid limits (5.1475ms)
✔ instructions in source facts remain data and discovery changes no facts, goal, plan or authority (4.732292ms)
✔ pre-aborted discovery uses the common read wrapper without reading the work (4.715833ms)
✔ current and historical views enforce own access, tenant, scope and artifact labels while omitted access stays available (0.697791ms)
✔ two generations of derived evidence lose current validity when an ancestor is retracted or superseded, while history stays readable (0.124708ms)
✔ ancestor restriction, deletion, missing reference or revoked labels blocks current and historical descendants (0.088083ms)
✔ a correction remains a monotonic supersession after retraction, restriction, deletion or permission loss (0.125708ms)
✔ supersession uses the full valid version chain and is independent of record ordering (0.06875ms)
✔ foreign tenant, scope, source, lineage and invalid time cannot suppress a valid original (0.108375ms)
✔ a replacement does not depend on a superseded body being current or present in a selected view (0.052375ms)
✔ cyclic, missing and ambiguous derived references fail closed without removing independent evidence (0.048041ms)
✔ deep derived chains are evaluated without recursive call-stack growth and do not become independent sources (8.567625ms)
✔ record intake accepts parents and descendants in either order and preserves caller objects (3.397084ms)
✔ record intake requires inherited labels on both derivation and replacement edges (0.868875ms)
✔ record intake requires artifact labels to cover the evidence and rejects artifacts outside policy (0.4295ms)
✔ new records inherit transitive dependency labels even if a legacy intermediate record was under-labelled (0.20025ms)
✔ shared ancestry across multiple parents is not mistaken for a cycle (0.093208ms)
✔ derived intake refuses historical or inaccessible ancestors and checks validity after the whole incoming batch (0.342791ms)
✔ replacement intake permits an accessible retracted target but never an inaccessible historical target (0.173917ms)
✔ record intake rejects missing references and invalid tenant, scope, source, lineage or time on replacements (0.274875ms)
✔ record intake rejects self, indirect and mixed cycles before accepting partial lineage (0.127ms)
✔ omitted and explicit available access are idempotently equivalent but content or access changes cannot overwrite an ID (0.51175ms)
✔ tool-result validation preserves effect, error and artifact guards while using the shared record intake (0.227666ms)
✔ evaluation: fixture truth distinguishes acknowledgement, first original, delivered useful answer and verified completion (4.658917ms)
✔ evaluation: a runtime completed flag cannot replace the fixed expected facts (0.512875ms)
✔ evaluation: absent expected facts do not count as verified evidence or a useful answer (0.22625ms)
✔ evaluation: early delivered answers remain false completion even if the final state later becomes correct (0.311084ms)
✔ evaluation: a correct result before a declared late-evidence release fails the fixed timeline oracle (0.455125ms)
✔ evaluation: wrong source identity cannot satisfy an original named by the fixture oracle (0.265917ms)
✔ evaluation: wrong lineage identity cannot satisfy an original named by the fixture oracle (0.182042ms)
✔ evaluation: wrong observation time cannot satisfy an original named by the fixture oracle (0.196833ms)
✔ evaluation: wrong tenant cannot satisfy an original named by the fixture oracle (0.233416ms)
✔ evaluation: wrong scope cannot satisfy an original named by the fixture oracle (0.184667ms)
✔ evaluation: restricted label cannot satisfy an original named by the fixture oracle (0.172417ms)
✔ evaluation: restricted access cannot satisfy an original named by the fixture oracle (0.152291ms)
✔ evaluation: retracted source cannot satisfy an original named by the fixture oracle (0.160667ms)
✔ evaluation: copied source cannot satisfy an original named by the fixture oracle (0.145875ms)
✔ evaluation: partial coverage cannot satisfy an original named by the fixture oracle (0.15075ms)
✔ evaluation: two required records from one lineage cannot satisfy a two-source criterion even with matching facts (0.187542ms)
✔ evaluation: duplicate source IDs, current forbidden evidence and unresolved counterevidence fail independently (0.454708ms)
✔ evaluation: a pinned replacement must remain readable, accepted, original and complete without resurrecting its withdrawn predecessor (0.857459ms)
✔ evaluation: hypothesis status and current original support are checked against the pinned final hypothesis (0.25ms)
✔ evaluation: answer delivery requires authorized routing and explicit required evidence references (0.561458ms)
✔ evaluation: waiting with an unknown delivery reports no useful answer latency and preserves its delivery obligation (0.145125ms)
✔ evaluation: run errors and mismatched final control remain failures even for an expected blocked case (0.190875ms)
✔ evaluation: completed states with pending obligations or an undelivered required response are false completion (0.196166ms)
✔ evaluation: status-only observation of an existing completed work is not a new completion or answer (0.269125ms)
✔ evaluation: cumulative costs cannot disappear and unknown model usage cannot become fabricated zero after resume (0.316375ms)
✔ evaluation: a real late usage report may resolve unknown reservations while preserving known and additional charges (0.68325ms)
✔ evaluation: a gate failure before dispatch costs zero, while a dispatched call denied before invocation remains charged (0.48325ms)
✔ evaluation: observations and source queries can repeat without duplicating intervention or context accounting (0.247334ms)
✔ evaluation: context cost comes from unique persisted model calls and remains distinct from reported token usage (0.4635ms)
✔ evaluation summary: contract success, all-case completion and eligible completion use different explicit denominators (5.514208ms)
✔ evaluation summary: nearest-rank p50/p95 include answer samples only and report the sample count (0.623917ms)
✔ evaluation summary: supplied scores join by case ID and cannot silently replace missing or duplicate cases (0.510375ms)
✔ sqlite: two local callers join one real execution and preserve owner, lease, deadline and one budget charge (249.825084ms)
✔ sqlite: cancelling the initiating caller and another joined caller detaches only their waits (201.764291ms)
✔ sqlite: an already aborted caller cannot create an execution (93.706084ms)
✔ sqlite: another facade observes durable running and settled states without claiming local promise ownership (186.759834ms)
✔ sqlite: a different owner and an expired reservation remain explicit waits without lease renewal or automatic recovery (123.685708ms)
✔ sqlite: reopening a dispatched write never replays it and explicit recovery retains the unknown effect obligation (157.379209ms)
✔ sqlite: reopening after a stored result reports received without executing or adopting it again (214.555416ms)
✔ sqlite: state changes during receipt lookup are reread before the facade decides to execute (102.897917ms)
✔ sqlite: a reporting read error after successful execution is shared as an error and retry only observes the durable result (233.366ms)
✔ file-journal: two local callers join one real execution and preserve owner, lease, deadline and one budget charge (825.745834ms)
✔ file-journal: cancelling the initiating caller and another joined caller detaches only their waits (703.530167ms)
✔ file-journal: an already aborted caller cannot create an execution (294.25675ms)
✔ file-journal: another facade observes durable running and settled states without claiming local promise ownership (698.038583ms)
✔ file-journal: a different owner and an expired reservation remain explicit waits without lease renewal or automatic recovery (417.800041ms)
✔ file-journal: reopening a dispatched write never replays it and explicit recovery retains the unknown effect obligation (461.944583ms)
✔ file-journal: reopening after a stored result reports received without executing or adopting it again (664.973417ms)
✔ file-journal: state changes during receipt lookup are reread before the facade decides to execute (449.5805ms)
✔ file-journal: a reporting read error after successful execution is shared as an error and retry only observes the durable result (539.381125ms)
✔ execution mode CLI sqlite: fast reception survives process exit and repeated status is read-only (1130.519542ms)
✔ execution mode CLI sqlite: mode command is durable and idempotent while stale revisions do not change state (1495.031708ms)
✔ execution mode CLI sqlite: a pending mode change is visible after exit and preserves the reserved attempt (1409.130833ms)
✔ execution mode CLI sqlite: enum, both revisions and an explicit nonblank reason are required (1141.369667ms)
✔ execution mode CLI sqlite: irrelevant mode options are rejected before opening a profile (589.009459ms)
✔ execution mode CLI sqlite documents-simple: changing mode preserves the goal, original source and completed work (1849.299125ms)
✔ execution mode CLI sqlite observations-simple: changing mode preserves the goal, original source and completed work (1703.53375ms)
✔ execution mode CLI file-journal: fast reception survives process exit and repeated status is read-only (2460.044958ms)
✔ execution mode CLI file-journal: mode command is durable and idempotent while stale revisions do not change state (2311.916542ms)
✔ execution mode CLI file-journal: a pending mode change is visible after exit and preserves the reserved attempt (3173.171542ms)
✔ execution mode CLI file-journal: enum, both revisions and an explicit nonblank reason are required (1615.490042ms)
✔ execution mode CLI file-journal: irrelevant mode options are rejected before opening a profile (565.176583ms)
✔ execution mode CLI file-journal documents-simple: changing mode preserves the goal, original source and completed work (4339.004ms)
✔ execution mode CLI file-journal observations-simple: changing mode preserves the goal, original source and completed work (4263.30475ms)
✔ sqlite/documents-simple/auto: one necessary plan and observation complete with no extra investigation (440.661417ms)
✔ sqlite/documents-simple/fast: one necessary plan and observation complete with no extra investigation (457.016416ms)
✔ sqlite/documents-simple/deep: one necessary plan and observation complete with no extra investigation (421.967041ms)
✔ sqlite/observations-simple/auto: one necessary plan and observation complete with no extra investigation (466.180042ms)
✔ sqlite/observations-simple/fast: one necessary plan and observation complete with no extra investigation (423.699375ms)
✔ sqlite/observations-simple/deep: one necessary plan and observation complete with no extra investigation (612.193791ms)
✔ sqlite/documents-complex/auto: complex scope is either validated for investigation or rejected without false completion (652.957084ms)
✔ sqlite/documents-complex/fast: complex scope is either validated for investigation or rejected without false completion (243.645416ms)
✔ sqlite/documents-complex/deep: complex scope is either validated for investigation or rejected without false completion (641.560041ms)
✔ sqlite/observations-complex/auto: complex scope is either validated for investigation or rejected without false completion (541.874583ms)
✔ sqlite/observations-complex/fast: complex scope is either validated for investigation or rejected without false completion (257.164334ms)
✔ sqlite/observations-complex/deep: complex scope is either validated for investigation or rejected without false completion (615.273208ms)
✔ sqlite: mode commands enforce owner and both revisions, remain idempotent, and preserve goal and costs (142.76975ms)
✔ sqlite: lowering to fast after two paid reads cannot reset usage or oversubscribe the next reservation (243.897917ms)
✔ sqlite: explicit model cap and fast cap include reservations and do not reopen paid capacity (750.928792ms)
✔ sqlite: a running model keeps its pending mode request and late reply accounting until the next safe boundary (371.920417ms)
✔ sqlite: a pending mode survives reserved model restart without invalidating its stored input (380.89175ms)
✔ sqlite: cancel overrides a pending mode without discarding late measured model costs (259.706083ms)
✔ sqlite: deep to fast retains original goal, completed tasks, checkpoint and result reuse after reopen (363.93075ms)
✔ sqlite: fast keeps mandatory review of existing hypotheses and cannot replace it with premature completion (471.291333ms)
✔ sqlite: legacy model reservations keep their version-one basis when a pending mode first materializes control (346.599209ms)
✔ sqlite: a newer mode wins a pending-mode boundary CAS race (202.000125ms)
✔ sqlite: a newer cancel wins a pending-mode boundary CAS race (220.278833ms)
✔ sqlite: cancellation during model backoff publication returns current control without failing the workflow (263.811083ms)
✔ sqlite: auto mode change and reopen preserve a partial collection's original goal and explicit resume chain (1064.060125ms)
✔ file-journal/documents-simple/auto: one necessary plan and observation complete with no extra investigation (3210.624792ms)
✔ file-journal/documents-simple/fast: one necessary plan and observation complete with no extra investigation (3198.662125ms)
✔ file-journal/documents-simple/deep: one necessary plan and observation complete with no extra investigation (3386.582542ms)
✔ file-journal/observations-simple/auto: one necessary plan and observation complete with no extra investigation (3565.580458ms)
✔ file-journal/observations-simple/fast: one necessary plan and observation complete with no extra investigation (3673.503625ms)
✔ file-journal/observations-simple/deep: one necessary plan and observation complete with no extra investigation (3811.9605ms)
✔ file-journal/documents-complex/auto: complex scope is either validated for investigation or rejected without false completion (4988.485083ms)
✔ file-journal/documents-complex/fast: complex scope is either validated for investigation or rejected without false completion (803.6405ms)
✔ file-journal/documents-complex/deep: complex scope is either validated for investigation or rejected without false completion (3924.343334ms)
✔ file-journal/observations-complex/auto: complex scope is either validated for investigation or rejected without false completion (2912.277917ms)
✔ file-journal/observations-complex/fast: complex scope is either validated for investigation or rejected without false completion (870.794375ms)
✔ file-journal/observations-complex/deep: complex scope is either validated for investigation or rejected without false completion (3415.844666ms)
✔ file-journal: mode commands enforce owner and both revisions, remain idempotent, and preserve goal and costs (477.924583ms)
✔ file-journal: lowering to fast after two paid reads cannot reset usage or oversubscribe the next reservation (1206.092125ms)
✔ file-journal: explicit model cap and fast cap include reservations and do not reopen paid capacity (2778.175375ms)
✔ file-journal: a running model keeps its pending mode request and late reply accounting until the next safe boundary (2170.813875ms)
✔ file-journal: a pending mode survives reserved model restart without invalidating its stored input (2363.014666ms)
✔ file-journal: cancel overrides a pending mode without discarding late measured model costs (1191.710625ms)
✔ file-journal: deep to fast retains original goal, completed tasks, checkpoint and result reuse after reopen (1870.218042ms)
✔ file-journal: fast keeps mandatory review of existing hypotheses and cannot replace it with premature completion (2695.962542ms)
✔ file-journal: legacy model reservations keep their version-one basis when a pending mode first materializes control (1259.806792ms)
✔ file-journal: a newer mode wins a pending-mode boundary CAS race (1028.455958ms)
✔ file-journal: a newer cancel wins a pending-mode boundary CAS race (799.625625ms)
✔ file-journal: cancellation during model backoff publication returns current control without failing the workflow (957.399167ms)
✔ file-journal: auto mode change and reopen preserve a partial collection's original goal and explicit resume chain (4934.398834ms)
✔ local versioned defaults select direct auto/fast and investigate deep without allocating work (2.095417ms)
✔ new controls snapshot caller policy and never expose the default policy for mutation (0.061833ms)
✔ legacy goals supply initial mode while a saved control overrides it without mutating state (2.673375ms)
✔ effective fast limits are absolute work caps and retain token/time limits (0.21225ms)
✔ auto starts direct while retaining the user work limits before evidence or strategy expansion (0.31075ms)
✔ explicit work caps beat mode policy and mode changes cannot grant a fresh allowance (0.1585ms)
✔ investigate strategies retain explicit work limits and pending mode requests have no effect yet (0.116417ms)
✔ fast allows completed history plus one pending task and counts only current adopted successes (1.461667ms)
✔ fast rejects an oversized pending graph or hypotheses without mutating or silently escalating (0.26275ms)
✔ fast preserves and reviews existing hypotheses while rejecting new optional hypotheses (0.193833ms)
✔ policy-specific scope limits are used instead of hard coded local defaults (0.144875ms)
✔ auto expands only validated plan scope and preserves investigate strategy on smaller subsequent plans (0.171667ms)
✔ deep permits a simple or empty plan without manufacturing tasks or hypotheses (0.0865ms)
✔ automatic expansion requires available relevant new evidence and an unmet criterion (0.216541ms)
✔ irrelevant, inaccessible, retracted and another-scope facts cannot justify expansion (0.295042ms)
✔ current counterevidence justifies investigation even if it has already been assessed (0.075ms)
✔ current hypotheses allow review but sufficiently assessed completed goals do not expand (0.124541ms)
✔ permission failure, empty responses and exhausted budgets are not independent escalation evidence (0.08175ms)
✔ pending obligations, active calls, terminal states and explicit modes suppress automatic expansion (0.222583ms)
✔ delivery waiting does not manufacture completion or suppress investigation of unmet criteria (0.061417ms)
✔ a reserved, running or received model prevents expansion until its existing call is settled (0.167167ms)
✔ policy contracts reject unknown fields, unsafe counts and blank versions while allowing explicit zero caps (0.589125ms)
✔ control contracts enforce current mode strategy and preserve distinct pending requests (0.56875ms)
✔ documents-simple: validated plan executes to verified completion without additional planner calls (23.496542ms)
✔ observations-simple: validated plan executes to verified completion without additional planner calls (10.842166ms)
✔ invalid plans fail before budget or execution: stale, cyclic, missing deps, schema, effects, permission and IDs (5.092375ms)
✔ plan commands deduplicate after later state changes; task IDs cannot hide changed inputs (5.208042ms)
✔ discarded unexecuted task ID still cannot acquire a different contract (4.085375ms)
✔ scripted planner proposal enters the real validator and executor only when control requests a plan (5.07575ms)
✔ dependencies execute in order; partial observations require another source, not false completion (7.945708ms)
✔ empty queue is replan; wake conditions, tool budget, deadline and cancellation produce distinct controls (5.212833ms)
✔ only authorized current-goal commands mutate state; duplicate cancellation is stable (3.863792ms)
✔ competing executors cannot both reserve or replay dispatch (5.183875ms)
✔ late tool result after cancel is recorded without adopting or reversing the command (6.345084ms)
✔ late tool result after goal is recorded without adopting or reversing the command (4.736042ms)
✔ expired dispatched read has bounded retry or explicit unknown effect (4.003917ms)
✔ expired dispatched write has bounded retry or explicit unknown effect (4.272084ms)
✔ invalid result identity, labels, references and output cannot become accepted evidence (27.477ms)
✔ stored received result resumes in reopened SQLite and artifact stores without invoking tool again (202.368083ms)
✔ tool JSON schema validation compiles once, rejects unsupported schema and preserves inputs (2.593667ms)
✔ successful dependency chain follows DAG order even when task array is reversed (6.448958ms)
✔ pause before dispatch releases reservation; resume and repeated old pause do not cancel new execution (5.381125ms)
✔ tool failures retry only within attempt budget and repeated empty replans exhaust their own budget (6.659542ms)
✔ unconfirmed write is unknown and cannot satisfy the goal or be retried by a renamed task (4.30975ms)
✔ lease timeout yields even for a tool that ignores cancellation; late result cannot finish the goal (25.684375ms)
✔ permission revocation after reservation is rechecked before dispatch and durably blocks execution (4.132667ms)
✔ memory: waiting execution wakes only for expired lease or received result (13.273625ms)
✔ sqlite: waiting execution wakes only for expired lease or received result (105.132291ms)
✔ baseline documents-complex (2.655375ms)
✔ baseline documents-simple (0.256166ms)
✔ baseline observations-complex (0.52775ms)
✔ baseline observations-simple (0.410541ms)
✔ both domains use the same schema and include simple/complex baselines (0.360625ms)
✔ fixture oracle rejects missing references and duplicated evidence IDs (0.677083ms)
✔ repetition and permutation cannot create independent sources (0.137208ms)
✔ completed facts do not discharge an unrelated pending obligation (0.062042ms)
✔ sqlite: valid original guidance remains readable through two historical copies and records actual file probe bytes (413.029083ms)
✔ sqlite: body-edited without refresh invalidates original guidance history and two stored copies (462.29825ms)
✔ sqlite: body-deleted without refresh invalidates original guidance history and two stored copies (444.373583ms)
✔ sqlite: catalog-rules-changed without refresh invalidates original guidance history and two stored copies (579.537458ms)
✔ file-journal: valid original guidance remains readable through two historical copies and records actual file probe bytes (3087.014959ms)
✔ file-journal: body-edited without refresh invalidates original guidance history and two stored copies (2699.993542ms)
✔ file-journal: body-deleted without refresh invalidates original guidance history and two stored copies (2874.831792ms)
✔ file-journal: catalog-rules-changed without refresh invalidates original guidance history and two stored copies (2508.557584ms)
✔ guidance refresh stages every provider page and only then replaces the complete snapshot (11.818875ms)
✔ guidance failure listing leaves the previous snapshot usable (0.745583ms)
✔ guidance mixed listing leaves the previous snapshot usable (0.481125ms)
✔ guidance duplicate listing leaves the previous snapshot usable (0.43825ms)
✔ guidance cycle listing leaves the previous snapshot usable (0.535416ms)
✔ guidance page-bound listing leaves the previous snapshot usable (0.539708ms)
✔ guidance entry-bound listing leaves the previous snapshot usable (0.533458ms)
✔ guidance byte-bound listing leaves the previous snapshot usable (0.318667ms)
✔ guidance abort and late completion cannot replace a published listing (0.52675ms)
✔ guidance concurrent refresh rejects an earlier listing and a complete empty snapshot retires entries (0.664959ms)
✔ legacy list/load remains compatible and missing source validation disables body reuse (1.561667ms)
✔ guidance pages reach beyond 20 and preserve item and whole UTF-8 page bounds (7.102209ms)
✔ guidance cursor binds kind, owner, permission and snapshot and hides unauthorized counts (1.319791ms)
✔ hot guidance reuses only body/artifact while rules, selection reason and method are current (1.224708ms)
✔ guidance body cache cannot bypass current tenant, label or work-kind restrictions (1.076375ms)
✔ guidance cache obeys entry/byte bounds, evicts unused bodies and isolates artifact stores (1.564791ms)
✔ a body larger than the cache byte budget is read and decoded on every load (0.706375ms)
✔ a pending hot load cannot exceed cache bounds when another body evicts its old entry (0.450417ms)
✔ a cold legacy-source load rechecks its manifest after artifact persistence (0.335916ms)
✔ source changes during an artifact check are caught by the final probe (0.356125ms)
✔ manifest refresh during final validation rejects a hot result from the previous rules (0.337542ms)
✔ load cancellation cannot publish a cache entry after an ignored-signal provider returns (0.296625ms)
✔ file guidance reports actual cold/hot original I/O separately from put/decode reuse (26.318584ms)
ℹ {"coldOriginalReads":2,"hotOriginalReads":1,"coldOriginalBytes":48,"hotOriginalBytes":24,"source":{"catalogReads":7,"catalogBytes":2702,"bodyReads":3,"bodyBytes":72,"readCalls":1,"validateCalls":2},"catalog":{"sourceReadCalls":1,"sourceReadBytes":24,"sourceValidateCalls":2,"artifactPutCalls":1,"artifactCheckCalls":1,"bodyDecodes":1,"cacheHits":1,"cacheMisses":1,"cachedBodies":1,"cachedBytes":24},"artifactPuts":1,"artifactChecks":1}
✔ file guidance cache never bypasses a deleted original source (27.823ms)
✔ file guidance cache never bypasses a modified original source (41.01225ms)
✔ file guidance cache never bypasses a manifest original source (33.923292ms)
✔ file guidance refresh observes a new catalog, preserves same-body cache and rejects invalid replacements (58.194458ms)
✔ guidance resources documents-simple: cold and hot runtime loads retain provenance and report original I/O separately (37.651167ms)
ℹ {"family":"documents-simple","coldOriginalBytes":58,"hotOriginalBytes":29,"coldMetrics":{"sourceReadCalls":1,"sourceReadBytes":29,"sourceValidateCalls":1,"artifactPutCalls":1,"artifactCheckCalls":0,"bodyDecodes":1,"cacheHits":0,"cacheMisses":1,"cachedBodies":1,"cachedBytes":29},"hotMetrics":{"sourceReadCalls":1,"sourceReadBytes":29,"sourceValidateCalls":2,"artifactPutCalls":1,"artifactCheckCalls":1,"bodyDecodes":1,"cacheHits":1,"cacheMisses":1,"cachedBodies":1,"cachedBytes":29}}
✔ guidance resources documents-simple: policy revocation during a hot validation suppresses the cached body (10.312125ms)
✔ guidance resources documents-simple: a goal change while the source read waits cannot return the previous selection (8.157917ms)
✔ guidance resources documents-simple: a refreshed version cannot be replaced by an in-flight older load (6.179041ms)
✔ guidance resources documents-simple: cancellation reaches a pending source and returns no late body (6.302959ms)
✔ guidance resources observations-simple: cold and hot runtime loads retain provenance and report original I/O separately (10.040958ms)
ℹ {"family":"observations-simple","coldOriginalBytes":58,"hotOriginalBytes":29,"coldMetrics":{"sourceReadCalls":1,"sourceReadBytes":29,"sourceValidateCalls":1,"artifactPutCalls":1,"artifactCheckCalls":0,"bodyDecodes":1,"cacheHits":0,"cacheMisses":1,"cachedBodies":1,"cachedBytes":29},"hotMetrics":{"sourceReadCalls":1,"sourceReadBytes":29,"sourceValidateCalls":2,"artifactPutCalls":1,"artifactCheckCalls":1,"bodyDecodes":1,"cacheHits":1,"cacheMisses":1,"cachedBodies":1,"cachedBytes":29}}
✔ guidance resources observations-simple: policy revocation during a hot validation suppresses the cached body (6.184041ms)
✔ guidance resources observations-simple: a goal change while the source read waits cannot return the previous selection (5.217041ms)
✔ guidance resources observations-simple: a refreshed version cannot be replaced by an in-flight older load (5.809834ms)
✔ guidance resources observations-simple: cancellation reaches a pending source and returns no late body (5.454ms)
✔ guidance resources: paginated cards respect the complete output byte budget and never read guidance bodies (10.481584ms)
✔ guidance resources: cursors cannot cross kind, caller labels, owner or a refreshed listing (5.466334ms)
✔ guidance resources: legacy discovery keeps its original shape and current method in both work families (9.777375ms)
✔ guidance resources: optional paging fields are strict and pre-aborted discovery performs no original reads (4.364041ms)
✔ legacy current validation reads original bytes and a fresh listing and accounts for each cost (4.729875ms)
✔ legacy cold load compares a fresh manifest without duplicating the original read (2.259583ms)
✔ a cancelled current probe makes no original read and a failed fresh listing is not accepted (0.446208ms)
✔ sqlite: context compilation refuses delete in an original guidance source (295.059709ms)
✔ sqlite: context compilation refuses modify in an original guidance source (322.97525ms)
✔ sqlite: context compilation refuses rules in an original guidance source (398.456791ms)
✔ sqlite: restarted stored model input cannot send a deleted original guide (547.772583ms)
✔ sqlite: restarted stored model input cannot send a modifyd original guide (431.771625ms)
✔ sqlite: policy during original-source validation stops transport and settles zero usage (451.59325ms)
✔ sqlite: goal during original-source validation stops transport and settles zero usage (518.037833ms)
✔ sqlite: cancel during original-source validation stops transport and settles zero usage (398.386792ms)
✔ sqlite: manifest refresh after the source probe is caught after final state lookup (477.936208ms)
✔ sqlite: an ignored-signal original probe is stopped by the remaining model lease (610.195958ms)
✔ sqlite: stored guidance loss during source probe blocks transport and prevents settlement until repair (476.130292ms)
✔ sqlite: unchanged original guidance sends the exact stored request once after restart (451.586166ms)
✔ file-journal: context compilation refuses delete in an original guidance source (953.799209ms)
✔ file-journal: context compilation refuses modify in an original guidance source (1173.247ms)
✔ file-journal: context compilation refuses rules in an original guidance source (1175.936791ms)
✔ file-journal: restarted stored model input cannot send a deleted original guide (1797.972084ms)
✔ file-journal: restarted stored model input cannot send a modifyd original guide (1617.77075ms)
✔ file-journal: policy during original-source validation stops transport and settles zero usage (1253.053333ms)
✔ file-journal: goal during original-source validation stops transport and settles zero usage (1931.443042ms)
✔ file-journal: cancel during original-source validation stops transport and settles zero usage (1874.684959ms)
✔ file-journal: manifest refresh after the source probe is caught after final state lookup (1640.85325ms)
✔ file-journal: an ignored-signal original probe is stopped by the remaining model lease (2002.013375ms)
✔ file-journal: stored guidance loss during source probe blocks transport and prevents settlement until repair (1867.743959ms)
✔ file-journal: unchanged original guidance sends the exact stored request once after restart (1932.95425ms)
✔ invocation copies: two real canonical copies expose the still-authorized original without executing it again (39.344458ms)
✔ invocation copies: retaining only calls.get permission does not restore a revoked source tool (16.242459ms)
✔ invocation copies: current guidance version replacement blocks the copied earlier guide (21.102667ms)
✔ invocation copies: same-version manifest replacement and new guidance labels also block nested bodies (13.576084ms)
✔ invocation copies: catalog target permission is rechecked through both copies (12.90775ms)
✔ invocation copies: catalog target version is rechecked through both copies (16.785167ms)
✔ invocation copies: catalog target definition is rechecked through both copies (16.909916ms)
✔ invocation copies: a missing canonical source receipt is rejected (9.675667ms)
✔ invocation copies: a foreign-owner canonical source receipt is rejected (10.070125ms)
✔ invocation copies: a foreign-tenant canonical source receipt is rejected (11.557458ms)
✔ invocation copies: a foreign-work canonical source receipt is rejected (10.271417ms)
✔ invocation copies: a input-digest canonical source receipt is rejected (9.375792ms)
✔ invocation copies: missing source artifacts invalidate copied bodies even when copy artifacts remain readable (10.644416ms)
✔ invocation copies: a modified copied body must still equal its canonical source result (9.524958ms)
✔ invocation copies: source knowledge is validated and propagated even if an older copy omitted its dependency metadata (11.77525ms)
✔ invocation copies: permission changes during a source receipt read prevent returning the already-read copy (10.16725ms)
✔ invocation copies: a canonical input cycle is rejected before following the same receipt twice (11.082167ms)
✔ invocation copies: the 64-node source boundary accepts 63 copies and rejects one further copy (617.345417ms)
✔ sqlite: two invocation copies recheck remove registry change after source artifact read (432.532541ms)
✔ sqlite: two invocation copies recheck labels registry change after source artifact read (416.64025ms)
✔ sqlite: two invocation copies recheck description registry change after source artifact read (377.943625ms)
✔ sqlite: two invocation copies recheck unrelated registry change after source artifact read (412.850834ms)
✔ sqlite: an executed third calls.get stores no private body when source is removed during its read (509.002458ms)
✔ sqlite: catalog target pin is rechecked after final asynchronous state validation (426.227334ms)
✔ sqlite: a same-version guidance manifest change cannot survive copied body verification (456.545625ms)
✔ file-journal: two invocation copies recheck remove registry change after source artifact read (2631.044959ms)
✔ file-journal: two invocation copies recheck labels registry change after source artifact read (2082.008416ms)
✔ file-journal: two invocation copies recheck description registry change after source artifact read (2878.920959ms)
✔ file-journal: two invocation copies recheck unrelated registry change after source artifact read (2532.690834ms)
✔ file-journal: an executed third calls.get stores no private body when source is removed during its read (3401.476791ms)
✔ file-journal: catalog target pin is rechecked after final asynchronous state validation (2747.744792ms)
✔ file-journal: a same-version guidance manifest change cannot survive copied body verification (2987.615709ms)
✔ file journal: exception at candidate_synced preserves the publication boundary and retry identity (224.028709ms)
✔ file journal: actual SIGKILL at candidate_synced reopens a whole commit or no commit (305.612416ms)
✔ file journal: exception at published preserves the publication boundary and retry identity (220.086333ms)
✔ file journal: actual SIGKILL at published reopens a whole commit or no commit (278.794458ms)
✔ file journal: exception at directory_synced preserves the publication boundary and retry identity (231.151042ms)
✔ file journal: actual SIGKILL at directory_synced reopens a whole commit or no commit (299.850875ms)
✔ file journal: a reader and duplicate retry observe a whole published record while its writer is pending (226.037875ms)
✔ file journal: directory sync failure prevents reads and duplicate acknowledgements without rolling back publication (146.7695ms)
✔ file journal: listing retries the first record when publication follows its initial ENOENT (163.855ms)
✔ file journal: checksum corruption blocks reads and subsequent commits without overwriting the damaged record (74.122333ms)
✔ file journal: an intact record checksum does not hide a broken previous-hash link (114.165792ms)
✔ file journal: deleting a middle revision rejects the incomplete prefix (181.978375ms)
✔ file journal: changing store identity is rejected by an open instance and by replay after reopening (113.878458ms)
✔ file journal: a missing format header does not initialize a populated store as empty (92.789083ms)
✔ file journal: existing root, work and record symlinks are rejected without following their contents (248.816917ms)
✔ file journal: group or other permissions on the root and records are rejected (160.085584ms)
✔ file journal: an observed root or work directory replacement cannot reset the open repository (199.834208ms)
✔ file journal: record size limits reject both publication and oversized persisted input (122.059125ms)
✔ file journal: closed instances reject every repository operation while reopening retains data (146.9365ms)
✔ file journal: revision zero is invalid layout and cannot be silently ignored (109.168417ms)
✔ sqlite: same-work recall survives dispatch, receipt and unrelated revision bookkeeping (407.16425ms)
✔ sqlite: cross-work memory copy keeps custody across a goal change and blocks a prepared result after source deletion (751.201791ms)
✔ sqlite: source deletion after a cross-goal copied memory cancels a reserved effect before invocation (497.749916ms)
✔ sqlite: stored model input contains recalled bodies while hiding internal custody metadata (709.131625ms)
✔ sqlite: reopening without a knowledge validator blocks retained originals and reserved effects (494.667875ms)
✔ sqlite: deleting another work's source while adopt commit waits quarantines the copied evidence before return (463.973ms)
✔ file-journal: same-work recall survives dispatch, receipt and unrelated revision bookkeeping (2969.102542ms)
✔ file-journal: cross-work memory copy keeps custody across a goal change and blocks a prepared result after source deletion (12299.497666ms)
✔ file-journal: source deletion after a cross-goal copied memory cancels a reserved effect before invocation (7806.205459ms)
✔ file-journal: stored model input contains recalled bodies while hiding internal custody metadata (9383.633667ms)
✔ file-journal: reopening without a knowledge validator blocks retained originals and reserved effects (5425.44125ms)
✔ file-journal: deleting another work's source while adopt commit waits quarantines the copied evidence before return (4658.899ms)
✔ memory tools expose read cards, internal dependencies and schema-valid results (sqlite) (207.061625ms)
✔ memory tool authority intersects destination, caller and fresh trusted identity (sqlite) (172.468875ms)
✔ memory reads constrain IDs and searches to the current goal scope (sqlite) (190.891291ms)
✔ memory tools expose read cards, internal dependencies and schema-valid results (file-journal) (1169.80575ms)
✔ memory tool authority intersects destination, caller and fresh trusted identity (file-journal) (462.081ms)
✔ memory reads constrain IDs and searches to the current goal scope (file-journal) (841.034208ms)
✔ memory tools report bounded references without bodies, including multibyte oversized references (146.849583ms)
✔ memory search distinguishes result truncation and index errors from complete absence (131.984416ms)
✔ memory tools discard a copied card when trusted-owner changes during a repository wait (150.510333ms)
✔ memory tools discard a copied card when work-owner changes during a repository wait (151.311416ms)
✔ memory tools discard a copied card when caller-labels changes during a repository wait (134.113791ms)
✔ memory tools discard a copied card when work-labels changes during a repository wait (180.661916ms)
✔ memory tools discard a copied card when goal changes during a repository wait (153.956625ms)
✔ memory tools discard a copied card when generation changes during a repository wait (163.9535ms)
✔ memory tools discard a copied card when cancel changes during a repository wait (190.767875ms)
✔ each fresh trusted actor lookup must match the work owner, including the final return check (176.43525ms)
✔ dependency validation uses current source, record and caller permissions without a stale service cache (215.686417ms)
✔ memory adapters do not mutate the caller policy and normalize invalid input and pre-abort (209.927292ms)
✔ knowledge exact lookup precedes index, Korean/English and conditional search use current sources (sqlite) (154.826417ms)
✔ knowledge exact lookup precedes index, Korean/English and conditional search use current sources (file-journal) (355.430625ms)
✔ private memory needs explicit submission and another reviewer of the exact content revision (132.064458ms)
✔ source retracted prevents direct, cached lexical and dependency reuse (149.171125ms)
✔ source restricted prevents direct, cached lexical and dependency reuse (150.971416ms)
✔ source deleted prevents direct, cached lexical and dependency reuse (170.670375ms)
✔ source corrected prevents direct, cached lexical and dependency reuse (154.158209ms)
✔ source policy prevents direct, cached lexical and dependency reuse (163.720417ms)
✔ source generation prevents direct, cached lexical and dependency reuse (237.135042ms)
✔ ancestor changes and derived memories retain source identity without inflating independent provenance (165.811292ms)
✔ review CAS prevents a reviewed draft from being silently replaced or shared after editing (117.360375ms)
✔ source or actor changes while source reads wait cannot return stale memory content (149.435042ms)
✔ a delayed candidate cache fill rechecks namespace authority before returning cards or counts (142.012875ms)
✔ index errors remain distinct from absence and rebuild never resurrects deleted or expired content (153.0655ms)
✔ SQLite reopen retains memory, review, cursor and receipts; competing writers use revision CAS (182.937083ms)
✔ source and knowledge stores close and reopen with reviewed memory and index intact (191.5875ms)
✔ bounded results report truncation only after current visibility filtering (170.973375ms)
✔ deletion while a repeated source check waits is noticed before returning the memory card (183.18125ms)
✔ source deletion after the second source snapshot cannot return its old card (192.685834ms)
✔ batch dependency fences notice an earlier card source changing while a later card is checked (220.344417ms)
✔ retracted memory can subsequently be deleted while preserving the revision and idempotency rules (215.299917ms)
✔ a pruned limited search stays partial when an unread matching candidate remains (150.331417ms)
✔ unrelated work revisions preserve semantic dependencies while changed source content does not (194.877042ms)
✔ dependency contracts reject forged fields, unsafe revisions, malformed hashes and duplicate references (155.842625ms)
✔ continuously changing coherent-read revisions stop after a bounded number of fences (238.923917ms)
✔ local evaluation: 192 pinned cases retain two families, two stores, three modes and sixteen variants without duplicate IDs (16.0495ms)
✔ local evaluation sqlite/document_comparison: simple actual workflow and read-only replay preserve one model, one tool and one delivered answer (784.119125ms)
✔ local evaluation sqlite/observation_review: simple actual workflow and read-only replay preserve one model, one tool and one delivered answer (635.769ms)
✔ local evaluation sqlite: complex original amendments change the hypothesis and require later model assessments (1441.079375ms)
✔ local evaluation sqlite: fast limits reject a complex plan without claiming goal completion or invoking its tool (978.202583ms)
✔ local evaluation sqlite: stored_model_resume actually crosses reopen with a received response and does not invoke it again (867.7265ms)
✔ local evaluation sqlite: stored_tool_resume actually crosses reopen with a received response and does not invoke it again (800.131167ms)
✔ local evaluation sqlite: forced compact is persisted before reopen and subsequent model calls assess later originals (1321.52825ms)
✔ local evaluation sqlite: next-day reply preserves a real wait interval with no model or tool entries (965.991166ms)
✔ local evaluation sqlite: status-only keeps its recorded state unchanged with no execution or transport (202.377625ms)
✔ local evaluation sqlite: source_missing reaches the intended failure boundary and stays incomplete (986.687542ms)
✔ local evaluation sqlite: partial_result reaches the intended failure boundary and stays incomplete (1839.979833ms)
✔ local evaluation sqlite: tool_errors reaches the intended failure boundary and stays incomplete (1048.624417ms)
✔ local evaluation sqlite: model_errors reaches the intended failure boundary and stays incomplete (1258.158875ms)
✔ local evaluation sqlite: permission_revoked reaches the intended failure boundary and stays incomplete (939.961292ms)
✔ local evaluation sqlite: cancellation occurs after model entry and preserves its reported usage without a tool or answer (743.798625ms)
✔ local evaluation sqlite: requested mode change is first pending during the entered call and later applied (816.034917ms)
✔ local evaluation sqlite: unknown result delivery produces lookup rather than a duplicate send or false completion (801.691375ms)
✔ local evaluation sqlite/document_comparison: late counterevidence is actually observed before final judgment (1665.157875ms)
✔ local evaluation sqlite/observation_review: late counterevidence is actually observed before final judgment (1837.025625ms)
✔ local evaluation file-journal/document_comparison: simple actual workflow and read-only replay preserve one model, one tool and one delivered answer (4519.8645ms)
✔ local evaluation file-journal/observation_review: simple actual workflow and read-only replay preserve one model, one tool and one delivered answer (5027.966959ms)
✔ local evaluation file-journal: complex original amendments change the hypothesis and require later model assessments (13176.253625ms)
✔ local evaluation file-journal: fast limits reject a complex plan without claiming goal completion or invoking its tool (7406.523792ms)
✔ local evaluation file-journal: stored_model_resume actually crosses reopen with a received response and does not invoke it again (4731.132958ms)
✔ local evaluation file-journal: stored_tool_resume actually crosses reopen with a received response and does not invoke it again (5092.834916ms)
✔ local evaluation file-journal: forced compact is persisted before reopen and subsequent model calls assess later originals (10550.138ms)
✔ local evaluation file-journal: next-day reply preserves a real wait interval with no model or tool entries (3228.795125ms)
✔ local evaluation file-journal: status-only keeps its recorded state unchanged with no execution or transport (163.549042ms)
✔ local evaluation file-journal: source_missing reaches the intended failure boundary and stays incomplete (1714.547084ms)
✔ local evaluation file-journal: partial_result reaches the intended failure boundary and stays incomplete (3221.361542ms)
✔ local evaluation file-journal: tool_errors reaches the intended failure boundary and stays incomplete (1698.378167ms)
✔ local evaluation file-journal: model_errors reaches the intended failure boundary and stays incomplete (1633.914083ms)
✔ local evaluation file-journal: permission_revoked reaches the intended failure boundary and stays incomplete (569.12875ms)
✔ local evaluation file-journal: cancellation occurs after model entry and preserves its reported usage without a tool or answer (350.61725ms)
✔ local evaluation file-journal: requested mode change is first pending during the entered call and later applied (686.436333ms)
✔ local evaluation file-journal: unknown result delivery produces lookup rather than a duplicate send or false completion (770.095458ms)
✔ local evaluation file-journal/document_comparison: late counterevidence is actually observed before final judgment (2799.841625ms)
✔ local evaluation file-journal/observation_review: late counterevidence is actually observed before final judgment (3817.399583ms)
✔ sqlite: local memory tools and workspace checkpoints remain usable after profile reopen (814.86925ms)
✔ sqlite: workspace initialization failure closes state, channel and knowledge stores (221.689875ms)
✔ file-journal: local memory tools and workspace checkpoints remain usable after profile reopen (5931.994083ms)
✔ file-journal: workspace initialization failure closes state, channel and knowledge stores (151.70075ms)
✔ composition without optional memory or workspace keeps the prior tool configuration usable (263.570958ms)
✔ profile close still closes databases after a workspace close failure (257.9385ms)
✔ sqlite: accepted work, request replay, and queries stay separate from fixture execution (571.600167ms)
✔ sqlite: document question is atomic, actionable, and does not interpret reply text (796.71825ms)
✔ sqlite: current ownership, route, and disclosure gates apply to reads and mutations (276.640958ms)
✔ sqlite: web attachment observes an existing CLI primary without re-sending or changing it (617.835709ms)
✔ sqlite: goal and mode commands preserve optimistic revisions and durable idempotency (537.1485ms)
✔ sqlite: pause does not wait behind an active run and a replay cannot start another run (547.960875ms)
✔ sqlite: cancel does not wait behind an active run and a replay cannot start another run (279.033417ms)
✔ sqlite: an unfinished durable run is not repeated by the same request after restart (656.771417ms)
✔ sqlite: a goal changed while the old run intent is acknowledged never receives that run's plan (636.279167ms)
✔ sqlite: workflow entry rejects a stale pinned goal before recovery or execution (313.614625ms)
✔ sqlite: paged lists recheck every returned card and omit a card revoked while another is read (1194.858333ms)
✔ sqlite: at most four distinct works execute concurrently and draining admits no new mutations (1616.68625ms)
✔ file-journal: accepted work, request replay, and queries stay separate from fixture execution (4425.236709ms)
✔ file-journal: document question is atomic, actionable, and does not interpret reply text (4972.99275ms)
✔ file-journal: current ownership, route, and disclosure gates apply to reads and mutations (590.650042ms)
✔ file-journal: web attachment observes an existing CLI primary without re-sending or changing it (2688.065292ms)
✔ file-journal: goal and mode commands preserve optimistic revisions and durable idempotency (3635.872375ms)
✔ file-journal: pause does not wait behind an active run and a replay cannot start another run (3988.152083ms)
✔ file-journal: cancel does not wait behind an active run and a replay cannot start another run (1683.102208ms)
✔ file-journal: an unfinished durable run is not repeated by the same request after restart (3542.846083ms)
✔ file-journal: a goal changed while the old run intent is acknowledged never receives that run's plan (2663.494583ms)
✔ file-journal: workflow entry rejects a stale pinned goal before recovery or execution (827.718166ms)
✔ file-journal: paged lists recheck every returned card and omit a card revoked while another is read (14610.484459ms)
✔ file-journal: at most four distinct works execute concurrently and draining admits no new mutations (9203.132958ms)
✔ cancel during input artifact read prevents transport invocation and releases the known unused token reservation (23.766208ms)
✔ goal during input artifact read prevents transport invocation and releases the known unused token reservation (11.091208ms)
✔ destination during input artifact read prevents transport invocation and releases the known unused token reservation (7.68575ms)
✔ labels during input artifact read prevents transport invocation and releases the known unused token reservation (5.962334ms)
✔ cancelling an active model sends its signal, yields promptly and settles late usage once without adopting the old plan (7.389791ms)
✔ input byte limit rejects before a durable reservation or transport call (3.749792ms)
✔ token budget rejects before a durable reservation or transport call (4.211ms)
✔ model call budget rejects before a durable reservation or transport call (2.800917ms)
✔ model context capacity and destination policy reject input without invoking the planner (6.565167ms)
✔ concurrent reservations have one winner and duplicate execution performs one dispatch and one transport call (7.205834ms)
✔ a replacement owner waits for a reserved lease, then releases it and creates a fresh intent without repeating a transport call (9.070291ms)
✔ a recovered running lease retains uncertain cost and accepts only late accounting, never its expired plan (4.8485ms)
✔ a reply without usage keeps its reservation and prevents a further model call after rejection (5.094375ms)
✔ verified facts remain visible while hypothesis review prevents response readiness and preparation (25.456375ms)
✔ reserved, running and stored model replies cannot produce a result; accepted review resumes preparation (29.496708ms)
✔ pending model work suppresses question preparation while preserving existing obligation blockers (12.105041ms)
✔ an already prepared result is withheld during review and can be prepared again after accepted model assessment (15.574625ms)
✔ documents-simple: one model plan executes to completion with usage and no extra hypothesis call (36.281ms)
✔ observations-simple: one model plan executes to completion with usage and no extra hypothesis call (11.51425ms)
✔ late counterevidence revises the hypothesis and only the changed graph consumes a replan (45.748458ms)
✔ strict structured transport adapter feeds the same validator and execution loop without a provider SDK (9.814834ms)
✔ invalid or truncated responses cannot replace an executable plan or fabricate zero usage (6.6645ms)
✔ rejected model plans still charge exactly one call and preserve their raw response for an authorized read (6.389709ms)
✔ bookkeeping changes do not stale a response but goal and evidence changes do (11.023417ms)
✔ received model result resumes after SQLite and artifact reopen with no additional model call (437.317292ms)
✔ a new scope archives the old hypothesis in prior events and permits a fresh plan (10.768334ms)
✔ unsupported hypotheses and erased counterevidence are rejected without changing the current assessment (7.732125ms)
✔ validator feedback reaches the next model proposal and invalid plans never dispatch their tools (11.714708ms)
✔ permission revocation during reply storage preserves usage but never downgrades the model body (6.278792ms)
✔ sqlite/documents-simple: same model/tool/evidence/conversation workflow resumes on persistent state without a new model call for the stored reply (826.257458ms)
✔ sqlite/documents-complex: same model/tool/evidence/conversation workflow resumes on persistent state without a new model call for the stored reply (1603.507083ms)
✔ sqlite/observations-simple: same model/tool/evidence/conversation workflow resumes on persistent state without a new model call for the stored reply (1113.829958ms)
✔ sqlite/observations-complex: same model/tool/evidence/conversation workflow resumes on persistent state without a new model call for the stored reply (1530.751167ms)
✔ file-journal/documents-simple: same model/tool/evidence/conversation workflow resumes on persistent state without a new model call for the stored reply (5526.944333ms)
✔ file-journal/documents-complex: same model/tool/evidence/conversation workflow resumes on persistent state without a new model call for the stored reply (10104.572292ms)
✔ file-journal/observations-simple: same model/tool/evidence/conversation workflow resumes on persistent state without a new model call for the stored reply (4055.227042ms)
✔ file-journal/observations-complex: same model/tool/evidence/conversation workflow resumes on persistent state without a new model call for the stored reply (7645.351583ms)
✔ checkpoint record: empty paged root round-trips metadata once without raw reads (5.639416ms)
✔ checkpoint record: empty batch root round-trips metadata once without raw reads (0.890917ms)
✔ checkpoint record: multiple normal pages store references rather than repeating large bodies (11.993584ms)
✔ checkpoint record: partial batch resumes only unfinished items and preserves original successes (7.385667ms)
✔ checkpoint record: rejected source calls survive explicit resume and consume the operation call limit (1.981459ms)
✔ checkpoint record: a crashed intent becomes one unknown call and is never silently replayed (2.462166ms)
✔ checkpoint record: complete orphan resume performs no new page read or call (0.7875ms)
✔ checkpoint record: explicit stop changes only stop metadata and appends its exact base reference (0.941208ms)
✔ checkpoint record: unchanged fields and inherited dependencies cannot be dropped from an intent (2.332ms)
✔ checkpoint record: start rejects retained history, source artifacts, and non-root identity (0.490542ms)
✔ checkpoint record: intent, settlement, and resume reject invalid request identity or time transitions (1.476917ms)
✔ checkpoint record: wrong logical digest, wrong base, extra keys, and failed source reads are rejected (1.359792ms)
✔ checkpoint record: accepted encode defers new raw body, source-ref, and dependency authentication to decode (3.119375ms)
✔ checkpoint record: conflicting artifact metadata and dropped inherited references are never encoded (0.8495ms)
✔ checkpoint record: logical checkpoint and referenced response byte limits are enforced before source I/O (0.897167ms)
✔ checkpoint record: record schema rejects more than 16 MiB of otherwise bounded root metadata (56.896542ms)
✔ checkpoint store: real v2 start/intent/settle records load the logical v1 result and preserve original bytes (198.374083ms)
✔ checkpoint store: a legacy snapshot can anchor a v2 orphan resume without reissuing any raw page request (296.916125ms)
✔ checkpoint store: missing base is detected through the actual file adapter (208.884834ms)
✔ checkpoint store: tampered base is detected through the actual file adapter (209.702625ms)
✔ checkpoint store: missing raw is detected through the actual file adapter (259.775167ms)
✔ checkpoint store: tampered raw is detected through the actual file adapter (261.785ms)
✔ checkpoint store: a base reference with tenant cannot use an otherwise readable head (351.262333ms)
✔ checkpoint store: a base reference with labels cannot use an otherwise readable head (343.740542ms)
✔ checkpoint store: a base reference with missing-index cannot use an otherwise readable head (206.865208ms)
✔ checkpoint store: a valid artifact hash cannot authenticate a forged logical digest (287.985583ms)
✔ checkpoint store: returned byte/page/checkpoint mutations cannot poison a reader cache (234.807542ms)
✔ checkpoint store: shared materialization rechecks every original and a new file instance decodes cold (231.02825ms)
✔ checkpoint store: shared materialization cannot hide a revoked or unindexed original (193.022209ms)
✔ checkpoint store: shared materialization evicts at 64-heads (3581.982125ms)
✔ checkpoint store: shared materialization evicts at 16-MiB-logical-bytes (449.849375ms)
✔ checkpoint store: eviction during a shared materialization await preserves the logical byte budget (516.926209ms)
✔ checkpoint store: an in-flight head mutation cannot seed a different artifact materialization (168.983125ms)
✔ checkpoint store: caller ref mutation cannot redirect cached-reference revalidation (222.194583ms)
✔ checkpoint store: policy snapshots and exact index entries cannot be widened or aliased by callers (280.870625ms)
✔ checkpoint store: cached originals require real exists checks and new readers cannot inherit a deleted source (203.782ms)
✔ checkpoint store: raw source cache stays within 16 MiB and evicted sources are fetched again (457.375625ms)
✔ checkpoint store: cycles and oversized records are rejected before decoding any logical history (0.719709ms)
✔ checkpoint store: a record chain stops at 10000 records before requesting the next dependency (185.258708ms)
✔ checkpoint store: a record chain stops at 64 MiB without caching the entire traversal (45.632709ms)
✔ checkpoint store: a materialized base retains its chain byte cost for the next event (66.442667ms)
✔ checkpoint store sqlite: a legacy committed root resumes through v2 records into an authenticated public result (514.713875ms)
✔ checkpoint store file-journal: a legacy committed root resumes through v2 records into an authenticated public result (2755.579417ms)
✔ read checkpoint sqlite: a complete checkpoint survives outer-result loss and resumes without another fetch (756.247417ms)
✔ read checkpoint sqlite: projection preserves original evidence and charges only the successor's raw response (1285.4725ms)
✔ read checkpoint sqlite: missing proof and altered payload are denied while ordinary failures remain valid (1068.86375ms)
✔ read checkpoint sqlite: an indexed forged merged page cannot replace its accepted raw response (1032.859917ms)
✔ read checkpoint sqlite: an unchanged original body cannot authorize a changed request identity (1093.916291ms)
✔ read checkpoint sqlite: losing raw-response blocks result history and copied history (1107.922416ms)
✔ read checkpoint sqlite: losing source-artifact blocks result history and copied history (1074.4665ms)
✔ read checkpoint sqlite: severing the parent's exclusive successor claim rejects the child (948.412083ms)
✔ read checkpoint file-journal: a complete checkpoint survives outer-result loss and resumes without another fetch (3307.768375ms)
✔ read checkpoint file-journal: projection preserves original evidence and charges only the successor's raw response (4084.033166ms)
✔ read checkpoint file-journal: missing proof and altered payload are denied while ordinary failures remain valid (4211.543541ms)
✔ read checkpoint file-journal: an indexed forged merged page cannot replace its accepted raw response (4072.991375ms)
✔ read checkpoint file-journal: an unchanged original body cannot authorize a changed request identity (4413.931375ms)
✔ read checkpoint file-journal: losing raw-response blocks result history and copied history (4774.989875ms)
✔ read checkpoint file-journal: losing source-artifact blocks result history and copied history (5237.040417ms)
✔ read checkpoint file-journal: severing the parent's exclusive successor claim rejects the child (4029.681416ms)
✔ read collection context: only visible current goal and scope tips survive; complete unadopted tips remain resumable (3.846625ms)
✔ read collection context: the common packet removes denied head metadata from both execution and resume projections (2.832833ms)
✔ read collection context sqlite: five compactions and reopen retain partial resume metadata without page bodies (841.901334ms)
✔ read collection context sqlite: five compactions and reopen retain complete orphan resume metadata without page bodies (783.769542ms)
✔ read collection context file-journal: five compactions and reopen retain partial resume metadata without page bodies (3714.677041ms)
✔ read collection context file-journal: five compactions and reopen retain complete orphan resume metadata without page bodies (2860.013875ms)
✔ read collection context sqlite: lost derived frame regenerates while lost original raw response blocks context and recovery (344.072ms)
✔ read collection context file-journal: lost derived frame regenerates while lost original raw response blocks context and recovery (1303.720416ms)
✔ read collection context sqlite: source gate rejects omitted, altered, and canonically inconsistent resume metadata (252.99425ms)
✔ read collection context file-journal: source gate rejects omitted, altered, and canonically inconsistent resume metadata (1174.801541ms)
✔ read collection context sqlite: resume metadata is mandatory input and cannot be evicted to satisfy a smaller byte budget (228.971625ms)
✔ read collection context file-journal: resume metadata is mandatory input and cannot be evicted to satisfy a smaller byte budget (664.911292ms)
✔ read collection context sqlite: source lifecycle change during checkpoint read prevents staged frame publication (185.974083ms)
✔ read collection context file-journal: source lifecycle change during checkpoint read prevents staged frame publication (652.995666ms)
✔ read collection context sqlite: contract change during derived resume put is checked before return (389.560042ms)
✔ read collection context sqlite: original change during derived resume put is checked before return (312.467708ms)
✔ read collection context file-journal: contract change during derived resume put is checked before return (1083.741583ms)
✔ read collection context file-journal: original change during derived resume put is checked before return (1067.913833ms)
✔ read collection context sqlite: completed adopted output retains original proof requirements after leaving the resume list (242.985458ms)
✔ read collection context file-journal: completed adopted output retains original proof requirements after leaving the resume list (1545.020459ms)
✔ read collection context sqlite: raw loss during frame staging suppresses completed adopted copies (355.769583ms)
✔ read collection context file-journal: raw loss during frame staging suppresses completed adopted copies (1351.143708ms)
✔ collection I/O sqlite documents-simple: 4 pages retain semantics across reads, copying and reopening (1240.149875ms)
ℹ {"adapter":"sqlite","family":"documents-simple","pages":4,"sourceCalls":4,"resultSignature":"ca3cbf4a810188e565397de9b01c666596d3bfd519841b869c91c2e4ca1eaa0c","stages":[{"name":"collect","get":114,"exists":202,"put":14,"returnedBodyBytes":171997,"stateReads":194,"receipts":30,"commits":14,"physicalBodyBytes":485558},{"name":"checkpointRead","get":13,"exists":12,"put":0,"returnedBodyBytes":18362,"stateReads":4,"receipts":1,"commits":0,"physicalBodyBytes":35757},{"name":"callsGet","get":41,"exists":96,"put":1,"returnedBodyBytes":84792,"stateReads":36,"receipts":10,"commits":5,"physicalBodyBytes":314778},{"name":"contextPrepare","get":70,"exists":50,"put":1,"returnedBodyBytes":188989,"stateReads":35,"receipts":7,"commits":0,"physicalBodyBytes":288275},{"name":"reopenAndPrepare","get":83,"exists":62,"put":1,"returnedBodyBytes":207351,"stateReads":39,"receipts":8,"commits":0,"physicalBodyBytes":324032}]}
✔ collection I/O sqlite documents-simple: 8 pages retain semantics across reads, copying and reopening (2063.399166ms)
ℹ {"adapter":"sqlite","family":"documents-simple","pages":8,"sourceCalls":8,"resultSignature":"c223661cc27ac8f18d90094013769634188fab210c6fa1531b423635c1ef5c84","stages":[{"name":"collect","get":318,"exists":590,"put":26,"returnedBodyBytes":470387,"stateReads":330,"receipts":46,"commits":22,"physicalBodyBytes":1357149},{"name":"checkpointRead","get":25,"exists":24,"put":0,"returnedBodyBytes":35235,"stateReads":4,"receipts":1,"commits":0,"physicalBodyBytes":69502},{"name":"callsGet","get":77,"exists":180,"put":1,"returnedBodyBytes":162709,"stateReads":36,"receipts":10,"commits":5,"physicalBodyBytes":606344},{"name":"contextPrepare","get":130,"exists":98,"put":1,"returnedBodyBytes":354351,"stateReads":35,"receipts":7,"commits":0,"physicalBodyBytes":548423},{"name":"reopenAndPrepare","get":155,"exists":122,"put":1,"returnedBodyBytes":389586,"stateReads":39,"receipts":8,"commits":0,"physicalBodyBytes":617925}]}
✔ collection I/O sqlite documents-simple: 16 pages retain semantics across reads, copying and reopening (3866.23ms)
ℹ {"adapter":"sqlite","family":"documents-simple","pages":16,"sourceCalls":16,"resultSignature":"ab9d2af3b8ec8ae6983b1b42f01fae55eaa9771ae3f0271537f2a91d7e4ef676","stages":[{"name":"collect","get":1014,"exists":1942,"put":50,"returnedBodyBytes":1473478,"stateReads":602,"receipts":78,"commits":38,"physicalBodyBytes":4319151},{"name":"checkpointRead","get":49,"exists":48,"put":0,"returnedBodyBytes":69080,"stateReads":4,"receipts":1,"commits":0,"physicalBodyBytes":137191},{"name":"callsGet","get":149,"exists":348,"put":1,"returnedBodyBytes":318994,"stateReads":36,"receipts":10,"commits":5,"physicalBodyBytes":1191167},{"name":"contextPrepare","get":250,"exists":194,"put":1,"returnedBodyBytes":686038,"stateReads":35,"receipts":7,"commits":0,"physicalBodyBytes":1070236},{"name":"reopenAndPrepare","get":299,"exists":242,"put":1,"returnedBodyBytes":755118,"stateReads":39,"receipts":8,"commits":0,"physicalBodyBytes":1207427}]}
✔ collection I/O sqlite observations-simple: 4 pages retain semantics across reads, copying and reopening (1233.440333ms)
ℹ {"adapter":"sqlite","family":"observations-simple","pages":4,"sourceCalls":4,"resultSignature":"a6a1b857443999b7a5f4b1945b1768f00b1f58af8a2d1b7fce08ea4816c57ae5","stages":[{"name":"collect","get":114,"exists":202,"put":14,"returnedBodyBytes":172551,"stateReads":194,"receipts":30,"commits":14,"physicalBodyBytes":487152},{"name":"checkpointRead","get":13,"exists":12,"put":0,"returnedBodyBytes":18412,"stateReads":4,"receipts":1,"commits":0,"physicalBodyBytes":35857},{"name":"callsGet","get":41,"exists":96,"put":1,"returnedBodyBytes":85070,"stateReads":36,"receipts":10,"commits":5,"physicalBodyBytes":315854},{"name":"contextPrepare","get":70,"exists":50,"put":1,"returnedBodyBytes":189654,"stateReads":35,"receipts":7,"commits":0,"physicalBodyBytes":289268},{"name":"reopenAndPrepare","get":83,"exists":62,"put":1,"returnedBodyBytes":208066,"stateReads":39,"receipts":8,"commits":0,"physicalBodyBytes":325125}]}
✔ collection I/O sqlite observations-simple: 8 pages retain semantics across reads, copying and reopening (2020.638375ms)
ℹ {"adapter":"sqlite","family":"observations-simple","pages":8,"sourceCalls":8,"resultSignature":"3e066d9f43cd916245766040a04be753e4d813303fafe0d6c5edfead4c0113c9","stages":[{"name":"collect","get":318,"exists":590,"put":26,"returnedBodyBytes":471661,"stateReads":330,"receipts":46,"commits":22,"physicalBodyBytes":1360871},{"name":"checkpointRead","get":25,"exists":24,"put":0,"returnedBodyBytes":35317,"stateReads":4,"receipts":1,"commits":0,"physicalBodyBytes":69666},{"name":"callsGet","get":77,"exists":180,"put":1,"returnedBodyBytes":163211,"stateReads":36,"receipts":10,"commits":5,"physicalBodyBytes":608316},{"name":"contextPrepare","get":130,"exists":98,"put":1,"returnedBodyBytes":355572,"stateReads":35,"receipts":7,"commits":0,"physicalBodyBytes":550228},{"name":"reopenAndPrepare","get":155,"exists":122,"put":1,"returnedBodyBytes":390889,"stateReads":39,"receipts":8,"commits":0,"physicalBodyBytes":619894}]}
✔ collection I/O sqlite observations-simple: 16 pages retain semantics across reads, copying and reopening (4110.203083ms)
ℹ {"adapter":"sqlite","family":"observations-simple","pages":16,"sourceCalls":16,"resultSignature":"efdaf769faccd802339a9b0a1fb7bb1c170d5d2cfcd84df6499f8eceb676f508","stages":[{"name":"collect","get":1014,"exists":1942,"put":50,"returnedBodyBytes":1476960,"stateReads":602,"receipts":78,"commits":38,"physicalBodyBytes":4329433},{"name":"checkpointRead","get":49,"exists":48,"put":0,"returnedBodyBytes":69226,"stateReads":4,"receipts":1,"commits":0,"physicalBodyBytes":137483},{"name":"callsGet","get":149,"exists":348,"put":1,"returnedBodyBytes":319944,"stateReads":36,"receipts":10,"commits":5,"physicalBodyBytes":1194931},{"name":"contextPrepare","get":250,"exists":194,"put":1,"returnedBodyBytes":688371,"stateReads":35,"receipts":7,"commits":0,"physicalBodyBytes":1073665},{"name":"reopenAndPrepare","get":299,"exists":242,"put":1,"returnedBodyBytes":757597,"stateReads":39,"receipts":8,"commits":0,"physicalBodyBytes":1211148}]}
✔ collection I/O file-journal documents-simple: 4 pages retain semantics across reads, copying and reopening (5698.860583ms)
ℹ {"adapter":"file-journal","family":"documents-simple","pages":4,"sourceCalls":4,"resultSignature":"ca3cbf4a810188e565397de9b01c666596d3bfd519841b869c91c2e4ca1eaa0c","stages":[{"name":"collect","get":114,"exists":202,"put":14,"returnedBodyBytes":171997,"stateReads":194,"receipts":30,"commits":14,"physicalBodyBytes":485558},{"name":"checkpointRead","get":13,"exists":12,"put":0,"returnedBodyBytes":18362,"stateReads":4,"receipts":1,"commits":0,"physicalBodyBytes":35757},{"name":"callsGet","get":41,"exists":96,"put":1,"returnedBodyBytes":84792,"stateReads":36,"receipts":10,"commits":5,"physicalBodyBytes":314778},{"name":"contextPrepare","get":70,"exists":50,"put":1,"returnedBodyBytes":188989,"stateReads":35,"receipts":7,"commits":0,"physicalBodyBytes":288275},{"name":"reopenAndPrepare","get":83,"exists":62,"put":1,"returnedBodyBytes":207351,"stateReads":39,"receipts":8,"commits":0,"physicalBodyBytes":324032}]}
✔ collection I/O file-journal documents-simple: 8 pages retain semantics across reads, copying and reopening (9319.672875ms)
ℹ {"adapter":"file-journal","family":"documents-simple","pages":8,"sourceCalls":8,"resultSignature":"c223661cc27ac8f18d90094013769634188fab210c6fa1531b423635c1ef5c84","stages":[{"name":"collect","get":318,"exists":590,"put":26,"returnedBodyBytes":470387,"stateReads":330,"receipts":46,"commits":22,"physicalBodyBytes":1357149},{"name":"checkpointRead","get":25,"exists":24,"put":0,"returnedBodyBytes":35235,"stateReads":4,"receipts":1,"commits":0,"physicalBodyBytes":69502},{"name":"callsGet","get":77,"exists":180,"put":1,"returnedBodyBytes":162709,"stateReads":36,"receipts":10,"commits":5,"physicalBodyBytes":606344},{"name":"contextPrepare","get":130,"exists":98,"put":1,"returnedBodyBytes":354351,"stateReads":35,"receipts":7,"commits":0,"physicalBodyBytes":548423},{"name":"reopenAndPrepare","get":155,"exists":122,"put":1,"returnedBodyBytes":389586,"stateReads":39,"receipts":8,"commits":0,"physicalBodyBytes":617925}]}
✔ collection I/O file-journal documents-simple: 16 pages retain semantics across reads, copying and reopening (15841.418709ms)
ℹ {"adapter":"file-journal","family":"documents-simple","pages":16,"sourceCalls":16,"resultSignature":"ab9d2af3b8ec8ae6983b1b42f01fae55eaa9771ae3f0271537f2a91d7e4ef676","stages":[{"name":"collect","get":1014,"exists":1942,"put":50,"returnedBodyBytes":1473478,"stateReads":602,"receipts":78,"commits":38,"physicalBodyBytes":4319151},{"name":"checkpointRead","get":49,"exists":48,"put":0,"returnedBodyBytes":69080,"stateReads":4,"receipts":1,"commits":0,"physicalBodyBytes":137191},{"name":"callsGet","get":149,"exists":348,"put":1,"returnedBodyBytes":318994,"stateReads":36,"receipts":10,"commits":5,"physicalBodyBytes":1191167},{"name":"contextPrepare","get":250,"exists":194,"put":1,"returnedBodyBytes":686038,"stateReads":35,"receipts":7,"commits":0,"physicalBodyBytes":1070236},{"name":"reopenAndPrepare","get":299,"exists":242,"put":1,"returnedBodyBytes":755118,"stateReads":39,"receipts":8,"commits":0,"physicalBodyBytes":1207427}]}
✔ collection I/O file-journal observations-simple: 4 pages retain semantics across reads, copying and reopening (4927.946334ms)
ℹ {"adapter":"file-journal","family":"observations-simple","pages":4,"sourceCalls":4,"resultSignature":"a6a1b857443999b7a5f4b1945b1768f00b1f58af8a2d1b7fce08ea4816c57ae5","stages":[{"name":"collect","get":114,"exists":202,"put":14,"returnedBodyBytes":172551,"stateReads":194,"receipts":30,"commits":14,"physicalBodyBytes":487152},{"name":"checkpointRead","get":13,"exists":12,"put":0,"returnedBodyBytes":18412,"stateReads":4,"receipts":1,"commits":0,"physicalBodyBytes":35857},{"name":"callsGet","get":41,"exists":96,"put":1,"returnedBodyBytes":85070,"stateReads":36,"receipts":10,"commits":5,"physicalBodyBytes":315854},{"name":"contextPrepare","get":70,"exists":50,"put":1,"returnedBodyBytes":189654,"stateReads":35,"receipts":7,"commits":0,"physicalBodyBytes":289268},{"name":"reopenAndPrepare","get":83,"exists":62,"put":1,"returnedBodyBytes":208066,"stateReads":39,"receipts":8,"commits":0,"physicalBodyBytes":325125}]}
✔ collection I/O file-journal observations-simple: 8 pages retain semantics across reads, copying and reopening (4082.914834ms)
ℹ {"adapter":"file-journal","family":"observations-simple","pages":8,"sourceCalls":8,"resultSignature":"3e066d9f43cd916245766040a04be753e4d813303fafe0d6c5edfead4c0113c9","stages":[{"name":"collect","get":318,"exists":590,"put":26,"returnedBodyBytes":471661,"stateReads":330,"receipts":46,"commits":22,"physicalBodyBytes":1360871},{"name":"checkpointRead","get":25,"exists":24,"put":0,"returnedBodyBytes":35317,"stateReads":4,"receipts":1,"commits":0,"physicalBodyBytes":69666},{"name":"callsGet","get":77,"exists":180,"put":1,"returnedBodyBytes":163211,"stateReads":36,"receipts":10,"commits":5,"physicalBodyBytes":608316},{"name":"contextPrepare","get":130,"exists":98,"put":1,"returnedBodyBytes":355572,"stateReads":35,"receipts":7,"commits":0,"physicalBodyBytes":550228},{"name":"reopenAndPrepare","get":155,"exists":122,"put":1,"returnedBodyBytes":390889,"stateReads":39,"receipts":8,"commits":0,"physicalBodyBytes":619894}]}
✔ collection I/O file-journal observations-simple: 16 pages retain semantics across reads, copying and reopening (6270.826958ms)
ℹ {"adapter":"file-journal","family":"observations-simple","pages":16,"sourceCalls":16,"resultSignature":"efdaf769faccd802339a9b0a1fb7bb1c170d5d2cfcd84df6499f8eceb676f508","stages":[{"name":"collect","get":1014,"exists":1942,"put":50,"returnedBodyBytes":1476960,"stateReads":602,"receipts":78,"commits":38,"physicalBodyBytes":4329433},{"name":"checkpointRead","get":49,"exists":48,"put":0,"returnedBodyBytes":69226,"stateReads":4,"receipts":1,"commits":0,"physicalBodyBytes":137483},{"name":"callsGet","get":149,"exists":348,"put":1,"returnedBodyBytes":319944,"stateReads":36,"receipts":10,"commits":5,"physicalBodyBytes":1194931},{"name":"contextPrepare","get":250,"exists":194,"put":1,"returnedBodyBytes":688371,"stateReads":35,"receipts":7,"commits":0,"physicalBodyBytes":1073665},{"name":"reopenAndPrepare","get":299,"exists":242,"put":1,"returnedBodyBytes":757597,"stateReads":39,"receipts":8,"commits":0,"physicalBodyBytes":1211148}]}
✔ read collection: bounded batch keeps original observations and input objects independent (5.096458ms)
✔ read collection: explicit retries request every unfinished key and advance only when the original page is complete (2.111208ms)
✔ read collection: extra cannot satisfy a trusted batch manifest (0.303375ms)
✔ read collection: missing cannot satisfy a trusted batch manifest (0.096083ms)
✔ read collection: wrong-digest cannot satisfy a trusted batch manifest (0.123917ms)
✔ read collection: duplicate-expected cannot satisfy a trusted batch manifest (0.179334ms)
✔ read collection: duplicate-item cannot satisfy a trusted batch manifest (0.1655ms)
✔ read collection: retry rejects successful-item instead of overwriting successful observations (0.42175ms)
✔ read collection: retry rejects missing-unfinished instead of overwriting successful observations (0.340833ms)
✔ read collection: retry rejects changed-digest instead of overwriting successful observations (0.376041ms)
✔ read collection: pending retry binds snapshot to its original source page (0.428958ms)
✔ read collection: pending retry binds cursor to its original source page (0.323ms)
✔ read collection: pending retry binds nextCursor to its original source page (0.265417ms)
✔ read collection: pending retry binds totalItems to its original source page (0.256959ms)
✔ read collection: pending retry binds exhausted to its original source page (0.240125ms)
✔ read collection: pending retry binds requestId to its original source page (0.228041ms)
✔ read collection: an explicit retry cannot omit a key in the request or reuse the last request identity (0.686833ms)
✔ read collection: accepted request history survives replaced pending IDs and is checked on restore (1.07925ms)
✔ read collection: a nonretryable error preserves the pending observations but forbids resume (0.163667ms)
✔ read collection: retries consume the operation call limit without advancing page count (0.276ms)
✔ read collection: declared totals count unique logical items and may become known on the final page (0.240834ms)
✔ read collection: a known total stays binding when a later response omits it (0.209625ms)
✔ read collection: repeated IDs cannot create another item even with a different digest (0.123042ms)
✔ read collection: cursor loops and snapshot changes are rejected across finalized pages (0.254458ms)
✔ read collection: empty pages may progress with new cursors and a complete empty collection is valid (0.124083ms)
✔ read collection: page, item and batch bounds stop further requests without truncation (0.204709ms)
✔ read collection: response and checkpoint limits use exact UTF-8 byte lengths (0.45875ms)
✔ read collection: each raw retry is byte-bounded while the merged logical page uses the checkpoint bound (0.312917ms)
✔ read collection: restored projection corruption is rejected before producing a request (0.208833ms)
✔ read collection: restored cursor-chain corruption is rejected before producing a request (0.129416ms)
✔ read collection: restored calls corruption is rejected before producing a request (0.109083ms)
✔ read collection: restored completed-pending corruption is rejected before producing a request (0.114083ms)
✔ read collection: restored manifest corruption is rejected before producing a request (0.134583ms)
✔ read collection: strict schemas reject false completion, fabricated not-run output and invalid budgets (0.584416ms)
✔ read collection: usage overflow and dependency overflow fail without dropping earlier accounting or custody (1.224292ms)
✔ durable collections sqlite: a process crash after intent becomes an unknown call on explicit resume (835.520333ms)
✔ durable collections sqlite: a batch retries only unfinished manifest items after reopening (751.520958ms)
✔ durable collections sqlite: source failures consume the persisted call budget across explicit retries (956.980084ms)
✔ durable collections sqlite: a source that answers after cancellation cannot commit its late page (213.885583ms)
✔ durable collections sqlite: policy revocation while the source waits suppresses the response (235.997041ms)
✔ durable collections file-journal: a process crash after intent becomes an unknown call on explicit resume (3215.835ms)
✔ durable collections file-journal: a batch retries only unfinished manifest items after reopening (4365.49725ms)
✔ durable collections file-journal: source failures consume the persisted call budget across explicit retries (5310.886667ms)
✔ durable collections file-journal: a source that answers after cancellation cannot commit its late page (1060.416292ms)
✔ durable collections file-journal: policy revocation while the source waits suppresses the response (1131.923167ms)
✔ durable collections: query cannot resume a checkpoint under a changed contract (565.67875ms)
✔ durable collections: fresh cannot resume a checkpoint under a changed contract (468.183292ms)
✔ durable collections: same-task-id cannot resume a checkpoint under a changed contract (430.538667ms)
✔ durable collections: policy cannot resume a checkpoint under a changed contract (507.334833ms)
✔ durable collections: goal cannot resume a checkpoint under a changed contract (473.86475ms)
✔ durable collections: generation cannot resume a checkpoint under a changed contract (493.734959ms)
✔ durable collections sqlite documents-simple: complete pages advance automatically and survive reopening (709.97825ms)
✔ durable collections sqlite documents-simple: partial stops until a new task explicitly resumes after reopening (1082.013125ms)
✔ durable collections sqlite observations-simple: complete pages advance automatically and survive reopening (661.0695ms)
✔ durable collections sqlite observations-simple: partial stops until a new task explicitly resumes after reopening (978.883166ms)
✔ durable collections file-journal documents-simple: complete pages advance automatically and survive reopening (3168.160583ms)
✔ durable collections file-journal documents-simple: partial stops until a new task explicitly resumes after reopening (4714.809834ms)
✔ durable collections file-journal observations-simple: complete pages advance automatically and survive reopening (3513.11975ms)
✔ durable collections file-journal observations-simple: partial stops until a new task explicitly resumes after reopening (5524.420916ms)
✔ state-based packet retains counterevidence, obligations and original references without raw history or a state mutation (29.664875ms)
✔ old and forged packets cannot reverse a goal change, cancellation or budget (11.978583ms)
✔ separate SQLite/artifact instances reconstruct packets and regenerate missing or corrupt derived blobs (274.083541ms)
✔ missing original is reported by id and cannot be hidden by a valid prior packet (5.484583ms)
✔ reconstruction rechecks a goal change committed while the packet is being saved (6.600042ms)
✔ snapshot retries mixed state/event/outbox revisions and rejects broken event history (5.045291ms)
✔ untrusted packet dimensions, tool revision changes and a foreign work packet never authorize reuse (8.422083ms)
✔ resume requires the work owner and full runtime view; revoked history is never relabelled (4.798917ms)
✔ packet size limit refuses the whole projection without dropping obligations or writing a partial packet (4.02475ms)
✔ model context restores task attempts and budget but excludes model ledger and delivery bodies (6.083041ms)
✔ model context cannot relabel a revoked attempt result reference under the current policy (9.018041ms)
✔ model context refuses assessment references whose evidence metadata is no longer permitted (2.806583ms)
✔ sqlite: text originals use one verified body read and no cross-call availability cache (262.11175ms)
ℹ {"adapter":"sqlite","operation":"original","name":"original","elapsedMs":0.6929580000000328,"artifactApi":{"get":{"calls":1,"requestedBodyBytes":1733,"returnedBodyBytes":1733,"failures":0},"exists":{"calls":0,"referencedBodyBytes":0,"available":0,"unavailable":0},"put":{"calls":0,"inputBodyBytes":0,"returnedReferenceBodyBytes":0,"failures":0}},"stateApi":{"get":3,"receipt":0,"commit":0,"events":0,"deliveries":0,"workIdsForConversation":0,"runnable":0,"close":0},"physical":{"getCalls":1,"existsCalls":0,"putCalls":0,"metadataReadOperations":1,"metadataReadBytes":237,"bodyReadOperations":1,"bodyReadBytes":1733,"hashCalls":1,"hashBytes":1733,"fileWrites":0,"metadataWriteBytes":0,"bodyWriteBytes":0,"readFailures":0,"verificationFailures":0,"deniedReads":0,"writeFailures":0}}
✔ sqlite: one result materialization deduplicates repeated originals and preserves a final real verification (286.184291ms)
ℹ {"adapter":"sqlite","operation":"result","name":"result","elapsedMs":2.1412500000000136,"artifactApi":{"get":{"calls":2,"requestedBodyBytes":6315,"returnedBodyBytes":6315,"failures":0},"exists":{"calls":1,"referencedBodyBytes":1733,"available":1,"unavailable":0},"put":{"calls":0,"inputBodyBytes":0,"returnedReferenceBodyBytes":0,"failures":0}},"stateApi":{"get":6,"receipt":1,"commit":0,"events":0,"deliveries":0,"workIdsForConversation":0,"runnable":0,"close":0},"physical":{"getCalls":2,"existsCalls":1,"putCalls":0,"metadataReadOperations":3,"metadataReadBytes":717,"bodyReadOperations":3,"bodyReadBytes":8048,"hashCalls":3,"hashBytes":8048,"fileWrites":0,"metadataWriteBytes":0,"bodyWriteBytes":0,"readFailures":0,"verificationFailures":0,"deniedReads":0,"writeFailures":0}}
✔ sqlite: a two-copy chain decodes and reads each dispatch once per materialization (458.36375ms)
ℹ {"adapter":"sqlite","operation":"copy-chain","name":"copy-chain","elapsedMs":4.251416999999947,"artifactApi":{"get":{"calls":4,"requestedBodyBytes":16962,"returnedBodyBytes":16962,"failures":0},"exists":{"calls":1,"referencedBodyBytes":1733,"available":1,"unavailable":0},"put":{"calls":0,"inputBodyBytes":0,"returnedReferenceBodyBytes":0,"failures":0}},"stateApi":{"get":6,"receipt":3,"commit":0,"events":0,"deliveries":0,"workIdsForConversation":0,"runnable":0,"close":0},"physical":{"getCalls":4,"existsCalls":1,"putCalls":0,"metadataReadOperations":5,"metadataReadBytes":1203,"bodyReadOperations":5,"bodyReadBytes":18695,"hashCalls":5,"hashBytes":18695,"fileWrites":0,"metadataWriteBytes":0,"bodyWriteBytes":0,"readFailures":0,"verificationFailures":0,"deniedReads":0,"writeFailures":0}}
✔ sqlite: context uses verified copy materialization without rereading its dispatch pair (492.734208ms)
ℹ {"adapter":"sqlite","operation":"context","name":"context","elapsedMs":59.83537500000011,"artifactApi":{"get":{"calls":9,"requestedBodyBytes":70896,"returnedBodyBytes":70896,"failures":0},"exists":{"calls":6,"referencedBodyBytes":20428,"available":6,"unavailable":0},"put":{"calls":1,"inputBodyBytes":37961,"returnedReferenceBodyBytes":37961,"failures":0}},"stateApi":{"get":26,"receipt":6,"commit":0,"events":1,"deliveries":0,"workIdsForConversation":0,"runnable":0,"close":0},"physical":{"getCalls":9,"existsCalls":7,"putCalls":1,"metadataReadOperations":15,"metadataReadBytes":3616,"bodyReadOperations":15,"bodyReadBytes":91324,"hashCalls":17,"hashBytes":129436,"fileWrites":2,"metadataWriteBytes":244,"bodyWriteBytes":37961,"readFailures":1,"verificationFailures":1,"deniedReads":0,"writeFailures":0}}
✔ sqlite: adapter argument mutation and returned metadata cannot change private reference snapshots (387.05525ms)
✔ sqlite: cached original is rejected if deleted during a later state read (194.597708ms)
✔ sqlite: cached original is rejected if corrupted during a later state read (239.129167ms)
✔ sqlite: context rechecks metadata-reused originals after its staging await (349.293959ms)
✔ sqlite: context rechecks ordinary cached originals after staging without a calls.get copy (276.791042ms)
✔ sqlite: final cached-source check retains contract authority handling (189.723375ms)
✔ sqlite: final cached-source check retains policy authority handling (179.863125ms)
✔ sqlite: final cached-source check retains unrelated authority handling (188.267584ms)
✔ file-journal: text originals use one verified body read and no cross-call availability cache (737.614542ms)
ℹ {"adapter":"file-journal","operation":"original","name":"original","elapsedMs":34.057708000000275,"artifactApi":{"get":{"calls":1,"requestedBodyBytes":1733,"returnedBodyBytes":1733,"failures":0},"exists":{"calls":0,"referencedBodyBytes":0,"available":0,"unavailable":0},"put":{"calls":0,"inputBodyBytes":0,"returnedReferenceBodyBytes":0,"failures":0}},"stateApi":{"get":3,"receipt":0,"commit":0,"events":0,"deliveries":0,"workIdsForConversation":0,"runnable":0,"close":0},"physical":{"getCalls":1,"existsCalls":0,"putCalls":0,"metadataReadOperations":1,"metadataReadBytes":237,"bodyReadOperations":1,"bodyReadBytes":1733,"hashCalls":1,"hashBytes":1733,"fileWrites":0,"metadataWriteBytes":0,"bodyWriteBytes":0,"readFailures":0,"verificationFailures":0,"deniedReads":0,"writeFailures":0}}
✔ file-journal: one result materialization deduplicates repeated originals and preserves a final real verification (493.1355ms)
ℹ {"adapter":"file-journal","operation":"result","name":"result","elapsedMs":54.28200000000015,"artifactApi":{"get":{"calls":2,"requestedBodyBytes":6315,"returnedBodyBytes":6315,"failures":0},"exists":{"calls":1,"referencedBodyBytes":1733,"available":1,"unavailable":0},"put":{"calls":0,"inputBodyBytes":0,"returnedReferenceBodyBytes":0,"failures":0}},"stateApi":{"get":6,"receipt":1,"commit":0,"events":0,"deliveries":0,"workIdsForConversation":0,"runnable":0,"close":0},"physical":{"getCalls":2,"existsCalls":1,"putCalls":0,"metadataReadOperations":3,"metadataReadBytes":717,"bodyReadOperations":3,"bodyReadBytes":8048,"hashCalls":3,"hashBytes":8048,"fileWrites":0,"metadataWriteBytes":0,"bodyWriteBytes":0,"readFailures":0,"verificationFailures":0,"deniedReads":0,"writeFailures":0}}
✔ file-journal: a two-copy chain decodes and reads each dispatch once per materialization (2051.152667ms)
ℹ {"adapter":"file-journal","operation":"copy-chain","name":"copy-chain","elapsedMs":119.34900000000016,"artifactApi":{"get":{"calls":4,"requestedBodyBytes":16962,"returnedBodyBytes":16962,"failures":0},"exists":{"calls":1,"referencedBodyBytes":1733,"available":1,"unavailable":0},"put":{"calls":0,"inputBodyBytes":0,"returnedReferenceBodyBytes":0,"failures":0}},"stateApi":{"get":6,"receipt":3,"commit":0,"events":0,"deliveries":0,"workIdsForConversation":0,"runnable":0,"close":0},"physical":{"getCalls":4,"existsCalls":1,"putCalls":0,"metadataReadOperations":5,"metadataReadBytes":1203,"bodyReadOperations":5,"bodyReadBytes":18695,"hashCalls":5,"hashBytes":18695,"fileWrites":0,"metadataWriteBytes":0,"bodyWriteBytes":0,"readFailures":0,"verificationFailures":0,"deniedReads":0,"writeFailures":0}}
✔ file-journal: context uses verified copy materialization without rereading its dispatch pair (2462.256292ms)
ℹ {"adapter":"file-journal","operation":"context","name":"context","elapsedMs":382.377625000001,"artifactApi":{"get":{"calls":9,"requestedBodyBytes":70896,"returnedBodyBytes":70896,"failures":0},"exists":{"calls":6,"referencedBodyBytes":20428,"available":6,"unavailable":0},"put":{"calls":1,"inputBodyBytes":37961,"returnedReferenceBodyBytes":37961,"failures":0}},"stateApi":{"get":26,"receipt":6,"commit":0,"events":1,"deliveries":0,"workIdsForConversation":0,"runnable":0,"close":0},"physical":{"getCalls":9,"existsCalls":7,"putCalls":1,"metadataReadOperations":15,"metadataReadBytes":3616,"bodyReadOperations":15,"bodyReadBytes":91324,"hashCalls":17,"hashBytes":129436,"fileWrites":2,"metadataWriteBytes":244,"bodyWriteBytes":37961,"readFailures":1,"verificationFailures":1,"deniedReads":0,"writeFailures":0}}
✔ file-journal: adapter argument mutation and returned metadata cannot change private reference snapshots (1642.301ms)
✔ file-journal: cached original is rejected if deleted during a later state read (902.546458ms)
✔ file-journal: cached original is rejected if corrupted during a later state read (986.412708ms)
✔ file-journal: context rechecks metadata-reused originals after its staging await (1932.88475ms)
✔ file-journal: context rechecks ordinary cached originals after staging without a calls.get copy (934.736ms)
✔ file-journal: final cached-source check retains contract authority handling (891.102416ms)
✔ file-journal: final cached-source check retains policy authority handling (626.941583ms)
✔ file-journal: final cached-source check retains unrelated authority handling (756.977584ms)
✔ resource progress: legacy and paged catalog cards share a stable preparation key independent of query and cursor metadata (4.116167ms)
✔ resource progress: exact schema loading earns a distinct credit and also records discovery so reverse-order searches add none (1.211542ms)
✔ resource progress: forged, mismatched or denied tool metadata and too-large responses do not earn preparation credit (2.075208ms)
✔ resource progress: guidance listing metadata does not reset progress and exact body loading subsumes the card (1.280583ms)
✔ resource progress: guidance body credit requires permitted manifest, matching indexed original and canonical selection identity (1.846041ms)
✔ resource progress: empty results, history/evidence reads and arbitrary new artifacts cannot fabricate preparation (0.403083ms)
✔ resource progress: replayed, reused and unadopted resource results cannot earn a new preparation key (0.425041ms)
✔ resource progress sqlite/documents-simple: default no-progress policy allows discovery, schemas and guidance before the real source (516.284375ms)
✔ resource progress sqlite/observations-simple: default no-progress policy allows discovery, schemas and guidance before the real source (473.120166ms)
✔ resource progress sqlite: repeated identical catalog preparation stops after the first credit and three empty steps (363.865084ms)
✔ resource progress sqlite: repeated identical guidance preparation stops after the first credit and three empty steps (347.385708ms)
✔ resource progress sqlite: empty searches with different query and task IDs stop at the default limit (321.990542ms)
✔ resource progress file-journal/documents-simple: default no-progress policy allows discovery, schemas and guidance before the real source (2663.343334ms)
✔ resource progress file-journal/observations-simple: default no-progress policy allows discovery, schemas and guidance before the real source (3067.57475ms)
✔ resource progress file-journal: repeated identical catalog preparation stops after the first credit and three empty steps (2663.976625ms)
✔ resource progress file-journal: repeated identical guidance preparation stops after the first credit and three empty steps (2415.958167ms)
✔ resource progress file-journal: empty searches with different query and task IDs stop at the default limit (1987.07125ms)
✔ catalog filters before ranking, bounds cards, separates providers and loads only an exact schema (22.6725ms)
✔ registration snapshots reject namespace/duplicates and cannot be mutated through adapters or catalog results (8.393792ms)
✔ documents-simple: discovery and selected guidance share the execution ledger without adding evidence or permissions (36.288208ms)
✔ observations-simple: discovery and selected guidance share the execution ledger without adding evidence or permissions (21.955875ms)
✔ simple direct lookup does not load optional guidance or run a hypothesis review (7.862458ms)
✔ method selection follows contradiction, independence and response needs without model calls (6.705875ms)
✔ guidance metadata/limits do not read bodies and wrong version, tenant or applicability are rejected (8.446167ms)
✔ evidence readers distinguish protected/missing, superseded and retracted records; limits preserve provenance (5.891666ms)
✔ call result lookup stays historical after retraction and does not restore it to current evidence (7.555958ms)
✔ broker rejects calls without a committed dispatch or with another owner before reaching a tool (6.583667ms)
✔ in-flight output is not downgraded to a less restricted artifact when labels are revoked (7.790708ms)
✔ revocation after result storage settles without reading protected bytes or repeatedly getting stuck (6.893833ms)
✔ stored guidance and invocation results can be read after SQLite/artifact/source restart without source execution (308.3545ms)
✔ guidance source rejects altered content, path escape and symlink replacement (53.940834ms)
✔ model-facing evidence and call readers use the common budget without reexecuting a source or completing a changed goal (15.611ms)
✔ sqlite: one commit and reopen retain state, all ordered events, deliveries and historical receipts (119.372667ms)
✔ sqlite: duplicate and idempotency conflict precede revision conflict and preserve the first receipt (87.567667ms)
✔ sqlite: malformed commits leave all four collections unchanged, even on duplicate commands (93.225583ms)
✔ sqlite: caller mutations and mutable returned snapshots cannot rewrite persisted history (77.838292ms)
✔ sqlite: work, tenant, principal, channel and conversation identifiers remain separate (102.90175ms)
✔ sqlite: event cursors are exclusive and sequence numbers are local to each work (102.6875ms)
✔ sqlite: runnable respects exact deadline, obligation, tool and model recovery boundaries after reopen (293.28ms)
✔ sqlite: two separate processes race on revision with exactly one atomic winning commit (144.759292ms)
✔ sqlite: two separate processes race on same-command with exactly one atomic winning commit (149.20225ms)
✔ sqlite: two separate processes race on different-digest with exactly one atomic winning commit (127.941959ms)
✔ sqlite: acknowledged commit survives SIGKILL without close and reopening replays its receipt without duplicate records (269.700167ms)
✔ file-journal: one commit and reopen retain state, all ordered events, deliveries and historical receipts (215.964459ms)
✔ file-journal: duplicate and idempotency conflict precede revision conflict and preserve the first receipt (248.009083ms)
✔ file-journal: malformed commits leave all four collections unchanged, even on duplicate commands (385.947ms)
✔ file-journal: caller mutations and mutable returned snapshots cannot rewrite persisted history (200.877542ms)
✔ file-journal: work, tenant, principal, channel and conversation identifiers remain separate (840.117167ms)
✔ file-journal: event cursors are exclusive and sequence numbers are local to each work (249.928541ms)
✔ file-journal: runnable respects exact deadline, obligation, tool and model recovery boundaries after reopen (3059.927917ms)
✔ file-journal: two separate processes race on revision with exactly one atomic winning commit (265.807584ms)
✔ file-journal: two separate processes race on same-command with exactly one atomic winning commit (262.042667ms)
✔ file-journal: two separate processes race on different-digest with exactly one atomic winning commit (229.721417ms)
✔ file-journal: acknowledged commit survives SIGKILL without close and reopening replays its receipt without duplicate records (527.698208ms)
✔ sqlite: profile closes the opened state repository when channel initialization fails (95.037042ms)
✔ file-journal: profile closes the opened state repository when channel initialization fails (79.504583ms)
✔ sqlite/documents-simple: CLI persists backend choice across processes and prevents an accidental switch (1186.982333ms)
✔ sqlite/observations-simple: CLI persists backend choice across processes and prevents an accidental switch (1192.09175ms)
✔ file-journal/documents-simple: CLI persists backend choice across processes and prevents an accidental switch (3759.886334ms)
✔ file-journal/observations-simple: CLI persists backend choice across processes and prevents an accidental switch (3373.722125ms)
✔ legacy SQLite profile acquires metadata without losing its work or accepting a backend switch (478.891458ms)
✔ two processes choosing different backends create only one accepted profile (401.784042ms)
✔ invalid or linked profile metadata is rejected without opening a new backend (32.223375ms)
✔ one atomic commit stores state, events, outbox and idempotency receipt (64.277125ms)
✔ injected failure between state and event writes rolls back every record (62.989625ms)
✔ waiting state and wake obligation survive process termination after commit (208.481958ms)
✔ two independent processes cannot commit from the same stale revision (174.76275ms)
✔ structured planner accepts one strict JSON proposal and forwards identity, options and source-boundary instructions once (2.438208ms)
✔ configuration and request snapshots cannot be rewritten by caller or transport mutation (0.550875ms)
✔ input estimation includes the exact transport request and schema without invoking the transport or claiming measured usage (0.417583ms)
✔ input estimation uses the same policy and size gates as transport requests (0.552834ms)
✔ finish reasons remain distinct and never expose provider failure content or run hidden retries (0.563ms)
✔ invalid JSON, schema, response fields and missing proposal fail without repair calls (1.0095ms)
✔ usage omission is unknown rather than zero; only independently valid safe integer fields survive invalid envelopes (1.672625ms)
✔ provider and model identity mismatch cannot masquerade as the configured adapter (0.247584ms)
✔ missing options, denied destinations and unauthorized tool schemas never reach the transport (0.391708ms)
✔ request and response limits use UTF-8 bytes and preserve valid usage on oversized responses (0.247875ms)
✔ transport exceptions become fixed errors with unknown usage and no implicit retry (0.215208ms)
✔ pre-call cancellation has no transport effect; late cancellation preserves returned usage without accepting a proposal (0.202583ms)
✔ abort-related transport rejection is cancellation with unmeasured usage (0.12375ms)
✔ invalid configurations fail with a fixed message before transport registration (0.117583ms)
✔ structured transport rejects incomplete observation pairs and reference bodies before invocation (1.012292ms)
✔ sqlite: broker rechecks source knowledge after a real reuse lookup misses (158.236375ms)
✔ sqlite: legacy attempt rejects a destination replacement during beforeInvoke (93.953709ms)
✔ sqlite: legacy attempt rejects a labels replacement during beforeInvoke (87.1085ms)
✔ sqlite: legacy attempt rejects a effect replacement during beforeInvoke (94.055917ms)
✔ sqlite: legacy attempt rejects a destination replacement during reuse (123.001ms)
✔ sqlite: legacy attempt rejects a labels replacement during reuse (94.034ms)
✔ sqlite: legacy attempt rejects a effect replacement during reuse (95.821667ms)
✔ sqlite: an unchanged legacy attempt invokes once after asynchronous guards and a reuse miss (122.258125ms)
✔ file-journal: broker rechecks source knowledge after a real reuse lookup misses (587.755416ms)
✔ file-journal: legacy attempt rejects a destination replacement during beforeInvoke (429.6315ms)
✔ file-journal: legacy attempt rejects a labels replacement during beforeInvoke (295.095875ms)
✔ file-journal: legacy attempt rejects a effect replacement during beforeInvoke (397.843209ms)
✔ file-journal: legacy attempt rejects a destination replacement during reuse (413.767042ms)
✔ file-journal: legacy attempt rejects a labels replacement during reuse (523.154ms)
✔ file-journal: legacy attempt rejects a effect replacement during reuse (313.071375ms)
✔ file-journal: an unchanged legacy attempt invokes once after asynchronous guards and a reuse miss (363.027541ms)
✔ provider pages become visible in one publication and keep unrelated providers (12.934042ms)
✔ only a complete empty provider listing retires that provider (4.642041ms)
✔ provider partial transport failure preserves the previously published snapshot (3.689458ms)
✔ provider mixed provider revisions preserves the previously published snapshot (3.364916ms)
✔ provider cross-page duplicate preserves the previously published snapshot (2.364209ms)
✔ provider pagination cycle preserves the previously published snapshot (3.137583ms)
✔ provider wrong provider namespace preserves the previously published snapshot (2.896583ms)
✔ provider invalid namespace definition preserves the previously published snapshot (2.885333ms)
✔ provider invalid JSON schema preserves the previously published snapshot (4.513375ms)
✔ provider missing completeness cursor preserves the previously published snapshot (2.593917ms)
✔ provider undeclared partial flag preserves the previously published snapshot (2.820458ms)
✔ provider page bound preserves the previously published snapshot (2.509708ms)
✔ provider tool bound preserves the previously published snapshot (2.060625ms)
✔ provider definition byte bound preserves the previously published snapshot (2.561459ms)
✔ provider pre-cancellation makes no listing call (2.329792ms)
✔ provider abort ends an ignored-signal wait and late listing cannot publish (2.195417ms)
✔ provider abort during schema compilation still prevents publication (2.539875ms)
✔ concurrent same-provider refresh refuses an older listing after a newer publication (2.387416ms)
✔ concurrent unrelated provider refreshes both publish without reverting each other (2.517333ms)
✔ provider staging snapshots metadata and callbacks before awaiting another page (2.491167ms)
✔ catalog cursor pages reach every permitted result after 20 without duplicate or missing cards (15.518417ms)
✔ catalog cursor replay returns the same cards while allowing a smaller per-page item limit (7.867583ms)
✔ catalog cursor is bound to current query (7.013459ms)
✔ catalog cursor is bound to current tenant (6.823083ms)
✔ catalog cursor is bound to current principal (6.138792ms)
✔ catalog cursor is bound to current tools (6.070291ms)
✔ catalog cursor is bound to current labels (6.409208ms)
✔ catalog cursor is bound to current destinations (6.108542ms)
✔ catalog cursor is bound to current writes (5.917ms)
✔ catalog cursor rejects unpublished, stale, and restarted lookup state (10.856208ms)
✔ catalog cursor expires by injected clock and bounded index eviction requires a fresh search (7.100125ms)
✔ catalog applies permissions before rank, total page size, and hasMore (6.222375ms)
✔ catalog page budgets count Unicode and the entire response envelope (3.189667ms)
✔ catalog rejects invalid bounds and keeps punctuation-only search bounded and empty (4.254458ms)
✔ catalog reuses immutable definition digests across cursor pages and refreshes after registry replacement (9.198083ms)
✔ sqlite/documents-simple: durable reuse keeps evidence identity and charges source costs once after reopen (474.838833ms)
✔ sqlite/observations-simple: durable reuse keeps evidence identity and charges source costs once after reopen (396.68175ms)
✔ file-journal/documents-simple: durable reuse keeps evidence identity and charges source costs once after reopen (2855.684125ms)
✔ file-journal/observations-simple: durable reuse keeps evidence identity and charges source costs once after reopen (3360.276042ms)
✔ sqlite: default deny and fresh request perform actual reads, unreported adapter costs stay unknown (415.249959ms)
✔ sqlite: TTL boundary makes a new read and adoption after expiry rejects an already-stored hit (440.989625ms)
✔ sqlite: a changed principal cannot reuse a result obtained under the old policy (219.6455ms)
✔ sqlite: contract changes before dispatch fail without invoking; unrelated registry changes keep a selected contract usable (228.251041ms)
✔ sqlite: a reuse clone cannot survive source custody removal in history, copies, or context (226.477917ms)
✔ sqlite: original artifact is rechecked at the adoption commit boundary (241.707792ms)
✔ sqlite: a dispatched call without a received measurement remains unknown after reopen (95.459542ms)
✔ sqlite: unsent cancellation and legacy reservation expiry do not create unknown execution costs (101.173666ms)
✔ sqlite: emitted observation source contracts are checked even when that tool schema is not selected (254.026042ms)
✔ sqlite: registry removal while a context frame is staged prevents returning the prepared input (196.984625ms)
✔ file-journal: default deny and fresh request perform actual reads, unreported adapter costs stay unknown (2062.926583ms)
✔ file-journal: TTL boundary makes a new read and adoption after expiry rejects an already-stored hit (3006.821834ms)
✔ file-journal: a changed principal cannot reuse a result obtained under the old policy (1337.007166ms)
✔ file-journal: contract changes before dispatch fail without invoking; unrelated registry changes keep a selected contract usable (1168.881166ms)
✔ file-journal: a reuse clone cannot survive source custody removal in history, copies, or context (1626.977875ms)
✔ file-journal: original artifact is rechecked at the adoption commit boundary (752.616209ms)
✔ file-journal: a dispatched call without a received measurement remains unknown after reopen (184.295709ms)
✔ file-journal: unsent cancellation and legacy reservation expiry do not create unknown execution costs (117.772459ms)
✔ file-journal: emitted observation source contracts are checked even when that tool schema is not selected (1247.457583ms)
✔ file-journal: registry removal while a context frame is staged prevents returning the prepared input (446.554125ms)
✔ adapter-supplied reuse metadata cannot claim an invocation was avoided (91.18ms)
✔ a write tool cannot declare reuse and changing freshness changes the immutable task digest (0.686458ms)
✔ tool reuse: trusted immutable defaults reuse across task IDs while preserving exact original evidence, timing and nullable usage (42.852083ms)
✔ tool reuse: untrusted-default always misses (13.638584ms)
✔ tool reuse: untrusted-request always misses (8.783333ms)
✔ tool reuse: fresh always misses (8.355333ms)
✔ tool reuse: TTL begins at original start, expires at the exact boundary, and is rechecked before adoption (10.985041ms)
✔ tool reuse: retracted source evidence is never reused (10.603167ms)
✔ tool reuse: deleted source evidence is never reused (10.022083ms)
✔ tool reuse: restricted source evidence is never reused (9.620583ms)
✔ tool reuse: corrected source evidence is never reused (9.680834ms)
✔ tool reuse: superseded source evidence is never reused (9.365959ms)
✔ tool reuse: missing source evidence is never reused (8.511375ms)
✔ tool reuse: contract-stamp original attempt cannot establish a cache hit (6.248333ms)
✔ tool reuse: execution-proof original attempt cannot establish a cache hit (7.09925ms)
✔ tool reuse: reused original attempt cannot establish a cache hit (7.421042ms)
✔ tool reuse: not-invoked original attempt cannot establish a cache hit (6.116292ms)
✔ tool reuse: partial original attempt cannot establish a cache hit (6.461041ms)
✔ tool reuse: unknown original attempt cannot establish a cache hit (6.129333ms)
✔ tool reuse: unadopted original attempt cannot establish a cache hit (5.634916ms)
✔ tool reuse: future original attempt cannot establish a cache hit (6.213667ms)
✔ tool reuse: full goal context changes invalidate the old key (6.904042ms)
✔ tool reuse: full goal-revision context changes invalidate the old key (5.932375ms)
✔ tool reuse: full scope context changes invalidate the old key (6.8295ms)
✔ tool reuse: full owner context changes invalidate the old key (6.827791ms)
✔ tool reuse: full labels context changes invalidate the old key (6.268209ms)
✔ tool reuse: full permission context changes invalidate the old key (6.175708ms)
✔ tool reuse: changed immutable sourceVersion or schema under the same tool version invalidates pinned contracts (9.648459ms)
✔ tool reuse: a different canonical input under the same trusted definition is a cache miss (6.318ms)
✔ tool reuse: parent retraction invalidates an unchanged derived evidence payload (8.310667ms)
✔ tool reuse: missing or damaged original bytes and oversized results are conservative misses (12.778ms)
✔ tool reuse: a partial canonical result is not an original complete observation (7.644333ms)
✔ tool reuse: a cursor canonical result is not an original complete observation (9.171542ms)
✔ tool reuse: a reused canonical result is not an original complete observation (7.927958ms)
✔ tool reuse: a identity canonical result is not an original complete observation (10.296875ms)
✔ tool reuse: forged payloads, evidence timing, consumer identity, source stamps and accounting reports fail validation (11.185417ms)
✔ tool reuse: current source knowledge must validate and travels with the reused result (9.027209ms)
✔ tool reuse: source authority changes while canonical receipt lookup waits prevent a stale hit (6.19575ms)
✔ tool reuse: find-remove during the final state read invalidates the registry pin (8.4465ms)
✔ tool reuse: validate-source-version during the final state read invalidates the registry pin (7.89425ms)
✔ tool reuse: validate-labels during the final state read invalidates the registry pin (7.780375ms)
✔ Web HTTP → stored workflow → restart is readonly (sqlite) (908.27625ms)
✔ Web HTTP → stored workflow → restart is readonly (file-journal) (6200.704083ms)
✔ web session is one-time, per-instance, HttpOnly; reload and static reads never execute (32.048708ms)
✔ web Host, Origin, Fetch Metadata, CSRF and strict JSON reject before controller entry (12.984ms)
✔ web exact assets, methods and cursor options do not expose files or internal errors (16.313333ms)
✔ web session expiry during body blocks mutation entry, logout blocks late view payload (27.7425ms)
✔ web bootstrap expires and authenticated request rate has a finite window (372.401875ms)
✔ web SSE emits projection changes at same revision, reconnect is readonly, denial closes (3037.401209ms)
✔ web SSE session revocation, stream cap and lifetime release resources (38.477792ms)
✔ closed SSE keeps physical read slots until completion; reconnect cannot create unbounded reads (386.278417ms)
✔ web pending run permits independent cancel and disconnect does not call cancel (18.113125ms)
✔ browser view: same-revision source invalidation replaces a result without sorting opaque cursors (0.675875ms)
✔ browser view: unavailable invalidates pending details and unchanged cannot resurrect revoked content (0.176542ms)
✔ browser view: an accepted conversation refresh invalidates an older in-flight detail response (0.092666ms)
✔ browser view: work identity, level, revision and goal version cannot be mixed or reversed (0.099541ms)
✔ browser view: repeated message identities update in place while new goal versions have distinct identities (0.126917ms)
✔ browser view: snapshots clone data and invalidate other levels without mutating the previous view (0.075959ms)
✔ browser view: state and cursors remain isolated across two selected works (0.05975ms)
✔ browser view: history readers are not treated as pinned to the end of a scroll region (0.035958ms)
✔ browser reads: serialization starts the next request only after the prior read completes (0.139875ms)
✔ browser reads: unavailability discards already-queued old reads and a new selection has its own queue epoch (0.118333ms)
✔ browser reads: a failed read does not permanently block later explicit reads (0.209958ms)
✔ browser stream: unchanged events make no reads and a burst of changes has at most one follow-up read (0.104ms)
✔ browser stream: an invalidated stream cannot start its queued follow-up refresh (0.475333ms)
✔ browser stream: delayed change notifications only read the current same-revision source state (0.078917ms)
✔ browser acceptance: a lost response keeps the same receipt identity for an explicit retry (0.06675ms)
✔ browser acceptance: the same receipt after a lost response produces one work in a receipt-based fake receiver (0.038ms)
✔ browser status: stored completion is distinct from a currently invalidated result (0.027583ms)
✔ browser goal editing: changing only the description preserves the current fast mode over the original goal mode (0.085625ms)
✔ browser goal editing: a pending requested mode is preserved and its control revision is pinned (0.074375ms)
✔ browser goal editing: a control, goal or work change rejects submission without changing the input draft (0.120708ms)
✔ browser goal editing: an explicit refreshed basis retains user edits and adopts the latest requested mode (0.101334ms)
✔ progress runtime sqlite: renamed tasks share failure history and backoff survives workflow runs and reopening (519.910625ms)
✔ progress runtime sqlite: replanning cannot extend the first semantic request retry deadline (278.0355ms)
✔ progress runtime sqlite: successful empty results still stall and mode, compact, resume and reopening cannot erase that state (540.051666ms)
✔ progress runtime sqlite: a stored tool result settles atomically before allocation gates and verified completion still wins (179.988458ms)
✔ progress runtime sqlite: a stored model reply settles after reopening even when new allocations are blocked (224.995625ms)
✔ progress runtime sqlite: repeated invalid model proposals preserve one failure key and persist model backoff (647.016916ms)
✔ progress runtime sqlite: a new goal starts a new streak while preserving usage, processed history and failure deadlines (140.756291ms)
✔ progress runtime sqlite: an unknown synthetic write remains an obligation ahead of a no-progress allocation stop (218.921917ms)
✔ progress runtime file-journal: renamed tasks share failure history and backoff survives workflow runs and reopening (3341.452ms)
✔ progress runtime file-journal: replanning cannot extend the first semantic request retry deadline (1562.764542ms)
✔ progress runtime file-journal: successful empty results still stall and mode, compact, resume and reopening cannot erase that state (3230.464583ms)
✔ progress runtime file-journal: a stored tool result settles atomically before allocation gates and verified completion still wins (1600.856666ms)
✔ progress runtime file-journal: a stored model reply settles after reopening even when new allocations are blocked (1186.163125ms)
✔ progress runtime file-journal: repeated invalid model proposals preserve one failure key and persist model backoff (2479.060959ms)
✔ progress runtime file-journal: a new goal starts a new streak while preserving usage, processed history and failure deadlines (372.001042ms)
✔ progress runtime file-journal: an unknown synthetic write remains an obligation ahead of a no-progress allocation stop (655.860625ms)
✔ progress: a unique committed operation contributes once and returned state has no mutable aliases (0.809292ms)
✔ progress: permutations, repeated known keys and new operation IDs cannot fabricate productive steps (1.1925ms)
✔ progress: explicit goal epochs reset only the current streak and preserve deduplication and the original retry window (0.338333ms)
✔ progress: processed capacity saturates without evicting prior records or resetting on a new goal (0.253958ms)
✔ progress: knownKeys capacity saturates without evicting prior records or resetting on a new goal (0.168542ms)
✔ progress: repeated failures retain their first deadline and use the current backoff without extending the retry window (0.438417ms)
✔ progress: retry gate respects the work deadline and specific repeated-failure limits (0.176416ms)
✔ progress: policies remain pinned and invalid counters, times, keys or schema fields fail closed (0.5095ms)
✔ capture: a new negative observation is productive while aliases, timestamps and duplicate originals are not (3.037ms)
✔ capture: changed facts, coverage and an authenticated original version can each carry new information (0.3925ms)
✔ capture: derived copies do not add progress or independent completion credit (0.243625ms)
✔ capture: tenant evidence cannot earn progress (0.176583ms)
✔ capture: scope evidence cannot earn progress (0.128ms)
✔ capture: labels evidence cannot earn progress (0.194208ms)
✔ capture: retracted evidence cannot earn progress (0.10675ms)
✔ capture: deleted evidence cannot earn progress (0.2565ms)
✔ capture: blocked-artifact evidence cannot earn progress (0.1485ms)
✔ capture: a hypothesis assessment is credited once per semantic evidence basis, not per hypothesis text or evidence ID (0.344959ms)
✔ capture: no evidence or a stale hypothesis assessment earns a fresh reasoning credit (0.132833ms)
✔ capture: only satisfied obligations contribute and identity or explanation rewrites cannot repeat the credit (0.316833ms)
✔ capture: plan, task, revision, mode, usage and replay changes cannot reset a stalled work (0.172208ms)
✔ capture: trusted explicit item progress and returned state copies follow the same deduplication contract (0.089333ms)
✔ progress sqlite: reopen and duplicate commit preserve settlement counts and the first retry deadline (91.595916ms)
✔ progress file-journal: reopen and duplicate commit preserve settlement counts and the first retry deadline (156.877291ms)
✔ sqlite: public CLI cursor survives process reconnect without executing or changing the work (2085.100625ms)
✔ sqlite: public CLI binds reconnect to the registered conversation and keeps the primary reply route (2276.242209ms)
✔ sqlite: delivered results disappear from the current CLI view after a goal change and explicit cancel (2001.338625ms)
✔ file-journal: public CLI cursor survives process reconnect without executing or changing the work (3160.923875ms)
✔ file-journal: public CLI binds reconnect to the registered conversation and keeps the primary reply route (2938.052917ms)
✔ file-journal: delivered results disappear from the current CLI view after a goal change and explicit cancel (2932.382125ms)
✔ public CLI rejects ambiguous view flags without printing a success response (426.306209ms)
✔ human work view labels prepared outputs and never turns unknown delivery into delivered or read (0.484583ms)
✔ human work view keeps stored completion separate from a currently invalid result (0.059375ms)
✔ human work view strips terminal controls and gives a bounded status reason without replaying diagnostics (0.084583ms)
✔ human work view makes observing another reply route explicit and keeps unchanged output quiet (0.561917ms)
✔ sqlite: empty accepted work reads and reopens without executing, writing, or sending (102.582125ms)
✔ sqlite: ownership, exact route, current read restriction, and diagnostics are distinct checks (99.135875ms)
✔ sqlite: legacy read labels also protect retained text (76.199292ms)
✔ sqlite: cursors bind level, route, actor rights, and work without moving the primary reply (78.626958ms)
✔ sqlite: verified prepared results remain distinct from pending and unknown delivery (167.482959ms)
✔ sqlite: missing source and corrupt response withhold a same-revision result before cursor matching (72.677459ms)
✔ sqlite: originals, goals, cancellation, and hypothesis review invalidate historical replies (127.002125ms)
✔ sqlite: only the current pending question is displayed and resolved questions disappear (146.38775ms)
✔ sqlite: losing a separate hypothesis basis withholds the result consistently at every view level (73.428167ms)
✔ sqlite: a derived evidence card requires every original ancestor to remain available (65.956833ms)
✔ sqlite: knowledge changes reject current and repeated reads without refreshing state (78.865083ms)
✔ sqlite: revocation during artifact reads or final state checks prevents unchanged and snapshots (118.348375ms)
✔ sqlite: a disappearing original during projection is revalidated before returning a cached cursor (72.490667ms)
✔ sqlite: detail and diagnostic cards are bounded and omit raw inputs, outputs, event payloads, and controls (98.812334ms)
✔ file-journal: empty accepted work reads and reopens without executing, writing, or sending (354.961959ms)
✔ file-journal: ownership, exact route, current read restriction, and diagnostics are distinct checks (525.502459ms)
✔ file-journal: legacy read labels also protect retained text (146.653291ms)
✔ file-journal: cursors bind level, route, actor rights, and work without moving the primary reply (594.105625ms)
✔ file-journal: verified prepared results remain distinct from pending and unknown delivery (1758.980625ms)
✔ file-journal: missing source and corrupt response withhold a same-revision result before cursor matching (403.919917ms)
✔ file-journal: originals, goals, cancellation, and hypothesis review invalidate historical replies (789.896208ms)
✔ file-journal: only the current pending question is displayed and resolved questions disappear (496.9775ms)
✔ file-journal: losing a separate hypothesis basis withholds the result consistently at every view level (1254.983584ms)
✔ file-journal: a derived evidence card requires every original ancestor to remain available (454.849625ms)
✔ file-journal: knowledge changes reject current and repeated reads without refreshing state (361.259041ms)
✔ file-journal: revocation during artifact reads or final state checks prevents unchanged and snapshots (683.564459ms)
✔ file-journal: a disappearing original during projection is revalidated before returning a cached cursor (503.050625ms)
✔ file-journal: detail and diagnostic cards are bounded and omit raw inputs, outputs, event payloads, and controls (503.921875ms)
✔ sqlite/documents-simple: SIGKILL at before-execution resumes from reopened stores with 1 source call(s) and one result send (932.179833ms)
✔ sqlite/documents-simple: SIGKILL at response-before-store resumes from reopened stores with 2 source call(s) and one result send (991.449875ms)
✔ sqlite/documents-simple: SIGKILL at response-stored resumes from reopened stores with 1 source call(s) and one result send (859.727542ms)
✔ sqlite/documents-simple: SIGKILL at receiver-committed resumes from reopened stores with 1 source call(s) and one result send (889.968583ms)
✔ sqlite/observations-simple: SIGKILL at before-execution resumes from reopened stores with 1 source call(s) and one result send (897.455542ms)
✔ sqlite/observations-simple: SIGKILL at response-before-store resumes from reopened stores with 2 source call(s) and one result send (1236.559875ms)
✔ sqlite/observations-simple: SIGKILL at response-stored resumes from reopened stores with 1 source call(s) and one result send (974.173ms)
✔ sqlite/observations-simple: SIGKILL at receiver-committed resumes from reopened stores with 1 source call(s) and one result send (1072.694834ms)
✔ sqlite: SIGKILL after a synthetic write effect but before response storage preserves unknown and never repeats the write or claims completion (904.602916ms)
✔ file-journal/documents-simple: SIGKILL at before-execution resumes from reopened stores with 1 source call(s) and one result send (2679.433708ms)
✔ file-journal/documents-simple: SIGKILL at response-before-store resumes from reopened stores with 2 source call(s) and one result send (2197.67925ms)
✔ file-journal/documents-simple: SIGKILL at response-stored resumes from reopened stores with 1 source call(s) and one result send (1140.203208ms)
✔ file-journal/documents-simple: SIGKILL at receiver-committed resumes from reopened stores with 1 source call(s) and one result send (1216.01025ms)
✔ file-journal/observations-simple: SIGKILL at before-execution resumes from reopened stores with 1 source call(s) and one result send (1254.822208ms)
✔ file-journal/observations-simple: SIGKILL at response-before-store resumes from reopened stores with 2 source call(s) and one result send (1229.032583ms)
✔ file-journal/observations-simple: SIGKILL at response-stored resumes from reopened stores with 1 source call(s) and one result send (1182.091667ms)
✔ file-journal/observations-simple: SIGKILL at receiver-committed resumes from reopened stores with 1 source call(s) and one result send (1008.728666ms)
✔ file-journal: SIGKILL after a synthetic write effect but before response storage preserves unknown and never repeats the write or claims completion (767.640459ms)
✔ documents-simple: restarted workflow adopts a stored model response and reaches delivered completion without another planner call (56.710667ms)
✔ observations-simple: restarted workflow adopts a stored model response and reaches delivered completion without another planner call (20.227667ms)
✔ an unknown result delivery causes bounded waiting and only one receipt lookup on the next explicit run (16.4835ms)
✔ a workflow without a planner returns a planning requirement and does not create an inferred plan (6.109ms)
✔ workflow entry requires the full persisted execution policy rather than a narrower read-only view (4.19275ms)
✔ user cancellation between workflow steps preserves terminal state and cancels an unsent model reservation (7.370166ms)
✔ scoped actors cannot enter execution even when their current limits equal the work policy (4.211667ms)
✔ final checkpoint cannot report old completion when a goal change arrives during checkpoint storage (15.681667ms)
✔ workspace: missing or denying memory validators block file operations before workspace I/O (163.054708ms)
✔ workspace: stage rechecks memory custody after its asynchronous I/O (169.676834ms)
✔ workspace: read rechecks memory custody after its asynchronous I/O (184.032125ms)
✔ workspace: checkpoint rechecks memory custody after its asynchronous I/O (188.824958ms)
✔ workspace: restore rechecks memory custody after its asynchronous I/O (158.654791ms)
✔ workspace: cleanup rechecks memory custody after its asynchronous I/O (204.196209ms)
✔ workspace: sqlite checkpoint and byte-for-byte restore survive new state, artifact and workspace instances (415.020959ms)
✔ workspace: file-journal checkpoint and byte-for-byte restore survive new state, artifact and workspace instances (1124.701667ms)
✔ workspace: identical paths are isolated by both work and attempt and ownership is checked before file access (260.540333ms)
✔ workspace: traversal, absolute, ambiguous and platform-specific paths cannot be staged (73.527875ms)
✔ workspace: repeated identical staging is idempotent and different content cannot overwrite it (147.728167ms)
✔ workspace: caller mutations after starting stage cannot change the bytes being staged (69.087958ms)
✔ workspace: two processes cannot overwrite the same staged path with different bytes (178.002542ms)
✔ workspace: artifact saved during a state change remains uncommitted and cannot replace the authoritative revision (165.955ms)
✔ workspace: narrower actor grants never replace the stored work policy during checkpoint commit (120.256792ms)
✔ workspace: policy change during file read prevents returning previously read bytes (94.858167ms)
✔ workspace: generation change during file read prevents returning previously read bytes (104.375208ms)
✔ workspace: policy change during staging prevents a successful stale response and preserves the local file (103.260125ms)
✔ workspace: generation change during staging prevents a successful stale response and preserves the local file (109.399833ms)
✔ workspace: generation changes block even source-free checkpoints and preserve their staged files (164.466333ms)
✔ workspace: restricted is checked when restoring a checkpoint even without a generation change (271.873375ms)
✔ workspace: deleted is checked when restoring a checkpoint even without a generation change (164.760125ms)
✔ workspace: labels is checked when restoring a checkpoint even without a generation change (264.188291ms)
✔ workspace: artifact is checked when restoring a checkpoint even without a generation change (185.124333ms)
✔ workspace: lifecycle changes during artifact restore prevent files from being staged (250.935125ms)
✔ workspace: cleanup preserves files while active (130.872709ms)
✔ workspace: cleanup preserves files while unknown (141.101417ms)
✔ workspace: cleanup preserves files while obligation (124.700583ms)
✔ workspace: cleanup preserves files while uncheckpointed (72.914125ms)
✔ workspace: a file staged after cleanup inspection causes manifest conflict and remains preserved (154.188833ms)
✔ workspace: missing checkpoint content prevents cleanup of the surviving staged file (111.861667ms)
✔ workspace: a remaining lock is never stolen by staging or cleanup (133.017625ms)
✔ workspace: symlink files and replaced roots are rejected instead of reading or overwriting them (58.981084ms)
✔ workspace: content corruption and configured byte or file capacity limits fail without silent truncation (91.009833ms)
ℹ tests 1483
ℹ suites 0
ℹ pass 1483
ℹ fail 0
ℹ cancelled 0
ℹ skipped 0
ℹ todo 0
ℹ duration_ms 132417.966584

> long-horizon-runtime@0.1.0 typecheck:core
> tsc -p tsconfig.core.json


> long-horizon-runtime@0.1.0 check:architecture
> node scripts/check-architecture.mjs

{"inspected":85,"failures":[]}

> long-horizon-runtime@0.1.0 fixtures
> node dist/presentation/fixtures.js

{
  "createdAt": "2026-09-05T16:46:09.577Z",
  "node": "v24.20.0",
  "evaluation": "deterministic_contract_baseline",
  "passed": true,
  "scenarios": 4,
  "checkpoints": 22,
  "elapsedMs": 8.874958,
  "actualModelCalls": 0,
  "actualToolCalls": 0,
  "actualTokenUsage": null,
  "results": [
    {
      "id": "documents-complex",
      "checks": 9,
      "passed": true
    },
    {
      "id": "documents-simple",
      "checks": 3,
      "passed": true
    },
    {
      "id": "observations-complex",
      "checks": 7,
      "passed": true
    },
    {
      "id": "observations-simple",
      "checks": 3,
      "passed": true
    }
  ]
}
