
> long-horizon-runtime@0.1.0 verify
> npm test && npm run typecheck:core && npm run check:architecture && npm run fixtures


> long-horizon-runtime@0.1.0 test
> npm run build && node --test dist/tests/*.test.js


> long-horizon-runtime@0.1.0 build
> tsc -p tsconfig.json && node scripts/record-build.mjs

✔ artifact I/O: metrics snapshots are independent and reset does not modify stored artifacts (44.985459ms)
✔ artifact I/O: first put counts its missing existence probe, exact UTF-8 hashes, and two atomic file writes (26.554542ms)
✔ artifact I/O: duplicate put verifies the existing body and performs no file writes (36.267417ms)
✔ artifact I/O: put repairs a corrupt existing object after counting the failed verification (122.155958ms)
✔ artifact I/O: get and exists each perform independent metadata, body, and integrity work under concurrent reads (42.545584ms)
✔ artifact I/O: tenant and label denials count API calls without opening or hashing files (38.878542ms)
✔ artifact I/O: missing json counts failed opens without claiming unread body bytes (52.412917ms)
✔ artifact I/O: missing blob counts failed opens without claiming unread body bytes (42.417958ms)
✔ artifact I/O: invalid metadata is a verification failure after a successful metadata read (75.125708ms)
✔ artifact I/O: a metadata reference mismatch stops before body read or hashing (42.60625ms)
✔ artifact I/O: same-size tampering hashes the read body (60.166416ms)
✔ artifact I/O: length mismatch preserves the existing hash short circuit (48.404916ms)
✔ artifact I/O: a body symlink remains unreadable and contributes no target bytes (77.533542ms)
✔ content, metadata and permissions survive artifact store restart (38.278916ms)
✔ same bytes under different tenant/labels never share an accessible reference (123.544958ms)
✔ corrupt bytes, missing originals, path traversal and symlink substitution are rejected (88.768917ms)
✔ artifact stored before failed state commit is reused after reopening, without dangling references (127.437375ms)
✔ execution intent and unadopted result persist independently of evidence acceptance (128.966209ms)
✔ budget crash sqlite: SIGKILL after durable child-genesis resumes one grant without Tool or Planner entry (567.108666ms)
✔ budget crash sqlite: SIGKILL after durable parent-grant resumes one grant without Tool or Planner entry (630.349042ms)
✔ budget crash sqlite: SIGKILL after durable child-activation resumes one grant without Tool or Planner entry (670.924833ms)
✔ budget crash sqlite: SIGKILL after parent-draining retains consumed usage and cancels unsent tool once (1231.509167ms)
✔ budget crash sqlite: SIGKILL after child-fence retains consumed usage and cancels unsent tool once (1109.654125ms)
✔ budget crash sqlite: SIGKILL after parent-settlement retains consumed usage and cancels unsent tool once (1040.091292ms)
✔ budget crash sqlite: SIGKILL after parent-draining retains consumed usage and cancels unsent model once (966.089333ms)
✔ budget crash sqlite: SIGKILL after child-fence retains consumed usage and cancels unsent model once (1000.773125ms)
✔ budget crash sqlite: SIGKILL after parent-settlement retains consumed usage and cancels unsent model once (932.611166ms)
✔ budget crash file-journal: SIGKILL after durable child-genesis resumes one grant without Tool or Planner entry (999.063792ms)
✔ budget crash file-journal: SIGKILL after durable parent-grant resumes one grant without Tool or Planner entry (1592.557167ms)
✔ budget crash file-journal: SIGKILL after durable child-activation resumes one grant without Tool or Planner entry (1128.203209ms)
✔ budget crash file-journal: SIGKILL after parent-draining retains consumed usage and cancels unsent tool once (4986.557417ms)
✔ budget crash file-journal: SIGKILL after child-fence retains consumed usage and cancels unsent tool once (5147.616833ms)
✔ budget crash file-journal: SIGKILL after parent-settlement retains consumed usage and cancels unsent tool once (5205.851583ms)
✔ budget crash file-journal: SIGKILL after parent-draining retains consumed usage and cancels unsent model once (5507.804417ms)
✔ budget crash file-journal: SIGKILL after child-fence retains consumed usage and cancels unsent model once (4940.660333ms)
✔ budget crash file-journal: SIGKILL after parent-settlement retains consumed usage and cancels unsent model once (5674.219292ms)
✔ budget runtime sqlite: child execution settles once across duplicate creation, reconciliation and reopen without copying evidence (259.455125ms)
✔ budget runtime sqlite: parent remaining calls execute while escrow prevents parent and sibling over-allocation (247.548625ms)
✔ budget runtime sqlite: concurrent sibling grants cannot oversubscribe one parent's remaining budget (97.961958ms)
✔ budget runtime sqlite: a child's last logical tool call is consumed by an actual dispatch and cannot be minted by a new task ID (367.188625ms)
✔ budget runtime sqlite: actual model dispatch and reported tokens remain charged when its plan is rejected (431.512334ms)
✔ budget runtime sqlite: a child token cap below the estimated reservation prevents durable model allocation and transport (170.985709ms)
✔ budget runtime sqlite: revoking an unsent tool reservation fences the child and returns only unused escrow (272.974208ms)
✔ budget runtime sqlite: revoking an unsent model reservation fences the child and returns only unused escrow (311.208166ms)
✔ budget runtime sqlite: revoke retains an active model's unknown usage, then late accounting settles once without adopting its plan (559.587083ms)
✔ budget runtime sqlite: unknown write effects keep the grant outstanding after revoke and restart (408.037625ms)
✔ budget runtime sqlite: reported model overage is charged to the parent without clamping and prevents further funding (439.781458ms)
✔ budget runtime sqlite: reducing limits preserves committed charges and child deadlines while blocking new grants (358.172334ms)
✔ budget runtime sqlite: pending genesis cannot execute before funding (264.8635ms)
✔ budget runtime sqlite: pending genesis cannot execute before funding and parent cancellation wins activation (132.966833ms)
✔ budget runtime sqlite: child funding rejects broader authority, altered duplicate commands and work ID reattachment (103.069417ms)
✔ budget runtime sqlite: grant commit ACK loss resumes the same grant and child without another allocation (210.673458ms)
✔ budget runtime sqlite: activation commit ACK loss resumes the same grant and child without another allocation (147.200333ms)
✔ budget runtime sqlite: revocation during child activation installs a fence that the stale activation cannot overwrite (172.604792ms)
✔ budget runtime sqlite: revoke after tool dispatch and before entry prevents transport while keeping the logical dispatch charge (215.130875ms)
✔ budget runtime sqlite: revoke after model dispatch and before entry prevents transport while keeping the logical dispatch charge (363.842667ms)
✔ budget runtime sqlite: actual replan adoption spends the child's delegated replan allowance once (380.3325ms)
✔ budget runtime sqlite: nested child execution reconciles through both grants without double charging or copying originals (274.2025ms)
✔ budget runtime sqlite: an unfunded pending child cannot turn resume or a new goal into execution authority (106.333458ms)
✔ budget runtime sqlite: a parent goal change fences a child's previously reserved tool before entry (153.708625ms)
✔ budget runtime sqlite: a parent policy change fences a child's previously reserved tool before entry (175.427166ms)
✔ budget runtime sqlite: a parent deadline change fences a child's previously reserved tool before entry (170.90675ms)
✔ budget runtime sqlite: a partially reported model response retains known tokens and unknown reservation after revoke and reopen (281.807583ms)
✔ budget runtime sqlite: sibling overage received during a tool dispatch ACK delay prevents its actual entry despite stale parent accounting (411.425917ms)
✔ budget runtime sqlite: sibling overage received during a model dispatch ACK delay prevents its actual entry despite stale parent accounting (454.100041ms)
✔ budget runtime file-journal: child execution settles once across duplicate creation, reconciliation and reopen without copying evidence (2439.187459ms)
✔ budget runtime file-journal: parent remaining calls execute while escrow prevents parent and sibling over-allocation (2224.8685ms)
✔ budget runtime file-journal: concurrent sibling grants cannot oversubscribe one parent's remaining budget (730.954916ms)
✔ budget runtime file-journal: a child's last logical tool call is consumed by an actual dispatch and cannot be minted by a new task ID (2575.06325ms)
✔ budget runtime file-journal: actual model dispatch and reported tokens remain charged when its plan is rejected (2106.147833ms)
✔ budget runtime file-journal: a child token cap below the estimated reservation prevents durable model allocation and transport (1024.781583ms)
✔ budget runtime file-journal: revoking an unsent tool reservation fences the child and returns only unused escrow (1643.834208ms)
✔ budget runtime file-journal: revoking an unsent model reservation fences the child and returns only unused escrow (1089.154459ms)
✔ budget runtime file-journal: revoke retains an active model's unknown usage, then late accounting settles once without adopting its plan (2158.851333ms)
✔ budget runtime file-journal: unknown write effects keep the grant outstanding after revoke and restart (2825.034333ms)
✔ budget runtime file-journal: reported model overage is charged to the parent without clamping and prevents further funding (2329.815417ms)
✔ budget runtime file-journal: reducing limits preserves committed charges and child deadlines while blocking new grants (2644.204ms)
✔ budget runtime file-journal: pending genesis cannot execute before funding (2175.69675ms)
✔ budget runtime file-journal: pending genesis cannot execute before funding and parent cancellation wins activation (460.979625ms)
✔ budget runtime file-journal: child funding rejects broader authority, altered duplicate commands and work ID reattachment (698.990417ms)
✔ budget runtime file-journal: grant commit ACK loss resumes the same grant and child without another allocation (718.777625ms)
✔ budget runtime file-journal: activation commit ACK loss resumes the same grant and child without another allocation (510.097875ms)
✔ budget runtime file-journal: revocation during child activation installs a fence that the stale activation cannot overwrite (551.663708ms)
✔ budget runtime file-journal: revoke after tool dispatch and before entry prevents transport while keeping the logical dispatch charge (1819.2275ms)
✔ budget runtime file-journal: revoke after model dispatch and before entry prevents transport while keeping the logical dispatch charge (2449.168375ms)
✔ budget runtime file-journal: actual replan adoption spends the child's delegated replan allowance once (4206.059125ms)
✔ budget runtime file-journal: nested child execution reconciles through both grants without double charging or copying originals (4650.178375ms)
✔ budget runtime file-journal: an unfunded pending child cannot turn resume or a new goal into execution authority (687.645833ms)
✔ budget runtime file-journal: a parent goal change fences a child's previously reserved tool before entry (2045.663084ms)
✔ budget runtime file-journal: a parent policy change fences a child's previously reserved tool before entry (2100.026917ms)
✔ budget runtime file-journal: a parent deadline change fences a child's previously reserved tool before entry (1918.044625ms)
✔ budget runtime file-journal: a partially reported model response retains known tokens and unknown reservation after revoke and reopen (2280.582084ms)
✔ budget runtime file-journal: sibling overage received during a tool dispatch ACK delay prevents its actual entry despite stale parent accounting (4049.245ms)
✔ budget runtime file-journal: sibling overage received during a model dispatch ACK delay prevents its actual entry despite stale parent accounting (2990.657417ms)
✔ budget exposure: own usage and reservations add each dimension without charging elapsed time or unknown counts as tokens (0.700084ms)
✔ budget exposure: active and draining escrow count once even when the same child usage has already been observed (0.221084ms)
✔ budget exposure: usage above allocation and outstanding reservations remain visible in independent dimensions (0.143083ms)
✔ budget exposure: settling replaces escrow with accounted plus reserved amounts and repeated reads cannot refund twice (0.120167ms)
✔ budget exposure: unknown and partially reported model usage keeps reserved tokens even on a settled summary (1.798333ms)
✔ budget exposure: a lower parent limit preserves actual costs and reports each excess without negative remaining values (0.256334ms)
✔ budget exposure: separate grants sum but duplicate IDs and duplicate child funding records are rejected (1.154917ms)
✔ budget exposure: zero-funded grants remain explicit and cannot hide a later reported expense (4.772958ms)
✔ budget exposure: max-safe totals are exact and overflow in local, grant, aggregate or combined arithmetic fails closed (2.208583ms)
✔ budget exposure: fractional, negative, nonfinite, unsafe and missing values never become zero (2.100208ms)
✔ budget exposure: grant schema keeps authority identity strict and requires a state revision for observed or settled accounting (1.08275ms)
✔ budget exposure: parent links preserve pending, active and draining as different stored phases without conferring allocation authority (1.016708ms)
✔ budget exposure: empty and absent grant lists are equivalent while malformed and over-cap lists are rejected (56.97925ms)
✔ budget exposure: projections and strict schema copies share no mutable vectors with the ledger (0.11625ms)
✔ CLI resumes across processes, keeps conversation/work identities and separates disconnect, pause and cancel (4332.468583ms)
✔ CLI human output is reception plus result, with no internal events or ANSI: documents-simple (914.6305ms)
✔ CLI human output is reception plus result, with no internal events or ANSI: observations-simple (842.944ms)
✔ CLI goal changes require an explicit revision and failures have no success JSON on stdout (1113.342417ms)
✔ CLI checkpoint is a derived reference and an old resume file does not reverse a paused work (2209.47025ms)
✔ context compiler sqlite/documents-complex: five published working sets retain counterevidence and rediscover an early original (2111.346125ms)
✔ context compiler sqlite/observations-complex: five published working sets retain counterevidence and rediscover an early original (2009.1485ms)
✔ context compiler file-journal/documents-complex: five published working sets retain counterevidence and rediscover an early original (10551.68025ms)
✔ context compiler file-journal/observations-complex: five published working sets retain counterevidence and rediscover an early original (10325.655917ms)
✔ context compiler sqlite: five compactions preserve canonical unknown effect and timed response obligations (672.397291ms)
✔ context compiler file-journal: five compactions preserve canonical unknown effect and timed response obligations (2902.249833ms)
✔ context compiler sqlite: selected schemas reduce the actual structured transport request and preserve precise byte accounting (236.635875ms)
ℹ {"backend":"sqlite","baselinePacketBytes":4700,"baselineToolBytes":516593,"packetBytes":2471,"toolBytes":33733,"envelopeBytes":36282,"requestBytes":41004,"selectedToolCount":13,"catalogTotal":81}
✔ context compiler file-journal: selected schemas reduce the actual structured transport request and preserve precise byte accounting (405.051875ms)
ℹ {"backend":"file-journal","baselinePacketBytes":4700,"baselineToolBytes":516593,"packetBytes":2471,"toolBytes":33733,"envelopeBytes":36282,"requestBytes":41004,"selectedToolCount":13,"catalogTotal":81}
✔ context compiler sqlite: an oversized mandatory goal fails before candidate storage or transport (119.733791ms)
✔ context compiler file-journal: an oversized mandatory goal fails before candidate storage or transport (237.069375ms)
✔ context copy: a canonical two-level invocation copy cannot restore guidance body after its catalog version is replaced (89.720166ms)
✔ context copy: two nested call results stop exposing a tool body when original tool permission is revoked (29.969583ms)
✔ context dispatch sqlite: persisted reservation does not send removed registration (318.213333ms)
✔ context dispatch sqlite: persisted reservation does not send replacement version (243.332667ms)
✔ context dispatch sqlite: persisted reservation does not send changed input schema under the same ID and version (238.649792ms)
✔ context dispatch sqlite: persisted reservation does not send changed allowed labels under the same ID and version (273.454625ms)
✔ context dispatch sqlite: persisted reservation does not send changed allowed destination under the same ID and version (352.859ms)
✔ context dispatch file-journal: persisted reservation does not send removed registration (984.410583ms)
✔ context dispatch file-journal: persisted reservation does not send replacement version (1015.325625ms)
✔ context dispatch file-journal: persisted reservation does not send changed input schema under the same ID and version (1007.844625ms)
✔ context dispatch file-journal: persisted reservation does not send changed allowed labels under the same ID and version (989.024417ms)
✔ context dispatch file-journal: persisted reservation does not send changed allowed destination under the same ID and version (967.948ms)
✔ context dispatch sqlite: persisted guidance required-rules change is checked before transport (382.772417ms)
✔ context dispatch sqlite: persisted guidance version change is checked before transport (387.801459ms)
✔ context dispatch file-journal: persisted guidance required-rules change is checked before transport (1431.954291ms)
✔ context dispatch file-journal: persisted guidance version change is checked before transport (1608.932292ms)
✔ context dispatch sqlite: unchanged tool and trusted guidance contracts resume the stored request once (401.002459ms)
✔ context dispatch file-journal: unchanged tool and trusted guidance contracts resume the stored request once (1619.089208ms)
✔ context guidance: trusted required rules, exact version and hash survive published body eviction (54.27125ms)
✔ context guidance: a manifest without required rules keeps the full original and fails a smaller input budget (24.713042ms)
✔ context guidance: result-provided rules cannot replace an absent trusted manifest rule set (12.562083ms)
✔ context guidance: current label revocation prevents a previously published original from reappearing (15.887792ms)
✔ context guidance: a missing original cannot be recovered from its copied tool result or prior frame (15.141666ms)
✔ context guidance: replacing the catalog version does not expose the superseded loaded body (14.942ms)
✔ context guidance: replacing trusted bytes under the same version rejects the old manifest and body (8.208709ms)
✔ context guidance: a stored result with a mismatched attemptId is rejected (8.407625ms)
✔ context guidance: a stored result with a mismatched resultId is rejected (8.457ms)
✔ context guidance: the actual dispatch receipt must match the adopted attempt task digest (8.396833ms)
✔ sqlite/model_call_reserved: publishing requires the derived blob, later loss permits commits and regeneration while original loss blocks both (249.398875ms)
✔ sqlite/context_compacted: publishing requires the derived blob, later loss permits commits and regeneration while original loss blocks both (222.790042ms)
✔ sqlite: publishing detects a context head reference conflict before committing (126.351917ms)
✔ sqlite: a blocked context candidate cannot be newly published even when its bytes remain (125.684209ms)
✔ sqlite/retract: lifecycle retires the context head and access removal also blocks its retained artifact (271.683625ms)
✔ sqlite/correct: lifecycle retires the context head and access removal also blocks its retained artifact (230.040625ms)
✔ sqlite/restrict: lifecycle retires the context head and access removal also blocks its retained artifact (190.492917ms)
✔ sqlite/delete: lifecycle retires the context head and access removal also blocks its retained artifact (230.072875ms)
✔ sqlite/dependency_changed: lifecycle retires the context head and access removal also blocks its retained artifact (189.859584ms)
✔ file-journal/model_call_reserved: publishing requires the derived blob, later loss permits commits and regeneration while original loss blocks both (631.762792ms)
✔ file-journal/context_compacted: publishing requires the derived blob, later loss permits commits and regeneration while original loss blocks both (615.9235ms)
✔ file-journal: publishing detects a context head reference conflict before committing (213.917458ms)
✔ file-journal: a blocked context candidate cannot be newly published even when its bytes remain (181.249167ms)
✔ file-journal/retract: lifecycle retires the context head and access removal also blocks its retained artifact (406.554666ms)
✔ file-journal/correct: lifecycle retires the context head and access removal also blocks its retained artifact (351.265375ms)
✔ file-journal/restrict: lifecycle retires the context head and access removal also blocks its retained artifact (396.825291ms)
✔ file-journal/delete: lifecycle retires the context head and access removal also blocks its retained artifact (351.731209ms)
✔ file-journal/dependency_changed: lifecycle retires the context head and access removal also blocks its retained artifact (348.356542ms)
✔ sqlite: source deletion during the context head exists check prevents reservation and head publication (498.495167ms)
✔ sqlite: source deletion inside repository commit retires the published head and cancels the model reservation before returning (467.145416ms)
✔ sqlite: losing the prior frame does not turn an old catalog request into a conflict with the current task version (496.521084ms)
✔ file-journal: source deletion during the context head exists check prevents reservation and head publication (6357.26425ms)
✔ file-journal: source deletion inside repository commit retires the published head and cancels the model reservation before returning (5783.315291ms)
✔ file-journal: losing the prior frame does not turn an old catalog request into a conflict with the current task version (1902.8705ms)
✔ required full and reference information survives optional content pressure (1.938708ms)
✔ a full value cheaper than its required reference satisfies the minimum without overflow (0.237542ms)
✔ a required reference cap rejects contradictory bounds and never substitutes a cheaper full payload (0.34875ms)
✔ optional reference caps consume only reference bytes and remain omitted when that representation does not fit (0.199542ms)
✔ a reference cap overrides full residency and new use without counting references as full reloads (0.662209ms)
✔ high and low watermarks retain compact mode until the lower boundary is crossed (0.178666ms)
✔ mere inclusion is not actual use and an idle full value does not automatically reload (0.35475ms)
✔ a new actual use marker refreshes usage and reloads the same digest once (0.24175ms)
✔ minimum residency delays idle eviction for two cycles while the hard budget still wins (0.167709ms)
✔ five changing working sets preserve old counterevidence, pending and unknown references (0.563083ms)
✔ removed authority and changed digests cannot be revived by resident or use history (0.354833ms)
✔ decisions are stable by minimum, priority, real use, recency, residence and key (0.185ms)
✔ recently evicted content waits through cooldown unless actual use or a minimum requires it (0.10225ms)
✔ memo storage is bounded and prioritizes selected residents without changing decisions (0.883458ms)
✔ inputs and previous memo stay immutable and byte sums match selected representations (0.144792ms)
✔ duplicate keys, malformed items, invalid budgets and inconsistent memo are rejected (0.64725ms)
✔ context store stages an immutable frame without publishing it and reads the installed basis N from revision N+1 (79.029459ms)
✔ context store sqlite: derived frame and installed head survive separate reopened instances (134.013417ms)
✔ context store file-journal: derived frame and installed head survive separate reopened instances (381.050791ms)
✔ context store regenerates a missing derived frame without editing the authoritative head (75.733292ms)
✔ context store regenerates a corrupt derived frame without editing the authoritative head (72.96925ms)
✔ context store regenerates a invalid-json derived frame without editing the authoritative head (86.841458ms)
✔ context store regenerates a invalid-schema derived frame without editing the authoritative head (100.920583ms)
✔ context store excludes a foreign-work previous head or frame (113.644583ms)
✔ context store excludes a foreign-tenant previous head or frame (76.13175ms)
✔ context store excludes a cycle previous head or frame (72.978ms)
✔ context store excludes a basis previous head or frame (58.84125ms)
✔ context store excludes a unpublished previous head or frame (41.077708ms)
✔ context store excludes a policy previous head or frame (86.93325ms)
✔ context store excludes a goal previous head or frame (49.564958ms)
✔ context store excludes a generation previous head or frame (62.336334ms)
✔ context store excludes a blocked previous head or frame (67.799084ms)
✔ context store excludes a underlabelled previous head or frame (105.248292ms)
✔ context store checks stale frame basis and forbidden packet policy before writing any candidate (6.607541ms)
✔ context store previous rejects goal changes during artifact I/O (76.017959ms)
✔ context store previous rejects policy changes during artifact I/O (55.9655ms)
✔ context store previous rejects generation changes during artifact I/O (77.315625ms)
✔ context store previous rejects source changes during artifact I/O (52.357708ms)
✔ context store put rejects goal changes during artifact I/O (77.989875ms)
✔ context store put rejects policy changes during artifact I/O (65.9405ms)
✔ context store put rejects generation changes during artifact I/O (65.076875ms)
✔ context store put rejects source changes during artifact I/O (63.225708ms)
✔ context store readback rejects goal changes during artifact I/O (55.8375ms)
✔ context store readback rejects policy changes during artifact I/O (47.738ms)
✔ context store readback rejects generation changes during artifact I/O (65.9055ms)
✔ context store readback rejects source changes during artifact I/O (59.172084ms)
✔ context store never turns state or source failure during a missing-frame read into successful regeneration (73.00325ms)
✔ context store refuses unavailable knowledge even when there is no previous head (10.671375ms)
✔ context store leaves the previous head intact when candidate storage fails (61.049917ms)
✔ context store rejects a relabelled put receipt or altered readback bytes and never publishes a head (62.592417ms)
✔ context store applies byte limits before writing or loading a derived frame (73.400209ms)
✔ canonical state has explicit nulls, bounded revisions and no provider/SQL objects (2.717041ms)
✔ goal validation cannot silently drop unknown authorization fields or empty completion rules (0.117291ms)
✔ partial result is distinct from complete result and API errors are not evidence of absence (0.454ms)
✔ plan and context explicitly bind state and goal revisions (0.518958ms)
✔ invalid provider content is not included in validation error text (0.108084ms)
✔ a late counterexample prevents a previously delivered answer from being displayed as the current result (624.896083ms)
✔ a public snapshot retries a goal change during artifact verification (632.346125ms)
✔ conversation view keeps message selection and public status on the same revision (740.088291ms)
✔ cancelled work displays its status rather than its historical delivered result (640.615375ms)
✔ request acceptance is atomic, duplicate input is stable and each conversation can bind several works (17.681583ms)
✔ failed acceptance commit creates neither a work nor a reception acknowledgment (111.009625ms)
✔ analysis, response preparation, delivery and completion are distinct; retransmission never collects evidence again (23.283875ms)
✔ analysis-only completion does not pretend that its result was prepared or delivered (7.753625ms)
✔ pending questions are grouped once and resolving a question cannot waive required result delivery (5.749125ms)
✔ independent dispatchers claim once and receipt reconciliation after restart does not send again (74.049667ms)
✔ ambiguous delivery with no idempotency stays unknown, including repeated and timed-out lookup (10.129667ms)
✔ idempotent absent receipt permits only a bounded later retry and permanent failure stays visible (4.190583ms)
✔ goal before delivery prevents an obsolete or unauthorized result from being sent (6.82625ms)
✔ cancel before delivery prevents an obsolete or unauthorized result from being sent (5.743959ms)
✔ labels before delivery prevents an obsolete or unauthorized result from being sent (6.273959ms)
✔ destination before delivery prevents an obsolete or unauthorized result from being sent (5.771584ms)
✔ pause preserves pending delivery and resume can complete it without another source call (7.256834ms)
✔ late confirmed delivery is historical and cannot satisfy a revised goal (5.868042ms)
✔ an uncertain old-goal delivery retains its uncertainty when superseded by a new goal (6.541125ms)
✔ SIGKILL between channel commit and outbox settlement recovers from two reopened databases without another send (349.72875ms)
✔ a never-dispatched response can be prepared after permission restoration, and large questions retain their full artifact (14.464666ms)
✔ sqlite/documents-simple: delete blocks derived copies and pending result; restart preserves tombstone and cancellation works after bytes are absent (537.079792ms)
✔ sqlite/observations-simple: delete blocks derived copies and pending result; restart preserves tombstone and cancellation works after bytes are absent (548.096667ms)
✔ file-journal/documents-simple: delete blocks derived copies and pending result; restart preserves tombstone and cancellation works after bytes are absent (2331.504042ms)
✔ file-journal/observations-simple: delete blocks derived copies and pending result; restart preserves tombstone and cancellation works after bytes are absent (1884.061417ms)
✔ sqlite: lifecycle ownership, concurrent generation and command identity are enforced (254.26525ms)
✔ sqlite: a question prepared before access removal is superseded without sending its text (244.367459ms)
✔ sqlite: data removal preserves an already dispatched write as an unresolved effect (211.947209ms)
✔ sqlite: tool reply is revalidated after lifecycle change during artifact storage (230.28ms)
✔ sqlite: model reply is revalidated after lifecycle change during artifact storage (372.840542ms)
✔ sqlite: validity retraction allows labelled historical inspection and correction uses a new immutable evidence ID (240.794ms)
✔ sqlite: a stored core.calls.get copy cannot expose deleted source content (322.946292ms)
✔ sqlite: evidence read rechecks a lifecycle change during artifact I/O (236.070833ms)
✔ sqlite: original read rechecks a lifecycle change during artifact I/O (215.045917ms)
✔ sqlite: result read rechecks a lifecycle change during artifact I/O (213.872625ms)
✔ sqlite: old dispatched tool reply after deletion is stored only as a sanitized failure (197.825542ms)
✔ sqlite: late model reply after deletion retains measured usage without retaining forbidden proposal text (363.68575ms)
✔ file-journal: lifecycle ownership, concurrent generation and command identity are enforced (827.341333ms)
✔ file-journal: a question prepared before access removal is superseded without sending its text (1443.74575ms)
✔ file-journal: data removal preserves an already dispatched write as an unresolved effect (1015.325042ms)
✔ file-journal: tool reply is revalidated after lifecycle change during artifact storage (834.516542ms)
✔ file-journal: model reply is revalidated after lifecycle change during artifact storage (1100.026708ms)
✔ file-journal: validity retraction allows labelled historical inspection and correction uses a new immutable evidence ID (1134.707417ms)
✔ file-journal: a stored core.calls.get copy cannot expose deleted source content (1786.439166ms)
✔ file-journal: evidence read rechecks a lifecycle change during artifact I/O (745.489834ms)
✔ file-journal: original read rechecks a lifecycle change during artifact I/O (656.031792ms)
✔ file-journal: result read rechecks a lifecycle change during artifact I/O (815.119958ms)
✔ file-journal: old dispatched tool reply after deletion is stored only as a sanitized failure (702.761ms)
✔ file-journal: late model reply after deletion retains measured usage without retaining forbidden proposal text (954.24025ms)
✔ sqlite: restricted work reaches neither external estimator nor model even without an evidence body (112.059166ms)
✔ sqlite: authorized internal model retains the floor through a forced compact and stored request (102.603959ms)
✔ sqlite: disclosure revoked during source assembly stops the estimator before it receives prose (184.118333ms)
✔ sqlite: revoked model disclosure cancels a stored request before adapter entry (117.9545ms)
✔ sqlite: disclosure revoked during stored model input read stops the final transport (158.77475ms)
✔ sqlite: tool access labels cannot authorize restricted task inputs to an external tool (147.07325ms)
✔ sqlite: read permission narrowing does not relabel old task prose as public (111.551708ms)
✔ sqlite: authorized internal tool receives one invocation after current disclosure check (94.04225ms)
✔ sqlite: changed disclosure during asynchronous tool preflight stops adapter entry (106.756792ms)
✔ sqlite: denied channel cannot receive even a queued acknowledgement from restricted work (110.980167ms)
✔ sqlite: disclosure revocation preserves unknown delivery and prevents full-body lookup (153.037958ms)
✔ sqlite: still-authorized unknown delivery uses lookup without resending (151.190167ms)
✔ sqlite: policy changed during artifact check stops an unknown question lookup (200.055709ms)
✔ sqlite: child budget cannot omit or expand parent disclosure policy (64.433667ms)
✔ sqlite: child read-scope narrowing inherits the parent prose floor and blocks model export (89.376542ms)
✔ sqlite: legacy parent cannot classify copied work prose by creating a boundary-enabled child (73.540833ms)
✔ sqlite: floor and active policy cannot be removed by a direct state commit (61.225917ms)
✔ sqlite: classifying a preexisting legacy work requires explicit migration (74.263125ms)
✔ file-journal: restricted work reaches neither external estimator nor model even without an evidence body (214.569875ms)
✔ file-journal: authorized internal model retains the floor through a forced compact and stored request (843.21775ms)
✔ file-journal: disclosure revoked during source assembly stops the estimator before it receives prose (279.989333ms)
✔ file-journal: revoked model disclosure cancels a stored request before adapter entry (472.7025ms)
✔ file-journal: disclosure revoked during stored model input read stops the final transport (440.086ms)
✔ file-journal: tool access labels cannot authorize restricted task inputs to an external tool (357.71825ms)
✔ file-journal: read permission narrowing does not relabel old task prose as public (574.156041ms)
✔ file-journal: authorized internal tool receives one invocation after current disclosure check (524.861625ms)
✔ file-journal: changed disclosure during asynchronous tool preflight stops adapter entry (609.717375ms)
✔ file-journal: denied channel cannot receive even a queued acknowledgement from restricted work (415.45825ms)
✔ file-journal: disclosure revocation preserves unknown delivery and prevents full-body lookup (800.59775ms)
✔ file-journal: still-authorized unknown delivery uses lookup without resending (479.944875ms)
✔ file-journal: policy changed during artifact check stops an unknown question lookup (1227.255125ms)
✔ file-journal: child budget cannot omit or expand parent disclosure policy (207.921083ms)
✔ file-journal: child read-scope narrowing inherits the parent prose floor and blocks model export (412.811917ms)
✔ file-journal: legacy parent cannot classify copied work prose by creating a boundary-enabled child (148.914209ms)
✔ file-journal: floor and active policy cannot be removed by a direct state commit (137.180667ms)
✔ file-journal: classifying a preexisting legacy work requires explicit migration (87.791458ms)
✔ memory state adapter applies the same floor transition guard as persistent adapters (0.672417ms)
✔ direct structured adapter denies estimation and transport using the retained context floor (0.9575ms)
✔ disclosure comparison: twelve A/B/C transport cases use two fixture families and reopened persistent stores (10770.975375ms)
✔ disclosure comparison: independent scoring rejects injected outbound originals even with rewritten measurement claims (271.924459ms)
✔ disclosure comparison: empty release, missing raw checks and advisory authority cannot become passing zero-leak samples (1963.708833ms)
✔ disclosure comparison: same-lineage and renamed copies retain root dependency while missing roots cannot independently complete (1.4495ms)
✔ disclosure comparison: tool and A2A data cannot add policy authority to a strict model proposal or mutate stored work (1.589625ms)
✔ destination rules combine read authority, destination, surface and labels (0.733417ms)
✔ duplicate destinations and rules with arbitrary output keys or ambiguous mappings are rejected (1.836584ms)
✔ child policies cannot remove destination restrictions or increase release budgets (0.13975ms)
✔ sqlite: release keeps only finite mapped facts and preserves immutable internal source proof (155.205708ms)
✔ sqlite: retry and reopen reuse the recorded release without resetting its budget (135.187459ms)
✔ sqlite: lineage aliases count repeated copies as the same source (131.571166ms)
✔ sqlite: release does not accept data-supplied policy, an unknown field value, or missing evidence (153.024ms)
✔ sqlite: restrict invalidates a stored release and preserves prior disclosure usage (169.892ms)
✔ sqlite: retract invalidates a stored release and preserves prior disclosure usage (154.176791ms)
✔ sqlite: supersede invalidates a stored release and preserves prior disclosure usage (140.038583ms)
✔ sqlite: delete invalidates a stored release and preserves prior disclosure usage (146.942417ms)
✔ sqlite: policy invalidates a stored release and preserves prior disclosure usage (136.62925ms)
✔ sqlite: goal invalidates a stored release and preserves prior disclosure usage (135.02675ms)
✔ sqlite: current read restrictions and wrong actor prevent release and later read (122.995209ms)
✔ sqlite: policy revocation during original read prevents publication (138.036875ms)
✔ sqlite: raw source gates cover every export surface without reclassifying the source (128.470375ms)
✔ sqlite: accumulated bytes and request identity remain binding (173.517958ms)
✔ sqlite: concurrent release publication does not overspend a one-release budget (124.968959ms)
✔ sqlite: release proof and cumulative history cannot be deleted or rewritten (131.719625ms)
✔ file-journal: release keeps only finite mapped facts and preserves immutable internal source proof (352.077959ms)
✔ file-journal: retry and reopen reuse the recorded release without resetting its budget (622.679833ms)
✔ file-journal: lineage aliases count repeated copies as the same source (452.032917ms)
✔ file-journal: release does not accept data-supplied policy, an unknown field value, or missing evidence (298.161458ms)
✔ file-journal: restrict invalidates a stored release and preserves prior disclosure usage (378.815125ms)
✔ file-journal: retract invalidates a stored release and preserves prior disclosure usage (331.723ms)
✔ file-journal: supersede invalidates a stored release and preserves prior disclosure usage (355.066041ms)
✔ file-journal: delete invalidates a stored release and preserves prior disclosure usage (517.005291ms)
✔ file-journal: policy invalidates a stored release and preserves prior disclosure usage (482.806042ms)
✔ file-journal: goal invalidates a stored release and preserves prior disclosure usage (457.068458ms)
✔ file-journal: current read restrictions and wrong actor prevent release and later read (423.138583ms)
✔ file-journal: policy revocation during original read prevents publication (339.794417ms)
✔ file-journal: raw source gates cover every export surface without reclassifying the source (1290.679ms)
✔ file-journal: accumulated bytes and request identity remain binding (635.162208ms)
✔ file-journal: concurrent release publication does not overspend a one-release budget (605.910542ms)
✔ file-journal: release proof and cumulative history cannot be deleted or rewritten (338.033625ms)
✔ sqlite: a generic artifact reference cannot bypass its connected evidence restriction (125.696541ms)
✔ sqlite: changed or unavailable memory dependencies stop release and raw views (118.224708ms)
✔ sqlite: a new lineage on derived evidence does not create a new independent root (114.023666ms)
✔ sqlite: a lost commit response cannot erase a disclosure or give its budget back (143.155834ms)
✔ sqlite: an unclassified new work cannot opt in with an empty label floor (131.412209ms)
✔ file-journal: a generic artifact reference cannot bypass its connected evidence restriction (192.358042ms)
✔ file-journal: changed or unavailable memory dependencies stop release and raw views (461.849833ms)
✔ file-journal: a new lineage on derived evidence does not create a new independent root (423.922583ms)
✔ file-journal: a lost commit response cannot erase a disclosure or give its budget back (412.64375ms)
✔ file-journal: an unclassified new work cannot opt in with an empty label floor (107.041958ms)
✔ sqlite: every released transport entry rechecks source authority and receiver binding (166.353084ms)
✔ sqlite: revocation during released source validation prevents receiver entry (128.558666ms)
✔ sqlite: a receiver exception is an unknown outcome with retained release usage and no source-bearing error (134.490542ms)
✔ file-journal: every released transport entry rechecks source authority and receiver binding (548.722084ms)
✔ file-journal: revocation during released source validation prevents receiver entry (445.824334ms)
✔ file-journal: a receiver exception is an unknown outcome with retained release usage and no source-bearing error (403.093542ms)
✔ sqlite: initial model disclosure denial returns a durable blocked workflow and checkpoint (150.5535ms)
✔ sqlite: revoked reserved model is accounted as unused and resumes with one fresh call after reopen (331.707125ms)
✔ sqlite: disclosure changes inside dispatch preflight settle a known-unused reservation instead of escaping (133.67375ms)
✔ sqlite: required result channel denial persists blocked state and can resume delivery from checkpoint (154.2005ms)
✔ sqlite: completed analysis keeps its terminal state while unavailable channel yields an undelivered response (166.753292ms)
✔ sqlite: an unsuccessful resume under unchanged channel policy blocks again without becoming runnable (117.959375ms)
✔ sqlite: simultaneous cancel and disclosure revocation preserve user control and unused accounting (120.908459ms)
✔ sqlite: simultaneous pause and disclosure revocation preserve user control and unused accounting (143.983292ms)
✔ file-journal: initial model disclosure denial returns a durable blocked workflow and checkpoint (1262.086458ms)
✔ file-journal: revoked reserved model is accounted as unused and resumes with one fresh call after reopen (5736.8275ms)
✔ file-journal: disclosure changes inside dispatch preflight settle a known-unused reservation instead of escaping (1570.537834ms)
✔ file-journal: required result channel denial persists blocked state and can resume delivery from checkpoint (1982.376625ms)
✔ file-journal: completed analysis keeps its terminal state while unavailable channel yields an undelivered response (2729.696833ms)
✔ file-journal: an unsuccessful resume under unchanged channel policy blocks again without becoming runnable (1883.049667ms)
✔ file-journal: simultaneous cancel and disclosure revocation preserve user control and unused accounting (1576ms)
✔ file-journal: simultaneous pause and disclosure revocation preserve user control and unused accounting (1712.973ms)
✔ inject all local ports without a database or channel SDK: documents-simple (6.511958ms)
✔ inject all local ports without a database or channel SDK: observations-simple (0.591166ms)
✔ scripted planner honors cancellation and cannot mutate caller state (0.262ms)
✔ fake sink exposes delivery uncertainty and deduplicates only matching content (0.111167ms)
✔ evaluation build: none checks source and executed output together (97.262666ms)
✔ evaluation build: source checks source and executed output together (121.303666ms)
✔ evaluation build: compiled checks source and executed output together (102.276167ms)
✔ evaluation build: missing checks source and executed output together (92.043ms)
✔ evaluation build: runtime checks source and executed output together (108.778833ms)
✔ evaluation build: orphan checks source and executed output together (135.316292ms)
✔ evaluation build: a source change during case selection cannot relabel older compiled execution (152.1665ms)
✔ sqlite: readonly evaluation replay authenticates full receipt history, old originals and the current resume packet after reopen (296.04875ms)
✔ sqlite: version, pins and independently recomputed score are required without writes (236.62275ms)
✔ sqlite: receipt omission, duplicates, absent receipts and changed stored states fail closed (192.671666ms)
✔ sqlite: altered oracle and expected outcome cannot be blessed by recomputing sample and score hashes (222.46275ms)
✔ sqlite: rehashing an altered or dropped intermediate completion cannot bypass receipt-state binding (300.981208ms)
✔ sqlite: repeated readonly observations and explicit status-only measurement preserve historical receipt validation (216.98775ms)
✔ sqlite: omitted historical artifacts and conflicting refs are detected independently of the supplied list (242.700833ms)
✔ sqlite: deleted original is unavailable even with intact state, score and resume blob (219.999125ms)
✔ sqlite: corrupt original is unavailable even with intact state, score and resume blob (260.851708ms)
✔ sqlite: historical_deleted original is unavailable even with intact state, score and resume blob (231.032583ms)
✔ sqlite: wrong owner and the current actor's narrower label policy cannot replay source bytes (247.163291ms)
✔ sqlite: a currently indexed original cannot override a durable lifecycle tombstone (220.411375ms)
✔ sqlite: foreign, body-altered and lost resume packets fail without regeneration (312.028166ms)
✔ sqlite: canonical changes during original I/O prevent a successful replay result (265.988208ms)
✔ sqlite: a receipt changed after initial validation is caught at the final read boundary (196.832542ms)
✔ sqlite: caller mutation cannot replace the in-flight sample and current actor revocation is detected (216.163375ms)
✔ file-journal: readonly evaluation replay authenticates full receipt history, old originals and the current resume packet after reopen (910.668666ms)
✔ file-journal: version, pins and independently recomputed score are required without writes (433.085917ms)
✔ file-journal: receipt omission, duplicates, absent receipts and changed stored states fail closed (596.076875ms)
✔ file-journal: altered oracle and expected outcome cannot be blessed by recomputing sample and score hashes (530.067792ms)
✔ file-journal: rehashing an altered or dropped intermediate completion cannot bypass receipt-state binding (782.804417ms)
✔ file-journal: repeated readonly observations and explicit status-only measurement preserve historical receipt validation (920.586208ms)
✔ file-journal: omitted historical artifacts and conflicting refs are detected independently of the supplied list (888.661625ms)
✔ file-journal: deleted original is unavailable even with intact state, score and resume blob (714.701083ms)
✔ file-journal: corrupt original is unavailable even with intact state, score and resume blob (781.829ms)
✔ file-journal: historical_deleted original is unavailable even with intact state, score and resume blob (721.09ms)
✔ file-journal: wrong owner and the current actor's narrower label policy cannot replay source bytes (759.488667ms)
✔ file-journal: a currently indexed original cannot override a durable lifecycle tombstone (799.26075ms)
✔ file-journal: foreign, body-altered and lost resume packets fail without regeneration (1394.013375ms)
✔ file-journal: canonical changes during original I/O prevent a successful replay result (625.988458ms)
✔ file-journal: a receipt changed after initial validation is caught at the final read boundary (709.110084ms)
✔ file-journal: caller mutation cannot replace the in-flight sample and current actor revocation is detected (1048.486958ms)
✔ forgotten evidence is rediscovered by ID, source, locator or facts without returning fact bodies (21.892ms)
✔ hidden, retracted, superseded and parent-retracted evidence never contributes cards or hasMore (10.094042ms)
✔ Korean NFC and NFD clues and English case variants find the same current evidence (6.267833ms)
✔ the evidence discovery tool preserves bounded current-card and partial-call semantics (5.417208ms)
✔ locator truncation preserves the exact evidence ID and reports partial coverage without inventing more matches (5.11625ms)
✔ different owners, tenants and narrower caller labels cannot inspect evidence discovery cards (5.0265ms)
✔ retained knowledge failure at validation 1 blocks cards before return (6.302458ms)
✔ retained knowledge failure at validation 2 blocks cards before return (4.967333ms)
✔ a work retaining knowledge cannot discover derived evidence without its current validator (5.438959ms)
✔ a goal change while the final source-state read waits prevents returning earlier-scope cards (4.330125ms)
✔ caller permission narrowing during the knowledge gate is detected even without a work revision change (4.551542ms)
✔ strict discovery arguments reject extra authority, excessive query length and invalid limits (4.647959ms)
✔ instructions in source facts remain data and discovery changes no facts, goal, plan or authority (4.404209ms)
✔ pre-aborted discovery uses the common read wrapper without reading the work (4.825042ms)
✔ current and historical views enforce own access, tenant, scope and artifact labels while omitted access stays available (0.727292ms)
✔ two generations of derived evidence lose current validity when an ancestor is retracted or superseded, while history stays readable (0.129084ms)
✔ ancestor restriction, deletion, missing reference or revoked labels blocks current and historical descendants (0.08225ms)
✔ a correction remains a monotonic supersession after retraction, restriction, deletion or permission loss (0.133584ms)
✔ supersession uses the full valid version chain and is independent of record ordering (0.068542ms)
✔ foreign tenant, scope, source, lineage and invalid time cannot suppress a valid original (0.087167ms)
✔ a replacement does not depend on a superseded body being current or present in a selected view (0.046042ms)
✔ cyclic, missing and ambiguous derived references fail closed without removing independent evidence (0.186167ms)
✔ deep derived chains are evaluated without recursive call-stack growth and do not become independent sources (8.712875ms)
✔ record intake accepts parents and descendants in either order and preserves caller objects (3.3875ms)
✔ record intake requires inherited labels on both derivation and replacement edges (0.615625ms)
✔ record intake requires artifact labels to cover the evidence and rejects artifacts outside policy (0.420625ms)
✔ new records inherit transitive dependency labels even if a legacy intermediate record was under-labelled (0.164ms)
✔ shared ancestry across multiple parents is not mistaken for a cycle (0.083917ms)
✔ derived intake refuses historical or inaccessible ancestors and checks validity after the whole incoming batch (0.3355ms)
✔ replacement intake permits an accessible retracted target but never an inaccessible historical target (0.146042ms)
✔ record intake rejects missing references and invalid tenant, scope, source, lineage or time on replacements (0.285833ms)
✔ record intake rejects self, indirect and mixed cycles before accepting partial lineage (0.124958ms)
✔ omitted and explicit available access are idempotently equivalent but content or access changes cannot overwrite an ID (0.513583ms)
✔ tool-result validation preserves effect, error and artifact guards while using the shared record intake (0.223334ms)
✔ evaluation: fixture truth distinguishes acknowledgement, first original, delivered useful answer and verified completion (3.640084ms)
✔ evaluation: a runtime completed flag cannot replace the fixed expected facts (0.47675ms)
✔ evaluation: absent expected facts do not count as verified evidence or a useful answer (0.2355ms)
✔ evaluation: early delivered answers remain false completion even if the final state later becomes correct (0.313084ms)
✔ evaluation: a correct result before a declared late-evidence release fails the fixed timeline oracle (0.2385ms)
✔ evaluation: wrong source identity cannot satisfy an original named by the fixture oracle (0.175625ms)
✔ evaluation: wrong lineage identity cannot satisfy an original named by the fixture oracle (0.172167ms)
✔ evaluation: wrong observation time cannot satisfy an original named by the fixture oracle (0.186292ms)
✔ evaluation: wrong tenant cannot satisfy an original named by the fixture oracle (0.248333ms)
✔ evaluation: wrong scope cannot satisfy an original named by the fixture oracle (0.180833ms)
✔ evaluation: restricted label cannot satisfy an original named by the fixture oracle (0.177041ms)
✔ evaluation: restricted access cannot satisfy an original named by the fixture oracle (0.1455ms)
✔ evaluation: retracted source cannot satisfy an original named by the fixture oracle (0.155833ms)
✔ evaluation: copied source cannot satisfy an original named by the fixture oracle (0.1565ms)
✔ evaluation: partial coverage cannot satisfy an original named by the fixture oracle (0.15275ms)
✔ evaluation: two required records from one lineage cannot satisfy a two-source criterion even with matching facts (0.176333ms)
✔ evaluation: duplicate source IDs, current forbidden evidence and unresolved counterevidence fail independently (0.434167ms)
✔ evaluation: a pinned replacement must remain readable, accepted, original and complete without resurrecting its withdrawn predecessor (0.790375ms)
✔ evaluation: hypothesis status and current original support are checked against the pinned final hypothesis (0.228709ms)
✔ evaluation: answer delivery requires authorized routing and explicit required evidence references (0.790333ms)
✔ evaluation: waiting with an unknown delivery reports no useful answer latency and preserves its delivery obligation (0.190166ms)
✔ evaluation: run errors and mismatched final control remain failures even for an expected blocked case (0.209333ms)
✔ evaluation: completed states with pending obligations or an undelivered required response are false completion (0.233292ms)
✔ evaluation: status-only observation of an existing completed work is not a new completion or answer (0.369666ms)
✔ evaluation: cumulative costs cannot disappear and unknown model usage cannot become fabricated zero after resume (0.343542ms)
✔ evaluation: a real late usage report may resolve unknown reservations while preserving known and additional charges (0.856708ms)
✔ evaluation: a gate failure before dispatch costs zero, while a dispatched call denied before invocation remains charged (0.543417ms)
✔ evaluation: observations and source queries can repeat without duplicating intervention or context accounting (0.257417ms)
✔ evaluation: context cost comes from unique persisted model calls and remains distinct from reported token usage (0.494625ms)
✔ evaluation summary: contract success, all-case completion and eligible completion use different explicit denominators (4.780708ms)
✔ evaluation summary: nearest-rank p50/p95 include answer samples only and report the sample count (0.62825ms)
✔ evaluation summary: supplied scores join by case ID and cannot silently replace missing or duplicate cases (0.505875ms)
✔ sqlite: two local callers join one real execution and preserve owner, lease, deadline and one budget charge (264.114666ms)
✔ sqlite: cancelling the initiating caller and another joined caller detaches only their waits (238.222375ms)
✔ sqlite: an already aborted caller cannot create an execution (83.892625ms)
✔ sqlite: another facade observes durable running and settled states without claiming local promise ownership (172.856791ms)
✔ sqlite: a different owner and an expired reservation remain explicit waits without lease renewal or automatic recovery (133.845791ms)
✔ sqlite: reopening a dispatched write never replays it and explicit recovery retains the unknown effect obligation (143.057625ms)
✔ sqlite: reopening after a stored result reports received without executing or adopting it again (200.853625ms)
✔ sqlite: state changes during receipt lookup are reread before the facade decides to execute (109.705083ms)
✔ sqlite: a reporting read error after successful execution is shared as an error and retry only observes the durable result (163.335458ms)
✔ file-journal: two local callers join one real execution and preserve owner, lease, deadline and one budget charge (814.413959ms)
✔ file-journal: cancelling the initiating caller and another joined caller detaches only their waits (755.237084ms)
✔ file-journal: an already aborted caller cannot create an execution (272.005959ms)
✔ file-journal: another facade observes durable running and settled states without claiming local promise ownership (784.939667ms)
✔ file-journal: a different owner and an expired reservation remain explicit waits without lease renewal or automatic recovery (427.941042ms)
✔ file-journal: reopening a dispatched write never replays it and explicit recovery retains the unknown effect obligation (410.817375ms)
✔ file-journal: reopening after a stored result reports received without executing or adopting it again (623.183458ms)
✔ file-journal: state changes during receipt lookup are reread before the facade decides to execute (503.636292ms)
✔ file-journal: a reporting read error after successful execution is shared as an error and retry only observes the durable result (481.186666ms)
✔ execution mode CLI sqlite: fast reception survives process exit and repeated status is read-only (1222.140209ms)
✔ execution mode CLI sqlite: mode command is durable and idempotent while stale revisions do not change state (1345.369708ms)
✔ execution mode CLI sqlite: a pending mode change is visible after exit and preserves the reserved attempt (1358.013791ms)
✔ execution mode CLI sqlite: enum, both revisions and an explicit nonblank reason are required (1154.834125ms)
✔ execution mode CLI sqlite: irrelevant mode options are rejected before opening a profile (566.038875ms)
✔ execution mode CLI sqlite documents-simple: changing mode preserves the goal, original source and completed work (1817.129292ms)
✔ execution mode CLI sqlite observations-simple: changing mode preserves the goal, original source and completed work (1725.000542ms)
✔ execution mode CLI file-journal: fast reception survives process exit and repeated status is read-only (2463.709292ms)
✔ execution mode CLI file-journal: mode command is durable and idempotent while stale revisions do not change state (2369.969ms)
✔ execution mode CLI file-journal: a pending mode change is visible after exit and preserves the reserved attempt (3011.095042ms)
✔ execution mode CLI file-journal: enum, both revisions and an explicit nonblank reason are required (1603.97425ms)
✔ execution mode CLI file-journal: irrelevant mode options are rejected before opening a profile (535.637834ms)
✔ execution mode CLI file-journal documents-simple: changing mode preserves the goal, original source and completed work (4377.230667ms)
✔ execution mode CLI file-journal observations-simple: changing mode preserves the goal, original source and completed work (4014.098834ms)
✔ sqlite/documents-simple/auto: one necessary plan and observation complete with no extra investigation (422.681791ms)
✔ sqlite/documents-simple/fast: one necessary plan and observation complete with no extra investigation (360.572833ms)
✔ sqlite/documents-simple/deep: one necessary plan and observation complete with no extra investigation (374.907ms)
✔ sqlite/observations-simple/auto: one necessary plan and observation complete with no extra investigation (443.871625ms)
✔ sqlite/observations-simple/fast: one necessary plan and observation complete with no extra investigation (422.449291ms)
✔ sqlite/observations-simple/deep: one necessary plan and observation complete with no extra investigation (600.555417ms)
✔ sqlite/documents-complex/auto: complex scope is either validated for investigation or rejected without false completion (678.113708ms)
✔ sqlite/documents-complex/fast: complex scope is either validated for investigation or rejected without false completion (255.699709ms)
✔ sqlite/documents-complex/deep: complex scope is either validated for investigation or rejected without false completion (675.243ms)
✔ sqlite/observations-complex/auto: complex scope is either validated for investigation or rejected without false completion (525.932375ms)
✔ sqlite/observations-complex/fast: complex scope is either validated for investigation or rejected without false completion (246.857792ms)
✔ sqlite/observations-complex/deep: complex scope is either validated for investigation or rejected without false completion (645.926167ms)
✔ sqlite: mode commands enforce owner and both revisions, remain idempotent, and preserve goal and costs (129.714333ms)
✔ sqlite: lowering to fast after two paid reads cannot reset usage or oversubscribe the next reservation (274.847667ms)
✔ sqlite: explicit model cap and fast cap include reservations and do not reopen paid capacity (674.796334ms)
✔ sqlite: a running model keeps its pending mode request and late reply accounting until the next safe boundary (353.385375ms)
✔ sqlite: a pending mode survives reserved model restart without invalidating its stored input (349.694583ms)
✔ sqlite: cancel overrides a pending mode without discarding late measured model costs (240.099ms)
✔ sqlite: deep to fast retains original goal, completed tasks, checkpoint and result reuse after reopen (482.090125ms)
✔ sqlite: fast keeps mandatory review of existing hypotheses and cannot replace it with premature completion (426.455958ms)
✔ sqlite: legacy model reservations keep their version-one basis when a pending mode first materializes control (317.1995ms)
✔ sqlite: a newer mode wins a pending-mode boundary CAS race (161.036459ms)
✔ sqlite: a newer cancel wins a pending-mode boundary CAS race (176.995708ms)
✔ sqlite: cancellation during model backoff publication returns current control without failing the workflow (276.787ms)
✔ sqlite: auto mode change and reopen preserve a partial collection's original goal and explicit resume chain (1055.179125ms)
✔ file-journal/documents-simple/auto: one necessary plan and observation complete with no extra investigation (3223.56475ms)
✔ file-journal/documents-simple/fast: one necessary plan and observation complete with no extra investigation (2984.039292ms)
✔ file-journal/documents-simple/deep: one necessary plan and observation complete with no extra investigation (3478.917083ms)
✔ file-journal/observations-simple/auto: one necessary plan and observation complete with no extra investigation (3155.248209ms)
✔ file-journal/observations-simple/fast: one necessary plan and observation complete with no extra investigation (3671.819875ms)
✔ file-journal/observations-simple/deep: one necessary plan and observation complete with no extra investigation (3722.038458ms)
✔ file-journal/documents-complex/auto: complex scope is either validated for investigation or rejected without false completion (4858.904084ms)
✔ file-journal/documents-complex/fast: complex scope is either validated for investigation or rejected without false completion (831.986083ms)
✔ file-journal/documents-complex/deep: complex scope is either validated for investigation or rejected without false completion (4306.035333ms)
✔ file-journal/observations-complex/auto: complex scope is either validated for investigation or rejected without false completion (3051.933958ms)
✔ file-journal/observations-complex/fast: complex scope is either validated for investigation or rejected without false completion (897.504167ms)
✔ file-journal/observations-complex/deep: complex scope is either validated for investigation or rejected without false completion (3603.287375ms)
✔ file-journal: mode commands enforce owner and both revisions, remain idempotent, and preserve goal and costs (477.520292ms)
✔ file-journal: lowering to fast after two paid reads cannot reset usage or oversubscribe the next reservation (1353.451125ms)
✔ file-journal: explicit model cap and fast cap include reservations and do not reopen paid capacity (1938.732125ms)
✔ file-journal: a running model keeps its pending mode request and late reply accounting until the next safe boundary (1825.252708ms)
✔ file-journal: a pending mode survives reserved model restart without invalidating its stored input (2947.860083ms)
✔ file-journal: cancel overrides a pending mode without discarding late measured model costs (940.049125ms)
✔ file-journal: deep to fast retains original goal, completed tasks, checkpoint and result reuse after reopen (2187.811167ms)
✔ file-journal: fast keeps mandatory review of existing hypotheses and cannot replace it with premature completion (2195.579125ms)
✔ file-journal: legacy model reservations keep their version-one basis when a pending mode first materializes control (1229.348209ms)
✔ file-journal: a newer mode wins a pending-mode boundary CAS race (1056.063916ms)
✔ file-journal: a newer cancel wins a pending-mode boundary CAS race (904.700917ms)
✔ file-journal: cancellation during model backoff publication returns current control without failing the workflow (1063.220208ms)
✔ file-journal: auto mode change and reopen preserve a partial collection's original goal and explicit resume chain (5147.794833ms)
✔ local versioned defaults select direct auto/fast and investigate deep without allocating work (3.116917ms)
✔ new controls snapshot caller policy and never expose the default policy for mutation (0.067875ms)
✔ legacy goals supply initial mode while a saved control overrides it without mutating state (3.048791ms)
✔ effective fast limits are absolute work caps and retain token/time limits (0.453375ms)
✔ auto starts direct while retaining the user work limits before evidence or strategy expansion (0.600833ms)
✔ explicit work caps beat mode policy and mode changes cannot grant a fresh allowance (0.187083ms)
✔ investigate strategies retain explicit work limits and pending mode requests have no effect yet (0.128875ms)
✔ fast allows completed history plus one pending task and counts only current adopted successes (1.230334ms)
✔ fast rejects an oversized pending graph or hypotheses without mutating or silently escalating (0.213792ms)
✔ fast preserves and reviews existing hypotheses while rejecting new optional hypotheses (0.169709ms)
✔ policy-specific scope limits are used instead of hard coded local defaults (0.279917ms)
✔ auto expands only validated plan scope and preserves investigate strategy on smaller subsequent plans (0.160625ms)
✔ deep permits a simple or empty plan without manufacturing tasks or hypotheses (0.085792ms)
✔ automatic expansion requires available relevant new evidence and an unmet criterion (0.198959ms)
✔ irrelevant, inaccessible, retracted and another-scope facts cannot justify expansion (0.32725ms)
✔ current counterevidence justifies investigation even if it has already been assessed (0.080834ms)
✔ current hypotheses allow review but sufficiently assessed completed goals do not expand (0.093958ms)
✔ permission failure, empty responses and exhausted budgets are not independent escalation evidence (0.074416ms)
✔ pending obligations, active calls, terminal states and explicit modes suppress automatic expansion (0.221125ms)
✔ delivery waiting does not manufacture completion or suppress investigation of unmet criteria (0.064875ms)
✔ a reserved, running or received model prevents expansion until its existing call is settled (0.168291ms)
✔ policy contracts reject unknown fields, unsafe counts and blank versions while allowing explicit zero caps (0.580667ms)
✔ control contracts enforce current mode strategy and preserve distinct pending requests (0.315875ms)
✔ documents-simple: validated plan executes to verified completion without additional planner calls (22.002584ms)
✔ observations-simple: validated plan executes to verified completion without additional planner calls (11.937541ms)
✔ invalid plans fail before budget or execution: stale, cyclic, missing deps, schema, effects, permission and IDs (5.107ms)
✔ plan commands deduplicate after later state changes; task IDs cannot hide changed inputs (5.161167ms)
✔ discarded unexecuted task ID still cannot acquire a different contract (4.155792ms)
✔ scripted planner proposal enters the real validator and executor only when control requests a plan (5.908666ms)
✔ dependencies execute in order; partial observations require another source, not false completion (7.889542ms)
✔ empty queue is replan; wake conditions, tool budget, deadline and cancellation produce distinct controls (5.288625ms)
✔ only authorized current-goal commands mutate state; duplicate cancellation is stable (3.598875ms)
✔ competing executors cannot both reserve or replay dispatch (4.838208ms)
✔ late tool result after cancel is recorded without adopting or reversing the command (4.623792ms)
✔ late tool result after goal is recorded without adopting or reversing the command (4.578625ms)
✔ expired dispatched read has bounded retry or explicit unknown effect (3.8775ms)
✔ expired dispatched write has bounded retry or explicit unknown effect (3.9035ms)
✔ invalid result identity, labels, references and output cannot become accepted evidence (23.919125ms)
✔ stored received result resumes in reopened SQLite and artifact stores without invoking tool again (154.099625ms)
✔ tool JSON schema validation compiles once, rejects unsupported schema and preserves inputs (2.663167ms)
✔ successful dependency chain follows DAG order even when task array is reversed (5.997042ms)
✔ pause before dispatch releases reservation; resume and repeated old pause do not cancel new execution (6.485375ms)
✔ tool failures retry only within attempt budget and repeated empty replans exhaust their own budget (6.961792ms)
✔ unconfirmed write is unknown and cannot satisfy the goal or be retried by a renamed task (5.177333ms)
✔ lease timeout yields even for a tool that ignores cancellation; late result cannot finish the goal (26.073916ms)
✔ permission revocation after reservation is rechecked before dispatch and durably blocks execution (3.586416ms)
✔ memory: waiting execution wakes only for expired lease or received result (7.678083ms)
✔ sqlite: waiting execution wakes only for expired lease or received result (118.808583ms)
✔ baseline documents-complex (2.726167ms)
✔ baseline documents-simple (0.286542ms)
✔ baseline observations-complex (0.370125ms)
✔ baseline observations-simple (0.141ms)
✔ both domains use the same schema and include simple/complex baselines (0.35075ms)
✔ fixture oracle rejects missing references and duplicated evidence IDs (0.667875ms)
✔ repetition and permutation cannot create independent sources (0.133333ms)
✔ completed facts do not discharge an unrelated pending obligation (0.061083ms)
✔ sqlite: valid original guidance remains readable through two historical copies and records actual file probe bytes (428.270833ms)
✔ sqlite: body-edited without refresh invalidates original guidance history and two stored copies (401.819292ms)
✔ sqlite: body-deleted without refresh invalidates original guidance history and two stored copies (577.340416ms)
✔ sqlite: catalog-rules-changed without refresh invalidates original guidance history and two stored copies (515.215542ms)
✔ file-journal: valid original guidance remains readable through two historical copies and records actual file probe bytes (3044.096458ms)
✔ file-journal: body-edited without refresh invalidates original guidance history and two stored copies (2647.184542ms)
✔ file-journal: body-deleted without refresh invalidates original guidance history and two stored copies (2838.741083ms)
✔ file-journal: catalog-rules-changed without refresh invalidates original guidance history and two stored copies (2443.445792ms)
✔ guidance refresh stages every provider page and only then replaces the complete snapshot (11.586666ms)
✔ guidance failure listing leaves the previous snapshot usable (0.980666ms)
✔ guidance mixed listing leaves the previous snapshot usable (0.506875ms)
✔ guidance duplicate listing leaves the previous snapshot usable (0.454166ms)
✔ guidance cycle listing leaves the previous snapshot usable (0.416792ms)
✔ guidance page-bound listing leaves the previous snapshot usable (0.271541ms)
✔ guidance entry-bound listing leaves the previous snapshot usable (0.273583ms)
✔ guidance byte-bound listing leaves the previous snapshot usable (0.22675ms)
✔ guidance abort and late completion cannot replace a published listing (0.736292ms)
✔ guidance concurrent refresh rejects an earlier listing and a complete empty snapshot retires entries (0.780875ms)
✔ legacy list/load remains compatible and missing source validation disables body reuse (1.49275ms)
✔ guidance pages reach beyond 20 and preserve item and whole UTF-8 page bounds (6.519667ms)
✔ guidance cursor binds kind, owner, permission and snapshot and hides unauthorized counts (1.257875ms)
✔ hot guidance reuses only body/artifact while rules, selection reason and method are current (0.656459ms)
✔ guidance body cache cannot bypass current tenant, label or work-kind restrictions (0.423667ms)
✔ guidance cache obeys entry/byte bounds, evicts unused bodies and isolates artifact stores (0.569292ms)
✔ a body larger than the cache byte budget is read and decoded on every load (0.359083ms)
✔ a pending hot load cannot exceed cache bounds when another body evicts its old entry (0.39075ms)
✔ a cold legacy-source load rechecks its manifest after artifact persistence (0.317542ms)
✔ source changes during an artifact check are caught by the final probe (0.273667ms)
✔ manifest refresh during final validation rejects a hot result from the previous rules (0.28875ms)
✔ load cancellation cannot publish a cache entry after an ignored-signal provider returns (0.28025ms)
✔ file guidance reports actual cold/hot original I/O separately from put/decode reuse (30.751833ms)
ℹ {"coldOriginalReads":2,"hotOriginalReads":1,"coldOriginalBytes":48,"hotOriginalBytes":24,"source":{"catalogReads":7,"catalogBytes":2702,"bodyReads":3,"bodyBytes":72,"readCalls":1,"validateCalls":2},"catalog":{"sourceReadCalls":1,"sourceReadBytes":24,"sourceValidateCalls":2,"artifactPutCalls":1,"artifactCheckCalls":1,"bodyDecodes":1,"cacheHits":1,"cacheMisses":1,"cachedBodies":1,"cachedBytes":24},"artifactPuts":1,"artifactChecks":1}
✔ file guidance cache never bypasses a deleted original source (16.228625ms)
✔ file guidance cache never bypasses a modified original source (29.941875ms)
✔ file guidance cache never bypasses a manifest original source (35.984459ms)
✔ file guidance refresh observes a new catalog, preserves same-body cache and rejects invalid replacements (48.073917ms)
✔ guidance resources documents-simple: cold and hot runtime loads retain provenance and report original I/O separately (39.011583ms)
ℹ {"family":"documents-simple","coldOriginalBytes":58,"hotOriginalBytes":29,"coldMetrics":{"sourceReadCalls":1,"sourceReadBytes":29,"sourceValidateCalls":1,"artifactPutCalls":1,"artifactCheckCalls":0,"bodyDecodes":1,"cacheHits":0,"cacheMisses":1,"cachedBodies":1,"cachedBytes":29},"hotMetrics":{"sourceReadCalls":1,"sourceReadBytes":29,"sourceValidateCalls":2,"artifactPutCalls":1,"artifactCheckCalls":1,"bodyDecodes":1,"cacheHits":1,"cacheMisses":1,"cachedBodies":1,"cachedBytes":29}}
✔ guidance resources documents-simple: policy revocation during a hot validation suppresses the cached body (9.91375ms)
✔ guidance resources documents-simple: a goal change while the source read waits cannot return the previous selection (6.621625ms)
✔ guidance resources documents-simple: a refreshed version cannot be replaced by an in-flight older load (5.813167ms)
✔ guidance resources documents-simple: cancellation reaches a pending source and returns no late body (5.580333ms)
✔ guidance resources observations-simple: cold and hot runtime loads retain provenance and report original I/O separately (8.90775ms)
ℹ {"family":"observations-simple","coldOriginalBytes":58,"hotOriginalBytes":29,"coldMetrics":{"sourceReadCalls":1,"sourceReadBytes":29,"sourceValidateCalls":1,"artifactPutCalls":1,"artifactCheckCalls":0,"bodyDecodes":1,"cacheHits":0,"cacheMisses":1,"cachedBodies":1,"cachedBytes":29},"hotMetrics":{"sourceReadCalls":1,"sourceReadBytes":29,"sourceValidateCalls":2,"artifactPutCalls":1,"artifactCheckCalls":1,"bodyDecodes":1,"cacheHits":1,"cacheMisses":1,"cachedBodies":1,"cachedBytes":29}}
✔ guidance resources observations-simple: policy revocation during a hot validation suppresses the cached body (5.965667ms)
✔ guidance resources observations-simple: a goal change while the source read waits cannot return the previous selection (5.076209ms)
✔ guidance resources observations-simple: a refreshed version cannot be replaced by an in-flight older load (5.164917ms)
✔ guidance resources observations-simple: cancellation reaches a pending source and returns no late body (4.670792ms)
✔ guidance resources: paginated cards respect the complete output byte budget and never read guidance bodies (10.965166ms)
✔ guidance resources: cursors cannot cross kind, caller labels, owner or a refreshed listing (5.244834ms)
✔ guidance resources: legacy discovery keeps its original shape and current method in both work families (9.135875ms)
✔ guidance resources: optional paging fields are strict and pre-aborted discovery performs no original reads (4.343625ms)
✔ legacy current validation reads original bytes and a fresh listing and accounts for each cost (5.336292ms)
✔ legacy cold load compares a fresh manifest without duplicating the original read (1.627584ms)
✔ a cancelled current probe makes no original read and a failed fresh listing is not accepted (0.423ms)
✔ sqlite: context compilation refuses delete in an original guidance source (365.591541ms)
✔ sqlite: context compilation refuses modify in an original guidance source (416.847083ms)
✔ sqlite: context compilation refuses rules in an original guidance source (362.874041ms)
✔ sqlite: restarted stored model input cannot send a deleted original guide (435.2935ms)
✔ sqlite: restarted stored model input cannot send a modifyd original guide (488.582334ms)
✔ sqlite: policy during original-source validation stops transport and settles zero usage (414.021541ms)
✔ sqlite: goal during original-source validation stops transport and settles zero usage (437.599583ms)
✔ sqlite: cancel during original-source validation stops transport and settles zero usage (421.006666ms)
✔ sqlite: manifest refresh after the source probe is caught after final state lookup (514.935875ms)
✔ sqlite: an ignored-signal original probe is stopped by the remaining model lease (608.421041ms)
✔ sqlite: stored guidance loss during source probe blocks transport and prevents settlement until repair (456.204375ms)
✔ sqlite: unchanged original guidance sends the exact stored request once after restart (328.857333ms)
✔ file-journal: context compilation refuses delete in an original guidance source (1015.496709ms)
✔ file-journal: context compilation refuses modify in an original guidance source (1127.997583ms)
✔ file-journal: context compilation refuses rules in an original guidance source (1166.86575ms)
✔ file-journal: restarted stored model input cannot send a deleted original guide (1814.915375ms)
✔ file-journal: restarted stored model input cannot send a modifyd original guide (1541.587083ms)
✔ file-journal: policy during original-source validation stops transport and settles zero usage (1258.43625ms)
✔ file-journal: goal during original-source validation stops transport and settles zero usage (1997.705458ms)
✔ file-journal: cancel during original-source validation stops transport and settles zero usage (1896.952708ms)
✔ file-journal: manifest refresh after the source probe is caught after final state lookup (1553.393375ms)
✔ file-journal: an ignored-signal original probe is stopped by the remaining model lease (1791.908458ms)
✔ file-journal: stored guidance loss during source probe blocks transport and prevents settlement until repair (1898.245334ms)
✔ file-journal: unchanged original guidance sends the exact stored request once after restart (2048.318125ms)
✔ invocation copies: two real canonical copies expose the still-authorized original without executing it again (38.999209ms)
✔ invocation copies: retaining only calls.get permission does not restore a revoked source tool (16.488875ms)
✔ invocation copies: current guidance version replacement blocks the copied earlier guide (21.072792ms)
✔ invocation copies: same-version manifest replacement and new guidance labels also block nested bodies (14.52425ms)
✔ invocation copies: catalog target permission is rechecked through both copies (12.019208ms)
✔ invocation copies: catalog target version is rechecked through both copies (16.048292ms)
✔ invocation copies: catalog target definition is rechecked through both copies (15.591625ms)
✔ invocation copies: a missing canonical source receipt is rejected (9.923667ms)
✔ invocation copies: a foreign-owner canonical source receipt is rejected (8.929334ms)
✔ invocation copies: a foreign-tenant canonical source receipt is rejected (9.238666ms)
✔ invocation copies: a foreign-work canonical source receipt is rejected (9.82975ms)
✔ invocation copies: a input-digest canonical source receipt is rejected (8.894084ms)
✔ invocation copies: missing source artifacts invalidate copied bodies even when copy artifacts remain readable (9.652375ms)
✔ invocation copies: a modified copied body must still equal its canonical source result (9.337667ms)
✔ invocation copies: source knowledge is validated and propagated even if an older copy omitted its dependency metadata (9.902875ms)
✔ invocation copies: permission changes during a source receipt read prevent returning the already-read copy (9.168416ms)
✔ invocation copies: a canonical input cycle is rejected before following the same receipt twice (10.106292ms)
✔ invocation copies: the 64-node source boundary accepts 63 copies and rejects one further copy (571.305542ms)
✔ sqlite: two invocation copies recheck remove registry change after source artifact read (514.288334ms)
✔ sqlite: two invocation copies recheck labels registry change after source artifact read (379.693709ms)
✔ sqlite: two invocation copies recheck description registry change after source artifact read (378.652625ms)
✔ sqlite: two invocation copies recheck unrelated registry change after source artifact read (338.843333ms)
✔ sqlite: an executed third calls.get stores no private body when source is removed during its read (505.787375ms)
✔ sqlite: catalog target pin is rechecked after final asynchronous state validation (400.284167ms)
✔ sqlite: a same-version guidance manifest change cannot survive copied body verification (462.111125ms)
✔ file-journal: two invocation copies recheck remove registry change after source artifact read (2613.849417ms)
✔ file-journal: two invocation copies recheck labels registry change after source artifact read (1950.839792ms)
✔ file-journal: two invocation copies recheck description registry change after source artifact read (2900.970833ms)
✔ file-journal: two invocation copies recheck unrelated registry change after source artifact read (2463.6575ms)
✔ file-journal: an executed third calls.get stores no private body when source is removed during its read (3066.26975ms)
✔ file-journal: catalog target pin is rechecked after final asynchronous state validation (2844.439208ms)
✔ file-journal: a same-version guidance manifest change cannot survive copied body verification (2821.23925ms)
✔ file journal: exception at candidate_synced preserves the publication boundary and retry identity (223.123875ms)
✔ file journal: actual SIGKILL at candidate_synced reopens a whole commit or no commit (308.133208ms)
✔ file journal: exception at published preserves the publication boundary and retry identity (199.342458ms)
✔ file journal: actual SIGKILL at published reopens a whole commit or no commit (265.810042ms)
✔ file journal: exception at directory_synced preserves the publication boundary and retry identity (227.481208ms)
✔ file journal: actual SIGKILL at directory_synced reopens a whole commit or no commit (283.592333ms)
✔ file journal: a reader and duplicate retry observe a whole published record while its writer is pending (248.865125ms)
✔ file journal: directory sync failure prevents reads and duplicate acknowledgements without rolling back publication (152.075959ms)
✔ file journal: listing retries the first record when publication follows its initial ENOENT (116.874292ms)
✔ file journal: checksum corruption blocks reads and subsequent commits without overwriting the damaged record (113.1165ms)
✔ file journal: an intact record checksum does not hide a broken previous-hash link (145.079166ms)
✔ file journal: deleting a middle revision rejects the incomplete prefix (150.21625ms)
✔ file journal: changing store identity is rejected by an open instance and by replay after reopening (120.656791ms)
✔ file journal: a missing format header does not initialize a populated store as empty (98.471375ms)
✔ file journal: existing root, work and record symlinks are rejected without following their contents (240.220708ms)
✔ file journal: group or other permissions on the root and records are rejected (187.238083ms)
✔ file journal: an observed root or work directory replacement cannot reset the open repository (176.865916ms)
✔ file journal: record size limits reject both publication and oversized persisted input (123.66825ms)
✔ file journal: closed instances reject every repository operation while reopening retains data (115.043458ms)
✔ file journal: revision zero is invalid layout and cannot be silently ignored (89.118166ms)
✔ sqlite: same-work recall survives dispatch, receipt and unrelated revision bookkeeping (366.55ms)
✔ sqlite: cross-work memory copy keeps custody across a goal change and blocks a prepared result after source deletion (707.653459ms)
✔ sqlite: source deletion after a cross-goal copied memory cancels a reserved effect before invocation (481.049417ms)
✔ sqlite: stored model input contains recalled bodies while hiding internal custody metadata (572.993291ms)
✔ sqlite: reopening without a knowledge validator blocks retained originals and reserved effects (673.617833ms)
✔ sqlite: deleting another work's source while adopt commit waits quarantines the copied evidence before return (465.788834ms)
✔ file-journal: same-work recall survives dispatch, receipt and unrelated revision bookkeeping (2951.454958ms)
✔ file-journal: cross-work memory copy keeps custody across a goal change and blocks a prepared result after source deletion (12073.52225ms)
✔ file-journal: source deletion after a cross-goal copied memory cancels a reserved effect before invocation (7721.237125ms)
✔ file-journal: stored model input contains recalled bodies while hiding internal custody metadata (9843.600833ms)
✔ file-journal: reopening without a knowledge validator blocks retained originals and reserved effects (5720.026583ms)
✔ file-journal: deleting another work's source while adopt commit waits quarantines the copied evidence before return (3908.0345ms)
✔ memory tools expose read cards, internal dependencies and schema-valid results (sqlite) (188.143708ms)
✔ memory tool authority intersects destination, caller and fresh trusted identity (sqlite) (160.840333ms)
✔ memory reads constrain IDs and searches to the current goal scope (sqlite) (195.935042ms)
✔ memory tools expose read cards, internal dependencies and schema-valid results (file-journal) (1137.625667ms)
✔ memory tool authority intersects destination, caller and fresh trusted identity (file-journal) (468.124792ms)
✔ memory reads constrain IDs and searches to the current goal scope (file-journal) (819.762167ms)
✔ memory tools report bounded references without bodies, including multibyte oversized references (141.090625ms)
✔ memory search distinguishes result truncation and index errors from complete absence (205.743ms)
✔ memory tools discard a copied card when trusted-owner changes during a repository wait (129.3395ms)
✔ memory tools discard a copied card when work-owner changes during a repository wait (116.652833ms)
✔ memory tools discard a copied card when caller-labels changes during a repository wait (148.971167ms)
✔ memory tools discard a copied card when work-labels changes during a repository wait (202.015125ms)
✔ memory tools discard a copied card when goal changes during a repository wait (178.825541ms)
✔ memory tools discard a copied card when generation changes during a repository wait (225.992959ms)
✔ memory tools discard a copied card when cancel changes during a repository wait (218.766667ms)
✔ each fresh trusted actor lookup must match the work owner, including the final return check (168.991541ms)
✔ dependency validation uses current source, record and caller permissions without a stale service cache (200.761333ms)
✔ memory adapters do not mutate the caller policy and normalize invalid input and pre-abort (202.182792ms)
✔ knowledge exact lookup precedes index, Korean/English and conditional search use current sources (sqlite) (132.717833ms)
✔ knowledge exact lookup precedes index, Korean/English and conditional search use current sources (file-journal) (331.9675ms)
✔ private memory needs explicit submission and another reviewer of the exact content revision (120.669125ms)
✔ source retracted prevents direct, cached lexical and dependency reuse (103.291291ms)
✔ source restricted prevents direct, cached lexical and dependency reuse (115.019583ms)
✔ source deleted prevents direct, cached lexical and dependency reuse (125.054458ms)
✔ source corrected prevents direct, cached lexical and dependency reuse (153.580375ms)
✔ source policy prevents direct, cached lexical and dependency reuse (171.982042ms)
✔ source generation prevents direct, cached lexical and dependency reuse (226.248833ms)
✔ ancestor changes and derived memories retain source identity without inflating independent provenance (211.690334ms)
✔ review CAS prevents a reviewed draft from being silently replaced or shared after editing (179.783375ms)
✔ source or actor changes while source reads wait cannot return stale memory content (165.008167ms)
✔ a delayed candidate cache fill rechecks namespace authority before returning cards or counts (123.356958ms)
✔ index errors remain distinct from absence and rebuild never resurrects deleted or expired content (162.794375ms)
✔ SQLite reopen retains memory, review, cursor and receipts; competing writers use revision CAS (145.985666ms)
✔ source and knowledge stores close and reopen with reviewed memory and index intact (236.831709ms)
✔ bounded results report truncation only after current visibility filtering (168.948209ms)
✔ deletion while a repeated source check waits is noticed before returning the memory card (218.139542ms)
✔ source deletion after the second source snapshot cannot return its old card (191.876083ms)
✔ batch dependency fences notice an earlier card source changing while a later card is checked (249.415ms)
✔ retracted memory can subsequently be deleted while preserving the revision and idempotency rules (240.40225ms)
✔ a pruned limited search stays partial when an unread matching candidate remains (138.979ms)
✔ unrelated work revisions preserve semantic dependencies while changed source content does not (180.527542ms)
✔ dependency contracts reject forged fields, unsafe revisions, malformed hashes and duplicate references (182.966792ms)
✔ continuously changing coherent-read revisions stop after a bounded number of fences (157.780875ms)
✔ local evaluation: 192 pinned cases retain two families, two stores, three modes and sixteen variants without duplicate IDs (12.849375ms)
✔ local evaluation sqlite/document_comparison: simple actual workflow and read-only replay preserve one model, one tool and one delivered answer (677.48075ms)
✔ local evaluation sqlite/observation_review: simple actual workflow and read-only replay preserve one model, one tool and one delivered answer (619.018792ms)
✔ local evaluation sqlite: complex original amendments change the hypothesis and require later model assessments (1373.921208ms)
✔ local evaluation sqlite: fast limits reject a complex plan without claiming goal completion or invoking its tool (865.172625ms)
✔ local evaluation sqlite: stored_model_resume actually crosses reopen with a received response and does not invoke it again (829.94825ms)
✔ local evaluation sqlite: stored_tool_resume actually crosses reopen with a received response and does not invoke it again (748.753ms)
✔ local evaluation sqlite: forced compact is persisted before reopen and subsequent model calls assess later originals (1592.219458ms)
✔ local evaluation sqlite: next-day reply preserves a real wait interval with no model or tool entries (1191.991708ms)
✔ local evaluation sqlite: status-only keeps its recorded state unchanged with no execution or transport (301.449542ms)
✔ local evaluation sqlite: source_missing reaches the intended failure boundary and stays incomplete (1046.793583ms)
✔ local evaluation sqlite: partial_result reaches the intended failure boundary and stays incomplete (1655.021458ms)
✔ local evaluation sqlite: tool_errors reaches the intended failure boundary and stays incomplete (1036.970625ms)
✔ local evaluation sqlite: model_errors reaches the intended failure boundary and stays incomplete (1082.576791ms)
✔ local evaluation sqlite: permission_revoked reaches the intended failure boundary and stays incomplete (894.062208ms)
✔ local evaluation sqlite: cancellation occurs after model entry and preserves its reported usage without a tool or answer (663.058125ms)
✔ local evaluation sqlite: requested mode change is first pending during the entered call and later applied (648.05475ms)
✔ local evaluation sqlite: unknown result delivery produces lookup rather than a duplicate send or false completion (862.926709ms)
✔ local evaluation sqlite/document_comparison: late counterevidence is actually observed before final judgment (1516.630834ms)
✔ local evaluation sqlite/observation_review: late counterevidence is actually observed before final judgment (1639.9285ms)
✔ local evaluation file-journal/document_comparison: simple actual workflow and read-only replay preserve one model, one tool and one delivered answer (5231.972875ms)
✔ local evaluation file-journal/observation_review: simple actual workflow and read-only replay preserve one model, one tool and one delivered answer (5021.909416ms)
✔ local evaluation file-journal: complex original amendments change the hypothesis and require later model assessments (12753.204083ms)
✔ local evaluation file-journal: fast limits reject a complex plan without claiming goal completion or invoking its tool (6817.242416ms)
✔ local evaluation file-journal: stored_model_resume actually crosses reopen with a received response and does not invoke it again (5373.731417ms)
✔ local evaluation file-journal: stored_tool_resume actually crosses reopen with a received response and does not invoke it again (5374.893916ms)
✔ local evaluation file-journal: forced compact is persisted before reopen and subsequent model calls assess later originals (5177.511542ms)
✔ local evaluation file-journal: next-day reply preserves a real wait interval with no model or tool entries (1701.876ms)
✔ local evaluation file-journal: status-only keeps its recorded state unchanged with no execution or transport (177.691875ms)
✔ local evaluation file-journal: source_missing reaches the intended failure boundary and stays incomplete (1805.38125ms)
✔ local evaluation file-journal: partial_result reaches the intended failure boundary and stays incomplete (2872.63425ms)
✔ local evaluation file-journal: tool_errors reaches the intended failure boundary and stays incomplete (1078.447125ms)
✔ local evaluation file-journal: model_errors reaches the intended failure boundary and stays incomplete (1203.267916ms)
✔ local evaluation file-journal: permission_revoked reaches the intended failure boundary and stays incomplete (561.1675ms)
✔ local evaluation file-journal: cancellation occurs after model entry and preserves its reported usage without a tool or answer (333.875416ms)
✔ local evaluation file-journal: requested mode change is first pending during the entered call and later applied (719.89475ms)
✔ local evaluation file-journal: unknown result delivery produces lookup rather than a duplicate send or false completion (749.85625ms)
✔ local evaluation file-journal/document_comparison: late counterevidence is actually observed before final judgment (2795.946125ms)
✔ local evaluation file-journal/observation_review: late counterevidence is actually observed before final judgment (3908.063584ms)
✔ sqlite: local memory tools and workspace checkpoints remain usable after profile reopen (837.38525ms)
✔ sqlite: workspace initialization failure closes state, channel and knowledge stores (175.640875ms)
✔ file-journal: local memory tools and workspace checkpoints remain usable after profile reopen (5747.745584ms)
✔ file-journal: workspace initialization failure closes state, channel and knowledge stores (275.1315ms)
✔ composition without optional memory or workspace keeps the prior tool configuration usable (272.040541ms)
✔ profile close still closes databases after a workspace close failure (293.631041ms)
✔ cancel during input artifact read prevents transport invocation and releases the known unused token reservation (23.997333ms)
✔ goal during input artifact read prevents transport invocation and releases the known unused token reservation (11.822208ms)
✔ destination during input artifact read prevents transport invocation and releases the known unused token reservation (9.579083ms)
✔ labels during input artifact read prevents transport invocation and releases the known unused token reservation (6.246167ms)
✔ cancelling an active model sends its signal, yields promptly and settles late usage once without adopting the old plan (6.889166ms)
✔ input byte limit rejects before a durable reservation or transport call (4.029167ms)
✔ token budget rejects before a durable reservation or transport call (3.98475ms)
✔ model call budget rejects before a durable reservation or transport call (2.936083ms)
✔ model context capacity and destination policy reject input without invoking the planner (7.245458ms)
✔ concurrent reservations have one winner and duplicate execution performs one dispatch and one transport call (6.824208ms)
✔ a replacement owner waits for a reserved lease, then releases it and creates a fresh intent without repeating a transport call (9.6305ms)
✔ a recovered running lease retains uncertain cost and accepts only late accounting, never its expired plan (5.014084ms)
✔ a reply without usage keeps its reservation and prevents a further model call after rejection (5.443875ms)
✔ verified facts remain visible while hypothesis review prevents response readiness and preparation (24.872541ms)
✔ reserved, running and stored model replies cannot produce a result; accepted review resumes preparation (32.636792ms)
✔ pending model work suppresses question preparation while preserving existing obligation blockers (11.792916ms)
✔ an already prepared result is withheld during review and can be prepared again after accepted model assessment (14.532208ms)
✔ documents-simple: one model plan executes to completion with usage and no extra hypothesis call (34.130792ms)
✔ observations-simple: one model plan executes to completion with usage and no extra hypothesis call (11.476708ms)
✔ late counterevidence revises the hypothesis and only the changed graph consumes a replan (41.4415ms)
✔ strict structured transport adapter feeds the same validator and execution loop without a provider SDK (9.204125ms)
✔ invalid or truncated responses cannot replace an executable plan or fabricate zero usage (6.304709ms)
✔ rejected model plans still charge exactly one call and preserve their raw response for an authorized read (5.107708ms)
✔ bookkeeping changes do not stale a response but goal and evidence changes do (10.167375ms)
✔ received model result resumes after SQLite and artifact reopen with no additional model call (457.137458ms)
✔ a new scope archives the old hypothesis in prior events and permits a fresh plan (16.417417ms)
✔ unsupported hypotheses and erased counterevidence are rejected without changing the current assessment (9.8585ms)
✔ validator feedback reaches the next model proposal and invalid plans never dispatch their tools (13.998542ms)
✔ permission revocation during reply storage preserves usage but never downgrades the model body (6.139125ms)
✔ sqlite/documents-simple: same model/tool/evidence/conversation workflow resumes on persistent state without a new model call for the stored reply (713.828917ms)
✔ sqlite/documents-complex: same model/tool/evidence/conversation workflow resumes on persistent state without a new model call for the stored reply (1496.70125ms)
✔ sqlite/observations-simple: same model/tool/evidence/conversation workflow resumes on persistent state without a new model call for the stored reply (898.045125ms)
✔ sqlite/observations-complex: same model/tool/evidence/conversation workflow resumes on persistent state without a new model call for the stored reply (1422.829041ms)
✔ file-journal/documents-simple: same model/tool/evidence/conversation workflow resumes on persistent state without a new model call for the stored reply (5361.975208ms)
✔ file-journal/documents-complex: same model/tool/evidence/conversation workflow resumes on persistent state without a new model call for the stored reply (11176.09425ms)
✔ file-journal/observations-simple: same model/tool/evidence/conversation workflow resumes on persistent state without a new model call for the stored reply (4417.703917ms)
✔ file-journal/observations-complex: same model/tool/evidence/conversation workflow resumes on persistent state without a new model call for the stored reply (6920.0595ms)
✔ checkpoint record: empty paged root round-trips metadata once without raw reads (5.121084ms)
✔ checkpoint record: empty batch root round-trips metadata once without raw reads (0.947333ms)
✔ checkpoint record: multiple normal pages store references rather than repeating large bodies (10.062167ms)
✔ checkpoint record: partial batch resumes only unfinished items and preserves original successes (6.827625ms)
✔ checkpoint record: rejected source calls survive explicit resume and consume the operation call limit (1.336208ms)
✔ checkpoint record: a crashed intent becomes one unknown call and is never silently replayed (2.18625ms)
✔ checkpoint record: complete orphan resume performs no new page read or call (1.040542ms)
✔ checkpoint record: explicit stop changes only stop metadata and appends its exact base reference (0.831375ms)
✔ checkpoint record: unchanged fields and inherited dependencies cannot be dropped from an intent (2.110417ms)
✔ checkpoint record: start rejects retained history, source artifacts, and non-root identity (0.515292ms)
✔ checkpoint record: intent, settlement, and resume reject invalid request identity or time transitions (1.348791ms)
✔ checkpoint record: wrong logical digest, wrong base, extra keys, and failed source reads are rejected (1.62925ms)
✔ checkpoint record: accepted encode defers new raw body, source-ref, and dependency authentication to decode (2.928ms)
✔ checkpoint record: conflicting artifact metadata and dropped inherited references are never encoded (0.741333ms)
✔ checkpoint record: logical checkpoint and referenced response byte limits are enforced before source I/O (0.486875ms)
✔ checkpoint record: record schema rejects more than 16 MiB of otherwise bounded root metadata (51.633875ms)
✔ checkpoint store: real v2 start/intent/settle records load the logical v1 result and preserve original bytes (220.313417ms)
✔ checkpoint store: a legacy snapshot can anchor a v2 orphan resume without reissuing any raw page request (358.71025ms)
✔ checkpoint store: missing base is detected through the actual file adapter (224.911458ms)
✔ checkpoint store: tampered base is detected through the actual file adapter (180.814958ms)
✔ checkpoint store: missing raw is detected through the actual file adapter (170.279083ms)
✔ checkpoint store: tampered raw is detected through the actual file adapter (217.772ms)
✔ checkpoint store: a base reference with tenant cannot use an otherwise readable head (299.889167ms)
✔ checkpoint store: a base reference with labels cannot use an otherwise readable head (322.991583ms)
✔ checkpoint store: a base reference with missing-index cannot use an otherwise readable head (201.88875ms)
✔ checkpoint store: a valid artifact hash cannot authenticate a forged logical digest (243.733084ms)
✔ checkpoint store: returned byte/page/checkpoint mutations cannot poison a reader cache (192.807542ms)
✔ checkpoint store: shared materialization rechecks every original and a new file instance decodes cold (164.083459ms)
✔ checkpoint store: shared materialization cannot hide a revoked or unindexed original (247.922584ms)
✔ checkpoint store: shared materialization evicts at 64-heads (3514.49625ms)
✔ checkpoint store: shared materialization evicts at 16-MiB-logical-bytes (501.3935ms)
✔ checkpoint store: eviction during a shared materialization await preserves the logical byte budget (481.97425ms)
✔ checkpoint store: an in-flight head mutation cannot seed a different artifact materialization (244.923667ms)
✔ checkpoint store: caller ref mutation cannot redirect cached-reference revalidation (242.701167ms)
✔ checkpoint store: policy snapshots and exact index entries cannot be widened or aliased by callers (242.142167ms)
✔ checkpoint store: cached originals require real exists checks and new readers cannot inherit a deleted source (208.808917ms)
✔ checkpoint store: raw source cache stays within 16 MiB and evicted sources are fetched again (484.318083ms)
✔ checkpoint store: cycles and oversized records are rejected before decoding any logical history (0.753708ms)
✔ checkpoint store: a record chain stops at 10000 records before requesting the next dependency (187.3405ms)
✔ checkpoint store: a record chain stops at 64 MiB without caching the entire traversal (34.122917ms)
✔ checkpoint store: a materialized base retains its chain byte cost for the next event (62.81675ms)
✔ checkpoint store sqlite: a legacy committed root resumes through v2 records into an authenticated public result (484.678209ms)
✔ checkpoint store file-journal: a legacy committed root resumes through v2 records into an authenticated public result (3206.5855ms)
✔ read checkpoint sqlite: a complete checkpoint survives outer-result loss and resumes without another fetch (875.818708ms)
✔ read checkpoint sqlite: projection preserves original evidence and charges only the successor's raw response (1161.47225ms)
✔ read checkpoint sqlite: missing proof and altered payload are denied while ordinary failures remain valid (950.9265ms)
✔ read checkpoint sqlite: an indexed forged merged page cannot replace its accepted raw response (1047.737833ms)
✔ read checkpoint sqlite: an unchanged original body cannot authorize a changed request identity (900.239167ms)
✔ read checkpoint sqlite: losing raw-response blocks result history and copied history (1248.208959ms)
✔ read checkpoint sqlite: losing source-artifact blocks result history and copied history (806.472667ms)
✔ read checkpoint sqlite: severing the parent's exclusive successor claim rejects the child (920.212791ms)
✔ read checkpoint file-journal: a complete checkpoint survives outer-result loss and resumes without another fetch (3356.70775ms)
✔ read checkpoint file-journal: projection preserves original evidence and charges only the successor's raw response (4594.5535ms)
✔ read checkpoint file-journal: missing proof and altered payload are denied while ordinary failures remain valid (4119.484042ms)
✔ read checkpoint file-journal: an indexed forged merged page cannot replace its accepted raw response (4247.770333ms)
✔ read checkpoint file-journal: an unchanged original body cannot authorize a changed request identity (3450.741125ms)
✔ read checkpoint file-journal: losing raw-response blocks result history and copied history (5262.810084ms)
✔ read checkpoint file-journal: losing source-artifact blocks result history and copied history (4924.254084ms)
✔ read checkpoint file-journal: severing the parent's exclusive successor claim rejects the child (4160.181333ms)
✔ read collection context: only visible current goal and scope tips survive; complete unadopted tips remain resumable (3.921542ms)
✔ read collection context: the common packet removes denied head metadata from both execution and resume projections (3.018208ms)
✔ read collection context sqlite: five compactions and reopen retain partial resume metadata without page bodies (878.929791ms)
✔ read collection context sqlite: five compactions and reopen retain complete orphan resume metadata without page bodies (855.07575ms)
✔ read collection context file-journal: five compactions and reopen retain partial resume metadata without page bodies (3694.759333ms)
✔ read collection context file-journal: five compactions and reopen retain complete orphan resume metadata without page bodies (3488.928708ms)
✔ read collection context sqlite: lost derived frame regenerates while lost original raw response blocks context and recovery (342.587458ms)
✔ read collection context file-journal: lost derived frame regenerates while lost original raw response blocks context and recovery (1645.437208ms)
✔ read collection context sqlite: source gate rejects omitted, altered, and canonically inconsistent resume metadata (326.851708ms)
✔ read collection context file-journal: source gate rejects omitted, altered, and canonically inconsistent resume metadata (1273.91875ms)
✔ read collection context sqlite: resume metadata is mandatory input and cannot be evicted to satisfy a smaller byte budget (301.976458ms)
✔ read collection context file-journal: resume metadata is mandatory input and cannot be evicted to satisfy a smaller byte budget (1004.675041ms)
✔ read collection context sqlite: source lifecycle change during checkpoint read prevents staged frame publication (198.06225ms)
✔ read collection context file-journal: source lifecycle change during checkpoint read prevents staged frame publication (632.794833ms)
✔ read collection context sqlite: contract change during derived resume put is checked before return (302.980541ms)
✔ read collection context sqlite: original change during derived resume put is checked before return (295.882208ms)
✔ read collection context file-journal: contract change during derived resume put is checked before return (805.030416ms)
✔ read collection context file-journal: original change during derived resume put is checked before return (1046.113167ms)
✔ read collection context sqlite: completed adopted output retains original proof requirements after leaving the resume list (311.731917ms)
✔ read collection context file-journal: completed adopted output retains original proof requirements after leaving the resume list (1827.240417ms)
✔ read collection context sqlite: raw loss during frame staging suppresses completed adopted copies (390.367625ms)
✔ read collection context file-journal: raw loss during frame staging suppresses completed adopted copies (1506.381084ms)
✔ collection I/O sqlite documents-simple: 4 pages retain semantics across reads, copying and reopening (1551.339125ms)
ℹ {"adapter":"sqlite","family":"documents-simple","pages":4,"sourceCalls":4,"resultSignature":"ca3cbf4a810188e565397de9b01c666596d3bfd519841b869c91c2e4ca1eaa0c","stages":[{"name":"collect","get":114,"exists":202,"put":14,"returnedBodyBytes":171997,"stateReads":194,"receipts":30,"commits":14,"physicalBodyBytes":485558},{"name":"checkpointRead","get":13,"exists":12,"put":0,"returnedBodyBytes":18362,"stateReads":4,"receipts":1,"commits":0,"physicalBodyBytes":35757},{"name":"callsGet","get":41,"exists":96,"put":1,"returnedBodyBytes":84792,"stateReads":36,"receipts":10,"commits":5,"physicalBodyBytes":314778},{"name":"contextPrepare","get":70,"exists":50,"put":1,"returnedBodyBytes":188989,"stateReads":35,"receipts":7,"commits":0,"physicalBodyBytes":288275},{"name":"reopenAndPrepare","get":83,"exists":62,"put":1,"returnedBodyBytes":207351,"stateReads":39,"receipts":8,"commits":0,"physicalBodyBytes":324032}]}
✔ collection I/O sqlite documents-simple: 8 pages retain semantics across reads, copying and reopening (2323.752792ms)
ℹ {"adapter":"sqlite","family":"documents-simple","pages":8,"sourceCalls":8,"resultSignature":"c223661cc27ac8f18d90094013769634188fab210c6fa1531b423635c1ef5c84","stages":[{"name":"collect","get":318,"exists":590,"put":26,"returnedBodyBytes":470387,"stateReads":330,"receipts":46,"commits":22,"physicalBodyBytes":1357149},{"name":"checkpointRead","get":25,"exists":24,"put":0,"returnedBodyBytes":35235,"stateReads":4,"receipts":1,"commits":0,"physicalBodyBytes":69502},{"name":"callsGet","get":77,"exists":180,"put":1,"returnedBodyBytes":162709,"stateReads":36,"receipts":10,"commits":5,"physicalBodyBytes":606344},{"name":"contextPrepare","get":130,"exists":98,"put":1,"returnedBodyBytes":354351,"stateReads":35,"receipts":7,"commits":0,"physicalBodyBytes":548423},{"name":"reopenAndPrepare","get":155,"exists":122,"put":1,"returnedBodyBytes":389586,"stateReads":39,"receipts":8,"commits":0,"physicalBodyBytes":617925}]}
✔ collection I/O sqlite documents-simple: 16 pages retain semantics across reads, copying and reopening (4029.85725ms)
ℹ {"adapter":"sqlite","family":"documents-simple","pages":16,"sourceCalls":16,"resultSignature":"ab9d2af3b8ec8ae6983b1b42f01fae55eaa9771ae3f0271537f2a91d7e4ef676","stages":[{"name":"collect","get":1014,"exists":1942,"put":50,"returnedBodyBytes":1473478,"stateReads":602,"receipts":78,"commits":38,"physicalBodyBytes":4319151},{"name":"checkpointRead","get":49,"exists":48,"put":0,"returnedBodyBytes":69080,"stateReads":4,"receipts":1,"commits":0,"physicalBodyBytes":137191},{"name":"callsGet","get":149,"exists":348,"put":1,"returnedBodyBytes":318994,"stateReads":36,"receipts":10,"commits":5,"physicalBodyBytes":1191167},{"name":"contextPrepare","get":250,"exists":194,"put":1,"returnedBodyBytes":686038,"stateReads":35,"receipts":7,"commits":0,"physicalBodyBytes":1070236},{"name":"reopenAndPrepare","get":299,"exists":242,"put":1,"returnedBodyBytes":755118,"stateReads":39,"receipts":8,"commits":0,"physicalBodyBytes":1207427}]}
✔ collection I/O sqlite observations-simple: 4 pages retain semantics across reads, copying and reopening (1343.764041ms)
ℹ {"adapter":"sqlite","family":"observations-simple","pages":4,"sourceCalls":4,"resultSignature":"a6a1b857443999b7a5f4b1945b1768f00b1f58af8a2d1b7fce08ea4816c57ae5","stages":[{"name":"collect","get":114,"exists":202,"put":14,"returnedBodyBytes":172551,"stateReads":194,"receipts":30,"commits":14,"physicalBodyBytes":487152},{"name":"checkpointRead","get":13,"exists":12,"put":0,"returnedBodyBytes":18412,"stateReads":4,"receipts":1,"commits":0,"physicalBodyBytes":35857},{"name":"callsGet","get":41,"exists":96,"put":1,"returnedBodyBytes":85070,"stateReads":36,"receipts":10,"commits":5,"physicalBodyBytes":315854},{"name":"contextPrepare","get":70,"exists":50,"put":1,"returnedBodyBytes":189654,"stateReads":35,"receipts":7,"commits":0,"physicalBodyBytes":289268},{"name":"reopenAndPrepare","get":83,"exists":62,"put":1,"returnedBodyBytes":208066,"stateReads":39,"receipts":8,"commits":0,"physicalBodyBytes":325125}]}
✔ collection I/O sqlite observations-simple: 8 pages retain semantics across reads, copying and reopening (2063.161708ms)
ℹ {"adapter":"sqlite","family":"observations-simple","pages":8,"sourceCalls":8,"resultSignature":"3e066d9f43cd916245766040a04be753e4d813303fafe0d6c5edfead4c0113c9","stages":[{"name":"collect","get":318,"exists":590,"put":26,"returnedBodyBytes":471661,"stateReads":330,"receipts":46,"commits":22,"physicalBodyBytes":1360871},{"name":"checkpointRead","get":25,"exists":24,"put":0,"returnedBodyBytes":35317,"stateReads":4,"receipts":1,"commits":0,"physicalBodyBytes":69666},{"name":"callsGet","get":77,"exists":180,"put":1,"returnedBodyBytes":163211,"stateReads":36,"receipts":10,"commits":5,"physicalBodyBytes":608316},{"name":"contextPrepare","get":130,"exists":98,"put":1,"returnedBodyBytes":355572,"stateReads":35,"receipts":7,"commits":0,"physicalBodyBytes":550228},{"name":"reopenAndPrepare","get":155,"exists":122,"put":1,"returnedBodyBytes":390889,"stateReads":39,"receipts":8,"commits":0,"physicalBodyBytes":619894}]}
✔ collection I/O sqlite observations-simple: 16 pages retain semantics across reads, copying and reopening (3876.195041ms)
ℹ {"adapter":"sqlite","family":"observations-simple","pages":16,"sourceCalls":16,"resultSignature":"efdaf769faccd802339a9b0a1fb7bb1c170d5d2cfcd84df6499f8eceb676f508","stages":[{"name":"collect","get":1014,"exists":1942,"put":50,"returnedBodyBytes":1476960,"stateReads":602,"receipts":78,"commits":38,"physicalBodyBytes":4329433},{"name":"checkpointRead","get":49,"exists":48,"put":0,"returnedBodyBytes":69226,"stateReads":4,"receipts":1,"commits":0,"physicalBodyBytes":137483},{"name":"callsGet","get":149,"exists":348,"put":1,"returnedBodyBytes":319944,"stateReads":36,"receipts":10,"commits":5,"physicalBodyBytes":1194931},{"name":"contextPrepare","get":250,"exists":194,"put":1,"returnedBodyBytes":688371,"stateReads":35,"receipts":7,"commits":0,"physicalBodyBytes":1073665},{"name":"reopenAndPrepare","get":299,"exists":242,"put":1,"returnedBodyBytes":757597,"stateReads":39,"receipts":8,"commits":0,"physicalBodyBytes":1211148}]}
✔ collection I/O file-journal documents-simple: 4 pages retain semantics across reads, copying and reopening (6498.255ms)
ℹ {"adapter":"file-journal","family":"documents-simple","pages":4,"sourceCalls":4,"resultSignature":"ca3cbf4a810188e565397de9b01c666596d3bfd519841b869c91c2e4ca1eaa0c","stages":[{"name":"collect","get":114,"exists":202,"put":14,"returnedBodyBytes":171997,"stateReads":194,"receipts":30,"commits":14,"physicalBodyBytes":485558},{"name":"checkpointRead","get":13,"exists":12,"put":0,"returnedBodyBytes":18362,"stateReads":4,"receipts":1,"commits":0,"physicalBodyBytes":35757},{"name":"callsGet","get":41,"exists":96,"put":1,"returnedBodyBytes":84792,"stateReads":36,"receipts":10,"commits":5,"physicalBodyBytes":314778},{"name":"contextPrepare","get":70,"exists":50,"put":1,"returnedBodyBytes":188989,"stateReads":35,"receipts":7,"commits":0,"physicalBodyBytes":288275},{"name":"reopenAndPrepare","get":83,"exists":62,"put":1,"returnedBodyBytes":207351,"stateReads":39,"receipts":8,"commits":0,"physicalBodyBytes":324032}]}
✔ collection I/O file-journal documents-simple: 8 pages retain semantics across reads, copying and reopening (8652.072333ms)
ℹ {"adapter":"file-journal","family":"documents-simple","pages":8,"sourceCalls":8,"resultSignature":"c223661cc27ac8f18d90094013769634188fab210c6fa1531b423635c1ef5c84","stages":[{"name":"collect","get":318,"exists":590,"put":26,"returnedBodyBytes":470387,"stateReads":330,"receipts":46,"commits":22,"physicalBodyBytes":1357149},{"name":"checkpointRead","get":25,"exists":24,"put":0,"returnedBodyBytes":35235,"stateReads":4,"receipts":1,"commits":0,"physicalBodyBytes":69502},{"name":"callsGet","get":77,"exists":180,"put":1,"returnedBodyBytes":162709,"stateReads":36,"receipts":10,"commits":5,"physicalBodyBytes":606344},{"name":"contextPrepare","get":130,"exists":98,"put":1,"returnedBodyBytes":354351,"stateReads":35,"receipts":7,"commits":0,"physicalBodyBytes":548423},{"name":"reopenAndPrepare","get":155,"exists":122,"put":1,"returnedBodyBytes":389586,"stateReads":39,"receipts":8,"commits":0,"physicalBodyBytes":617925}]}
✔ collection I/O file-journal documents-simple: 16 pages retain semantics across reads, copying and reopening (16174.050625ms)
ℹ {"adapter":"file-journal","family":"documents-simple","pages":16,"sourceCalls":16,"resultSignature":"ab9d2af3b8ec8ae6983b1b42f01fae55eaa9771ae3f0271537f2a91d7e4ef676","stages":[{"name":"collect","get":1014,"exists":1942,"put":50,"returnedBodyBytes":1473478,"stateReads":602,"receipts":78,"commits":38,"physicalBodyBytes":4319151},{"name":"checkpointRead","get":49,"exists":48,"put":0,"returnedBodyBytes":69080,"stateReads":4,"receipts":1,"commits":0,"physicalBodyBytes":137191},{"name":"callsGet","get":149,"exists":348,"put":1,"returnedBodyBytes":318994,"stateReads":36,"receipts":10,"commits":5,"physicalBodyBytes":1191167},{"name":"contextPrepare","get":250,"exists":194,"put":1,"returnedBodyBytes":686038,"stateReads":35,"receipts":7,"commits":0,"physicalBodyBytes":1070236},{"name":"reopenAndPrepare","get":299,"exists":242,"put":1,"returnedBodyBytes":755118,"stateReads":39,"receipts":8,"commits":0,"physicalBodyBytes":1207427}]}
✔ collection I/O file-journal observations-simple: 4 pages retain semantics across reads, copying and reopening (4591.51925ms)
ℹ {"adapter":"file-journal","family":"observations-simple","pages":4,"sourceCalls":4,"resultSignature":"a6a1b857443999b7a5f4b1945b1768f00b1f58af8a2d1b7fce08ea4816c57ae5","stages":[{"name":"collect","get":114,"exists":202,"put":14,"returnedBodyBytes":172551,"stateReads":194,"receipts":30,"commits":14,"physicalBodyBytes":487152},{"name":"checkpointRead","get":13,"exists":12,"put":0,"returnedBodyBytes":18412,"stateReads":4,"receipts":1,"commits":0,"physicalBodyBytes":35857},{"name":"callsGet","get":41,"exists":96,"put":1,"returnedBodyBytes":85070,"stateReads":36,"receipts":10,"commits":5,"physicalBodyBytes":315854},{"name":"contextPrepare","get":70,"exists":50,"put":1,"returnedBodyBytes":189654,"stateReads":35,"receipts":7,"commits":0,"physicalBodyBytes":289268},{"name":"reopenAndPrepare","get":83,"exists":62,"put":1,"returnedBodyBytes":208066,"stateReads":39,"receipts":8,"commits":0,"physicalBodyBytes":325125}]}
✔ collection I/O file-journal observations-simple: 8 pages retain semantics across reads, copying and reopening (3682.568834ms)
ℹ {"adapter":"file-journal","family":"observations-simple","pages":8,"sourceCalls":8,"resultSignature":"3e066d9f43cd916245766040a04be753e4d813303fafe0d6c5edfead4c0113c9","stages":[{"name":"collect","get":318,"exists":590,"put":26,"returnedBodyBytes":471661,"stateReads":330,"receipts":46,"commits":22,"physicalBodyBytes":1360871},{"name":"checkpointRead","get":25,"exists":24,"put":0,"returnedBodyBytes":35317,"stateReads":4,"receipts":1,"commits":0,"physicalBodyBytes":69666},{"name":"callsGet","get":77,"exists":180,"put":1,"returnedBodyBytes":163211,"stateReads":36,"receipts":10,"commits":5,"physicalBodyBytes":608316},{"name":"contextPrepare","get":130,"exists":98,"put":1,"returnedBodyBytes":355572,"stateReads":35,"receipts":7,"commits":0,"physicalBodyBytes":550228},{"name":"reopenAndPrepare","get":155,"exists":122,"put":1,"returnedBodyBytes":390889,"stateReads":39,"receipts":8,"commits":0,"physicalBodyBytes":619894}]}
✔ collection I/O file-journal observations-simple: 16 pages retain semantics across reads, copying and reopening (6237.476584ms)
ℹ {"adapter":"file-journal","family":"observations-simple","pages":16,"sourceCalls":16,"resultSignature":"efdaf769faccd802339a9b0a1fb7bb1c170d5d2cfcd84df6499f8eceb676f508","stages":[{"name":"collect","get":1014,"exists":1942,"put":50,"returnedBodyBytes":1476960,"stateReads":602,"receipts":78,"commits":38,"physicalBodyBytes":4329433},{"name":"checkpointRead","get":49,"exists":48,"put":0,"returnedBodyBytes":69226,"stateReads":4,"receipts":1,"commits":0,"physicalBodyBytes":137483},{"name":"callsGet","get":149,"exists":348,"put":1,"returnedBodyBytes":319944,"stateReads":36,"receipts":10,"commits":5,"physicalBodyBytes":1194931},{"name":"contextPrepare","get":250,"exists":194,"put":1,"returnedBodyBytes":688371,"stateReads":35,"receipts":7,"commits":0,"physicalBodyBytes":1073665},{"name":"reopenAndPrepare","get":299,"exists":242,"put":1,"returnedBodyBytes":757597,"stateReads":39,"receipts":8,"commits":0,"physicalBodyBytes":1211148}]}
✔ read collection: bounded batch keeps original observations and input objects independent (4.822209ms)
✔ read collection: explicit retries request every unfinished key and advance only when the original page is complete (2.63ms)
✔ read collection: extra cannot satisfy a trusted batch manifest (0.334541ms)
✔ read collection: missing cannot satisfy a trusted batch manifest (0.108166ms)
✔ read collection: wrong-digest cannot satisfy a trusted batch manifest (0.117833ms)
✔ read collection: duplicate-expected cannot satisfy a trusted batch manifest (0.100375ms)
✔ read collection: duplicate-item cannot satisfy a trusted batch manifest (0.094709ms)
✔ read collection: retry rejects successful-item instead of overwriting successful observations (0.590417ms)
✔ read collection: retry rejects missing-unfinished instead of overwriting successful observations (0.409875ms)
✔ read collection: retry rejects changed-digest instead of overwriting successful observations (0.390333ms)
✔ read collection: pending retry binds snapshot to its original source page (0.311792ms)
✔ read collection: pending retry binds cursor to its original source page (0.290125ms)
✔ read collection: pending retry binds nextCursor to its original source page (0.244083ms)
✔ read collection: pending retry binds totalItems to its original source page (0.218625ms)
✔ read collection: pending retry binds exhausted to its original source page (0.237916ms)
✔ read collection: pending retry binds requestId to its original source page (0.29875ms)
✔ read collection: an explicit retry cannot omit a key in the request or reuse the last request identity (0.613958ms)
✔ read collection: accepted request history survives replaced pending IDs and is checked on restore (0.442667ms)
✔ read collection: a nonretryable error preserves the pending observations but forbids resume (0.136083ms)
✔ read collection: retries consume the operation call limit without advancing page count (0.253792ms)
✔ read collection: declared totals count unique logical items and may become known on the final page (0.24575ms)
✔ read collection: a known total stays binding when a later response omits it (0.199ms)
✔ read collection: repeated IDs cannot create another item even with a different digest (0.325708ms)
✔ read collection: cursor loops and snapshot changes are rejected across finalized pages (0.2775ms)
✔ read collection: empty pages may progress with new cursors and a complete empty collection is valid (0.134792ms)
✔ read collection: page, item and batch bounds stop further requests without truncation (0.209667ms)
✔ read collection: response and checkpoint limits use exact UTF-8 byte lengths (0.226041ms)
✔ read collection: each raw retry is byte-bounded while the merged logical page uses the checkpoint bound (0.210833ms)
✔ read collection: restored projection corruption is rejected before producing a request (0.183541ms)
✔ read collection: restored cursor-chain corruption is rejected before producing a request (0.114083ms)
✔ read collection: restored calls corruption is rejected before producing a request (0.107959ms)
✔ read collection: restored completed-pending corruption is rejected before producing a request (0.112542ms)
✔ read collection: restored manifest corruption is rejected before producing a request (0.112875ms)
✔ read collection: strict schemas reject false completion, fabricated not-run output and invalid budgets (0.512666ms)
✔ read collection: usage overflow and dependency overflow fail without dropping earlier accounting or custody (1.035083ms)
✔ durable collections sqlite: a process crash after intent becomes an unknown call on explicit resume (712.985375ms)
✔ durable collections sqlite: a batch retries only unfinished manifest items after reopening (928.527625ms)
✔ durable collections sqlite: source failures consume the persisted call budget across explicit retries (947.071834ms)
✔ durable collections sqlite: a source that answers after cancellation cannot commit its late page (262.948875ms)
✔ durable collections sqlite: policy revocation while the source waits suppresses the response (295.011083ms)
✔ durable collections file-journal: a process crash after intent becomes an unknown call on explicit resume (3117.044541ms)
✔ durable collections file-journal: a batch retries only unfinished manifest items after reopening (4266.668667ms)
✔ durable collections file-journal: source failures consume the persisted call budget across explicit retries (5298.952916ms)
✔ durable collections file-journal: a source that answers after cancellation cannot commit its late page (1015.691166ms)
✔ durable collections file-journal: policy revocation while the source waits suppresses the response (1031.215667ms)
✔ durable collections: query cannot resume a checkpoint under a changed contract (478.84875ms)
✔ durable collections: fresh cannot resume a checkpoint under a changed contract (371.24225ms)
✔ durable collections: same-task-id cannot resume a checkpoint under a changed contract (434.805167ms)
✔ durable collections: policy cannot resume a checkpoint under a changed contract (454.823541ms)
✔ durable collections: goal cannot resume a checkpoint under a changed contract (448.178542ms)
✔ durable collections: generation cannot resume a checkpoint under a changed contract (440.004834ms)
✔ durable collections sqlite documents-simple: complete pages advance automatically and survive reopening (589.884875ms)
✔ durable collections sqlite documents-simple: partial stops until a new task explicitly resumes after reopening (925.011083ms)
✔ durable collections sqlite observations-simple: complete pages advance automatically and survive reopening (596.813208ms)
✔ durable collections sqlite observations-simple: partial stops until a new task explicitly resumes after reopening (1036.168833ms)
✔ durable collections file-journal documents-simple: complete pages advance automatically and survive reopening (2931.804583ms)
✔ durable collections file-journal documents-simple: partial stops until a new task explicitly resumes after reopening (5492.49475ms)
✔ durable collections file-journal observations-simple: complete pages advance automatically and survive reopening (3279.162ms)
✔ durable collections file-journal observations-simple: partial stops until a new task explicitly resumes after reopening (5499.414959ms)
✔ state-based packet retains counterevidence, obligations and original references without raw history or a state mutation (28.751083ms)
✔ old and forged packets cannot reverse a goal change, cancellation or budget (10.5825ms)
✔ separate SQLite/artifact instances reconstruct packets and regenerate missing or corrupt derived blobs (249.279791ms)
✔ missing original is reported by id and cannot be hidden by a valid prior packet (4.658416ms)
✔ reconstruction rechecks a goal change committed while the packet is being saved (4.79475ms)
✔ snapshot retries mixed state/event/outbox revisions and rejects broken event history (3.658917ms)
✔ untrusted packet dimensions, tool revision changes and a foreign work packet never authorize reuse (6.864416ms)
✔ resume requires the work owner and full runtime view; revoked history is never relabelled (4.262834ms)
✔ packet size limit refuses the whole projection without dropping obligations or writing a partial packet (3.1325ms)
✔ model context restores task attempts and budget but excludes model ledger and delivery bodies (5.928584ms)
✔ model context cannot relabel a revoked attempt result reference under the current policy (9.273833ms)
✔ model context refuses assessment references whose evidence metadata is no longer permitted (2.911667ms)
✔ sqlite: text originals use one verified body read and no cross-call availability cache (220.217625ms)
ℹ {"adapter":"sqlite","operation":"original","name":"original","elapsedMs":0.6827499999999986,"artifactApi":{"get":{"calls":1,"requestedBodyBytes":1733,"returnedBodyBytes":1733,"failures":0},"exists":{"calls":0,"referencedBodyBytes":0,"available":0,"unavailable":0},"put":{"calls":0,"inputBodyBytes":0,"returnedReferenceBodyBytes":0,"failures":0}},"stateApi":{"get":3,"receipt":0,"commit":0,"events":0,"deliveries":0,"workIdsForConversation":0,"runnable":0,"close":0},"physical":{"getCalls":1,"existsCalls":0,"putCalls":0,"metadataReadOperations":1,"metadataReadBytes":237,"bodyReadOperations":1,"bodyReadBytes":1733,"hashCalls":1,"hashBytes":1733,"fileWrites":0,"metadataWriteBytes":0,"bodyWriteBytes":0,"readFailures":0,"verificationFailures":0,"deniedReads":0,"writeFailures":0}}
✔ sqlite: one result materialization deduplicates repeated originals and preserves a final real verification (213.685209ms)
ℹ {"adapter":"sqlite","operation":"result","name":"result","elapsedMs":2.360666999999978,"artifactApi":{"get":{"calls":2,"requestedBodyBytes":6315,"returnedBodyBytes":6315,"failures":0},"exists":{"calls":1,"referencedBodyBytes":1733,"available":1,"unavailable":0},"put":{"calls":0,"inputBodyBytes":0,"returnedReferenceBodyBytes":0,"failures":0}},"stateApi":{"get":6,"receipt":1,"commit":0,"events":0,"deliveries":0,"workIdsForConversation":0,"runnable":0,"close":0},"physical":{"getCalls":2,"existsCalls":1,"putCalls":0,"metadataReadOperations":3,"metadataReadBytes":717,"bodyReadOperations":3,"bodyReadBytes":8048,"hashCalls":3,"hashBytes":8048,"fileWrites":0,"metadataWriteBytes":0,"bodyWriteBytes":0,"readFailures":0,"verificationFailures":0,"deniedReads":0,"writeFailures":0}}
✔ sqlite: a two-copy chain decodes and reads each dispatch once per materialization (329.984208ms)
ℹ {"adapter":"sqlite","operation":"copy-chain","name":"copy-chain","elapsedMs":3.0298329999999396,"artifactApi":{"get":{"calls":4,"requestedBodyBytes":16962,"returnedBodyBytes":16962,"failures":0},"exists":{"calls":1,"referencedBodyBytes":1733,"available":1,"unavailable":0},"put":{"calls":0,"inputBodyBytes":0,"returnedReferenceBodyBytes":0,"failures":0}},"stateApi":{"get":6,"receipt":3,"commit":0,"events":0,"deliveries":0,"workIdsForConversation":0,"runnable":0,"close":0},"physical":{"getCalls":4,"existsCalls":1,"putCalls":0,"metadataReadOperations":5,"metadataReadBytes":1203,"bodyReadOperations":5,"bodyReadBytes":18695,"hashCalls":5,"hashBytes":18695,"fileWrites":0,"metadataWriteBytes":0,"bodyWriteBytes":0,"readFailures":0,"verificationFailures":0,"deniedReads":0,"writeFailures":0}}
✔ sqlite: context uses verified copy materialization without rereading its dispatch pair (476.88175ms)
ℹ {"adapter":"sqlite","operation":"context","name":"context","elapsedMs":69.19108299999994,"artifactApi":{"get":{"calls":9,"requestedBodyBytes":70896,"returnedBodyBytes":70896,"failures":0},"exists":{"calls":6,"referencedBodyBytes":20428,"available":6,"unavailable":0},"put":{"calls":1,"inputBodyBytes":37961,"returnedReferenceBodyBytes":37961,"failures":0}},"stateApi":{"get":26,"receipt":6,"commit":0,"events":1,"deliveries":0,"workIdsForConversation":0,"runnable":0,"close":0},"physical":{"getCalls":9,"existsCalls":7,"putCalls":1,"metadataReadOperations":15,"metadataReadBytes":3616,"bodyReadOperations":15,"bodyReadBytes":91324,"hashCalls":17,"hashBytes":129436,"fileWrites":2,"metadataWriteBytes":244,"bodyWriteBytes":37961,"readFailures":1,"verificationFailures":1,"deniedReads":0,"writeFailures":0}}
✔ sqlite: adapter argument mutation and returned metadata cannot change private reference snapshots (440.147167ms)
✔ sqlite: cached original is rejected if deleted during a later state read (246.825834ms)
✔ sqlite: cached original is rejected if corrupted during a later state read (272.95ms)
✔ sqlite: context rechecks metadata-reused originals after its staging await (278.981458ms)
✔ sqlite: context rechecks ordinary cached originals after staging without a calls.get copy (285.696041ms)
✔ sqlite: final cached-source check retains contract authority handling (218.162792ms)
✔ sqlite: final cached-source check retains policy authority handling (211.058625ms)
✔ sqlite: final cached-source check retains unrelated authority handling (185.435292ms)
✔ file-journal: text originals use one verified body read and no cross-call availability cache (741.994291ms)
ℹ {"adapter":"file-journal","operation":"original","name":"original","elapsedMs":39.80441599999995,"artifactApi":{"get":{"calls":1,"requestedBodyBytes":1733,"returnedBodyBytes":1733,"failures":0},"exists":{"calls":0,"referencedBodyBytes":0,"available":0,"unavailable":0},"put":{"calls":0,"inputBodyBytes":0,"returnedReferenceBodyBytes":0,"failures":0}},"stateApi":{"get":3,"receipt":0,"commit":0,"events":0,"deliveries":0,"workIdsForConversation":0,"runnable":0,"close":0},"physical":{"getCalls":1,"existsCalls":0,"putCalls":0,"metadataReadOperations":1,"metadataReadBytes":237,"bodyReadOperations":1,"bodyReadBytes":1733,"hashCalls":1,"hashBytes":1733,"fileWrites":0,"metadataWriteBytes":0,"bodyWriteBytes":0,"readFailures":0,"verificationFailures":0,"deniedReads":0,"writeFailures":0}}
✔ file-journal: one result materialization deduplicates repeated originals and preserves a final real verification (846.898625ms)
ℹ {"adapter":"file-journal","operation":"result","name":"result","elapsedMs":111.10229200000049,"artifactApi":{"get":{"calls":2,"requestedBodyBytes":6315,"returnedBodyBytes":6315,"failures":0},"exists":{"calls":1,"referencedBodyBytes":1733,"available":1,"unavailable":0},"put":{"calls":0,"inputBodyBytes":0,"returnedReferenceBodyBytes":0,"failures":0}},"stateApi":{"get":6,"receipt":1,"commit":0,"events":0,"deliveries":0,"workIdsForConversation":0,"runnable":0,"close":0},"physical":{"getCalls":2,"existsCalls":1,"putCalls":0,"metadataReadOperations":3,"metadataReadBytes":717,"bodyReadOperations":3,"bodyReadBytes":8048,"hashCalls":3,"hashBytes":8048,"fileWrites":0,"metadataWriteBytes":0,"bodyWriteBytes":0,"readFailures":0,"verificationFailures":0,"deniedReads":0,"writeFailures":0}}
✔ file-journal: a two-copy chain decodes and reads each dispatch once per materialization (2088.31475ms)
ℹ {"adapter":"file-journal","operation":"copy-chain","name":"copy-chain","elapsedMs":108.27945900000032,"artifactApi":{"get":{"calls":4,"requestedBodyBytes":16962,"returnedBodyBytes":16962,"failures":0},"exists":{"calls":1,"referencedBodyBytes":1733,"available":1,"unavailable":0},"put":{"calls":0,"inputBodyBytes":0,"returnedReferenceBodyBytes":0,"failures":0}},"stateApi":{"get":6,"receipt":3,"commit":0,"events":0,"deliveries":0,"workIdsForConversation":0,"runnable":0,"close":0},"physical":{"getCalls":4,"existsCalls":1,"putCalls":0,"metadataReadOperations":5,"metadataReadBytes":1203,"bodyReadOperations":5,"bodyReadBytes":18695,"hashCalls":5,"hashBytes":18695,"fileWrites":0,"metadataWriteBytes":0,"bodyWriteBytes":0,"readFailures":0,"verificationFailures":0,"deniedReads":0,"writeFailures":0}}
✔ file-journal: context uses verified copy materialization without rereading its dispatch pair (2159.649333ms)
ℹ {"adapter":"file-journal","operation":"context","name":"context","elapsedMs":337.9670839999999,"artifactApi":{"get":{"calls":9,"requestedBodyBytes":70896,"returnedBodyBytes":70896,"failures":0},"exists":{"calls":6,"referencedBodyBytes":20428,"available":6,"unavailable":0},"put":{"calls":1,"inputBodyBytes":37961,"returnedReferenceBodyBytes":37961,"failures":0}},"stateApi":{"get":26,"receipt":6,"commit":0,"events":1,"deliveries":0,"workIdsForConversation":0,"runnable":0,"close":0},"physical":{"getCalls":9,"existsCalls":7,"putCalls":1,"metadataReadOperations":15,"metadataReadBytes":3616,"bodyReadOperations":15,"bodyReadBytes":91324,"hashCalls":17,"hashBytes":129436,"fileWrites":2,"metadataWriteBytes":244,"bodyWriteBytes":37961,"readFailures":1,"verificationFailures":1,"deniedReads":0,"writeFailures":0}}
✔ file-journal: adapter argument mutation and returned metadata cannot change private reference snapshots (1529.729375ms)
✔ file-journal: cached original is rejected if deleted during a later state read (961.559083ms)
✔ file-journal: cached original is rejected if corrupted during a later state read (927.650875ms)
✔ file-journal: context rechecks metadata-reused originals after its staging await (1765.999875ms)
✔ file-journal: context rechecks ordinary cached originals after staging without a calls.get copy (900.990333ms)
✔ file-journal: final cached-source check retains contract authority handling (846.995333ms)
✔ file-journal: final cached-source check retains policy authority handling (702.974167ms)
✔ file-journal: final cached-source check retains unrelated authority handling (610.857625ms)
✔ resource progress: legacy and paged catalog cards share a stable preparation key independent of query and cursor metadata (3.898584ms)
✔ resource progress: exact schema loading earns a distinct credit and also records discovery so reverse-order searches add none (1.159167ms)
✔ resource progress: forged, mismatched or denied tool metadata and too-large responses do not earn preparation credit (1.253958ms)
✔ resource progress: guidance listing metadata does not reset progress and exact body loading subsumes the card (1.449959ms)
✔ resource progress: guidance body credit requires permitted manifest, matching indexed original and canonical selection identity (0.842084ms)
✔ resource progress: empty results, history/evidence reads and arbitrary new artifacts cannot fabricate preparation (0.175542ms)
✔ resource progress: replayed, reused and unadopted resource results cannot earn a new preparation key (0.222417ms)
✔ resource progress sqlite/documents-simple: default no-progress policy allows discovery, schemas and guidance before the real source (542.804084ms)
✔ resource progress sqlite/observations-simple: default no-progress policy allows discovery, schemas and guidance before the real source (560.165292ms)
✔ resource progress sqlite: repeated identical catalog preparation stops after the first credit and three empty steps (366.631125ms)
✔ resource progress sqlite: repeated identical guidance preparation stops after the first credit and three empty steps (468.113208ms)
✔ resource progress sqlite: empty searches with different query and task IDs stop at the default limit (375.826208ms)
✔ resource progress file-journal/documents-simple: default no-progress policy allows discovery, schemas and guidance before the real source (2376.583208ms)
✔ resource progress file-journal/observations-simple: default no-progress policy allows discovery, schemas and guidance before the real source (2383.387334ms)
✔ resource progress file-journal: repeated identical catalog preparation stops after the first credit and three empty steps (2798.777542ms)
✔ resource progress file-journal: repeated identical guidance preparation stops after the first credit and three empty steps (2666.120083ms)
✔ resource progress file-journal: empty searches with different query and task IDs stop at the default limit (1659.92025ms)
✔ catalog filters before ranking, bounds cards, separates providers and loads only an exact schema (23.581958ms)
✔ registration snapshots reject namespace/duplicates and cannot be mutated through adapters or catalog results (8.06175ms)
✔ documents-simple: discovery and selected guidance share the execution ledger without adding evidence or permissions (36.67575ms)
✔ observations-simple: discovery and selected guidance share the execution ledger without adding evidence or permissions (19.973209ms)
✔ simple direct lookup does not load optional guidance or run a hypothesis review (9.211458ms)
✔ method selection follows contradiction, independence and response needs without model calls (5.893792ms)
✔ guidance metadata/limits do not read bodies and wrong version, tenant or applicability are rejected (6.122792ms)
✔ evidence readers distinguish protected/missing, superseded and retracted records; limits preserve provenance (5.362125ms)
✔ call result lookup stays historical after retraction and does not restore it to current evidence (7.794625ms)
✔ broker rejects calls without a committed dispatch or with another owner before reaching a tool (5.626292ms)
✔ in-flight output is not downgraded to a less restricted artifact when labels are revoked (6.219792ms)
✔ revocation after result storage settles without reading protected bytes or repeatedly getting stuck (5.917292ms)
✔ stored guidance and invocation results can be read after SQLite/artifact/source restart without source execution (322.965792ms)
✔ guidance source rejects altered content, path escape and symlink replacement (73.8235ms)
✔ model-facing evidence and call readers use the common budget without reexecuting a source or completing a changed goal (16.641042ms)
✔ sqlite: one commit and reopen retain state, all ordered events, deliveries and historical receipts (105.826042ms)
✔ sqlite: duplicate and idempotency conflict precede revision conflict and preserve the first receipt (81.321208ms)
✔ sqlite: malformed commits leave all four collections unchanged, even on duplicate commands (99.014583ms)
✔ sqlite: caller mutations and mutable returned snapshots cannot rewrite persisted history (77.921542ms)
✔ sqlite: work, tenant, principal, channel and conversation identifiers remain separate (122.947291ms)
✔ sqlite: event cursors are exclusive and sequence numbers are local to each work (67.034166ms)
✔ sqlite: runnable respects exact deadline, obligation, tool and model recovery boundaries after reopen (416.933042ms)
✔ sqlite: two separate processes race on revision with exactly one atomic winning commit (205.854625ms)
✔ sqlite: two separate processes race on same-command with exactly one atomic winning commit (157.911292ms)
✔ sqlite: two separate processes race on different-digest with exactly one atomic winning commit (187.879417ms)
✔ sqlite: acknowledged commit survives SIGKILL without close and reopening replays its receipt without duplicate records (249.602208ms)
✔ file-journal: one commit and reopen retain state, all ordered events, deliveries and historical receipts (216.950458ms)
✔ file-journal: duplicate and idempotency conflict precede revision conflict and preserve the first receipt (349.376083ms)
✔ file-journal: malformed commits leave all four collections unchanged, even on duplicate commands (498.719583ms)
✔ file-journal: caller mutations and mutable returned snapshots cannot rewrite persisted history (240.146542ms)
✔ file-journal: work, tenant, principal, channel and conversation identifiers remain separate (915.597375ms)
✔ file-journal: event cursors are exclusive and sequence numbers are local to each work (237.451791ms)
✔ file-journal: runnable respects exact deadline, obligation, tool and model recovery boundaries after reopen (2370.013041ms)
✔ file-journal: two separate processes race on revision with exactly one atomic winning commit (269.924916ms)
✔ file-journal: two separate processes race on same-command with exactly one atomic winning commit (220.896291ms)
✔ file-journal: two separate processes race on different-digest with exactly one atomic winning commit (208.830208ms)
✔ file-journal: acknowledged commit survives SIGKILL without close and reopening replays its receipt without duplicate records (588.915ms)
✔ sqlite: profile closes the opened state repository when channel initialization fails (94.728958ms)
✔ file-journal: profile closes the opened state repository when channel initialization fails (68.167917ms)
✔ sqlite/documents-simple: CLI persists backend choice across processes and prevents an accidental switch (1327.062375ms)
✔ sqlite/observations-simple: CLI persists backend choice across processes and prevents an accidental switch (1294.052041ms)
✔ file-journal/documents-simple: CLI persists backend choice across processes and prevents an accidental switch (3882.803708ms)
✔ file-journal/observations-simple: CLI persists backend choice across processes and prevents an accidental switch (3878.00375ms)
✔ legacy SQLite profile acquires metadata without losing its work or accepting a backend switch (533.042333ms)
✔ two processes choosing different backends create only one accepted profile (448.821417ms)
✔ invalid or linked profile metadata is rejected without opening a new backend (35.71675ms)
✔ one atomic commit stores state, events, outbox and idempotency receipt (65.552958ms)
✔ injected failure between state and event writes rolls back every record (75.949083ms)
✔ waiting state and wake obligation survive process termination after commit (204.775458ms)
✔ two independent processes cannot commit from the same stale revision (188.677166ms)
✔ structured planner accepts one strict JSON proposal and forwards identity, options and source-boundary instructions once (2.355042ms)
✔ configuration and request snapshots cannot be rewritten by caller or transport mutation (0.424583ms)
✔ input estimation includes the exact transport request and schema without invoking the transport or claiming measured usage (0.346208ms)
✔ input estimation uses the same policy and size gates as transport requests (0.524875ms)
✔ finish reasons remain distinct and never expose provider failure content or run hidden retries (0.583875ms)
✔ invalid JSON, schema, response fields and missing proposal fail without repair calls (0.975417ms)
✔ usage omission is unknown rather than zero; only independently valid safe integer fields survive invalid envelopes (1.36225ms)
✔ provider and model identity mismatch cannot masquerade as the configured adapter (0.2865ms)
✔ missing options, denied destinations and unauthorized tool schemas never reach the transport (0.403833ms)
✔ request and response limits use UTF-8 bytes and preserve valid usage on oversized responses (0.252834ms)
✔ transport exceptions become fixed errors with unknown usage and no implicit retry (0.166791ms)
✔ pre-call cancellation has no transport effect; late cancellation preserves returned usage without accepting a proposal (0.354292ms)
✔ abort-related transport rejection is cancellation with unmeasured usage (0.130375ms)
✔ invalid configurations fail with a fixed message before transport registration (0.119416ms)
✔ structured transport rejects incomplete observation pairs and reference bodies before invocation (1.133917ms)
✔ sqlite: broker rechecks source knowledge after a real reuse lookup misses (115.414375ms)
✔ sqlite: legacy attempt rejects a destination replacement during beforeInvoke (74.946459ms)
✔ sqlite: legacy attempt rejects a labels replacement during beforeInvoke (117.753083ms)
✔ sqlite: legacy attempt rejects a effect replacement during beforeInvoke (105.933417ms)
✔ sqlite: legacy attempt rejects a destination replacement during reuse (90.018334ms)
✔ sqlite: legacy attempt rejects a labels replacement during reuse (90.934375ms)
✔ sqlite: legacy attempt rejects a effect replacement during reuse (104.69325ms)
✔ sqlite: an unchanged legacy attempt invokes once after asynchronous guards and a reuse miss (98.044375ms)
✔ file-journal: broker rechecks source knowledge after a real reuse lookup misses (623.191625ms)
✔ file-journal: legacy attempt rejects a destination replacement during beforeInvoke (610.018166ms)
✔ file-journal: legacy attempt rejects a labels replacement during beforeInvoke (649.7045ms)
✔ file-journal: legacy attempt rejects a effect replacement during beforeInvoke (536.179916ms)
✔ file-journal: legacy attempt rejects a destination replacement during reuse (566.695708ms)
✔ file-journal: legacy attempt rejects a labels replacement during reuse (545.0905ms)
✔ file-journal: legacy attempt rejects a effect replacement during reuse (462.900917ms)
✔ file-journal: an unchanged legacy attempt invokes once after asynchronous guards and a reuse miss (505.877167ms)
✔ provider pages become visible in one publication and keep unrelated providers (13.699375ms)
✔ only a complete empty provider listing retires that provider (5.010625ms)
✔ provider partial transport failure preserves the previously published snapshot (3.286333ms)
✔ provider mixed provider revisions preserves the previously published snapshot (3.034208ms)
✔ provider cross-page duplicate preserves the previously published snapshot (2.986292ms)
✔ provider pagination cycle preserves the previously published snapshot (2.795584ms)
✔ provider wrong provider namespace preserves the previously published snapshot (2.542416ms)
✔ provider invalid namespace definition preserves the previously published snapshot (2.32175ms)
✔ provider invalid JSON schema preserves the previously published snapshot (3.329833ms)
✔ provider missing completeness cursor preserves the previously published snapshot (2.703708ms)
✔ provider undeclared partial flag preserves the previously published snapshot (2.820583ms)
✔ provider page bound preserves the previously published snapshot (2.274125ms)
✔ provider tool bound preserves the previously published snapshot (2.42675ms)
✔ provider definition byte bound preserves the previously published snapshot (5.254625ms)
✔ provider pre-cancellation makes no listing call (2.377416ms)
✔ provider abort ends an ignored-signal wait and late listing cannot publish (2.490292ms)
✔ provider abort during schema compilation still prevents publication (2.175083ms)
✔ concurrent same-provider refresh refuses an older listing after a newer publication (2.865208ms)
✔ concurrent unrelated provider refreshes both publish without reverting each other (2.397792ms)
✔ provider staging snapshots metadata and callbacks before awaiting another page (2.690041ms)
✔ catalog cursor pages reach every permitted result after 20 without duplicate or missing cards (16.679209ms)
✔ catalog cursor replay returns the same cards while allowing a smaller per-page item limit (7.863417ms)
✔ catalog cursor is bound to current query (6.801875ms)
✔ catalog cursor is bound to current tenant (6.851834ms)
✔ catalog cursor is bound to current principal (6.839792ms)
✔ catalog cursor is bound to current tools (6.235667ms)
✔ catalog cursor is bound to current labels (6.077959ms)
✔ catalog cursor is bound to current destinations (6.18225ms)
✔ catalog cursor is bound to current writes (5.259291ms)
✔ catalog cursor rejects unpublished, stale, and restarted lookup state (9.872042ms)
✔ catalog cursor expires by injected clock and bounded index eviction requires a fresh search (7.005958ms)
✔ catalog applies permissions before rank, total page size, and hasMore (6.316166ms)
✔ catalog page budgets count Unicode and the entire response envelope (3.199875ms)
✔ catalog rejects invalid bounds and keeps punctuation-only search bounded and empty (4.52225ms)
✔ catalog reuses immutable definition digests across cursor pages and refreshes after registry replacement (9.761ms)
✔ sqlite/documents-simple: durable reuse keeps evidence identity and charges source costs once after reopen (422.420916ms)
✔ sqlite/observations-simple: durable reuse keeps evidence identity and charges source costs once after reopen (331.4575ms)
✔ file-journal/documents-simple: durable reuse keeps evidence identity and charges source costs once after reopen (3739.874833ms)
✔ file-journal/observations-simple: durable reuse keeps evidence identity and charges source costs once after reopen (3369.639625ms)
✔ sqlite: default deny and fresh request perform actual reads, unreported adapter costs stay unknown (454.41325ms)
✔ sqlite: TTL boundary makes a new read and adoption after expiry rejects an already-stored hit (415.305292ms)
✔ sqlite: a changed principal cannot reuse a result obtained under the old policy (210.419625ms)
✔ sqlite: contract changes before dispatch fail without invoking; unrelated registry changes keep a selected contract usable (246.8915ms)
✔ sqlite: a reuse clone cannot survive source custody removal in history, copies, or context (202.846292ms)
✔ sqlite: original artifact is rechecked at the adoption commit boundary (216.346709ms)
✔ sqlite: a dispatched call without a received measurement remains unknown after reopen (83.464416ms)
✔ sqlite: unsent cancellation and legacy reservation expiry do not create unknown execution costs (76.974083ms)
✔ sqlite: emitted observation source contracts are checked even when that tool schema is not selected (280.905ms)
✔ sqlite: registry removal while a context frame is staged prevents returning the prepared input (209.489375ms)
✔ file-journal: default deny and fresh request perform actual reads, unreported adapter costs stay unknown (2281.487667ms)
✔ file-journal: TTL boundary makes a new read and adoption after expiry rejects an already-stored hit (2810.034ms)
✔ file-journal: a changed principal cannot reuse a result obtained under the old policy (914.826292ms)
✔ file-journal: contract changes before dispatch fail without invoking; unrelated registry changes keep a selected contract usable (543.994375ms)
✔ file-journal: a reuse clone cannot survive source custody removal in history, copies, or context (978.754625ms)
✔ file-journal: original artifact is rechecked at the adoption commit boundary (785.779125ms)
✔ file-journal: a dispatched call without a received measurement remains unknown after reopen (133.360125ms)
✔ file-journal: unsent cancellation and legacy reservation expiry do not create unknown execution costs (125.898792ms)
✔ file-journal: emitted observation source contracts are checked even when that tool schema is not selected (746.806583ms)
✔ file-journal: registry removal while a context frame is staged prevents returning the prepared input (326.664583ms)
✔ adapter-supplied reuse metadata cannot claim an invocation was avoided (46.702417ms)
✔ a write tool cannot declare reuse and changing freshness changes the immutable task digest (0.543709ms)
✔ tool reuse: trusted immutable defaults reuse across task IDs while preserving exact original evidence, timing and nullable usage (41.530875ms)
✔ tool reuse: untrusted-default always misses (14.042042ms)
✔ tool reuse: untrusted-request always misses (9.580666ms)
✔ tool reuse: fresh always misses (8.08475ms)
✔ tool reuse: TTL begins at original start, expires at the exact boundary, and is rechecked before adoption (11.107125ms)
✔ tool reuse: retracted source evidence is never reused (14.116333ms)
✔ tool reuse: deleted source evidence is never reused (11.326459ms)
✔ tool reuse: restricted source evidence is never reused (9.514708ms)
✔ tool reuse: corrected source evidence is never reused (10.368458ms)
✔ tool reuse: superseded source evidence is never reused (10.593542ms)
✔ tool reuse: missing source evidence is never reused (8.691917ms)
✔ tool reuse: contract-stamp original attempt cannot establish a cache hit (6.273583ms)
✔ tool reuse: execution-proof original attempt cannot establish a cache hit (7.926416ms)
✔ tool reuse: reused original attempt cannot establish a cache hit (6.114583ms)
✔ tool reuse: not-invoked original attempt cannot establish a cache hit (6.313334ms)
✔ tool reuse: partial original attempt cannot establish a cache hit (6.49525ms)
✔ tool reuse: unknown original attempt cannot establish a cache hit (6.039625ms)
✔ tool reuse: unadopted original attempt cannot establish a cache hit (5.855291ms)
✔ tool reuse: future original attempt cannot establish a cache hit (5.561792ms)
✔ tool reuse: full goal context changes invalidate the old key (6.423042ms)
✔ tool reuse: full goal-revision context changes invalidate the old key (5.747208ms)
✔ tool reuse: full scope context changes invalidate the old key (6.048375ms)
✔ tool reuse: full owner context changes invalidate the old key (6.312334ms)
✔ tool reuse: full labels context changes invalidate the old key (6.577708ms)
✔ tool reuse: full permission context changes invalidate the old key (5.3875ms)
✔ tool reuse: changed immutable sourceVersion or schema under the same tool version invalidates pinned contracts (9.983208ms)
✔ tool reuse: a different canonical input under the same trusted definition is a cache miss (6.241458ms)
✔ tool reuse: parent retraction invalidates an unchanged derived evidence payload (7.878791ms)
✔ tool reuse: missing or damaged original bytes and oversized results are conservative misses (12.833625ms)
✔ tool reuse: a partial canonical result is not an original complete observation (7.572583ms)
✔ tool reuse: a cursor canonical result is not an original complete observation (8.453834ms)
✔ tool reuse: a reused canonical result is not an original complete observation (8.535541ms)
✔ tool reuse: a identity canonical result is not an original complete observation (7.26825ms)
✔ tool reuse: forged payloads, evidence timing, consumer identity, source stamps and accounting reports fail validation (11.142125ms)
✔ tool reuse: current source knowledge must validate and travels with the reused result (8.689417ms)
✔ tool reuse: source authority changes while canonical receipt lookup waits prevent a stale hit (6.265167ms)
✔ tool reuse: find-remove during the final state read invalidates the registry pin (7.443209ms)
✔ tool reuse: validate-source-version during the final state read invalidates the registry pin (7.463667ms)
✔ tool reuse: validate-labels during the final state read invalidates the registry pin (6.931166ms)
✔ progress runtime sqlite: renamed tasks share failure history and backoff survives workflow runs and reopening (523.541875ms)
✔ progress runtime sqlite: replanning cannot extend the first semantic request retry deadline (309.031667ms)
✔ progress runtime sqlite: successful empty results still stall and mode, compact, resume and reopening cannot erase that state (527.28475ms)
✔ progress runtime sqlite: a stored tool result settles atomically before allocation gates and verified completion still wins (278.683042ms)
✔ progress runtime sqlite: a stored model reply settles after reopening even when new allocations are blocked (308.797208ms)
✔ progress runtime sqlite: repeated invalid model proposals preserve one failure key and persist model backoff (681.717792ms)
✔ progress runtime sqlite: a new goal starts a new streak while preserving usage, processed history and failure deadlines (164.280375ms)
✔ progress runtime sqlite: an unknown synthetic write remains an obligation ahead of a no-progress allocation stop (312.700375ms)
✔ progress runtime file-journal: renamed tasks share failure history and backoff survives workflow runs and reopening (3124.134ms)
✔ progress runtime file-journal: replanning cannot extend the first semantic request retry deadline (1709.755541ms)
✔ progress runtime file-journal: successful empty results still stall and mode, compact, resume and reopening cannot erase that state (3205.04525ms)
✔ progress runtime file-journal: a stored tool result settles atomically before allocation gates and verified completion still wins (1355.753292ms)
✔ progress runtime file-journal: a stored model reply settles after reopening even when new allocations are blocked (1090.107666ms)
✔ progress runtime file-journal: repeated invalid model proposals preserve one failure key and persist model backoff (2944.845417ms)
✔ progress runtime file-journal: a new goal starts a new streak while preserving usage, processed history and failure deadlines (372.727917ms)
✔ progress runtime file-journal: an unknown synthetic write remains an obligation ahead of a no-progress allocation stop (562.239833ms)
✔ progress: a unique committed operation contributes once and returned state has no mutable aliases (0.94325ms)
✔ progress: permutations, repeated known keys and new operation IDs cannot fabricate productive steps (1.189875ms)
✔ progress: explicit goal epochs reset only the current streak and preserve deduplication and the original retry window (0.254375ms)
✔ progress: processed capacity saturates without evicting prior records or resetting on a new goal (0.128ms)
✔ progress: knownKeys capacity saturates without evicting prior records or resetting on a new goal (0.087041ms)
✔ progress: repeated failures retain their first deadline and use the current backoff without extending the retry window (0.435292ms)
✔ progress: retry gate respects the work deadline and specific repeated-failure limits (0.157375ms)
✔ progress: policies remain pinned and invalid counters, times, keys or schema fields fail closed (0.496209ms)
✔ capture: a new negative observation is productive while aliases, timestamps and duplicate originals are not (2.354291ms)
✔ capture: changed facts, coverage and an authenticated original version can each carry new information (0.367ms)
✔ capture: derived copies do not add progress or independent completion credit (0.248625ms)
✔ capture: tenant evidence cannot earn progress (0.147083ms)
✔ capture: scope evidence cannot earn progress (0.108333ms)
✔ capture: labels evidence cannot earn progress (0.096208ms)
✔ capture: retracted evidence cannot earn progress (0.088083ms)
✔ capture: deleted evidence cannot earn progress (0.111291ms)
✔ capture: blocked-artifact evidence cannot earn progress (0.116167ms)
✔ capture: a hypothesis assessment is credited once per semantic evidence basis, not per hypothesis text or evidence ID (0.354291ms)
✔ capture: no evidence or a stale hypothesis assessment earns a fresh reasoning credit (0.130208ms)
✔ capture: only satisfied obligations contribute and identity or explanation rewrites cannot repeat the credit (0.129583ms)
✔ capture: plan, task, revision, mode, usage and replay changes cannot reset a stalled work (0.125209ms)
✔ capture: trusted explicit item progress and returned state copies follow the same deduplication contract (0.07775ms)
✔ progress sqlite: reopen and duplicate commit preserve settlement counts and the first retry deadline (105.70875ms)
✔ progress file-journal: reopen and duplicate commit preserve settlement counts and the first retry deadline (121.795041ms)
✔ sqlite: public CLI cursor survives process reconnect without executing or changing the work (1879.390125ms)
✔ sqlite: public CLI binds reconnect to the registered conversation and keeps the primary reply route (2137.496333ms)
✔ sqlite: delivered results disappear from the current CLI view after a goal change and explicit cancel (1922.95375ms)
✔ file-journal: public CLI cursor survives process reconnect without executing or changing the work (2735.688333ms)
✔ file-journal: public CLI binds reconnect to the registered conversation and keeps the primary reply route (3291.21625ms)
✔ file-journal: delivered results disappear from the current CLI view after a goal change and explicit cancel (2894.740042ms)
✔ public CLI rejects ambiguous view flags without printing a success response (444.227542ms)
✔ human work view labels prepared outputs and never turns unknown delivery into delivered or read (0.509667ms)
✔ human work view keeps stored completion separate from a currently invalid result (0.062916ms)
✔ human work view strips terminal controls and gives a bounded status reason without replaying diagnostics (0.082292ms)
✔ human work view makes observing another reply route explicit and keeps unchanged output quiet (0.415125ms)
✔ sqlite: empty accepted work reads and reopens without executing, writing, or sending (78.565167ms)
✔ sqlite: ownership, exact route, current read restriction, and diagnostics are distinct checks (88.818792ms)
✔ sqlite: legacy read labels also protect retained text (48.806792ms)
✔ sqlite: cursors bind level, route, actor rights, and work without moving the primary reply (66.088875ms)
✔ sqlite: verified prepared results remain distinct from pending and unknown delivery (118.815542ms)
✔ sqlite: missing source and corrupt response withhold a same-revision result before cursor matching (71.063459ms)
✔ sqlite: originals, goals, cancellation, and hypothesis review invalidate historical replies (93.779291ms)
✔ sqlite: only the current pending question is displayed and resolved questions disappear (71.799708ms)
✔ sqlite: losing a separate hypothesis basis withholds the result consistently at every view level (64.270958ms)
✔ sqlite: a derived evidence card requires every original ancestor to remain available (102.919209ms)
✔ sqlite: knowledge changes reject current and repeated reads without refreshing state (77.898834ms)
✔ sqlite: revocation during artifact reads or final state checks prevents unchanged and snapshots (84.852ms)
✔ sqlite: a disappearing original during projection is revalidated before returning a cached cursor (80.294ms)
✔ sqlite: detail and diagnostic cards are bounded and omit raw inputs, outputs, event payloads, and controls (69.62ms)
✔ file-journal: empty accepted work reads and reopens without executing, writing, or sending (313.162792ms)
✔ file-journal: ownership, exact route, current read restriction, and diagnostics are distinct checks (426.532291ms)
✔ file-journal: legacy read labels also protect retained text (160.939666ms)
✔ file-journal: cursors bind level, route, actor rights, and work without moving the primary reply (669.265375ms)
✔ file-journal: verified prepared results remain distinct from pending and unknown delivery (2117.018542ms)
✔ file-journal: missing source and corrupt response withhold a same-revision result before cursor matching (496.777333ms)
✔ file-journal: originals, goals, cancellation, and hypothesis review invalidate historical replies (824.151459ms)
✔ file-journal: only the current pending question is displayed and resolved questions disappear (422.843417ms)
✔ file-journal: losing a separate hypothesis basis withholds the result consistently at every view level (931.932708ms)
✔ file-journal: a derived evidence card requires every original ancestor to remain available (453.7455ms)
✔ file-journal: knowledge changes reject current and repeated reads without refreshing state (373.742ms)
✔ file-journal: revocation during artifact reads or final state checks prevents unchanged and snapshots (651.256209ms)
✔ file-journal: a disappearing original during projection is revalidated before returning a cached cursor (421.912209ms)
✔ file-journal: detail and diagnostic cards are bounded and omit raw inputs, outputs, event payloads, and controls (423.025667ms)
✔ sqlite/documents-simple: SIGKILL at before-execution resumes from reopened stores with 1 source call(s) and one result send (860.544ms)
✔ sqlite/documents-simple: SIGKILL at response-before-store resumes from reopened stores with 2 source call(s) and one result send (861.580792ms)
✔ sqlite/documents-simple: SIGKILL at response-stored resumes from reopened stores with 1 source call(s) and one result send (842.815333ms)
✔ sqlite/documents-simple: SIGKILL at receiver-committed resumes from reopened stores with 1 source call(s) and one result send (801.67625ms)
✔ sqlite/observations-simple: SIGKILL at before-execution resumes from reopened stores with 1 source call(s) and one result send (875.1725ms)
✔ sqlite/observations-simple: SIGKILL at response-before-store resumes from reopened stores with 2 source call(s) and one result send (1021.230291ms)
✔ sqlite/observations-simple: SIGKILL at response-stored resumes from reopened stores with 1 source call(s) and one result send (804.765875ms)
✔ sqlite/observations-simple: SIGKILL at receiver-committed resumes from reopened stores with 1 source call(s) and one result send (906.151041ms)
✔ sqlite: SIGKILL after a synthetic write effect but before response storage preserves unknown and never repeats the write or claims completion (847.615083ms)
✔ file-journal/documents-simple: SIGKILL at before-execution resumes from reopened stores with 1 source call(s) and one result send (3216.260833ms)
✔ file-journal/documents-simple: SIGKILL at response-before-store resumes from reopened stores with 2 source call(s) and one result send (2575.452291ms)
✔ file-journal/documents-simple: SIGKILL at response-stored resumes from reopened stores with 1 source call(s) and one result send (1061.605041ms)
✔ file-journal/documents-simple: SIGKILL at receiver-committed resumes from reopened stores with 1 source call(s) and one result send (1193.667917ms)
✔ file-journal/observations-simple: SIGKILL at before-execution resumes from reopened stores with 1 source call(s) and one result send (1470.469042ms)
✔ file-journal/observations-simple: SIGKILL at response-before-store resumes from reopened stores with 2 source call(s) and one result send (1418.172042ms)
✔ file-journal/observations-simple: SIGKILL at response-stored resumes from reopened stores with 1 source call(s) and one result send (1120.7515ms)
✔ file-journal/observations-simple: SIGKILL at receiver-committed resumes from reopened stores with 1 source call(s) and one result send (891.744792ms)
✔ file-journal: SIGKILL after a synthetic write effect but before response storage preserves unknown and never repeats the write or claims completion (903.402083ms)
✔ documents-simple: restarted workflow adopts a stored model response and reaches delivered completion without another planner call (54.641583ms)
✔ observations-simple: restarted workflow adopts a stored model response and reaches delivered completion without another planner call (22.396209ms)
✔ an unknown result delivery causes bounded waiting and only one receipt lookup on the next explicit run (16.581583ms)
✔ a workflow without a planner returns a planning requirement and does not create an inferred plan (5.143333ms)
✔ workflow entry requires the full persisted execution policy rather than a narrower read-only view (4.98725ms)
✔ user cancellation between workflow steps preserves terminal state and cancels an unsent model reservation (7.849042ms)
✔ scoped actors cannot enter execution even when their current limits equal the work policy (4.504792ms)
✔ final checkpoint cannot report old completion when a goal change arrives during checkpoint storage (14.398458ms)
✔ workspace: missing or denying memory validators block file operations before workspace I/O (201.391959ms)
✔ workspace: stage rechecks memory custody after its asynchronous I/O (226.656584ms)
✔ workspace: read rechecks memory custody after its asynchronous I/O (194.809666ms)
✔ workspace: checkpoint rechecks memory custody after its asynchronous I/O (219.059291ms)
✔ workspace: restore rechecks memory custody after its asynchronous I/O (187.692667ms)
✔ workspace: cleanup rechecks memory custody after its asynchronous I/O (142.929208ms)
✔ workspace: sqlite checkpoint and byte-for-byte restore survive new state, artifact and workspace instances (446.036667ms)
✔ workspace: file-journal checkpoint and byte-for-byte restore survive new state, artifact and workspace instances (770.917583ms)
✔ workspace: identical paths are isolated by both work and attempt and ownership is checked before file access (200.207667ms)
✔ workspace: traversal, absolute, ambiguous and platform-specific paths cannot be staged (52.4855ms)
✔ workspace: repeated identical staging is idempotent and different content cannot overwrite it (137.073958ms)
✔ workspace: caller mutations after starting stage cannot change the bytes being staged (106.93325ms)
✔ workspace: two processes cannot overwrite the same staged path with different bytes (132.724583ms)
✔ workspace: artifact saved during a state change remains uncommitted and cannot replace the authoritative revision (168.279375ms)
✔ workspace: narrower actor grants never replace the stored work policy during checkpoint commit (102.623875ms)
✔ workspace: policy change during file read prevents returning previously read bytes (78.218334ms)
✔ workspace: generation change during file read prevents returning previously read bytes (77.969625ms)
✔ workspace: policy change during staging prevents a successful stale response and preserves the local file (97.026417ms)
✔ workspace: generation change during staging prevents a successful stale response and preserves the local file (108.90025ms)
✔ workspace: generation changes block even source-free checkpoints and preserve their staged files (256.933666ms)
✔ workspace: restricted is checked when restoring a checkpoint even without a generation change (191.984291ms)
✔ workspace: deleted is checked when restoring a checkpoint even without a generation change (205.045208ms)
✔ workspace: labels is checked when restoring a checkpoint even without a generation change (212.882417ms)
✔ workspace: artifact is checked when restoring a checkpoint even without a generation change (175.250125ms)
✔ workspace: lifecycle changes during artifact restore prevent files from being staged (223.4975ms)
✔ workspace: cleanup preserves files while active (162.014833ms)
✔ workspace: cleanup preserves files while unknown (132.98025ms)
✔ workspace: cleanup preserves files while obligation (114.804042ms)
✔ workspace: cleanup preserves files while uncheckpointed (81.701542ms)
✔ workspace: a file staged after cleanup inspection causes manifest conflict and remains preserved (252.420167ms)
✔ workspace: missing checkpoint content prevents cleanup of the surviving staged file (125.998042ms)
✔ workspace: a remaining lock is never stolen by staging or cleanup (155.269667ms)
✔ workspace: symlink files and replaced roots are rejected instead of reading or overwriting them (89.801ms)
✔ workspace: content corruption and configured byte or file capacity limits fail without silent truncation (107.047709ms)
ℹ tests 1427
ℹ suites 0
ℹ pass 1427
ℹ fail 0
ℹ cancelled 0
ℹ skipped 0
ℹ todo 0
ℹ duration_ms 124004.393

> long-horizon-runtime@0.1.0 typecheck:core
> tsc -p tsconfig.core.json


> long-horizon-runtime@0.1.0 check:architecture
> node scripts/check-architecture.mjs

{"inspected":85,"failures":[]}

> long-horizon-runtime@0.1.0 fixtures
> node dist/presentation/fixtures.js

{
  "createdAt": "2026-09-05T16:05:58.382Z",
  "node": "v24.20.0",
  "evaluation": "deterministic_contract_baseline",
  "passed": true,
  "scenarios": 4,
  "checkpoints": 22,
  "elapsedMs": 9.744874999999993,
  "actualModelCalls": 0,
  "actualToolCalls": 0,
  "actualTokenUsage": null,
  "results": [
    {
      "id": "documents-complex",
      "checks": 9,
      "passed": true
    },
    {
      "id": "documents-simple",
      "checks": 3,
      "passed": true
    },
    {
      "id": "observations-complex",
      "checks": 7,
      "passed": true
    },
    {
      "id": "observations-simple",
      "checks": 3,
      "passed": true
    }
  ]
}
