
> long-horizon-runtime@0.1.0 verify
> npm test && npm run typecheck:core && npm run check:architecture && npm run fixtures


> long-horizon-runtime@0.1.0 test
> npm run build && node --test dist/tests/*.test.js


> long-horizon-runtime@0.1.0 build
> tsc -p tsconfig.json && node scripts/record-build.mjs

✔ artifact I/O: metrics snapshots are independent and reset does not modify stored artifacts (52.772334ms)
✔ artifact I/O: first put counts its missing existence probe, exact UTF-8 hashes, and two atomic file writes (24.413958ms)
✔ artifact I/O: duplicate put verifies the existing body and performs no file writes (37.595333ms)
✔ artifact I/O: put repairs a corrupt existing object after counting the failed verification (105.066916ms)
✔ artifact I/O: get and exists each perform independent metadata, body, and integrity work under concurrent reads (65.395042ms)
✔ artifact I/O: tenant and label denials count API calls without opening or hashing files (43.987958ms)
✔ artifact I/O: missing json counts failed opens without claiming unread body bytes (72.40775ms)
✔ artifact I/O: missing blob counts failed opens without claiming unread body bytes (48.859291ms)
✔ artifact I/O: invalid metadata is a verification failure after a successful metadata read (71.592417ms)
✔ artifact I/O: a metadata reference mismatch stops before body read or hashing (58.449625ms)
✔ artifact I/O: same-size tampering hashes the read body (69.084458ms)
✔ artifact I/O: length mismatch preserves the existing hash short circuit (85.596917ms)
✔ artifact I/O: a body symlink remains unreadable and contributes no target bytes (95.481625ms)
✔ content, metadata and permissions survive artifact store restart (57.109333ms)
✔ same bytes under different tenant/labels never share an accessible reference (149.761834ms)
✔ corrupt bytes, missing originals, path traversal and symlink substitution are rejected (83.119625ms)
✔ artifact stored before failed state commit is reused after reopening, without dangling references (165.702209ms)
✔ execution intent and unadopted result persist independently of evidence acceptance (191.28525ms)
✔ sqlite/documents: bounded discussion pages resume after reopening with no new evidence (166.947834ms)
✔ sqlite/observations: bounded discussion pages resume after reopening with no new evidence (279.062167ms)
✔ sqlite: uncited hypotheses persist as unverified and never supply independent facts or request answers (373.6005ms)
✔ sqlite: quoted coverage remains partial or unknown instead of becoming complete (181.2505ms)
✔ sqlite: UTF-8 output limits retain complete posts and require a larger page for an oversized item (159.233416ms)
✔ sqlite: pages exclude other entity details and reject stale, foreign, and unavailable cursor positions (159.200458ms)
✔ sqlite: page authority includes the consuming work and rejects invalid limits before reading (272.978041ms)
✔ sqlite: a bounded first page reuses source reads and stops before unrelated later sources (397.595ms)
✔ sqlite: a consuming work change during a page read prevents returning the stale page (346.069958ms)
✔ sqlite: removing citations does not bypass the author's retained memory dependencies (342.6645ms)
✔ file-journal/documents: bounded discussion pages resume after reopening with no new evidence (828.542083ms)
✔ file-journal/observations: bounded discussion pages resume after reopening with no new evidence (842.147334ms)
✔ file-journal: uncited hypotheses persist as unverified and never supply independent facts or request answers (849.111916ms)
✔ file-journal: quoted coverage remains partial or unknown instead of becoming complete (818.115375ms)
✔ file-journal: UTF-8 output limits retain complete posts and require a larger page for an oversized item (625.699542ms)
✔ file-journal: pages exclude other entity details and reject stale, foreign, and unavailable cursor positions (836.842334ms)
✔ file-journal: page authority includes the consuming work and rejects invalid limits before reading (442.967084ms)
✔ file-journal: a bounded first page reuses source reads and stops before unrelated later sources (967.070125ms)
✔ file-journal: a consuming work change during a page read prevents returning the stale page (481.887667ms)
✔ file-journal: removing citations does not bypass the author's retained memory dependencies (1040.585875ms)
✔ sqlite/documents: two persistent roles share citations without publishing private memory or inflating sources (471.472ms)
✔ sqlite/observations: two persistent roles share citations without publishing private memory or inflating sources (420.956291ms)
✔ sqlite: direct source sharing requires source ownership; quotes require a currently visible post (307.459208ms)
✔ sqlite: retract-post removes the claim and its quoted descendants from current views (401.281791ms)
✔ sqlite: restrict-source removes the claim and its quoted descendants from current views (235.947125ms)
✔ sqlite: change-goal removes the claim and its quoted descendants from current views (294.806958ms)
✔ sqlite: delete-original removes the claim and its quoted descendants from current views (308.921417ms)
✔ sqlite: expire removes the claim and its quoted descendants from current views (267.086375ms)
✔ sqlite: an entity with the same key in a different time scope stays separate (308.692709ms)
✔ sqlite: publishing a question does not assign it; acceptance, response and requester confirmation remain distinct (422.112125ms)
✔ sqlite: repeated replies and explicit cyclic waits are bounded; deadlines do not reset on reopen (508.785333ms)
✔ sqlite: exact command retry survives a lost reply; reused IDs with changed content and concurrent edits fail (343.238584ms)
✔ sqlite: authority changing during a source read cannot publish or return the delayed content (401.84925ms)
✔ sqlite: a derived claim retains ancestry without becoming another independent fact source (440.001042ms)
✔ sqlite: repeated quotes share one source read within a view and a later view revalidates it (337.422959ms)
✔ sqlite: unlabelled prose inherits the author's work labels and current exchange policy (362.562958ms)
✔ sqlite: a fulfilled dependency remains attached and its later retraction invalidates dependent confirmation (389.9175ms)
✔ sqlite: reply depth, total posts, total requests and repeated causes have separate limits (300.451333ms)
✔ sqlite: an advancing clock permits ordinary writes and blocks a post expiring during the final boundary check (341.130042ms)
✔ sqlite: a paused assignee cannot have its submitted answer confirmed (331.1785ms)
✔ sqlite: an actual worker SIGKILL after durable publication preserves one post and one command receipt (403.928375ms)
✔ file-journal/documents: two persistent roles share citations without publishing private memory or inflating sources (919.714125ms)
✔ file-journal/observations: two persistent roles share citations without publishing private memory or inflating sources (838.301041ms)
✔ file-journal: direct source sharing requires source ownership; quotes require a currently visible post (470.686ms)
✔ file-journal: retract-post removes the claim and its quoted descendants from current views (510.913209ms)
✔ file-journal: restrict-source removes the claim and its quoted descendants from current views (584.869ms)
✔ file-journal: change-goal removes the claim and its quoted descendants from current views (505.217083ms)
✔ file-journal: delete-original removes the claim and its quoted descendants from current views (334.511208ms)
✔ file-journal: expire removes the claim and its quoted descendants from current views (354.311084ms)
✔ file-journal: an entity with the same key in a different time scope stays separate (326.625375ms)
✔ file-journal: publishing a question does not assign it; acceptance, response and requester confirmation remain distinct (620.083416ms)
✔ file-journal: repeated replies and explicit cyclic waits are bounded; deadlines do not reset on reopen (774.13475ms)
✔ file-journal: exact command retry survives a lost reply; reused IDs with changed content and concurrent edits fail (332.722958ms)
✔ file-journal: authority changing during a source read cannot publish or return the delayed content (400.504458ms)
✔ file-journal: a derived claim retains ancestry without becoming another independent fact source (339.993125ms)
✔ file-journal: repeated quotes share one source read within a view and a later view revalidates it (524.570042ms)
✔ file-journal: unlabelled prose inherits the author's work labels and current exchange policy (334.509042ms)
✔ file-journal: a fulfilled dependency remains attached and its later retraction invalidates dependent confirmation (993.20125ms)
✔ file-journal: reply depth, total posts, total requests and repeated causes have separate limits (441.686041ms)
✔ file-journal: an advancing clock permits ordinary writes and blocks a post expiring during the final boundary check (361.425625ms)
✔ file-journal: a paused assignee cannot have its submitted answer confirmed (511.5355ms)
✔ file-journal: an actual worker SIGKILL after durable publication preserves one post and one command receipt (301.970292ms)
✔ file board journal detects missing revisions and changed content instead of returning a partial history (269.533292ms)
✔ budget crash sqlite: SIGKILL after durable child-genesis resumes one grant without Tool or Planner entry (594.93975ms)
✔ budget crash sqlite: SIGKILL after durable parent-grant resumes one grant without Tool or Planner entry (634.981291ms)
✔ budget crash sqlite: SIGKILL after durable child-activation resumes one grant without Tool or Planner entry (589.228125ms)
✔ budget crash sqlite: SIGKILL after parent-draining retains consumed usage and cancels unsent tool once (1206.599625ms)
✔ budget crash sqlite: SIGKILL after child-fence retains consumed usage and cancels unsent tool once (1177.788ms)
✔ budget crash sqlite: SIGKILL after parent-settlement retains consumed usage and cancels unsent tool once (1176.167708ms)
✔ budget crash sqlite: SIGKILL after parent-draining retains consumed usage and cancels unsent model once (1347.685041ms)
✔ budget crash sqlite: SIGKILL after child-fence retains consumed usage and cancels unsent model once (1315.225292ms)
✔ budget crash sqlite: SIGKILL after parent-settlement retains consumed usage and cancels unsent model once (1388.0215ms)
✔ budget crash file-journal: SIGKILL after durable child-genesis resumes one grant without Tool or Planner entry (1296.803083ms)
✔ budget crash file-journal: SIGKILL after durable parent-grant resumes one grant without Tool or Planner entry (1724.8375ms)
✔ budget crash file-journal: SIGKILL after durable child-activation resumes one grant without Tool or Planner entry (1198.933791ms)
✔ budget crash file-journal: SIGKILL after parent-draining retains consumed usage and cancels unsent tool once (6222.970583ms)
✔ budget crash file-journal: SIGKILL after child-fence retains consumed usage and cancels unsent tool once (5245.061292ms)
✔ budget crash file-journal: SIGKILL after parent-settlement retains consumed usage and cancels unsent tool once (4230.966959ms)
✔ budget crash file-journal: SIGKILL after parent-draining retains consumed usage and cancels unsent model once (5297.958041ms)
✔ budget crash file-journal: SIGKILL after child-fence retains consumed usage and cancels unsent model once (5682.6915ms)
✔ budget crash file-journal: SIGKILL after parent-settlement retains consumed usage and cancels unsent model once (5086.258417ms)
✔ budget runtime sqlite: child execution settles once across duplicate creation, reconciliation and reopen without copying evidence (333.929708ms)
✔ budget runtime sqlite: parent remaining calls execute while escrow prevents parent and sibling over-allocation (338.356792ms)
✔ budget runtime sqlite: concurrent sibling grants cannot oversubscribe one parent's remaining budget (138.998209ms)
✔ budget runtime sqlite: a child's last logical tool call is consumed by an actual dispatch and cannot be minted by a new task ID (232.829959ms)
✔ budget runtime sqlite: actual model dispatch and reported tokens remain charged when its plan is rejected (236.514583ms)
✔ budget runtime sqlite: a child token cap below the estimated reservation prevents durable model allocation and transport (132.256875ms)
✔ budget runtime sqlite: revoking an unsent tool reservation fences the child and returns only unused escrow (180.365ms)
✔ budget runtime sqlite: revoking an unsent model reservation fences the child and returns only unused escrow (276.699208ms)
✔ budget runtime sqlite: revoke retains an active model's unknown usage, then late accounting settles once without adopting its plan (458.151292ms)
✔ budget runtime sqlite: unknown write effects keep the grant outstanding after revoke and restart (482.787ms)
✔ budget runtime sqlite: reported model overage is charged to the parent without clamping and prevents further funding (421.79875ms)
✔ budget runtime sqlite: reducing limits preserves committed charges and child deadlines while blocking new grants (353.05075ms)
✔ budget runtime sqlite: pending genesis cannot execute before funding (253.413333ms)
✔ budget runtime sqlite: pending genesis cannot execute before funding and parent cancellation wins activation (128.173791ms)
✔ budget runtime sqlite: child funding rejects broader authority, altered duplicate commands and work ID reattachment (101.061ms)
✔ budget runtime sqlite: grant commit ACK loss resumes the same grant and child without another allocation (131.876667ms)
✔ budget runtime sqlite: activation commit ACK loss resumes the same grant and child without another allocation (142.987667ms)
✔ budget runtime sqlite: revocation during child activation installs a fence that the stale activation cannot overwrite (196.862125ms)
✔ budget runtime sqlite: revoke after tool dispatch and before entry prevents transport while keeping the logical dispatch charge (398.983375ms)
✔ budget runtime sqlite: revoke after model dispatch and before entry prevents transport while keeping the logical dispatch charge (417.017125ms)
✔ budget runtime sqlite: actual replan adoption spends the child's delegated replan allowance once (583.9205ms)
✔ budget runtime sqlite: nested child execution reconciles through both grants without double charging or copying originals (688.749417ms)
✔ budget runtime sqlite: an unfunded pending child cannot turn resume or a new goal into execution authority (97.929208ms)
✔ budget runtime sqlite: a parent goal change fences a child's previously reserved tool before entry (321.986208ms)
✔ budget runtime sqlite: a parent policy change fences a child's previously reserved tool before entry (319.004875ms)
✔ budget runtime sqlite: a parent deadline change fences a child's previously reserved tool before entry (204.365958ms)
✔ budget runtime sqlite: a partially reported model response retains known tokens and unknown reservation after revoke and reopen (362.445125ms)
✔ budget runtime sqlite: sibling overage received during a tool dispatch ACK delay prevents its actual entry despite stale parent accounting (653.062ms)
✔ budget runtime sqlite: sibling overage received during a model dispatch ACK delay prevents its actual entry despite stale parent accounting (748.063042ms)
✔ budget runtime file-journal: child execution settles once across duplicate creation, reconciliation and reopen without copying evidence (3122.780375ms)
✔ budget runtime file-journal: parent remaining calls execute while escrow prevents parent and sibling over-allocation (2792.086ms)
✔ budget runtime file-journal: concurrent sibling grants cannot oversubscribe one parent's remaining budget (814.701ms)
✔ budget runtime file-journal: a child's last logical tool call is consumed by an actual dispatch and cannot be minted by a new task ID (3363.047ms)
✔ budget runtime file-journal: actual model dispatch and reported tokens remain charged when its plan is rejected (2213.903709ms)
✔ budget runtime file-journal: a child token cap below the estimated reservation prevents durable model allocation and transport (761.9255ms)
✔ budget runtime file-journal: revoking an unsent tool reservation fences the child and returns only unused escrow (1332.915917ms)
✔ budget runtime file-journal: revoking an unsent model reservation fences the child and returns only unused escrow (1268.382208ms)
✔ budget runtime file-journal: revoke retains an active model's unknown usage, then late accounting settles once without adopting its plan (1924.768791ms)
✔ budget runtime file-journal: unknown write effects keep the grant outstanding after revoke and restart (1835.821041ms)
✔ budget runtime file-journal: reported model overage is charged to the parent without clamping and prevents further funding (1789.120584ms)
✔ budget runtime file-journal: reducing limits preserves committed charges and child deadlines while blocking new grants (2401.818667ms)
✔ budget runtime file-journal: pending genesis cannot execute before funding (1765.108459ms)
✔ budget runtime file-journal: pending genesis cannot execute before funding and parent cancellation wins activation (297.595584ms)
✔ budget runtime file-journal: child funding rejects broader authority, altered duplicate commands and work ID reattachment (740.919125ms)
✔ budget runtime file-journal: grant commit ACK loss resumes the same grant and child without another allocation (769.008417ms)
✔ budget runtime file-journal: activation commit ACK loss resumes the same grant and child without another allocation (521.788792ms)
✔ budget runtime file-journal: revocation during child activation installs a fence that the stale activation cannot overwrite (801.10775ms)
✔ budget runtime file-journal: revoke after tool dispatch and before entry prevents transport while keeping the logical dispatch charge (2466.930291ms)
✔ budget runtime file-journal: revoke after model dispatch and before entry prevents transport while keeping the logical dispatch charge (1993.205417ms)
✔ budget runtime file-journal: actual replan adoption spends the child's delegated replan allowance once (3551.654167ms)
✔ budget runtime file-journal: nested child execution reconciles through both grants without double charging or copying originals (3204.260084ms)
✔ budget runtime file-journal: an unfunded pending child cannot turn resume or a new goal into execution authority (472.710208ms)
✔ budget runtime file-journal: a parent goal change fences a child's previously reserved tool before entry (1729.075709ms)
✔ budget runtime file-journal: a parent policy change fences a child's previously reserved tool before entry (1249.221291ms)
✔ budget runtime file-journal: a parent deadline change fences a child's previously reserved tool before entry (1066.834083ms)
✔ budget runtime file-journal: a partially reported model response retains known tokens and unknown reservation after revoke and reopen (1344.971541ms)
✔ budget runtime file-journal: sibling overage received during a tool dispatch ACK delay prevents its actual entry despite stale parent accounting (2097.131375ms)
✔ budget runtime file-journal: sibling overage received during a model dispatch ACK delay prevents its actual entry despite stale parent accounting (1655.738042ms)
✔ budget exposure: own usage and reservations add each dimension without charging elapsed time or unknown counts as tokens (0.702083ms)
✔ budget exposure: active and draining escrow count once even when the same child usage has already been observed (0.22125ms)
✔ budget exposure: usage above allocation and outstanding reservations remain visible in independent dimensions (0.062416ms)
✔ budget exposure: settling replaces escrow with accounted plus reserved amounts and repeated reads cannot refund twice (0.088084ms)
✔ budget exposure: unknown and partially reported model usage keeps reserved tokens even on a settled summary (1.509208ms)
✔ budget exposure: a lower parent limit preserves actual costs and reports each excess without negative remaining values (0.154416ms)
✔ budget exposure: separate grants sum but duplicate IDs and duplicate child funding records are rejected (0.660709ms)
✔ budget exposure: zero-funded grants remain explicit and cannot hide a later reported expense (0.071209ms)
✔ budget exposure: max-safe totals are exact and overflow in local, grant, aggregate or combined arithmetic fails closed (0.259458ms)
✔ budget exposure: fractional, negative, nonfinite, unsafe and missing values never become zero (0.423084ms)
✔ budget exposure: grant schema keeps authority identity strict and requires a state revision for observed or settled accounting (0.425875ms)
✔ budget exposure: parent links preserve pending, active and draining as different stored phases without conferring allocation authority (1.099833ms)
✔ budget exposure: empty and absent grant lists are equivalent while malformed and over-cap lists are rejected (61.617125ms)
✔ budget exposure: projections and strict schema copies share no mutable vectors with the ledger (0.219459ms)
✔ CLI resumes across processes, keeps conversation/work identities and separates disconnect, pause and cancel (4575.697334ms)
✔ CLI human output is reception plus result, with no internal events or ANSI: documents-simple (1071.789042ms)
✔ CLI human output is reception plus result, with no internal events or ANSI: observations-simple (1092.4995ms)
✔ CLI goal changes require an explicit revision and failures have no success JSON on stdout (1333.931459ms)
✔ CLI checkpoint is a derived reference and an old resume file does not reverse a paused work (2933.864292ms)
✔ checkpoint v2: v1 retains its exact serialized shape and rejects v2 fields (5.477375ms)
✔ checkpoint v2: an initial head preserves historical refs before any fresh observation (2.388208ms)
✔ checkpoint v2: fresh observation and input intent each require their retained reservation (2.094417ms)
✔ checkpoint v2: root identity, lifetime and bounded counters cannot be reset or enlarged (0.371542ms)
✔ checkpoint v2: a child binds its own task and policy basis to the immutable claim (0.9885ms)
✔ checkpoint v2: child actions use local indexes and cannot prepend the parent prefix or skip intent accounting (0.428084ms)
✔ checkpoint v2: inherited conditions must be observed before a successor can issue an input (0.243125ms)
✔ checkpoint v2: only verification may get a fresh read deadline after the root input deadline (0.192416ms)
✔ checkpoint v2: completing a suffix requires every own input and every condition to be confirmed (0.468292ms)
✔ checkpoint v2: zero-input completion requires a fully applied parent and fresh inheritance verification (0.250125ms)
✔ checkpoint v2: strict parsing detaches the lineage and claim without silently accepting extra capabilities (2.713125ms)
✔ sqlite: source loss during the awaited knowledge check is caught by the second resolution before input (2074.950292ms)
✔ sqlite: source-head changing inside final input authorization prevents the successor input (2064.272167ms)
✔ sqlite: reconciliation-proof changing inside final input authorization prevents the successor input (2223.511ms)
✔ sqlite: pause changing inside final input authorization prevents the successor input (2014.607792ms)
✔ sqlite: goal changing inside final input authorization prevents the successor input (1916.506333ms)
✔ sqlite: losing a parent proof after a successful child result blocks adoption, proof consumption and compaction (2957.9075ms)
✔ sqlite: a child acquires a fresh epoch and rechecks conditions without replaying the old field input (2284.963875ms)
✔ file-journal: source loss during the awaited knowledge check is caught by the second resolution before input (12266.812958ms)
✔ file-journal: source-head changing inside final input authorization prevents the successor input (11434.072916ms)
✔ file-journal: reconciliation-proof changing inside final input authorization prevents the successor input (18889.721125ms)
✔ file-journal: pause changing inside final input authorization prevents the successor input (10296.856041ms)
✔ file-journal: goal changing inside final input authorization prevents the successor input (7594.709042ms)
✔ file-journal: losing a parent proof after a successful child result blocks adoption, proof consumption and compaction (37724.854375ms)
✔ file-journal: a child acquires a fresh epoch and rechecks conditions without replaying the old field input (16401.095208ms)
✔ continuation context sqlite: contract-seeded claim and latest parent originals survive five compactions and reopen (2131.323083ms)
✔ continuation context sqlite: a final v2 child preserves historical, entry and inherited observations through compact and reopen (2049.101958ms)
✔ continuation context sqlite: missing v2 entry reference invalidates an unchanged final child (1504.133ms)
✔ continuation context sqlite: missing v2 inherited reference invalidates an unchanged final child (1575.590292ms)
✔ continuation context sqlite: v2 child rejects a forged canonical claim, unrelated initial basis and foreign observation owner (1599.1125ms)
✔ continuation context sqlite: v2 inherited observation loss during model_context staging prevents return (1327.938667ms)
✔ continuation context sqlite: v2 inherited observation loss during runtime_resume staging prevents return (1433.796667ms)
✔ continuation context sqlite: late malformed parent receive cannot rewrite a claimed source (1014.756083ms)
✔ continuation context sqlite: missing head fences an otherwise unchanged claim (1200.94875ms)
✔ continuation context sqlite: missing result fences an otherwise unchanged claim (1221.297625ms)
✔ continuation context sqlite: missing observation fences an otherwise unchanged claim (1232.371541ms)
✔ continuation context sqlite: corrupt parent data and invalid bounded decode never produce a resume (1060.233917ms)
✔ continuation context sqlite: original loss during model_context storage is checked before return (1105.889ms)
✔ continuation context sqlite: original loss during runtime_resume storage is checked before return (1042.00675ms)
✔ continuation context sqlite: visibility hides a claim while obligations remain and undeclared raw fields are discarded (1094.096958ms)
✔ continuation context sqlite: unavailable continuation proof readers fail closed even without reconciliation records (1101.69875ms)
✔ continuation context file-journal: contract-seeded claim and latest parent originals survive five compactions and reopen (7923.0065ms)
✔ continuation context file-journal: a final v2 child preserves historical, entry and inherited observations through compact and reopen (6820.320625ms)
✔ continuation context file-journal: missing v2 entry reference invalidates an unchanged final child (5385.664125ms)
✔ continuation context file-journal: missing v2 inherited reference invalidates an unchanged final child (4951.938542ms)
✔ continuation context file-journal: v2 child rejects a forged canonical claim, unrelated initial basis and foreign observation owner (3974.977666ms)
✔ continuation context file-journal: v2 inherited observation loss during model_context staging prevents return (3986.836834ms)
✔ continuation context file-journal: v2 inherited observation loss during runtime_resume staging prevents return (2968.68775ms)
✔ continuation context file-journal: late malformed parent receive cannot rewrite a claimed source (3042.511042ms)
✔ continuation context file-journal: missing head fences an otherwise unchanged claim (4450.714416ms)
✔ continuation context file-journal: missing result fences an otherwise unchanged claim (3094.327291ms)
✔ continuation context file-journal: missing observation fences an otherwise unchanged claim (2754.473958ms)
✔ continuation context file-journal: corrupt parent data and invalid bounded decode never produce a resume (2210.988125ms)
✔ continuation context file-journal: original loss during model_context storage is checked before return (2592.070708ms)
✔ continuation context file-journal: original loss during runtime_resume storage is checked before return (2591.932709ms)
✔ continuation context file-journal: visibility hides a claim while obligations remain and undeclared raw fields are discarded (2846.778416ms)
✔ continuation context file-journal: unavailable continuation proof readers fail closed even without reconciliation records (2571.201ms)
✔ computer continuation contract: optional fields leave legacy state, context and task digests unchanged (8.142709ms)
✔ computer continuation contract: control metadata cannot carry raw actions, offsets or two resume mechanisms (0.735334ms)
✔ computer continuation contract: counters, depth and mode cannot revive the action window or exceed inherited limits (14.07575ms)
✔ computer continuation planning: exact parent and proof participate in task identity, including historical plans (13.173917ms)
✔ computer continuation tools: proof metadata is mandatory and refresh cannot install an invalid or cacheable adapter (7.371666ms)
✔ computer continuation tools: resume is required exactly for marked tools and verify needs no write permission (3.965084ms)
✔ computer continuation transition: claim and a new reserved attempt plus budget must be committed together (0.676208ms)
✔ computer continuation transition: a claimed parent cannot be replaced, removed or assigned a second sibling (1.39875ms)
✔ computer continuation transition: source result, checkpoint and task identity stay immutable while the child progresses (2.08325ms)
✔ computer continuation transition: an unknown parent requires the exact settled proof and source basis (0.919042ms)
✔ computer continuation transition: a later generation inherits root limits and cannot reset counters, depth or the action deadline (0.5885ms)
✔ memory: continuation CAS admits one sibling, preserves its receipt on retry and rejects history edits atomically (15.374375ms)
✔ sqlite: continuation CAS admits one sibling, preserves its receipt on retry and rejects history edits atomically (74.998ms)
✔ file-journal: continuation CAS admits one sibling, preserves its receipt on retry and rejects history edits atomically (709.738542ms)
✔ sqlite: SIGKILL after continuation reservation preserves one claim and executes only the existing child after restart (2907.190459ms)
✔ sqlite: SIGKILL after child observation reservation preserves spent lineage budget without replaying an unreceived observation (1730.832709ms)
✔ sqlite: SIGKILL after child Save reconciles its durable receipt and verifies depth two without repeating applied input (5180.296834ms)
✔ file-journal: SIGKILL after continuation reservation preserves one claim and executes only the existing child after restart (19836.334292ms)
✔ file-journal: SIGKILL after child observation reservation preserves spent lineage budget without replaying an unreceived observation (10439.416333ms)
✔ file-journal: SIGKILL after child Save reconciles its durable receipt and verifies depth two without repeating applied input (59949.358625ms)
✔ sqlite: an applied-unknown prefix is reconciled once and only the two remaining inputs run (3999.979042ms)
✔ sqlite: an unknown saved input is verified after the old action deadline without saving twice (2553.9965ms)
✔ sqlite: a known not-applied input may be retried once while its applied prefix remains immutable (2313.566916ms)
✔ sqlite: a later value supersedes the same field's earlier condition at the continuation frontier (2503.140125ms)
✔ sqlite: changed inherited conditions stop a successor without repeating or extending the applied prefix (2309.068042ms)
✔ sqlite: concurrent reservations create at most one successor and consume one work reservation (2166.129917ms)
✔ sqlite: lineage observation and input budgets stay spent across failed successors (2575.728125ms)
✔ sqlite: a new successor cannot reset the original action deadline (1073.876792ms)
✔ file-journal: an applied-unknown prefix is reconciled once and only the two remaining inputs run (41108.214292ms)
✔ file-journal: an unknown saved input is verified after the old action deadline without saving twice (18214.978334ms)
✔ file-journal: a known not-applied input may be retried once while its applied prefix remains immutable (14093.693916ms)
✔ file-journal: a later value supersedes the same field's earlier condition at the continuation frontier (18695.842584ms)
✔ file-journal: changed inherited conditions stop a successor without repeating or extending the applied prefix (25508.005375ms)
✔ file-journal: concurrent reservations create at most one successor and consume one work reservation (20373.506166ms)
✔ file-journal: lineage observation and input budgets stay spent across failed successors (23428.139292ms)
✔ file-journal: a new successor cannot reset the original action deadline (5160.40325ms)
✔ sqlite: structurally valid continue and verify plans fail before acceptance or cost (117.157792ms)
✔ sqlite: a stored continuation plan cannot create a new attempt or budget reservation (93.699ms)
✔ sqlite: a stored continuation reservation cannot dispatch or enter through execute (167.362292ms)
✔ sqlite: even an existing dispatch receipt cannot invoke a continuation adapter or its reuse hook (141.828ms)
✔ file-journal: structurally valid continue and verify plans fail before acceptance or cost (743.089125ms)
✔ file-journal: a stored continuation plan cannot create a new attempt or budget reservation (972.225833ms)
✔ file-journal: a stored continuation reservation cannot dispatch or enter through execute (1041.652875ms)
✔ file-journal: even an existing dispatch receipt cannot invoke a continuation adapter or its reuse hook (780.433542ms)
✔ sqlite: continuation prepare pins only the unperformed suffix and preserves canonical state and driver input (1271.029291ms)
✔ sqlite: continuation prepare refuses legacy checkpoint counters without upgrading or resetting the original deadline (1169.225667ms)
✔ sqlite: continuation preparation rechecks canonical state after original checkpoint I/O (1186.812875ms)
✔ sqlite: continuation resolve authenticates the canonical reservation receipt and never inspects the child's checkpoint (1084.858875ms)
✔ sqlite: invalid claim graph is rejected before recursive original reads and raw proof checks never call knowledge (1113.044584ms)
✔ sqlite: missing originals install a durable blocking obligation, cancel reservations, and recover without rewriting claims (1094.591959ms)
✔ file-journal: continuation prepare pins only the unperformed suffix and preserves canonical state and driver input (5085.353375ms)
✔ file-journal: continuation prepare refuses legacy checkpoint counters without upgrading or resetting the original deadline (4738.08425ms)
✔ file-journal: continuation preparation rechecks canonical state after original checkpoint I/O (3679.655458ms)
✔ file-journal: continuation resolve authenticates the canonical reservation receipt and never inspects the child's checkpoint (3995.369625ms)
✔ file-journal: invalid claim graph is rejected before recursive original reads and raw proof checks never call knowledge (4643.777833ms)
✔ file-journal: missing originals install a durable blocking obligation, cancel reservations, and recover without rewriting claims (5415.799333ms)
✔ computer input assurance: omission keeps the old tool shape without silently adding a default to its digest (5.1375ms)
✔ computer input assurance: renderer semantics are pinned for all four tools and cannot be changed through the original driver (0.674333ms)
✔ computer input assurance: unknown profiles and proof-free declarations are rejected before any adapter call (14.003208ms)
✔ computer input assurance: a profile declaration grants neither tool permission nor arbitrary browser commands (9.561667ms)
✔ sqlite: replacing input assurance after dispatch invalidates the pinned attempt before driver entry (346.027375ms)
✔ file-journal: replacing input assurance after dispatch invalidates the pinned attempt before driver entry (1354.436916ms)
✔ computer operation contract: identity binds the requested input without copying the observed screen or mutable lease (2.812875ms)
✔ computer operation contract: every routing and action component distinguishes an otherwise reused operation id (0.314042ms)
✔ computer operation contract: strict identity retains the bounded typed-action boundary (0.529041ms)
✔ computer operation contract: receipts record a decision and never treat an unknown response as a negative effect (0.5815ms)
✔ computer operation contract: lookup cannot claim found without a receipt or turn an absent proof into not_applied (1.264875ms)
✔ SIGKILL after durable Save permits exact original receipt lookup in a new epoch without replaying input (185.034208ms)
✔ SIGKILL before Save leaves an absent receipt unknown rather than inventing a not-applied receipt (157.745792ms)
✔ sqlite: lost receive ACK preserves the committed reconciliation response and settles without another lookup (1426.612458ms)
✔ sqlite: pause during an actual driver lookup fences its late receipt while retaining the read charge and effect obligation (1199.236708ms)
✔ sqlite: goal during an actual driver lookup fences its late receipt while retaining the read charge and effect obligation (1072.387625ms)
✔ file-journal: lost receive ACK preserves the committed reconciliation response and settles without another lookup (7365.791041ms)
✔ file-journal: pause during an actual driver lookup fences its late receipt while retaining the read charge and effect obligation (4521.212333ms)
✔ file-journal: goal during an actual driver lookup fences its late receipt while retaining the read charge and effect obligation (4926.783417ms)
✔ reconciliation context sqlite: reserved metadata and original refs survive compaction and repository reopen (1387.342458ms)
✔ reconciliation context sqlite: settled metadata and original refs survive compaction and repository reopen (1902.047917ms)
✔ reconciliation context sqlite: missing proof rejects source reuse, compaction and restore (1287.804958ms)
✔ reconciliation context sqlite: corrupt proof rejects source reuse, compaction and restore (1250.840542ms)
✔ reconciliation context sqlite: proof loss during model_context staging is rejected before return (1302.228333ms)
✔ reconciliation context sqlite: proof loss during runtime_resume staging is rejected before return (1322.26625ms)
✔ reconciliation context sqlite: lifecycle and read permission changes hide the index and prevent resume without dropping the pending obligation (1271.864209ms)
✔ reconciliation context sqlite: a runtime without an effect proof reader rejects settled metadata (1280.858625ms)
✔ reconciliation context file-journal: reserved metadata and original refs survive compaction and repository reopen (6091.6435ms)
✔ reconciliation context file-journal: settled metadata and original refs survive compaction and repository reopen (12678.467709ms)
✔ reconciliation context file-journal: missing proof rejects source reuse, compaction and restore (7707.591375ms)
✔ reconciliation context file-journal: corrupt proof rejects source reuse, compaction and restore (4997.950208ms)
✔ reconciliation context file-journal: proof loss during model_context staging is rejected before return (4542.047167ms)
✔ reconciliation context file-journal: proof loss during runtime_resume staging is rejected before return (4588.966875ms)
✔ reconciliation context file-journal: lifecycle and read permission changes hide the index and prevent resume without dropping the pending obligation (5039.000958ms)
✔ reconciliation context file-journal: a runtime without an effect proof reader rejects settled metadata (6078.852959ms)
✔ computer reconciliation contract: optional index preserves legacy states and contexts without adding empty metadata (6.071708ms)
✔ computer reconciliation contract: metadata remains strict and bounded without accepting raw action or duplicate ids (15.815792ms)
✔ computer reconciliation contract: received and settled require different proof stages and a timed response (0.368917ms)
✔ computer reconciliation contract: lookup outcome does not erase an earlier applied prefix or invent a known absence (0.335917ms)
✔ computer reconciliation transition: intent identity and the first response, proof, and timestamps cannot be replaced (2.154625ms)
✔ computer reconciliation transition: new records cannot skip dispatch and existing records cannot disappear or restart (0.619125ms)
✔ computer reconciliation transition: known claims remain historical even when the proof is invalidated (0.7035ms)
✔ computer reconciliation transition: original task identity, result, and checkpoint remain fixed across late updates (2.41575ms)
✔ memory: reconciliation CAS retains original results, rejects rollback atomically, and preserves historical receipts (10.040208ms)
✔ sqlite: reconciliation CAS retains original results, rejects rollback atomically, and preserves historical receipts (104.065958ms)
✔ file-journal: reconciliation CAS retains original results, rejects rollback atomically, and preserves historical receipts (873.737375ms)
✔ sqlite: receipt identity and driver mismatches cannot close an effect and retain the measured read (2029.523791ms)
✔ sqlite: a lease acquisition that ignores abort cannot hold cancellation or enter lookup later (997.490208ms)
✔ sqlite: a reconciled expired input keeps its intent head and null result when the original runner returns late (698.844083ms)
✔ sqlite: revoking a parent grant refunds an unused query and prevents a fresh lookup allowance (990.9955ms)
✔ file-journal: receipt identity and driver mismatches cannot close an effect and retain the measured read (9588.778958ms)
✔ file-journal: a lease acquisition that ignores abort cannot hold cancellation or enter lookup later (4202.225209ms)
✔ file-journal: a reconciled expired input keeps its intent head and null result when the original runner returns late (3183.7055ms)
✔ file-journal: revoking a parent grant refunds an unused query and prevents a fresh lookup allowance (4715.485917ms)
✔ reconciliation outbox sqlite: current proof permits one result send and delivery obligation settlement (1465.222125ms)
✔ reconciliation outbox sqlite: narrowed tool authority preserves proof validation while channel restrictions still apply (2899.370709ms)
✔ reconciliation outbox sqlite: proof loss at the same revision prevents any result transport (1156.543625ms)
✔ reconciliation outbox sqlite: proof loss defers lookup of an already sent uncertain result (1462.153292ms)
✔ reconciliation outbox sqlite: proof loss after the send claim is checked before entering the sink (1207.365625ms)
✔ reconciliation outbox sqlite: proof loss in the pre-lookup artifact await prevents receipt lookup (1201.85875ms)
✔ reconciliation outbox sqlite: proof loss during send keeps the delivery unadopted without resending (1219.888583ms)
✔ reconciliation outbox sqlite: proof loss during receipt lookup cannot close the delivery obligation (1431.874125ms)
✔ reconciliation outbox sqlite: the commit guard rechecks proof after awaited artifact validation (1312.901042ms)
✔ reconciliation outbox file-journal: current proof permits one result send and delivery obligation settlement (6764.221375ms)
✔ reconciliation outbox file-journal: narrowed tool authority preserves proof validation while channel restrictions still apply (14028.955875ms)
✔ reconciliation outbox file-journal: proof loss at the same revision prevents any result transport (5158.8275ms)
✔ reconciliation outbox file-journal: proof loss defers lookup of an already sent uncertain result (6460.887958ms)
✔ reconciliation outbox file-journal: proof loss after the send claim is checked before entering the sink (7047.78875ms)
✔ reconciliation outbox file-journal: proof loss in the pre-lookup artifact await prevents receipt lookup (10086.834541ms)
✔ reconciliation outbox file-journal: proof loss during send keeps the delivery unadopted without resending (8680.830792ms)
✔ reconciliation outbox file-journal: proof loss during receipt lookup cannot close the delivery obligation (9008.227334ms)
✔ reconciliation outbox file-journal: the commit guard rechecks proof after awaited artifact validation (7863.670334ms)
✔ sqlite: first verified effect settlement clears the no-progress gate and permits a read-only verification without creating evidence itself (4576.970917ms)
✔ sqlite: duplicate settle and replay of the same reconciliation command add no progress, lookup or budget use (2106.368209ms)
✔ sqlite: re-proving the same source operation after proof-read invalidation cannot earn a second progress credit (2273.9705ms)
✔ file-journal: first verified effect settlement clears the no-progress gate and permits a read-only verification without creating evidence itself (66427.18825ms)
✔ file-journal: duplicate settle and replay of the same reconciliation command add no progress, lookup or budget use (20870.159625ms)
✔ file-journal: re-proving the same source operation after proof-read invalidation cannot earn a second progress credit (26738.276416ms)
✔ sqlite: reserve command receipt is required to authenticate an otherwise intact reconciliation proof (1184.3075ms)
✔ sqlite: dispatch command receipt is required to authenticate an otherwise intact reconciliation proof (1147.211667ms)
✔ sqlite: receive command receipt is required to authenticate an otherwise intact reconciliation proof (1126.317792ms)
✔ sqlite: settle command receipt is required to authenticate an otherwise intact reconciliation proof (1177.361292ms)
✔ sqlite: concurrent identical reserve, execute, and settle calls retain one intent, one lookup charge, and one proof (1209.64625ms)
✔ file-journal: reserve command receipt is required to authenticate an otherwise intact reconciliation proof (4857.128708ms)
✔ file-journal: dispatch command receipt is required to authenticate an otherwise intact reconciliation proof (4233.264125ms)
✔ file-journal: receive command receipt is required to authenticate an otherwise intact reconciliation proof (4534.970625ms)
✔ file-journal: settle command receipt is required to authenticate an otherwise intact reconciliation proof (4921.62025ms)
✔ file-journal: concurrent identical reserve, execute, and settle calls retain one intent, one lookup charge, and one proof (4258.355167ms)
✔ sqlite: SIGKILL after reconciliation reservation preserves its owner and refunds only on expiry before an explicit new command (1488.690458ms)
✔ sqlite: SIGKILL during dispatched lookup retains unknown usage and never reissues that command across expiry (1516.082792ms)
✔ sqlite: SIGKILL after received reconciliation settles the stored timely response after lease expiry with no new lookup or input (1178.622542ms)
✔ sqlite: SIGKILL after settlement reopens a current separate proof and duplicate commands remain read-only (1269.858916ms)
✔ file-journal: SIGKILL after reconciliation reservation preserves its owner and refunds only on expiry before an explicit new command (4632.310333ms)
✔ file-journal: SIGKILL during dispatched lookup retains unknown usage and never reissues that command across expiry (5717.219625ms)
✔ file-journal: SIGKILL after received reconciliation settles the stored timely response after lease expiry with no new lookup or input (5075.167125ms)
✔ file-journal: SIGKILL after settlement reopens a current separate proof and duplicate commands remain read-only (5711.0325ms)
✔ sqlite: screen result depends on the live reconciliation proof even when the state revision and previous cursor are unchanged (1569.286167ms)
✔ sqlite: proof loss during diagnostics projection withholds an already prepared result before returning a cursor (1209.606625ms)
✔ sqlite: a reader without the effect verifier cannot treat stored settled metadata as current proof (1248.00425ms)
✔ file-journal: screen result depends on the live reconciliation proof even when the state revision and previous cursor are unchanged (10877.078042ms)
✔ file-journal: proof loss during diagnostics projection withholds an already prepared result before returning a cursor (8635.721125ms)
✔ file-journal: a reader without the effect verifier cannot treat stored settled metadata as current proof (8241.96775ms)
✔ sqlite: explicit reconciliation records a read response and separate effect proof without adopting or changing the original input (1115.300583ms)
✔ sqlite: recorded not-applied receipts resolve only the unknown step and preserve a prior applied prefix (1713.381833ms)
✔ sqlite: a missing driver receipt remains unresolved and repeating the same request neither repeats input nor lookup (643.12675ms)
✔ sqlite: duplicate command and execution charge one lookup while changed payload conflicts (1113.415167ms)
✔ sqlite: exhausted lookup budget refuses reservation without a driver call or a stored intent (842.32125ms)
✔ sqlite: receipt lookup requires current read authority but does not require permission to issue another input (1185.112834ms)
✔ sqlite: an expired unused reconciliation reservation is released and the same request never dispatches later (1016.784167ms)
✔ sqlite: loss of a settled proof reopens the effect obligation while preserving the old receipt, claim, and original head (1185.95675ms)
✔ file-journal: explicit reconciliation records a read response and separate effect proof without adopting or changing the original input (6257.799375ms)
✔ file-journal: recorded not-applied receipts resolve only the unknown step and preserve a prior applied prefix (10775.910291ms)
✔ file-journal: a missing driver receipt remains unresolved and repeating the same request neither repeats input nor lookup (4968.167584ms)
✔ file-journal: duplicate command and execution charge one lookup while changed payload conflicts (6017.778ms)
✔ file-journal: exhausted lookup budget refuses reservation without a driver call or a stored intent (3366.91ms)
✔ file-journal: receipt lookup requires current read authority but does not require permission to issue another input (6654.019375ms)
✔ file-journal: an expired unused reconciliation reservation is released and the same request never dispatches later (4446.221292ms)
✔ file-journal: loss of a settled proof reopens the effect obligation while preserving the old receipt, claim, and original head (7245.533042ms)
✔ computer context sqlite: five compactions and restart preserve running input metadata (615.650542ms)
✔ computer context sqlite: five compactions and restart preserve unknown input metadata (558.020542ms)
✔ computer context file-journal: five compactions and restart preserve running input metadata (1925.822ms)
✔ computer context file-journal: five compactions and restart preserve unknown input metadata (1857.867667ms)
✔ computer context sqlite: deleted head blocks compaction, source fence and restore (279.026833ms)
✔ computer context sqlite: modified head blocks compaction, source fence and restore (249.949167ms)
✔ computer context file-journal: deleted head blocks compaction, source fence and restore (1150.541583ms)
✔ computer context file-journal: modified head blocks compaction, source fence and restore (1115.433666ms)
✔ computer context sqlite: mandatory input metadata cannot be evicted, altered or reassigned to a later goal (283.729375ms)
✔ computer context file-journal: mandatory input metadata cannot be evicted, altered or reassigned to a later goal (902.871833ms)
✔ computer context sqlite: head loss during model_context staging is checked before return (274.136834ms)
✔ computer context sqlite: head loss during runtime_resume staging is checked before return (206.864125ms)
✔ computer context file-journal: head loss during model_context staging is checked before return (633.869333ms)
✔ computer context file-journal: head loss during runtime_resume staging is checked before return (679.88025ms)
✔ computer context sqlite: current knowledge, source lifecycle and read permissions still fence metadata (217.689792ms)
✔ computer context file-journal: current knowledge, source lifecycle and read permissions still fence metadata (661.213542ms)
✔ computer contracts: tool inputs cannot select a driver address, add hidden actions or exceed a short batch (18.751208ms)
✔ computer contracts: malformed observations cannot acquire trustworthy refs or silently omit their usage (2.2255ms)
✔ computer contracts: a name match is insufficient when another hidden target shares that name (0.206125ms)
✔ computer contracts: a truncated view cannot prove a unique target or element condition (0.286791ms)
✔ computer contracts: byte limits count UTF-8 bytes and successful validation detaches the source (0.3325ms)
✔ computer contracts: observations cannot move backwards or switch sessions behind the same task (0.232125ms)
✔ computer contracts: conditions require explicit own values and never use prototype facts or coercion (0.090875ms)
✔ computer contracts: intent, application and observation verification cannot be collapsed into complete (2.220166ms)
✔ sqlite: a failed observation artifact write retains the driver's measured call (177.983792ms)
✔ sqlite: intent persistence failure proves no driver entry and keeps the failed step diagnostic (583.852792ms)
✔ sqlite: cancellation before driver entry settles no-input and proof revoked=false fences adoption (654.292416ms)
✔ sqlite: cancellation before driver entry settles no-input and proof revoked=true fences adoption (680.214375ms)
✔ sqlite: a failure cannot downgrade the committed unknown effect or measured usage prefix (943.002834ms)
✔ sqlite: removing the proof provider at the receive commit fence cannot accept a no-effect result (685.961334ms)
✔ sqlite: provider removal between no-effect validation and adoption cannot skip the captured proof fence (654.508291ms)
✔ sqlite: completion must match the checkpoint and only explicitly confirmed facts become evidence (947.172542ms)
✔ sqlite: losing the checkpoint original between receive and adopt prevents completion (822.932708ms)
✔ sqlite: losing the observation original between receive and adopt prevents completion (866.964416ms)
✔ sqlite: diagnostic reads recheck retained knowledge before and after original IO (822.930583ms)
✔ file-journal: a failed observation artifact write retains the driver's measured call (441.980666ms)
✔ file-journal: intent persistence failure proves no driver entry and keeps the failed step diagnostic (2890.936542ms)
✔ file-journal: cancellation before driver entry settles no-input and proof revoked=false fences adoption (2950.750125ms)
✔ file-journal: cancellation before driver entry settles no-input and proof revoked=true fences adoption (2636.05675ms)
✔ file-journal: a failure cannot downgrade the committed unknown effect or measured usage prefix (3893.7385ms)
✔ file-journal: removing the proof provider at the receive commit fence cannot accept a no-effect result (3019.134791ms)
✔ file-journal: provider removal between no-effect validation and adoption cannot skip the captured proof fence (2390.979291ms)
✔ file-journal: completion must match the checkpoint and only explicitly confirmed facts become evidence (3111.537334ms)
✔ file-journal: losing the checkpoint original between receive and adopt prevents completion (3255.337459ms)
✔ file-journal: losing the observation original between receive and adopt prevents completion (3364.90225ms)
✔ file-journal: diagnostic reads recheck retained knowledge before and after original IO (4091.989083ms)
✔ sqlite: SIGKILL after Save leaves committed intent unknown across recovery, goal change and cancellation without replay (1014.487166ms)
✔ sqlite: SIGKILL after received result permits one adoption and rejects an old-epoch observation for a new input (1277.931791ms)
✔ file-journal: SIGKILL after Save leaves committed intent unknown across recovery, goal change and cancellation without replay (4507.777833ms)
✔ file-journal: SIGKILL after received result permits one adoption and rejects an old-epoch observation for a new input (5364.920292ms)
✔ sqlite: registered computer tools observe, apply, prove and adopt a completed synthetic note (1075.948167ms)
✔ sqlite: rerendered or restarted observations stop before the first input (928.339458ms)
✔ sqlite: a copied observation from another work remains foreign even when its artifact bytes are present (399.733291ms)
✔ sqlite: ambiguous and partial observations cannot select a target for the batch (1091.086625ms)
✔ sqlite: step two not-applied preserves the confirmed first input without claiming batch completion (899.856459ms)
✔ sqlite: applied-unknown save creates a reconciliation block and neither execute replay nor replanning adds an input (811.286958ms)
✔ sqlite: goal, policy and cancellation changes across an awaited response prevent the next input (1667.648833ms)
✔ sqlite: late readiness is observed through bounded waits before subsequent note inputs (1296.955875ms)
✔ sqlite: another runtime revoking writes during the driver's own input delay prevents every input (587.864458ms)
✔ sqlite: false or too-late conditions consume one deadline and cannot reset time or continue to Save (1560.159125ms)
✔ sqlite: stored successful result can be read and adopted after reopening without replaying app input (996.735375ms)
✔ sqlite: strict action contracts reject injected script fields while document text has no command authority (1081.049042ms)
✔ file-journal: registered computer tools observe, apply, prove and adopt a completed synthetic note (4251.659166ms)
✔ file-journal: rerendered or restarted observations stop before the first input (3504.191416ms)
✔ file-journal: a copied observation from another work remains foreign even when its artifact bytes are present (1505.856375ms)
✔ file-journal: ambiguous and partial observations cannot select a target for the batch (4669.479292ms)
✔ file-journal: step two not-applied preserves the confirmed first input without claiming batch completion (3717.130458ms)
✔ file-journal: applied-unknown save creates a reconciliation block and neither execute replay nor replanning adds an input (4559.95725ms)
✔ file-journal: goal, policy and cancellation changes across an awaited response prevent the next input (10126.156708ms)
✔ file-journal: late readiness is observed through bounded waits before subsequent note inputs (6416.795959ms)
✔ file-journal: another runtime revoking writes during the driver's own input delay prevents every input (2973.186625ms)
✔ file-journal: false or too-late conditions consume one deadline and cannot reset time or continue to Save (8029.03775ms)
✔ file-journal: stored successful result can be read and adopted after reopening without replaying app input (4710.347125ms)
✔ file-journal: strict action contracts reject injected script fields while document text has no command authority (4363.94325ms)
✔ context compiler sqlite/documents-complex: five published working sets retain counterevidence and rediscover an early original (1693.083084ms)
✔ context compiler sqlite/observations-complex: five published working sets retain counterevidence and rediscover an early original (1617.98725ms)
✔ context compiler file-journal/documents-complex: five published working sets retain counterevidence and rediscover an early original (8291.672958ms)
✔ context compiler file-journal/observations-complex: five published working sets retain counterevidence and rediscover an early original (9491.764666ms)
✔ context compiler sqlite: five compactions preserve canonical unknown effect and timed response obligations (536.370917ms)
✔ context compiler file-journal: five compactions preserve canonical unknown effect and timed response obligations (2284.993083ms)
✔ context compiler sqlite: selected schemas reduce the actual structured transport request and preserve precise byte accounting (180.955625ms)
ℹ {"backend":"sqlite","baselinePacketBytes":4700,"baselineToolBytes":516593,"packetBytes":2471,"toolBytes":33733,"envelopeBytes":36282,"requestBytes":41589,"selectedToolCount":13,"catalogTotal":81}
✔ context compiler file-journal: selected schemas reduce the actual structured transport request and preserve precise byte accounting (299.764167ms)
ℹ {"backend":"file-journal","baselinePacketBytes":4700,"baselineToolBytes":516593,"packetBytes":2471,"toolBytes":33733,"envelopeBytes":36282,"requestBytes":41589,"selectedToolCount":13,"catalogTotal":81}
✔ context compiler sqlite: an oversized mandatory goal fails before candidate storage or transport (137.018334ms)
✔ context compiler file-journal: an oversized mandatory goal fails before candidate storage or transport (191.134834ms)
✔ context copy: a canonical two-level invocation copy cannot restore guidance body after its catalog version is replaced (70.144917ms)
✔ context copy: two nested call results stop exposing a tool body when original tool permission is revoked (28.214042ms)
✔ context dispatch sqlite: persisted reservation does not send removed registration (303.640333ms)
✔ context dispatch sqlite: persisted reservation does not send replacement version (257.085333ms)
✔ context dispatch sqlite: persisted reservation does not send changed input schema under the same ID and version (228.9535ms)
✔ context dispatch sqlite: persisted reservation does not send changed allowed labels under the same ID and version (237.093125ms)
✔ context dispatch sqlite: persisted reservation does not send changed allowed destination under the same ID and version (202.900666ms)
✔ context dispatch file-journal: persisted reservation does not send removed registration (673.43175ms)
✔ context dispatch file-journal: persisted reservation does not send replacement version (568.172375ms)
✔ context dispatch file-journal: persisted reservation does not send changed input schema under the same ID and version (485.321333ms)
✔ context dispatch file-journal: persisted reservation does not send changed allowed labels under the same ID and version (569.881ms)
✔ context dispatch file-journal: persisted reservation does not send changed allowed destination under the same ID and version (713.55875ms)
✔ context dispatch sqlite: persisted guidance required-rules change is checked before transport (368.206833ms)
✔ context dispatch sqlite: persisted guidance version change is checked before transport (373.884583ms)
✔ context dispatch file-journal: persisted guidance required-rules change is checked before transport (1244.997542ms)
✔ context dispatch file-journal: persisted guidance version change is checked before transport (1512.793ms)
✔ context dispatch sqlite: unchanged tool and trusted guidance contracts resume the stored request once (331.052292ms)
✔ context dispatch file-journal: unchanged tool and trusted guidance contracts resume the stored request once (1220.873ms)
✔ context guidance: trusted required rules, exact version and hash survive published body eviction (53.165208ms)
✔ context guidance: a manifest without required rules keeps the full original and fails a smaller input budget (20.961667ms)
✔ context guidance: result-provided rules cannot replace an absent trusted manifest rule set (10.250916ms)
✔ context guidance: current label revocation prevents a previously published original from reappearing (13.219708ms)
✔ context guidance: a missing original cannot be recovered from its copied tool result or prior frame (14.415417ms)
✔ context guidance: replacing the catalog version does not expose the superseded loaded body (17.833166ms)
✔ context guidance: replacing trusted bytes under the same version rejects the old manifest and body (8.800375ms)
✔ context guidance: a stored result with a mismatched attemptId is rejected (6.920083ms)
✔ context guidance: a stored result with a mismatched resultId is rejected (7.607166ms)
✔ context guidance: the actual dispatch receipt must match the adopted attempt task digest (7.831875ms)
✔ sqlite/model_call_reserved: publishing requires the derived blob, later loss permits commits and regeneration while original loss blocks both (238.419625ms)
✔ sqlite/context_compacted: publishing requires the derived blob, later loss permits commits and regeneration while original loss blocks both (209.461958ms)
✔ sqlite: publishing detects a context head reference conflict before committing (161.734917ms)
✔ sqlite: a blocked context candidate cannot be newly published even when its bytes remain (137.952834ms)
✔ sqlite/retract: lifecycle retires the context head and access removal also blocks its retained artifact (171.020291ms)
✔ sqlite/correct: lifecycle retires the context head and access removal also blocks its retained artifact (187.706541ms)
✔ sqlite/restrict: lifecycle retires the context head and access removal also blocks its retained artifact (143.242583ms)
✔ sqlite/delete: lifecycle retires the context head and access removal also blocks its retained artifact (166.943833ms)
✔ sqlite/dependency_changed: lifecycle retires the context head and access removal also blocks its retained artifact (161.817917ms)
✔ file-journal/model_call_reserved: publishing requires the derived blob, later loss permits commits and regeneration while original loss blocks both (429.896917ms)
✔ file-journal/context_compacted: publishing requires the derived blob, later loss permits commits and regeneration while original loss blocks both (393.111875ms)
✔ file-journal: publishing detects a context head reference conflict before committing (176.704917ms)
✔ file-journal: a blocked context candidate cannot be newly published even when its bytes remain (196.773583ms)
✔ file-journal/retract: lifecycle retires the context head and access removal also blocks its retained artifact (308.905167ms)
✔ file-journal/correct: lifecycle retires the context head and access removal also blocks its retained artifact (323.72025ms)
✔ file-journal/restrict: lifecycle retires the context head and access removal also blocks its retained artifact (349.160208ms)
✔ file-journal/delete: lifecycle retires the context head and access removal also blocks its retained artifact (374.137375ms)
✔ file-journal/dependency_changed: lifecycle retires the context head and access removal also blocks its retained artifact (293.109917ms)
✔ sqlite: source deletion during the context head exists check prevents reservation and head publication (552.532292ms)
✔ sqlite: source deletion inside repository commit retires the published head and cancels the model reservation before returning (461.774333ms)
✔ sqlite: losing the prior frame does not turn an old catalog request into a conflict with the current task version (448.552042ms)
✔ file-journal: source deletion during the context head exists check prevents reservation and head publication (5739.21775ms)
✔ file-journal: source deletion inside repository commit retires the published head and cancels the model reservation before returning (6511.36975ms)
✔ file-journal: losing the prior frame does not turn an old catalog request into a conflict with the current task version (2034.646208ms)
✔ required full and reference information survives optional content pressure (3.43ms)
✔ a full value cheaper than its required reference satisfies the minimum without overflow (0.216167ms)
✔ a required reference cap rejects contradictory bounds and never substitutes a cheaper full payload (0.336875ms)
✔ optional reference caps consume only reference bytes and remain omitted when that representation does not fit (0.203084ms)
✔ a reference cap overrides full residency and new use without counting references as full reloads (0.561792ms)
✔ high and low watermarks retain compact mode until the lower boundary is crossed (0.139291ms)
✔ mere inclusion is not actual use and an idle full value does not automatically reload (0.404542ms)
✔ a new actual use marker refreshes usage and reloads the same digest once (0.229625ms)
✔ minimum residency delays idle eviction for two cycles while the hard budget still wins (0.179917ms)
✔ five changing working sets preserve old counterevidence, pending and unknown references (0.829334ms)
✔ removed authority and changed digests cannot be revived by resident or use history (0.397958ms)
✔ decisions are stable by minimum, priority, real use, recency, residence and key (0.1735ms)
✔ recently evicted content waits through cooldown unless actual use or a minimum requires it (0.10575ms)
✔ memo storage is bounded and prioritizes selected residents without changing decisions (0.567666ms)
✔ inputs and previous memo stay immutable and byte sums match selected representations (0.127084ms)
✔ duplicate keys, malformed items, invalid budgets and inconsistent memo are rejected (0.639708ms)
✔ context store stages an immutable frame without publishing it and reads the installed basis N from revision N+1 (103.438458ms)
✔ context store sqlite: derived frame and installed head survive separate reopened instances (110.436541ms)
✔ context store file-journal: derived frame and installed head survive separate reopened instances (318.368291ms)
✔ context store regenerates a missing derived frame without editing the authoritative head (54.061125ms)
✔ context store regenerates a corrupt derived frame without editing the authoritative head (85.710042ms)
✔ context store regenerates a invalid-json derived frame without editing the authoritative head (119.83275ms)
✔ context store regenerates a invalid-schema derived frame without editing the authoritative head (110.969833ms)
✔ context store excludes a foreign-work previous head or frame (110.953625ms)
✔ context store excludes a foreign-tenant previous head or frame (73.956125ms)
✔ context store excludes a cycle previous head or frame (60.913625ms)
✔ context store excludes a basis previous head or frame (60.896292ms)
✔ context store excludes a unpublished previous head or frame (64.240042ms)
✔ context store excludes a policy previous head or frame (63.686584ms)
✔ context store excludes a goal previous head or frame (55.899791ms)
✔ context store excludes a generation previous head or frame (53.789292ms)
✔ context store excludes a blocked previous head or frame (59.315625ms)
✔ context store excludes a underlabelled previous head or frame (90.776875ms)
✔ context store checks stale frame basis and forbidden packet policy before writing any candidate (7.106583ms)
✔ context store previous rejects goal changes during artifact I/O (61.921541ms)
✔ context store previous rejects policy changes during artifact I/O (65.867291ms)
✔ context store previous rejects generation changes during artifact I/O (55.94375ms)
✔ context store previous rejects source changes during artifact I/O (53.127083ms)
✔ context store put rejects goal changes during artifact I/O (60.087417ms)
✔ context store put rejects policy changes during artifact I/O (59.675958ms)
✔ context store put rejects generation changes during artifact I/O (49.888458ms)
✔ context store put rejects source changes during artifact I/O (59.017875ms)
✔ context store readback rejects goal changes during artifact I/O (57.009583ms)
✔ context store readback rejects policy changes during artifact I/O (78.989042ms)
✔ context store readback rejects generation changes during artifact I/O (65.922291ms)
✔ context store readback rejects source changes during artifact I/O (53.880125ms)
✔ context store never turns state or source failure during a missing-frame read into successful regeneration (48.704666ms)
✔ context store refuses unavailable knowledge even when there is no previous head (3.965333ms)
✔ context store leaves the previous head intact when candidate storage fails (43.021417ms)
✔ context store rejects a relabelled put receipt or altered readback bytes and never publishes a head (62.247875ms)
✔ context store applies byte limits before writing or loading a derived frame (50.81175ms)
✔ canonical state has explicit nulls, bounded revisions and no provider/SQL objects (2.521209ms)
✔ goal validation cannot silently drop unknown authorization fields or empty completion rules (0.113459ms)
✔ partial result is distinct from complete result and API errors are not evidence of absence (0.468542ms)
✔ plan and context explicitly bind state and goal revisions (0.742667ms)
✔ invalid provider content is not included in validation error text (0.12425ms)
✔ a late counterexample prevents a previously delivered answer from being displayed as the current result (556.627417ms)
✔ a public snapshot retries a goal change during artifact verification (577.055209ms)
✔ conversation view keeps message selection and public status on the same revision (546.156125ms)
✔ cancelled work displays its status rather than its historical delivered result (498.770709ms)
✔ request acceptance is atomic, duplicate input is stable and each conversation can bind several works (17.561792ms)
✔ failed acceptance commit creates neither a work nor a reception acknowledgment (75.923042ms)
✔ analysis, response preparation, delivery and completion are distinct; retransmission never collects evidence again (23.068792ms)
✔ analysis-only completion does not pretend that its result was prepared or delivered (7.019458ms)
✔ pending questions are grouped once and resolving a question cannot waive required result delivery (6.43575ms)
✔ independent dispatchers claim once and receipt reconciliation after restart does not send again (58.224833ms)
✔ ambiguous delivery with no idempotency stays unknown, including repeated and timed-out lookup (10.037459ms)
✔ idempotent absent receipt permits only a bounded later retry and permanent failure stays visible (5.782459ms)
✔ goal before delivery prevents an obsolete or unauthorized result from being sent (7.19825ms)
✔ cancel before delivery prevents an obsolete or unauthorized result from being sent (7.159167ms)
✔ labels before delivery prevents an obsolete or unauthorized result from being sent (6.005209ms)
✔ destination before delivery prevents an obsolete or unauthorized result from being sent (5.941375ms)
✔ pause preserves pending delivery and resume can complete it without another source call (7.3425ms)
✔ late confirmed delivery is historical and cannot satisfy a revised goal (6.257417ms)
✔ an uncertain old-goal delivery retains its uncertainty when superseded by a new goal (6.353375ms)
✔ SIGKILL between channel commit and outbox settlement recovers from two reopened databases without another send (241.622333ms)
✔ a never-dispatched response can be prepared after permission restoration, and large questions retain their full artifact (15.415792ms)
✔ sqlite/documents-simple: delete blocks derived copies and pending result; restart preserves tombstone and cancellation works after bytes are absent (437.526334ms)
✔ sqlite/observations-simple: delete blocks derived copies and pending result; restart preserves tombstone and cancellation works after bytes are absent (496.362541ms)
✔ file-journal/documents-simple: delete blocks derived copies and pending result; restart preserves tombstone and cancellation works after bytes are absent (2083.778333ms)
✔ file-journal/observations-simple: delete blocks derived copies and pending result; restart preserves tombstone and cancellation works after bytes are absent (2031.389625ms)
✔ sqlite: lifecycle ownership, concurrent generation and command identity are enforced (291.891708ms)
✔ sqlite: a question prepared before access removal is superseded without sending its text (321.727ms)
✔ sqlite: data removal preserves an already dispatched write as an unresolved effect (268.21475ms)
✔ sqlite: tool reply is revalidated after lifecycle change during artifact storage (364.816791ms)
✔ sqlite: model reply is revalidated after lifecycle change during artifact storage (433.769791ms)
✔ sqlite: validity retraction allows labelled historical inspection and correction uses a new immutable evidence ID (244.729792ms)
✔ sqlite: a stored core.calls.get copy cannot expose deleted source content (310.754208ms)
✔ sqlite: evidence read rechecks a lifecycle change during artifact I/O (219.108458ms)
✔ sqlite: original read rechecks a lifecycle change during artifact I/O (227.1995ms)
✔ sqlite: result read rechecks a lifecycle change during artifact I/O (208.569834ms)
✔ sqlite: old dispatched tool reply after deletion is stored only as a sanitized failure (227.178916ms)
✔ sqlite: late model reply after deletion retains measured usage without retaining forbidden proposal text (454.555667ms)
✔ file-journal: lifecycle ownership, concurrent generation and command identity are enforced (1055.051708ms)
✔ file-journal: a question prepared before access removal is superseded without sending its text (1602.918458ms)
✔ file-journal: data removal preserves an already dispatched write as an unresolved effect (1366.118ms)
✔ file-journal: tool reply is revalidated after lifecycle change during artifact storage (800.413459ms)
✔ file-journal: model reply is revalidated after lifecycle change during artifact storage (1242.5115ms)
✔ file-journal: validity retraction allows labelled historical inspection and correction uses a new immutable evidence ID (1354.429ms)
✔ file-journal: a stored core.calls.get copy cannot expose deleted source content (2427.545791ms)
✔ file-journal: evidence read rechecks a lifecycle change during artifact I/O (987.493042ms)
✔ file-journal: original read rechecks a lifecycle change during artifact I/O (886.969208ms)
✔ file-journal: result read rechecks a lifecycle change during artifact I/O (666.690875ms)
✔ file-journal: old dispatched tool reply after deletion is stored only as a sanitized failure (1021.488583ms)
✔ file-journal: late model reply after deletion retains measured usage without retaining forbidden proposal text (1112.811167ms)
✔ sqlite: restricted work reaches neither external estimator nor model even without an evidence body (79.5385ms)
✔ sqlite: authorized internal model retains the floor through a forced compact and stored request (96.18725ms)
✔ sqlite: disclosure revoked during source assembly stops the estimator before it receives prose (75.165333ms)
✔ sqlite: revoked model disclosure cancels a stored request before adapter entry (82.962292ms)
✔ sqlite: disclosure revoked during stored model input read stops the final transport (112.001458ms)
✔ sqlite: tool access labels cannot authorize restricted task inputs to an external tool (129.887125ms)
✔ sqlite: read permission narrowing does not relabel old task prose as public (140.999625ms)
✔ sqlite: authorized internal tool receives one invocation after current disclosure check (103.847ms)
✔ sqlite: changed disclosure during asynchronous tool preflight stops adapter entry (125.897458ms)
✔ sqlite: denied channel cannot receive even a queued acknowledgement from restricted work (92.110458ms)
✔ sqlite: disclosure revocation preserves unknown delivery and prevents full-body lookup (106.735834ms)
✔ sqlite: still-authorized unknown delivery uses lookup without resending (131.272833ms)
✔ sqlite: policy changed during artifact check stops an unknown question lookup (155.608667ms)
✔ sqlite: child budget cannot omit or expand parent disclosure policy (49.743042ms)
✔ sqlite: child read-scope narrowing inherits the parent prose floor and blocks model export (119.394375ms)
✔ sqlite: legacy parent cannot classify copied work prose by creating a boundary-enabled child (101.896541ms)
✔ sqlite: floor and active policy cannot be removed by a direct state commit (118.099625ms)
✔ sqlite: classifying a preexisting legacy work requires explicit migration (152.432584ms)
✔ file-journal: restricted work reaches neither external estimator nor model even without an evidence body (126.801167ms)
✔ file-journal: authorized internal model retains the floor through a forced compact and stored request (408.171375ms)
✔ file-journal: disclosure revoked during source assembly stops the estimator before it receives prose (198.974959ms)
✔ file-journal: revoked model disclosure cancels a stored request before adapter entry (447.084708ms)
✔ file-journal: disclosure revoked during stored model input read stops the final transport (557.895166ms)
✔ file-journal: tool access labels cannot authorize restricted task inputs to an external tool (453.35175ms)
✔ file-journal: read permission narrowing does not relabel old task prose as public (596.767791ms)
✔ file-journal: authorized internal tool receives one invocation after current disclosure check (585.78275ms)
✔ file-journal: changed disclosure during asynchronous tool preflight stops adapter entry (748.821042ms)
✔ file-journal: denied channel cannot receive even a queued acknowledgement from restricted work (528.963708ms)
✔ file-journal: disclosure revocation preserves unknown delivery and prevents full-body lookup (734.89975ms)
✔ file-journal: still-authorized unknown delivery uses lookup without resending (728.128417ms)
✔ file-journal: policy changed during artifact check stops an unknown question lookup (1254.186333ms)
✔ file-journal: child budget cannot omit or expand parent disclosure policy (264.351667ms)
✔ file-journal: child read-scope narrowing inherits the parent prose floor and blocks model export (629.316125ms)
✔ file-journal: legacy parent cannot classify copied work prose by creating a boundary-enabled child (143.583834ms)
✔ file-journal: floor and active policy cannot be removed by a direct state commit (123.326167ms)
✔ file-journal: classifying a preexisting legacy work requires explicit migration (123.541375ms)
✔ memory state adapter applies the same floor transition guard as persistent adapters (0.758834ms)
✔ direct structured adapter denies estimation and transport using the retained context floor (1.242375ms)
✔ disclosure comparison: twelve A/B/C transport cases use two fixture families and reopened persistent stores (11280.390791ms)
✔ disclosure comparison: independent scoring rejects injected outbound originals even with rewritten measurement claims (203.898833ms)
✔ disclosure comparison: empty release, missing raw checks and advisory authority cannot become passing zero-leak samples (1725.012708ms)
✔ disclosure comparison: same-lineage and renamed copies retain root dependency while missing roots cannot independently complete (1.373083ms)
✔ disclosure comparison: tool and A2A data cannot add policy authority to a strict model proposal or mutate stored work (2.169375ms)
✔ destination rules combine read authority, destination, surface and labels (0.84875ms)
✔ duplicate destinations and rules with arbitrary output keys or ambiguous mappings are rejected (2.15ms)
✔ child policies cannot remove destination restrictions or increase release budgets (0.108917ms)
✔ sqlite: release keeps only finite mapped facts and preserves immutable internal source proof (125.525291ms)
✔ sqlite: retry and reopen reuse the recorded release without resetting its budget (148.069459ms)
✔ sqlite: lineage aliases count repeated copies as the same source (152.15725ms)
✔ sqlite: release does not accept data-supplied policy, an unknown field value, or missing evidence (107.469875ms)
✔ sqlite: restrict invalidates a stored release and preserves prior disclosure usage (131.119542ms)
✔ sqlite: retract invalidates a stored release and preserves prior disclosure usage (149.633333ms)
✔ sqlite: supersede invalidates a stored release and preserves prior disclosure usage (184.133375ms)
✔ sqlite: delete invalidates a stored release and preserves prior disclosure usage (162.532167ms)
✔ sqlite: policy invalidates a stored release and preserves prior disclosure usage (130.349708ms)
✔ sqlite: goal invalidates a stored release and preserves prior disclosure usage (157.557041ms)
✔ sqlite: current read restrictions and wrong actor prevent release and later read (146.1485ms)
✔ sqlite: policy revocation during original read prevents publication (129.564542ms)
✔ sqlite: raw source gates cover every export surface without reclassifying the source (126.618375ms)
✔ sqlite: accumulated bytes and request identity remain binding (255.280334ms)
✔ sqlite: concurrent release publication does not overspend a one-release budget (202.562166ms)
✔ sqlite: release proof and cumulative history cannot be deleted or rewritten (121.568791ms)
✔ file-journal: release keeps only finite mapped facts and preserves immutable internal source proof (502.187459ms)
✔ file-journal: retry and reopen reuse the recorded release without resetting its budget (929.886042ms)
✔ file-journal: lineage aliases count repeated copies as the same source (559.860375ms)
✔ file-journal: release does not accept data-supplied policy, an unknown field value, or missing evidence (299.692042ms)
✔ file-journal: restrict invalidates a stored release and preserves prior disclosure usage (369.359875ms)
✔ file-journal: retract invalidates a stored release and preserves prior disclosure usage (524.79375ms)
✔ file-journal: supersede invalidates a stored release and preserves prior disclosure usage (453.875667ms)
✔ file-journal: delete invalidates a stored release and preserves prior disclosure usage (339.575125ms)
✔ file-journal: policy invalidates a stored release and preserves prior disclosure usage (557.258167ms)
✔ file-journal: goal invalidates a stored release and preserves prior disclosure usage (552.101792ms)
✔ file-journal: current read restrictions and wrong actor prevent release and later read (560.658209ms)
✔ file-journal: policy revocation during original read prevents publication (289.264167ms)
✔ file-journal: raw source gates cover every export surface without reclassifying the source (913.3935ms)
✔ file-journal: accumulated bytes and request identity remain binding (707.226917ms)
✔ file-journal: concurrent release publication does not overspend a one-release budget (676.840416ms)
✔ file-journal: release proof and cumulative history cannot be deleted or rewritten (560.223833ms)
✔ sqlite: a generic artifact reference cannot bypass its connected evidence restriction (186.41475ms)
✔ sqlite: changed or unavailable memory dependencies stop release and raw views (176.103625ms)
✔ sqlite: a new lineage on derived evidence does not create a new independent root (123.973667ms)
✔ sqlite: a lost commit response cannot erase a disclosure or give its budget back (191.1165ms)
✔ sqlite: an unclassified new work cannot opt in with an empty label floor (132.608833ms)
✔ file-journal: a generic artifact reference cannot bypass its connected evidence restriction (299.05975ms)
✔ file-journal: changed or unavailable memory dependencies stop release and raw views (664.851417ms)
✔ file-journal: a new lineage on derived evidence does not create a new independent root (811.887959ms)
✔ file-journal: a lost commit response cannot erase a disclosure or give its budget back (579.9915ms)
✔ file-journal: an unclassified new work cannot opt in with an empty label floor (147.720625ms)
✔ sqlite: every released transport entry rechecks source authority and receiver binding (138.335625ms)
✔ sqlite: revocation during released source validation prevents receiver entry (107.831166ms)
✔ sqlite: a receiver exception is an unknown outcome with retained release usage and no source-bearing error (99.297334ms)
✔ file-journal: every released transport entry rechecks source authority and receiver binding (591.840292ms)
✔ file-journal: revocation during released source validation prevents receiver entry (491.772375ms)
✔ file-journal: a receiver exception is an unknown outcome with retained release usage and no source-bearing error (357.276292ms)
✔ sqlite: initial model disclosure denial returns a durable blocked workflow and checkpoint (161.445834ms)
✔ sqlite: revoked reserved model is accounted as unused and resumes with one fresh call after reopen (396.794041ms)
✔ sqlite: disclosure changes inside dispatch preflight settle a known-unused reservation instead of escaping (183.840959ms)
✔ sqlite: required result channel denial persists blocked state and can resume delivery from checkpoint (236.884042ms)
✔ sqlite: completed analysis keeps its terminal state while unavailable channel yields an undelivered response (178.9185ms)
✔ sqlite: an unsuccessful resume under unchanged channel policy blocks again without becoming runnable (162.899792ms)
✔ sqlite: simultaneous cancel and disclosure revocation preserve user control and unused accounting (188.608917ms)
✔ sqlite: simultaneous pause and disclosure revocation preserve user control and unused accounting (180.23575ms)
✔ file-journal: initial model disclosure denial returns a durable blocked workflow and checkpoint (1581.789417ms)
✔ file-journal: revoked reserved model is accounted as unused and resumes with one fresh call after reopen (6657.970417ms)
✔ file-journal: disclosure changes inside dispatch preflight settle a known-unused reservation instead of escaping (1812.735792ms)
✔ file-journal: required result channel denial persists blocked state and can resume delivery from checkpoint (2157.056125ms)
✔ file-journal: completed analysis keeps its terminal state while unavailable channel yields an undelivered response (2501.660125ms)
✔ file-journal: an unsuccessful resume under unchanged channel policy blocks again without becoming runnable (1781.281917ms)
✔ file-journal: simultaneous cancel and disclosure revocation preserve user control and unused accounting (1901.186458ms)
✔ file-journal: simultaneous pause and disclosure revocation preserve user control and unused accounting (1746.592416ms)
✔ inject all local ports without a database or channel SDK: documents-simple (6.6845ms)
✔ inject all local ports without a database or channel SDK: observations-simple (0.636083ms)
✔ scripted planner honors cancellation and cannot mutate caller state (0.298542ms)
✔ fake sink exposes delivery uncertainty and deduplicates only matching content (0.1095ms)
✔ sqlite: injected invalid retained proof blocks every pending ack, question and failure before transport (237.188375ms)
✔ sqlite: retained failed proof blocks receipt lookup and settlement for uncertain ack, question and failure (129.326583ms)
✔ sqlite: settled-to-failed transition during send cannot adopt an already returned channel receipt (534.307667ms)
✔ sqlite: failed-only retained proof is checked again at the final delivery commit after an artifact await (440.832125ms)
✔ file-journal: injected invalid retained proof blocks every pending ack, question and failure before transport (1762.905833ms)
✔ file-journal: retained failed proof blocks receipt lookup and settlement for uncertain ack, question and failure (835.155583ms)
✔ file-journal: settled-to-failed transition during send cannot adopt an already returned channel receipt (3021.0475ms)
✔ file-journal: failed-only retained proof is checked again at the final delivery commit after an artifact await (2385.341541ms)
✔ effect proofs: a legacy work uses neither the optional checker nor any refresh mutation (18.239209ms)
✔ effect proofs: settled claims require a checker and checker failures stay unavailable (9.19725ms)
✔ effect proofs: missing checker reopens the original obligation and cancels ordinary reservations once without rewriting proof history (6.659ms)
✔ effect proofs: expired reserved lookup releases only an undispatched reservation and preserves measured uncertainty (4.63075ms)
✔ effect proofs: expired running lookup releases only an undispatched reservation and preserves measured uncertainty (3.972ms)
✔ effect proofs: lifecycle deletion reopens a settled effect and quarantines all linked references without changing received facts or timestamps (6.3175ms)
✔ effect proofs: a committed tool dispatch with missing proof authority cannot silently bypass the broker (7.325ms)
✔ effect proofs: a committed tool dispatch with invalid proof authority cannot silently bypass the broker (4.734375ms)
✔ effect proofs: a committed tool dispatch with valid proof authority cannot silently bypass the broker (5.323625ms)
✔ effect proofs: a reuse await that loses proof validity is checked before implementation entry (4.166ms)
✔ effect proofs: invalid proof prevents new model reservation before compiling input (4.74825ms)
✔ effect proofs: losing proof during model input read prevents actual planner entry and still settles the dispatched call (9.192167ms)
✔ effect proofs: loss during adoption artifact checks rejects a stored model proposal while preserving usage (6.301958ms)
✔ effect proofs: a valid checker permits one model invocation and adoption with the historical proof unchanged (5.2905ms)
✔ effect proofs: proof loss during result body storage prevents response publication (6.348625ms)
✔ effect proofs: a same-revision snapshot suppresses an existing result when its proof becomes unavailable during the read (4.824ms)
✔ sqlite: work resource bodies and metadata use canonical effect proof with a narrowed caller and fail without a checker (513.4365ms)
✔ sqlite: proof invalidation during original or stored result I/O cannot return the already read body (540.506208ms)
✔ sqlite: disclosure release, saved payload, raw read and receiver entry all retain current source effect proof (605.933291ms)
✔ sqlite: private, derived and cached shared memory cannot outlive the original work effect proof (676.279084ms)
✔ sqlite: source proof authentication does not recursively validate memory copied into that same work (1435.445375ms)
✔ sqlite: a failed historical effect proof stays required after refresh and reopen until the same source is explicitly proved again (1881.182583ms)
✔ file-journal: work resource bodies and metadata use canonical effect proof with a narrowed caller and fail without a checker (1475.409292ms)
✔ file-journal: proof invalidation during original or stored result I/O cannot return the already read body (1294.232792ms)
✔ file-journal: disclosure release, saved payload, raw read and receiver entry all retain current source effect proof (1675.993375ms)
✔ file-journal: private, derived and cached shared memory cannot outlive the original work effect proof (2117.555292ms)
✔ file-journal: source proof authentication does not recursively validate memory copied into that same work (9659.273125ms)
✔ file-journal: a failed historical effect proof stays required after refresh and reopen until the same source is explicitly proved again (13824.57725ms)
✔ evaluation build: none checks source and executed output together (106.070417ms)
✔ evaluation build: source checks source and executed output together (104.613791ms)
✔ evaluation build: compiled checks source and executed output together (79.684083ms)
✔ evaluation build: missing checks source and executed output together (89.023584ms)
✔ evaluation build: runtime checks source and executed output together (98.058125ms)
✔ evaluation build: orphan checks source and executed output together (115.870583ms)
✔ evaluation build: a source change during case selection cannot relabel older compiled execution (189.858125ms)
✔ sqlite: readonly evaluation replay authenticates full receipt history, old originals and the current resume packet after reopen (278.412208ms)
✔ sqlite: version, pins and independently recomputed score are required without writes (268.437666ms)
✔ sqlite: receipt omission, duplicates, absent receipts and changed stored states fail closed (233.253417ms)
✔ sqlite: altered oracle and expected outcome cannot be blessed by recomputing sample and score hashes (255.425583ms)
✔ sqlite: rehashing an altered or dropped intermediate completion cannot bypass receipt-state binding (268.477958ms)
✔ sqlite: repeated readonly observations and explicit status-only measurement preserve historical receipt validation (250.749041ms)
✔ sqlite: omitted historical artifacts and conflicting refs are detected independently of the supplied list (277.43675ms)
✔ sqlite: deleted original is unavailable even with intact state, score and resume blob (285.266875ms)
✔ sqlite: corrupt original is unavailable even with intact state, score and resume blob (285.973709ms)
✔ sqlite: historical_deleted original is unavailable even with intact state, score and resume blob (212.539958ms)
✔ sqlite: wrong owner and the current actor's narrower label policy cannot replay source bytes (182.231625ms)
✔ sqlite: a currently indexed original cannot override a durable lifecycle tombstone (282.669875ms)
✔ sqlite: foreign, body-altered and lost resume packets fail without regeneration (389.678125ms)
✔ sqlite: canonical changes during original I/O prevent a successful replay result (273.701084ms)
✔ sqlite: a receipt changed after initial validation is caught at the final read boundary (220.7575ms)
✔ sqlite: caller mutation cannot replace the in-flight sample and current actor revocation is detected (220.871875ms)
✔ file-journal: readonly evaluation replay authenticates full receipt history, old originals and the current resume packet after reopen (917.957667ms)
✔ file-journal: version, pins and independently recomputed score are required without writes (543.809333ms)
✔ file-journal: receipt omission, duplicates, absent receipts and changed stored states fail closed (614.714709ms)
✔ file-journal: altered oracle and expected outcome cannot be blessed by recomputing sample and score hashes (612.731166ms)
✔ file-journal: rehashing an altered or dropped intermediate completion cannot bypass receipt-state binding (915.039042ms)
✔ file-journal: repeated readonly observations and explicit status-only measurement preserve historical receipt validation (838.214417ms)
✔ file-journal: omitted historical artifacts and conflicting refs are detected independently of the supplied list (882.829916ms)
✔ file-journal: deleted original is unavailable even with intact state, score and resume blob (683.728625ms)
✔ file-journal: corrupt original is unavailable even with intact state, score and resume blob (618.305542ms)
✔ file-journal: historical_deleted original is unavailable even with intact state, score and resume blob (541.819917ms)
✔ file-journal: wrong owner and the current actor's narrower label policy cannot replay source bytes (593.760667ms)
✔ file-journal: a currently indexed original cannot override a durable lifecycle tombstone (704.970708ms)
✔ file-journal: foreign, body-altered and lost resume packets fail without regeneration (1327.421541ms)
✔ file-journal: canonical changes during original I/O prevent a successful replay result (812.897083ms)
✔ file-journal: a receipt changed after initial validation is caught at the final read boundary (699.945041ms)
✔ file-journal: caller mutation cannot replace the in-flight sample and current actor revocation is detected (990.881417ms)
✔ forgotten evidence is rediscovered by ID, source, locator or facts without returning fact bodies (23.904125ms)
✔ hidden, retracted, superseded and parent-retracted evidence never contributes cards or hasMore (10.303459ms)
✔ Korean NFC and NFD clues and English case variants find the same current evidence (7.521375ms)
✔ the evidence discovery tool preserves bounded current-card and partial-call semantics (5.790208ms)
✔ locator truncation preserves the exact evidence ID and reports partial coverage without inventing more matches (5.392375ms)
✔ different owners, tenants and narrower caller labels cannot inspect evidence discovery cards (5.732667ms)
✔ retained knowledge failure at validation 1 blocks cards before return (5.874291ms)
✔ retained knowledge failure at validation 2 blocks cards before return (5.839708ms)
✔ a work retaining knowledge cannot discover derived evidence without its current validator (4.605708ms)
✔ a goal change while the final source-state read waits prevents returning earlier-scope cards (5.365833ms)
✔ caller permission narrowing during the knowledge gate is detected even without a work revision change (4.869125ms)
✔ strict discovery arguments reject extra authority, excessive query length and invalid limits (4.713083ms)
✔ instructions in source facts remain data and discovery changes no facts, goal, plan or authority (5.07225ms)
✔ pre-aborted discovery uses the common read wrapper without reading the work (4.526709ms)
✔ current and historical views enforce own access, tenant, scope and artifact labels while omitted access stays available (0.720667ms)
✔ two generations of derived evidence lose current validity when an ancestor is retracted or superseded, while history stays readable (0.132084ms)
✔ ancestor restriction, deletion, missing reference or revoked labels blocks current and historical descendants (0.122709ms)
✔ a correction remains a monotonic supersession after retraction, restriction, deletion or permission loss (0.766375ms)
✔ supersession uses the full valid version chain and is independent of record ordering (0.091834ms)
✔ foreign tenant, scope, source, lineage and invalid time cannot suppress a valid original (0.101333ms)
✔ a replacement does not depend on a superseded body being current or present in a selected view (0.046083ms)
✔ cyclic, missing and ambiguous derived references fail closed without removing independent evidence (0.048834ms)
✔ deep derived chains are evaluated without recursive call-stack growth and do not become independent sources (7.975833ms)
✔ record intake accepts parents and descendants in either order and preserves caller objects (3.191958ms)
✔ record intake requires inherited labels on both derivation and replacement edges (1.109625ms)
✔ record intake requires artifact labels to cover the evidence and rejects artifacts outside policy (0.542667ms)
✔ new records inherit transitive dependency labels even if a legacy intermediate record was under-labelled (0.226958ms)
✔ shared ancestry across multiple parents is not mistaken for a cycle (0.092333ms)
✔ derived intake refuses historical or inaccessible ancestors and checks validity after the whole incoming batch (0.371792ms)
✔ replacement intake permits an accessible retracted target but never an inaccessible historical target (0.164708ms)
✔ record intake rejects missing references and invalid tenant, scope, source, lineage or time on replacements (0.434084ms)
✔ record intake rejects self, indirect and mixed cycles before accepting partial lineage (0.125709ms)
✔ omitted and explicit available access are idempotently equivalent but content or access changes cannot overwrite an ID (0.531334ms)
✔ tool-result validation preserves effect, error and artifact guards while using the shared record intake (0.225292ms)
✔ evaluation: fixture truth distinguishes acknowledgement, first original, delivered useful answer and verified completion (4.172ms)
✔ evaluation: a runtime completed flag cannot replace the fixed expected facts (0.515ms)
✔ evaluation: absent expected facts do not count as verified evidence or a useful answer (0.247541ms)
✔ evaluation: early delivered answers remain false completion even if the final state later becomes correct (0.319ms)
✔ evaluation: a correct result before a declared late-evidence release fails the fixed timeline oracle (0.243292ms)
✔ evaluation: wrong source identity cannot satisfy an original named by the fixture oracle (0.189791ms)
✔ evaluation: wrong lineage identity cannot satisfy an original named by the fixture oracle (0.169959ms)
✔ evaluation: wrong observation time cannot satisfy an original named by the fixture oracle (0.199334ms)
✔ evaluation: wrong tenant cannot satisfy an original named by the fixture oracle (0.248709ms)
✔ evaluation: wrong scope cannot satisfy an original named by the fixture oracle (0.204834ms)
✔ evaluation: restricted label cannot satisfy an original named by the fixture oracle (0.175416ms)
✔ evaluation: restricted access cannot satisfy an original named by the fixture oracle (0.1635ms)
✔ evaluation: retracted source cannot satisfy an original named by the fixture oracle (0.152584ms)
✔ evaluation: copied source cannot satisfy an original named by the fixture oracle (0.143833ms)
✔ evaluation: partial coverage cannot satisfy an original named by the fixture oracle (0.159291ms)
✔ evaluation: two required records from one lineage cannot satisfy a two-source criterion even with matching facts (0.199125ms)
✔ evaluation: duplicate source IDs, current forbidden evidence and unresolved counterevidence fail independently (0.455667ms)
✔ evaluation: a pinned replacement must remain readable, accepted, original and complete without resurrecting its withdrawn predecessor (0.838291ms)
✔ evaluation: hypothesis status and current original support are checked against the pinned final hypothesis (0.257542ms)
✔ evaluation: answer delivery requires authorized routing and explicit required evidence references (0.87925ms)
✔ evaluation: waiting with an unknown delivery reports no useful answer latency and preserves its delivery obligation (0.174ms)
✔ evaluation: run errors and mismatched final control remain failures even for an expected blocked case (0.203459ms)
✔ evaluation: completed states with pending obligations or an undelivered required response are false completion (0.296458ms)
✔ evaluation: status-only observation of an existing completed work is not a new completion or answer (0.755708ms)
✔ evaluation: cumulative costs cannot disappear and unknown model usage cannot become fabricated zero after resume (0.368875ms)
✔ evaluation: a real late usage report may resolve unknown reservations while preserving known and additional charges (0.257584ms)
✔ evaluation: a gate failure before dispatch costs zero, while a dispatched call denied before invocation remains charged (0.476917ms)
✔ evaluation: observations and source queries can repeat without duplicating intervention or context accounting (0.2565ms)
✔ evaluation: context cost comes from unique persisted model calls and remains distinct from reported token usage (0.480417ms)
✔ evaluation summary: contract success, all-case completion and eligible completion use different explicit denominators (5.374458ms)
✔ evaluation summary: nearest-rank p50/p95 include answer samples only and report the sample count (0.706125ms)
✔ evaluation summary: supplied scores join by case ID and cannot silently replace missing or duplicate cases (0.533167ms)
✔ sqlite: two local callers join one real execution and preserve owner, lease, deadline and one budget charge (188.328875ms)
✔ sqlite: cancelling the initiating caller and another joined caller detaches only their waits (155.325791ms)
✔ sqlite: an already aborted caller cannot create an execution (68.964166ms)
✔ sqlite: another facade observes durable running and settled states without claiming local promise ownership (146.178875ms)
✔ sqlite: a different owner and an expired reservation remain explicit waits without lease renewal or automatic recovery (80.1145ms)
✔ sqlite: reopening a dispatched write never replays it and explicit recovery retains the unknown effect obligation (99.585ms)
✔ sqlite: reopening after a stored result reports received without executing or adopting it again (158.78975ms)
✔ sqlite: state changes during receipt lookup are reread before the facade decides to execute (80.981459ms)
✔ sqlite: a reporting read error after successful execution is shared as an error and retry only observes the durable result (141.367916ms)
✔ file-journal: two local callers join one real execution and preserve owner, lease, deadline and one budget charge (739.642708ms)
✔ file-journal: cancelling the initiating caller and another joined caller detaches only their waits (591.094458ms)
✔ file-journal: an already aborted caller cannot create an execution (378.714958ms)
✔ file-journal: another facade observes durable running and settled states without claiming local promise ownership (843.078083ms)
✔ file-journal: a different owner and an expired reservation remain explicit waits without lease renewal or automatic recovery (589.518458ms)
✔ file-journal: reopening a dispatched write never replays it and explicit recovery retains the unknown effect obligation (632.1475ms)
✔ file-journal: reopening after a stored result reports received without executing or adopting it again (779.30425ms)
✔ file-journal: state changes during receipt lookup are reread before the facade decides to execute (552.831042ms)
✔ file-journal: a reporting read error after successful execution is shared as an error and retry only observes the durable result (849.550833ms)
✔ execution mode CLI sqlite: fast reception survives process exit and repeated status is read-only (1101.234667ms)
✔ execution mode CLI sqlite: mode command is durable and idempotent while stale revisions do not change state (1337.846875ms)
✔ execution mode CLI sqlite: a pending mode change is visible after exit and preserves the reserved attempt (1343.628ms)
✔ execution mode CLI sqlite: enum, both revisions and an explicit nonblank reason are required (1174.9225ms)
✔ execution mode CLI sqlite: irrelevant mode options are rejected before opening a profile (586.949208ms)
✔ execution mode CLI sqlite documents-simple: changing mode preserves the goal, original source and completed work (1690.766292ms)
✔ execution mode CLI sqlite observations-simple: changing mode preserves the goal, original source and completed work (1659.222084ms)
✔ execution mode CLI file-journal: fast reception survives process exit and repeated status is read-only (2601.813042ms)
✔ execution mode CLI file-journal: mode command is durable and idempotent while stale revisions do not change state (2245.9625ms)
✔ execution mode CLI file-journal: a pending mode change is visible after exit and preserves the reserved attempt (2899.328375ms)
✔ execution mode CLI file-journal: enum, both revisions and an explicit nonblank reason are required (1660.567667ms)
✔ execution mode CLI file-journal: irrelevant mode options are rejected before opening a profile (610.093625ms)
✔ execution mode CLI file-journal documents-simple: changing mode preserves the goal, original source and completed work (4378.77525ms)
✔ execution mode CLI file-journal observations-simple: changing mode preserves the goal, original source and completed work (3757.074375ms)
✔ sqlite/documents-simple/auto: one necessary plan and observation complete with no extra investigation (430.770209ms)
✔ sqlite/documents-simple/fast: one necessary plan and observation complete with no extra investigation (403.639167ms)
✔ sqlite/documents-simple/deep: one necessary plan and observation complete with no extra investigation (478.045167ms)
✔ sqlite/observations-simple/auto: one necessary plan and observation complete with no extra investigation (459.83125ms)
✔ sqlite/observations-simple/fast: one necessary plan and observation complete with no extra investigation (326.8915ms)
✔ sqlite/observations-simple/deep: one necessary plan and observation complete with no extra investigation (404.003708ms)
✔ sqlite/documents-complex/auto: complex scope is either validated for investigation or rejected without false completion (525.873875ms)
✔ sqlite/documents-complex/fast: complex scope is either validated for investigation or rejected without false completion (195.893542ms)
✔ sqlite/documents-complex/deep: complex scope is either validated for investigation or rejected without false completion (615.1125ms)
✔ sqlite/observations-complex/auto: complex scope is either validated for investigation or rejected without false completion (551.285208ms)
✔ sqlite/observations-complex/fast: complex scope is either validated for investigation or rejected without false completion (238.359833ms)
✔ sqlite/observations-complex/deep: complex scope is either validated for investigation or rejected without false completion (538.142292ms)
✔ sqlite: mode commands enforce owner and both revisions, remain idempotent, and preserve goal and costs (131.832458ms)
✔ sqlite: lowering to fast after two paid reads cannot reset usage or oversubscribe the next reservation (264.155833ms)
✔ sqlite: explicit model cap and fast cap include reservations and do not reopen paid capacity (683.77775ms)
✔ sqlite: a running model keeps its pending mode request and late reply accounting until the next safe boundary (406.404333ms)
✔ sqlite: a pending mode survives reserved model restart without invalidating its stored input (451.638625ms)
✔ sqlite: cancel overrides a pending mode without discarding late measured model costs (287.063875ms)
✔ sqlite: deep to fast retains original goal, completed tasks, checkpoint and result reuse after reopen (431.51925ms)
✔ sqlite: fast keeps mandatory review of existing hypotheses and cannot replace it with premature completion (390.024166ms)
✔ sqlite: legacy model reservations keep their version-one basis when a pending mode first materializes control (303.984542ms)
✔ sqlite: a newer mode wins a pending-mode boundary CAS race (157.939917ms)
✔ sqlite: a newer cancel wins a pending-mode boundary CAS race (227.109792ms)
✔ sqlite: cancellation during model backoff publication returns current control without failing the workflow (267.627125ms)
✔ sqlite: auto mode change and reopen preserve a partial collection's original goal and explicit resume chain (952.846583ms)
✔ file-journal/documents-simple/auto: one necessary plan and observation complete with no extra investigation (3822.21225ms)
✔ file-journal/documents-simple/fast: one necessary plan and observation complete with no extra investigation (3615.062959ms)
✔ file-journal/documents-simple/deep: one necessary plan and observation complete with no extra investigation (4296.936792ms)
✔ file-journal/observations-simple/auto: one necessary plan and observation complete with no extra investigation (3343.03075ms)
✔ file-journal/observations-simple/fast: one necessary plan and observation complete with no extra investigation (4720.112125ms)
✔ file-journal/observations-simple/deep: one necessary plan and observation complete with no extra investigation (4482.621458ms)
✔ file-journal/documents-complex/auto: complex scope is either validated for investigation or rejected without false completion (6388.983916ms)
✔ file-journal/documents-complex/fast: complex scope is either validated for investigation or rejected without false completion (1156.853083ms)
✔ file-journal/documents-complex/deep: complex scope is either validated for investigation or rejected without false completion (4647.017167ms)
✔ file-journal/observations-complex/auto: complex scope is either validated for investigation or rejected without false completion (3344.199459ms)
✔ file-journal/observations-complex/fast: complex scope is either validated for investigation or rejected without false completion (463.662292ms)
✔ file-journal/observations-complex/deep: complex scope is either validated for investigation or rejected without false completion (2374.053625ms)
✔ file-journal: mode commands enforce owner and both revisions, remain idempotent, and preserve goal and costs (349.991541ms)
✔ file-journal: lowering to fast after two paid reads cannot reset usage or oversubscribe the next reservation (1232.991292ms)
✔ file-journal: explicit model cap and fast cap include reservations and do not reopen paid capacity (1787.825917ms)
✔ file-journal: a running model keeps its pending mode request and late reply accounting until the next safe boundary (2109.079875ms)
✔ file-journal: a pending mode survives reserved model restart without invalidating its stored input (2265.902875ms)
✔ file-journal: cancel overrides a pending mode without discarding late measured model costs (1197.558417ms)
✔ file-journal: deep to fast retains original goal, completed tasks, checkpoint and result reuse after reopen (2842.377834ms)
✔ file-journal: fast keeps mandatory review of existing hypotheses and cannot replace it with premature completion (3444.363417ms)
✔ file-journal: legacy model reservations keep their version-one basis when a pending mode first materializes control (1481.587292ms)
✔ file-journal: a newer mode wins a pending-mode boundary CAS race (1246.565916ms)
✔ file-journal: a newer cancel wins a pending-mode boundary CAS race (924.151625ms)
✔ file-journal: cancellation during model backoff publication returns current control without failing the workflow (1260.132375ms)
✔ file-journal: auto mode change and reopen preserve a partial collection's original goal and explicit resume chain (4855.922792ms)
✔ local versioned defaults select direct auto/fast and investigate deep without allocating work (1.618333ms)
✔ new controls snapshot caller policy and never expose the default policy for mutation (0.058959ms)
✔ legacy goals supply initial mode while a saved control overrides it without mutating state (2.732125ms)
✔ effective fast limits are absolute work caps and retain token/time limits (0.214041ms)
✔ auto starts direct while retaining the user work limits before evidence or strategy expansion (0.508334ms)
✔ explicit work caps beat mode policy and mode changes cannot grant a fresh allowance (0.167667ms)
✔ investigate strategies retain explicit work limits and pending mode requests have no effect yet (0.1785ms)
✔ fast allows completed history plus one pending task and counts only current adopted successes (1.184375ms)
✔ fast rejects an oversized pending graph or hypotheses without mutating or silently escalating (0.203042ms)
✔ fast preserves and reviews existing hypotheses while rejecting new optional hypotheses (0.167167ms)
✔ policy-specific scope limits are used instead of hard coded local defaults (0.123333ms)
✔ auto expands only validated plan scope and preserves investigate strategy on smaller subsequent plans (0.160084ms)
✔ deep permits a simple or empty plan without manufacturing tasks or hypotheses (0.076375ms)
✔ automatic expansion requires available relevant new evidence and an unmet criterion (0.199625ms)
✔ irrelevant, inaccessible, retracted and another-scope facts cannot justify expansion (0.279958ms)
✔ current counterevidence justifies investigation even if it has already been assessed (0.088666ms)
✔ current hypotheses allow review but sufficiently assessed completed goals do not expand (0.102709ms)
✔ permission failure, empty responses and exhausted budgets are not independent escalation evidence (0.075333ms)
✔ pending obligations, active calls, terminal states and explicit modes suppress automatic expansion (0.208ms)
✔ delivery waiting does not manufacture completion or suppress investigation of unmet criteria (0.056667ms)
✔ a reserved, running or received model prevents expansion until its existing call is settled (0.159125ms)
✔ policy contracts reject unknown fields, unsafe counts and blank versions while allowing explicit zero caps (0.531458ms)
✔ control contracts enforce current mode strategy and preserve distinct pending requests (0.310958ms)
✔ documents-simple: validated plan executes to verified completion without additional planner calls (23.241667ms)
✔ observations-simple: validated plan executes to verified completion without additional planner calls (10.12625ms)
✔ invalid plans fail before budget or execution: stale, cyclic, missing deps, schema, effects, permission and IDs (4.738041ms)
✔ plan commands deduplicate after later state changes; task IDs cannot hide changed inputs (5.661209ms)
✔ discarded unexecuted task ID still cannot acquire a different contract (3.715292ms)
✔ scripted planner proposal enters the real validator and executor only when control requests a plan (6.007291ms)
✔ dependencies execute in order; partial observations require another source, not false completion (7.408333ms)
✔ empty queue is replan; wake conditions, tool budget, deadline and cancellation produce distinct controls (5.545042ms)
✔ only authorized current-goal commands mutate state; duplicate cancellation is stable (2.927625ms)
✔ competing executors cannot both reserve or replay dispatch (4.587334ms)
✔ late tool result after cancel is recorded without adopting or reversing the command (4.978708ms)
✔ late tool result after goal is recorded without adopting or reversing the command (5.299625ms)
✔ expired dispatched read has bounded retry or explicit unknown effect (3.761667ms)
✔ expired dispatched write has bounded retry or explicit unknown effect (4.333292ms)
✔ invalid result identity, labels, references and output cannot become accepted evidence (26.632125ms)
✔ stored received result resumes in reopened SQLite and artifact stores without invoking tool again (251.178125ms)
✔ tool JSON schema validation compiles once, rejects unsupported schema and preserves inputs (3.076625ms)
✔ successful dependency chain follows DAG order even when task array is reversed (6.103792ms)
✔ pause before dispatch releases reservation; resume and repeated old pause do not cancel new execution (6.060959ms)
✔ tool failures retry only within attempt budget and repeated empty replans exhaust their own budget (7.3785ms)
✔ unconfirmed write is unknown and cannot satisfy the goal or be retried by a renamed task (4.19025ms)
✔ lease timeout yields even for a tool that ignores cancellation; late result cannot finish the goal (24.776792ms)
✔ permission revocation after reservation is rechecked before dispatch and durably blocks execution (3.822541ms)
✔ memory: waiting execution wakes only for expired lease or received result (12.105083ms)
✔ sqlite: waiting execution wakes only for expired lease or received result (153.120542ms)
✔ baseline documents-complex (2.602583ms)
✔ baseline documents-simple (0.376459ms)
✔ baseline observations-complex (0.311708ms)
✔ baseline observations-simple (0.130834ms)
✔ both domains use the same schema and include simple/complex baselines (0.323792ms)
✔ fixture oracle rejects missing references and duplicated evidence IDs (0.656458ms)
✔ repetition and permutation cannot create independent sources (0.128666ms)
✔ completed facts do not discharge an unrelated pending obligation (0.062541ms)
✔ sqlite: goal change rejects a mode changed by another channel without modifying goal, control or receipts (327.18625ms)
✔ sqlite: goal control is rechecked after a commit CAS conflict and cannot overwrite the winning mode (240.284459ms)
✔ sqlite: unrelated commit contention retries the same goal request while incrementing control exactly once (230.819333ms)
✔ sqlite: successful goal replay remains idempotent after a later mode change and restart (276.239083ms)
✔ sqlite: goal mutation requires a positive safe control revision and strict fields before any receipt or state change (253.501792ms)
✔ sqlite: a legacy goal without stored execution control still requires its explicit initial revision (318.834625ms)
✔ sqlite: CLI goal changes require both explicit revisions, reject stale control and replay the saved receipt (1360.171375ms)
✔ sqlite: Web strict goal input carries control revision through HTTP and rejects a newer channel mode (386.001625ms)
✔ file-journal: goal change rejects a mode changed by another channel without modifying goal, control or receipts (843.917417ms)
✔ file-journal: goal control is rechecked after a commit CAS conflict and cannot overwrite the winning mode (871.319083ms)
✔ file-journal: unrelated commit contention retries the same goal request while incrementing control exactly once (782.95375ms)
✔ file-journal: successful goal replay remains idempotent after a later mode change and restart (1147.85975ms)
✔ file-journal: goal mutation requires a positive safe control revision and strict fields before any receipt or state change (499.990208ms)
✔ file-journal: a legacy goal without stored execution control still requires its explicit initial revision (721.512958ms)
✔ file-journal: CLI goal changes require both explicit revisions, reject stale control and replay the saved receipt (2375.371792ms)
✔ file-journal: Web strict goal input carries control revision through HTTP and rejects a newer channel mode (1164.009709ms)
✔ Web goal schema accepts only an explicit positive safe numeric control revision (0.371583ms)
✔ sqlite: valid original guidance remains readable through two historical copies and records actual file probe bytes (414.522333ms)
✔ sqlite: body-edited without refresh invalidates original guidance history and two stored copies (422.076666ms)
✔ sqlite: body-deleted without refresh invalidates original guidance history and two stored copies (511.717459ms)
✔ sqlite: catalog-rules-changed without refresh invalidates original guidance history and two stored copies (465.806334ms)
✔ file-journal: valid original guidance remains readable through two historical copies and records actual file probe bytes (3113.947ms)
✔ file-journal: body-edited without refresh invalidates original guidance history and two stored copies (2837.019416ms)
✔ file-journal: body-deleted without refresh invalidates original guidance history and two stored copies (2762.842084ms)
✔ file-journal: catalog-rules-changed without refresh invalidates original guidance history and two stored copies (3257.67175ms)
✔ guidance refresh stages every provider page and only then replaces the complete snapshot (12.628167ms)
✔ guidance failure listing leaves the previous snapshot usable (0.779958ms)
✔ guidance mixed listing leaves the previous snapshot usable (0.495667ms)
✔ guidance duplicate listing leaves the previous snapshot usable (0.462334ms)
✔ guidance cycle listing leaves the previous snapshot usable (0.356708ms)
✔ guidance page-bound listing leaves the previous snapshot usable (0.2625ms)
✔ guidance entry-bound listing leaves the previous snapshot usable (0.253917ms)
✔ guidance byte-bound listing leaves the previous snapshot usable (0.219583ms)
✔ guidance abort and late completion cannot replace a published listing (0.459208ms)
✔ guidance concurrent refresh rejects an earlier listing and a complete empty snapshot retires entries (0.439042ms)
✔ legacy list/load remains compatible and missing source validation disables body reuse (1.473459ms)
✔ guidance pages reach beyond 20 and preserve item and whole UTF-8 page bounds (6.915041ms)
✔ guidance cursor binds kind, owner, permission and snapshot and hides unauthorized counts (1.24225ms)
✔ hot guidance reuses only body/artifact while rules, selection reason and method are current (0.683667ms)
✔ guidance body cache cannot bypass current tenant, label or work-kind restrictions (0.47475ms)
✔ guidance cache obeys entry/byte bounds, evicts unused bodies and isolates artifact stores (0.651208ms)
✔ a body larger than the cache byte budget is read and decoded on every load (0.387625ms)
✔ a pending hot load cannot exceed cache bounds when another body evicts its old entry (0.38825ms)
✔ a cold legacy-source load rechecks its manifest after artifact persistence (0.255542ms)
✔ source changes during an artifact check are caught by the final probe (0.269ms)
✔ manifest refresh during final validation rejects a hot result from the previous rules (0.292292ms)
✔ load cancellation cannot publish a cache entry after an ignored-signal provider returns (0.24275ms)
✔ file guidance reports actual cold/hot original I/O separately from put/decode reuse (35.4995ms)
ℹ {"coldOriginalReads":2,"hotOriginalReads":1,"coldOriginalBytes":48,"hotOriginalBytes":24,"source":{"catalogReads":7,"catalogBytes":2702,"bodyReads":3,"bodyBytes":72,"readCalls":1,"validateCalls":2},"catalog":{"sourceReadCalls":1,"sourceReadBytes":24,"sourceValidateCalls":2,"artifactPutCalls":1,"artifactCheckCalls":1,"bodyDecodes":1,"cacheHits":1,"cacheMisses":1,"cachedBodies":1,"cachedBytes":24},"artifactPuts":1,"artifactChecks":1}
✔ file guidance cache never bypasses a deleted original source (19.074ms)
✔ file guidance cache never bypasses a modified original source (35.555167ms)
✔ file guidance cache never bypasses a manifest original source (34.141958ms)
✔ file guidance refresh observes a new catalog, preserves same-body cache and rejects invalid replacements (57.7695ms)
✔ guidance resources documents-simple: cold and hot runtime loads retain provenance and report original I/O separately (37.805583ms)
ℹ {"family":"documents-simple","coldOriginalBytes":58,"hotOriginalBytes":29,"coldMetrics":{"sourceReadCalls":1,"sourceReadBytes":29,"sourceValidateCalls":1,"artifactPutCalls":1,"artifactCheckCalls":0,"bodyDecodes":1,"cacheHits":0,"cacheMisses":1,"cachedBodies":1,"cachedBytes":29},"hotMetrics":{"sourceReadCalls":1,"sourceReadBytes":29,"sourceValidateCalls":2,"artifactPutCalls":1,"artifactCheckCalls":1,"bodyDecodes":1,"cacheHits":1,"cacheMisses":1,"cachedBodies":1,"cachedBytes":29}}
✔ guidance resources documents-simple: policy revocation during a hot validation suppresses the cached body (9.536625ms)
✔ guidance resources documents-simple: a goal change while the source read waits cannot return the previous selection (7.270458ms)
✔ guidance resources documents-simple: a refreshed version cannot be replaced by an in-flight older load (6.121542ms)
✔ guidance resources documents-simple: cancellation reaches a pending source and returns no late body (5.813667ms)
✔ guidance resources observations-simple: cold and hot runtime loads retain provenance and report original I/O separately (10.296167ms)
ℹ {"family":"observations-simple","coldOriginalBytes":58,"hotOriginalBytes":29,"coldMetrics":{"sourceReadCalls":1,"sourceReadBytes":29,"sourceValidateCalls":1,"artifactPutCalls":1,"artifactCheckCalls":0,"bodyDecodes":1,"cacheHits":0,"cacheMisses":1,"cachedBodies":1,"cachedBytes":29},"hotMetrics":{"sourceReadCalls":1,"sourceReadBytes":29,"sourceValidateCalls":2,"artifactPutCalls":1,"artifactCheckCalls":1,"bodyDecodes":1,"cacheHits":1,"cacheMisses":1,"cachedBodies":1,"cachedBytes":29}}
✔ guidance resources observations-simple: policy revocation during a hot validation suppresses the cached body (6.00425ms)
✔ guidance resources observations-simple: a goal change while the source read waits cannot return the previous selection (4.533375ms)
✔ guidance resources observations-simple: a refreshed version cannot be replaced by an in-flight older load (5.630458ms)
✔ guidance resources observations-simple: cancellation reaches a pending source and returns no late body (5.0875ms)
✔ guidance resources: paginated cards respect the complete output byte budget and never read guidance bodies (11.285125ms)
✔ guidance resources: cursors cannot cross kind, caller labels, owner or a refreshed listing (4.8145ms)
✔ guidance resources: legacy discovery keeps its original shape and current method in both work families (9.085208ms)
✔ guidance resources: optional paging fields are strict and pre-aborted discovery performs no original reads (3.912167ms)
✔ legacy current validation reads original bytes and a fresh listing and accounts for each cost (4.483958ms)
✔ legacy cold load compares a fresh manifest without duplicating the original read (0.995833ms)
✔ a cancelled current probe makes no original read and a failed fresh listing is not accepted (0.446333ms)
✔ sqlite: context compilation refuses delete in an original guidance source (300.849625ms)
✔ sqlite: context compilation refuses modify in an original guidance source (289.117916ms)
✔ sqlite: context compilation refuses rules in an original guidance source (248.732083ms)
✔ sqlite: restarted stored model input cannot send a deleted original guide (375.1795ms)
✔ sqlite: restarted stored model input cannot send a modifyd original guide (379.723666ms)
✔ sqlite: policy during original-source validation stops transport and settles zero usage (395.162875ms)
✔ sqlite: goal during original-source validation stops transport and settles zero usage (359.806667ms)
✔ sqlite: cancel during original-source validation stops transport and settles zero usage (361.705834ms)
✔ sqlite: manifest refresh after the source probe is caught after final state lookup (354.788209ms)
✔ sqlite: an ignored-signal original probe is stopped by the remaining model lease (492.634666ms)
✔ sqlite: stored guidance loss during source probe blocks transport and prevents settlement until repair (357.125458ms)
✔ sqlite: unchanged original guidance sends the exact stored request once after restart (475.670917ms)
✔ file-journal: context compilation refuses delete in an original guidance source (1184.307209ms)
✔ file-journal: context compilation refuses modify in an original guidance source (1123.010208ms)
✔ file-journal: context compilation refuses rules in an original guidance source (853.008291ms)
✔ file-journal: restarted stored model input cannot send a deleted original guide (2165.953625ms)
✔ file-journal: restarted stored model input cannot send a modifyd original guide (1959.007667ms)
✔ file-journal: policy during original-source validation stops transport and settles zero usage (1682.627542ms)
✔ file-journal: goal during original-source validation stops transport and settles zero usage (1582.105042ms)
✔ file-journal: cancel during original-source validation stops transport and settles zero usage (2196.850875ms)
✔ file-journal: manifest refresh after the source probe is caught after final state lookup (2134.926708ms)
✔ file-journal: an ignored-signal original probe is stopped by the remaining model lease (2302.784708ms)
✔ file-journal: stored guidance loss during source probe blocks transport and prevents settlement until repair (2165.384208ms)
✔ file-journal: unchanged original guidance sends the exact stored request once after restart (2154.610417ms)
✔ a diamond validates every edge, inspects a shared source once and guards every captured node (1.216208ms)
✔ a reference cycle is finite while an invalid member still rejects the whole closure (0.269083ms)
✔ a pin encountered after visiting a node is still checked (0.147625ms)
✔ conflicting pending pins fail before dispatch, including across duplicate roots (0.085625ms)
✔ captured source or authority changes during another read invalidate the result (0.549542ms)
✔ application invariants can reject a semantic cycle before guard I/O without changing generic cycle handling (0.116917ms)
✔ expiry of an earlier node during a later guard is checked again before return (0.147625ms)
✔ already expired nodes cannot be inputs (0.078458ms)
✔ node, edge and byte budgets stop excessive reads before dispatching the next node (0.182375ms)
✔ a long chain uses an iterative queue and visits every source exactly once (3.423791ms)
✔ pre-aborted validation never invokes a reader (0.136791ms)
✔ cancellation ends a blocked validation and contains a late reader rejection (2.705291ms)
✔ the elapsed deadline bounds a reader that ignores cancellation (21.205833ms)
✔ logical clock deadline changes and backwards clock readings cannot extend validation (0.238042ms)
✔ reader exceptions, unknown providers and malformed replies return fixed errors without source data (0.178375ms)
✔ registration captures the callback and rejects duplicate providers and invalid limits (0.211875ms)
✔ overlapping validations keep separate snapshots, queues and cancellation (0.147333ms)
✔ provider and key jointly identify a node (0.082916ms)
✔ web adapter: rejected current authority sends no browser input (4.189083ms)
✔ web adapter: cancellation while authority is awaited sends no input (0.249833ms)
✔ web adapter: loss after dispatch is unknown and duplicate operation never sends again (0.257333ms)
✔ web adapter: same operation id with changed action is unknown without another transport (0.440959ms)
✔ web adapter: concurrent duplicate joins the original operation (0.18625ms)
✔ web adapter: malformed or wrong operation response is uncertain (1.077958ms)
✔ web adapter: observation from another document cannot become a current view (0.378708ms)
✔ web adapter: observation bounds apply after the remote response (0.197166ms)
✔ web adapter: missing receipt remains unknown and lookup does not send act (0.407292ms)
✔ web adapter: lookup rejects another work and altered receipt identity (0.496542ms)
✔ web adapter: navigation outside the registered loopback document is rejected before evaluation (0.166209ms)
✔ web transport: abort stops waiting but does not claim to retract a sent renderer command (2.150625ms)
✔ web adapter: caller mutations during authorization cannot change the pinned DOM command (0.731167ms)
✔ web adapter: read authorization cannot change the receipt identity or work being looked up (0.304ms)
✔ invocation copies: two real canonical copies expose the still-authorized original without executing it again (45.566416ms)
✔ invocation copies: retaining only calls.get permission does not restore a revoked source tool (18.265209ms)
✔ invocation copies: current guidance version replacement blocks the copied earlier guide (24.716084ms)
✔ invocation copies: same-version manifest replacement and new guidance labels also block nested bodies (13.248167ms)
✔ invocation copies: catalog target permission is rechecked through both copies (13.263709ms)
✔ invocation copies: catalog target version is rechecked through both copies (17.171167ms)
✔ invocation copies: catalog target definition is rechecked through both copies (15.593209ms)
✔ invocation copies: a missing canonical source receipt is rejected (11.06925ms)
✔ invocation copies: a foreign-owner canonical source receipt is rejected (10.266916ms)
✔ invocation copies: a foreign-tenant canonical source receipt is rejected (11.002125ms)
✔ invocation copies: a foreign-work canonical source receipt is rejected (10.419584ms)
✔ invocation copies: a input-digest canonical source receipt is rejected (9.918292ms)
✔ invocation copies: missing source artifacts invalidate copied bodies even when copy artifacts remain readable (10.782125ms)
✔ invocation copies: a modified copied body must still equal its canonical source result (11.709583ms)
✔ invocation copies: source knowledge is validated and propagated even if an older copy omitted its dependency metadata (11.354125ms)
✔ invocation copies: permission changes during a source receipt read prevent returning the already-read copy (10.283292ms)
✔ invocation copies: a canonical input cycle is rejected before following the same receipt twice (9.970458ms)
✔ invocation copies: the 64-node source boundary accepts 63 copies and rejects one further copy (693.536458ms)
✔ sqlite: two invocation copies recheck remove registry change after source artifact read (440.18975ms)
✔ sqlite: two invocation copies recheck labels registry change after source artifact read (421.794417ms)
✔ sqlite: two invocation copies recheck description registry change after source artifact read (366.684583ms)
✔ sqlite: two invocation copies recheck unrelated registry change after source artifact read (354.929ms)
✔ sqlite: an executed third calls.get stores no private body when source is removed during its read (429.979792ms)
✔ sqlite: catalog target pin is rechecked after final asynchronous state validation (435.871834ms)
✔ sqlite: a same-version guidance manifest change cannot survive copied body verification (364.021791ms)
✔ file-journal: two invocation copies recheck remove registry change after source artifact read (2594.326125ms)
✔ file-journal: two invocation copies recheck labels registry change after source artifact read (3066.522958ms)
✔ file-journal: two invocation copies recheck description registry change after source artifact read (2202.997583ms)
✔ file-journal: two invocation copies recheck unrelated registry change after source artifact read (3302.750209ms)
✔ file-journal: an executed third calls.get stores no private body when source is removed during its read (3951.079375ms)
✔ file-journal: catalog target pin is rechecked after final asynchronous state validation (2960.726ms)
✔ file-journal: a same-version guidance manifest change cannot survive copied body verification (3101.556625ms)
✔ file journal: exception at candidate_synced preserves the publication boundary and retry identity (193.49625ms)
✔ file journal: actual SIGKILL at candidate_synced reopens a whole commit or no commit (244.596208ms)
✔ file journal: exception at published preserves the publication boundary and retry identity (112.003084ms)
✔ file journal: actual SIGKILL at published reopens a whole commit or no commit (185.230708ms)
✔ file journal: exception at directory_synced preserves the publication boundary and retry identity (168.892ms)
✔ file journal: actual SIGKILL at directory_synced reopens a whole commit or no commit (165.438458ms)
✔ file journal: a reader and duplicate retry observe a whole published record while its writer is pending (135.429541ms)
✔ file journal: directory sync failure prevents reads and duplicate acknowledgements without rolling back publication (145.865583ms)
✔ file journal: listing retries the first record when publication follows its initial ENOENT (143.872875ms)
✔ file journal: checksum corruption blocks reads and subsequent commits without overwriting the damaged record (97.739625ms)
✔ file journal: an intact record checksum does not hide a broken previous-hash link (144.206042ms)
✔ file journal: deleting a middle revision rejects the incomplete prefix (165.96525ms)
✔ file journal: changing store identity is rejected by an open instance and by replay after reopening (104.231833ms)
✔ file journal: a missing format header does not initialize a populated store as empty (86.555209ms)
✔ file journal: existing root, work and record symlinks are rejected without following their contents (288.451541ms)
✔ file journal: group or other permissions on the root and records are rejected (180.761ms)
✔ file journal: an observed root or work directory replacement cannot reset the open repository (195.133125ms)
✔ file journal: record size limits reject both publication and oversized persisted input (173.620084ms)
✔ file journal: closed instances reject every repository operation while reopening retains data (165.3985ms)
✔ file journal: revision zero is invalid layout and cannot be silently ignored (114.490417ms)
✔ sqlite: a memory tool cancels a blocked custody read before the source responds (200.873458ms)
✔ sqlite: custody-free reads keep their original I/O path and a W to M to W custody cycle remains finite (179.546667ms)
✔ sqlite: external K revise blocks direct, derived and cached M before W is refreshed (187.454584ms)
✔ sqlite: external K retract blocks direct, derived and cached M before W is refreshed (234.720125ms)
✔ sqlite: external K expire blocks direct, derived and cached M before W is refreshed (205.952625ms)
✔ sqlite: external K generation blocks direct, derived and cached M before W is refreshed (222.686875ms)
✔ sqlite: a shared reader uses current M authority without impersonating its owner's private K actor (190.036625ms)
✔ sqlite: custody does not reconstruct an unconfirmed reviewer-only permission (174.294458ms)
✔ sqlite: custody entry and byte limits fail closed before reading unbounded knowledge records (1256.950917ms)
✔ sqlite: a derivedFrom cycle remains invalid even when its work custody graph is finite (120.496625ms)
✔ sqlite: external memory changed during closure collection cannot survive the stable snapshot (144.907208ms)
✔ file-journal: a memory tool cancels a blocked custody read before the source responds (725.42ms)
✔ file-journal: custody-free reads keep their original I/O path and a W to M to W custody cycle remains finite (693.303375ms)
✔ file-journal: external K revise blocks direct, derived and cached M before W is refreshed (1175.501625ms)
✔ file-journal: external K retract blocks direct, derived and cached M before W is refreshed (1163.546417ms)
✔ file-journal: external K expire blocks direct, derived and cached M before W is refreshed (1822.708959ms)
✔ file-journal: external K generation blocks direct, derived and cached M before W is refreshed (2074.238541ms)
✔ file-journal: a shared reader uses current M authority without impersonating its owner's private K actor (1537.766209ms)
✔ file-journal: custody does not reconstruct an unconfirmed reviewer-only permission (592.025916ms)
✔ file-journal: custody entry and byte limits fail closed before reading unbounded knowledge records (676.55775ms)
✔ file-journal: a derivedFrom cycle remains invalid even when its work custody graph is finite (914.177084ms)
✔ file-journal: external memory changed during closure collection cannot survive the stable snapshot (847.030958ms)
✔ sqlite: same-work recall survives dispatch, receipt and unrelated revision bookkeeping (411.211416ms)
✔ sqlite: cross-work memory copy keeps custody across a goal change and blocks a prepared result after source deletion (741.523125ms)
✔ sqlite: source deletion after a cross-goal copied memory cancels a reserved effect before invocation (441.220666ms)
✔ sqlite: stored model input contains recalled bodies while hiding internal custody metadata (489.95375ms)
✔ sqlite: reopening without a knowledge validator blocks retained originals and reserved effects (519.31425ms)
✔ sqlite: deleting another work's source while adopt commit waits quarantines the copied evidence before return (450.651958ms)
✔ file-journal: same-work recall survives dispatch, receipt and unrelated revision bookkeeping (3275.098542ms)
✔ file-journal: cross-work memory copy keeps custody across a goal change and blocks a prepared result after source deletion (12782.743042ms)
✔ file-journal: source deletion after a cross-goal copied memory cancels a reserved effect before invocation (6726.067834ms)
✔ file-journal: stored model input contains recalled bodies while hiding internal custody metadata (7086.773709ms)
✔ file-journal: reopening without a knowledge validator blocks retained originals and reserved effects (4259.055875ms)
✔ file-journal: deleting another work's source while adopt commit waits quarantines the copied evidence before return (3154.73975ms)
✔ memory tools expose read cards, internal dependencies and schema-valid results (sqlite) (200.749292ms)
✔ memory tool authority intersects destination, caller and fresh trusted identity (sqlite) (172.838792ms)
✔ memory reads constrain IDs and searches to the current goal scope (sqlite) (169.633625ms)
✔ memory tools expose read cards, internal dependencies and schema-valid results (file-journal) (1209.723667ms)
✔ memory tool authority intersects destination, caller and fresh trusted identity (file-journal) (403.662166ms)
✔ memory reads constrain IDs and searches to the current goal scope (file-journal) (317.456916ms)
✔ memory tools report bounded references without bodies, including multibyte oversized references (120.162542ms)
✔ memory search distinguishes result truncation and index errors from complete absence (135.876875ms)
✔ memory tools discard a copied card when trusted-owner changes during a repository wait (120.651917ms)
✔ memory tools discard a copied card when work-owner changes during a repository wait (113.153625ms)
✔ memory tools discard a copied card when caller-labels changes during a repository wait (133.4695ms)
✔ memory tools discard a copied card when work-labels changes during a repository wait (124.487584ms)
✔ memory tools discard a copied card when goal changes during a repository wait (120.021166ms)
✔ memory tools discard a copied card when generation changes during a repository wait (160.773167ms)
✔ memory tools discard a copied card when cancel changes during a repository wait (113.011834ms)
✔ each fresh trusted actor lookup must match the work owner, including the final return check (131.581833ms)
✔ dependency validation uses current source, record and caller permissions without a stale service cache (134.115417ms)
✔ memory adapters do not mutate the caller policy and normalize invalid input and pre-abort (127.191875ms)
✔ knowledge exact lookup precedes index, Korean/English and conditional search use current sources (sqlite) (148.663167ms)
✔ knowledge exact lookup precedes index, Korean/English and conditional search use current sources (file-journal) (628.666541ms)
✔ private memory needs explicit submission and another reviewer of the exact content revision (153.968708ms)
✔ source retracted prevents direct, cached lexical and dependency reuse (135.67375ms)
✔ source restricted prevents direct, cached lexical and dependency reuse (130.954125ms)
✔ source deleted prevents direct, cached lexical and dependency reuse (186.548917ms)
✔ source corrected prevents direct, cached lexical and dependency reuse (177.192333ms)
✔ source policy prevents direct, cached lexical and dependency reuse (172.550167ms)
✔ source generation prevents direct, cached lexical and dependency reuse (191.231541ms)
✔ ancestor changes and derived memories retain source identity without inflating independent provenance (250.732958ms)
✔ review CAS prevents a reviewed draft from being silently replaced or shared after editing (178.902417ms)
✔ source or actor changes while source reads wait cannot return stale memory content (149.378417ms)
✔ a delayed candidate cache fill rechecks namespace authority before returning cards or counts (112.900541ms)
✔ index errors remain distinct from absence and rebuild never resurrects deleted or expired content (210.660875ms)
✔ SQLite reopen retains memory, review, cursor and receipts; competing writers use revision CAS (181.283291ms)
✔ source and knowledge stores close and reopen with reviewed memory and index intact (228.906708ms)
✔ bounded results report truncation only after current visibility filtering (187.908666ms)
✔ deletion while a repeated source check waits is noticed before returning the memory card (165.495084ms)
✔ source deletion after the second source snapshot cannot return its old card (199.156458ms)
✔ batch dependency fences notice an earlier card source changing while a later card is checked (194.805167ms)
✔ retracted memory can subsequently be deleted while preserving the revision and idempotency rules (188.484167ms)
✔ a pruned limited search stays partial when an unread matching candidate remains (179.558917ms)
✔ unrelated work revisions preserve semantic dependencies while changed source content does not (159.984917ms)
✔ dependency contracts reject forged fields, unsafe revisions, malformed hashes and duplicate references (167.80675ms)
✔ continuously changing coherent-read revisions stop after a bounded number of fences (285.110667ms)
✔ local evaluation: 192 pinned cases retain two families, two stores, three modes and sixteen variants without duplicate IDs (14.367625ms)
✔ local evaluation sqlite/document_comparison: simple actual workflow and read-only replay preserve one model, one tool and one delivered answer (762.618833ms)
✔ local evaluation sqlite/observation_review: simple actual workflow and read-only replay preserve one model, one tool and one delivered answer (800.765959ms)
✔ local evaluation sqlite: complex original amendments change the hypothesis and require later model assessments (1795.214958ms)
✔ local evaluation sqlite: fast limits reject a complex plan without claiming goal completion or invoking its tool (1030.3865ms)
✔ local evaluation sqlite: stored_model_resume actually crosses reopen with a received response and does not invoke it again (844.057709ms)
✔ local evaluation sqlite: stored_tool_resume actually crosses reopen with a received response and does not invoke it again (758.006625ms)
✔ local evaluation sqlite: forced compact is persisted before reopen and subsequent model calls assess later originals (1507.088833ms)
✔ local evaluation sqlite: next-day reply preserves a real wait interval with no model or tool entries (911.788958ms)
✔ local evaluation sqlite: status-only keeps its recorded state unchanged with no execution or transport (179.9155ms)
✔ local evaluation sqlite: source_missing reaches the intended failure boundary and stays incomplete (1027.810708ms)
✔ local evaluation sqlite: partial_result reaches the intended failure boundary and stays incomplete (1384.188917ms)
✔ local evaluation sqlite: tool_errors reaches the intended failure boundary and stays incomplete (981.751458ms)
✔ local evaluation sqlite: model_errors reaches the intended failure boundary and stays incomplete (1098.039792ms)
✔ local evaluation sqlite: permission_revoked reaches the intended failure boundary and stays incomplete (697.946834ms)
✔ local evaluation sqlite: cancellation occurs after model entry and preserves its reported usage without a tool or answer (525.728875ms)
✔ local evaluation sqlite: requested mode change is first pending during the entered call and later applied (658.146792ms)
✔ local evaluation sqlite: unknown result delivery produces lookup rather than a duplicate send or false completion (786.0425ms)
✔ local evaluation sqlite/document_comparison: late counterevidence is actually observed before final judgment (1489.538917ms)
✔ local evaluation sqlite/observation_review: late counterevidence is actually observed before final judgment (1708.254458ms)
✔ local evaluation file-journal/document_comparison: simple actual workflow and read-only replay preserve one model, one tool and one delivered answer (4316.2315ms)
✔ local evaluation file-journal/observation_review: simple actual workflow and read-only replay preserve one model, one tool and one delivered answer (3703.69975ms)
✔ local evaluation file-journal: complex original amendments change the hypothesis and require later model assessments (12676.924666ms)
✔ local evaluation file-journal: fast limits reject a complex plan without claiming goal completion or invoking its tool (8683.929458ms)
✔ local evaluation file-journal: stored_model_resume actually crosses reopen with a received response and does not invoke it again (4547.154625ms)
✔ local evaluation file-journal: stored_tool_resume actually crosses reopen with a received response and does not invoke it again (5178.307625ms)
✔ local evaluation file-journal: forced compact is persisted before reopen and subsequent model calls assess later originals (10947.382ms)
✔ local evaluation file-journal: next-day reply preserves a real wait interval with no model or tool entries (7841.994459ms)
✔ local evaluation file-journal: status-only keeps its recorded state unchanged with no execution or transport (754.158791ms)
✔ local evaluation file-journal: source_missing reaches the intended failure boundary and stays incomplete (7991.418584ms)
✔ local evaluation file-journal: partial_result reaches the intended failure boundary and stays incomplete (11820.404291ms)
✔ local evaluation file-journal: tool_errors reaches the intended failure boundary and stays incomplete (7629.274167ms)
✔ local evaluation file-journal: model_errors reaches the intended failure boundary and stays incomplete (8152.348375ms)
✔ local evaluation file-journal: permission_revoked reaches the intended failure boundary and stays incomplete (1931.408708ms)
✔ local evaluation file-journal: cancellation occurs after model entry and preserves its reported usage without a tool or answer (718.705541ms)
✔ local evaluation file-journal: requested mode change is first pending during the entered call and later applied (1165.817083ms)
✔ local evaluation file-journal: unknown result delivery produces lookup rather than a duplicate send or false completion (1234.807042ms)
✔ local evaluation file-journal/document_comparison: late counterevidence is actually observed before final judgment (2671.20875ms)
✔ local evaluation file-journal/observation_review: late counterevidence is actually observed before final judgment (2363.361792ms)
✔ sqlite: local memory tools and workspace checkpoints remain usable after profile reopen (1182.511583ms)
✔ sqlite: workspace initialization failure closes state, channel and knowledge stores (166.10675ms)
✔ file-journal: local memory tools and workspace checkpoints remain usable after profile reopen (6556.696375ms)
✔ file-journal: workspace initialization failure closes state, channel and knowledge stores (219.431709ms)
✔ composition without optional memory or workspace keeps the prior tool configuration usable (194.752167ms)
✔ profile close still closes databases after a workspace close failure (202.842209ms)
✔ sqlite: accepted work, request replay, and queries stay separate from fixture execution (742.965417ms)
✔ sqlite: document question is atomic, actionable, and does not interpret reply text (689.334667ms)
✔ sqlite: current ownership, route, and disclosure gates apply to reads and mutations (296.818542ms)
✔ sqlite: web attachment observes an existing CLI primary without re-sending or changing it (588.184375ms)
✔ sqlite: goal and mode commands preserve optimistic revisions and durable idempotency (588.546625ms)
✔ sqlite: pause does not wait behind an active run and a replay cannot start another run (595.149834ms)
✔ sqlite: cancel does not wait behind an active run and a replay cannot start another run (376.78725ms)
✔ sqlite: an unfinished durable run is not repeated by the same request after restart (707.568042ms)
✔ sqlite: a goal changed while the old run intent is acknowledged never receives that run's plan (671.418375ms)
✔ sqlite: workflow entry rejects a stale pinned goal before recovery or execution (327.681417ms)
✔ sqlite: paged lists recheck every returned card and omit a card revoked while another is read (1206.233333ms)
✔ sqlite: at most four distinct works execute concurrently and draining admits no new mutations (1296.309458ms)
✔ file-journal: accepted work, request replay, and queries stay separate from fixture execution (4403.354375ms)
✔ file-journal: document question is atomic, actionable, and does not interpret reply text (3958.905208ms)
✔ file-journal: current ownership, route, and disclosure gates apply to reads and mutations (648.01875ms)
✔ file-journal: web attachment observes an existing CLI primary without re-sending or changing it (2363.038042ms)
✔ file-journal: goal and mode commands preserve optimistic revisions and durable idempotency (2547.9755ms)
✔ file-journal: pause does not wait behind an active run and a replay cannot start another run (2974.980875ms)
✔ file-journal: cancel does not wait behind an active run and a replay cannot start another run (1003.273166ms)
✔ file-journal: an unfinished durable run is not repeated by the same request after restart (2277.285334ms)
✔ file-journal: a goal changed while the old run intent is acknowledged never receives that run's plan (2699.262833ms)
✔ file-journal: workflow entry rejects a stale pinned goal before recovery or execution (773.722208ms)
✔ file-journal: paged lists recheck every returned card and omit a card revoked while another is read (14934.473417ms)
✔ file-journal: at most four distinct works execute concurrently and draining admits no new mutations (8717.382834ms)
✔ sqlite: MCP collection SIGKILL at intent resumes with a new owner and preserves the committed budget and items (1679.066334ms)
✔ sqlite: MCP collection SIGKILL at partial resumes with a new owner and preserves the committed budget and items (1401.290167ms)
✔ sqlite: MCP collection SIGKILL at page resumes with a new owner and preserves the committed budget and items (1472.933375ms)
✔ file-journal: MCP collection SIGKILL at intent resumes with a new owner and preserves the committed budget and items (10474.967375ms)
✔ file-journal: MCP collection SIGKILL at partial resumes with a new owner and preserves the committed budget and items (6573.9215ms)
✔ file-journal: MCP collection SIGKILL at page resumes with a new owner and preserves the committed budget and items (6873.763375ms)
✔ sqlite: MCP collection documents preserves individual raw pages and verifies offline (691.394125ms)
✔ sqlite: MCP collection documents resumes only partial items with original success unchanged (1306.902375ms)
✔ sqlite: MCP collection observations preserves individual raw pages and verifies offline (987.224333ms)
✔ sqlite: MCP collection observations resumes only partial items with original success unchanged (1786.800416ms)
✔ sqlite: MCP empty page is preserved and losing its original rejects the result (1194.168ms)
✔ sqlite: MCP collection rejects snapshot-change after keeping its first page (834.861417ms)
✔ sqlite: MCP collection rejects cursor-loop after keeping its first page (778.121167ms)
✔ sqlite: MCP error does not become EOF or automatic retry (790.723084ms)
✔ sqlite: MCP rate-limit does not become EOF or automatic retry (687.260667ms)
✔ sqlite: MCP accepted raw response substitution blocks parent resume before sending (610.585083ms)
✔ sqlite: MCP changed query cannot reuse a partial parent (581.170167ms)
✔ sqlite: MCP authority change before-send prevents page acceptance (328.745583ms)
✔ sqlite: MCP authority change after-reply prevents page acceptance (302.835084ms)
✔ file-journal: MCP collection documents preserves individual raw pages and verifies offline (2403.179875ms)
✔ file-journal: MCP collection documents resumes only partial items with original success unchanged (6621.588125ms)
✔ file-journal: MCP collection observations preserves individual raw pages and verifies offline (3934.729834ms)
✔ file-journal: MCP collection observations resumes only partial items with original success unchanged (11552.944875ms)
✔ file-journal: MCP empty page is preserved and losing its original rejects the result (6666.307292ms)
✔ file-journal: MCP collection rejects snapshot-change after keeping its first page (3715.113834ms)
✔ file-journal: MCP collection rejects cursor-loop after keeping its first page (4207.801125ms)
✔ file-journal: MCP error does not become EOF or automatic retry (4553.903ms)
✔ file-journal: MCP rate-limit does not become EOF or automatic retry (4386.031583ms)
✔ file-journal: MCP accepted raw response substitution blocks parent resume before sending (2339.922584ms)
✔ file-journal: MCP changed query cannot reuse a partial parent (4181.129917ms)
✔ file-journal: MCP authority change before-send prevents page acceptance (1145.647583ms)
✔ file-journal: MCP authority change after-reply prevents page acceptance (1426.968667ms)
✔ sqlite: full documents coverage gates partial facts and survives exact-manifest resume and restoration (1695.662958ms)
✔ sqlite: full observations coverage gates partial facts and survives exact-manifest resume and restoration (2079.726ms)
✔ file-journal: full documents coverage gates partial facts and survives exact-manifest resume and restoration (9834.936375ms)
✔ file-journal: full observations coverage gates partial facts and survives exact-manifest resume and restoration (10694.106292ms)
✔ MCP coverage: successful EOF without an approved manifest cannot discharge the full-query condition (826.420125ms)
✔ MCP coverage: missing-raw invalidates completion, public result and delivery (644.096292ms)
✔ MCP coverage: wrong-summary invalidates completion, public result and delivery (675.761833ms)
✔ sqlite: SIGKILL at raw-receipt-complete settles the original response offline before explicit continuation (1142.652125ms)
✔ sqlite: SIGKILL at raw-receipt-nonfinal settles the original response offline before explicit continuation (1576.236708ms)
✔ sqlite: SIGKILL at raw-receipt-deferral settles the original response offline before explicit continuation (1585.779792ms)
✔ file-journal: SIGKILL at raw-receipt-complete settles the original response offline before explicit continuation (5511.077ms)
✔ file-journal: SIGKILL at raw-receipt-nonfinal settles the original response offline before explicit continuation (6993.722833ms)
✔ file-journal: SIGKILL at raw-receipt-deferral settles the original response offline before explicit continuation (8092.983209ms)
✔ stored MCP response: missing-response cannot be silently treated as absent or retransmitted (618.673084ms)
✔ stored MCP response: changed-policy cannot be silently treated as absent or retransmitted (601.239625ms)
✔ stored MCP response: callback-replaced cannot be silently treated as absent or retransmitted (643.015208ms)
✔ stored MCP response: concurrent restorers commit one original-head settlement without additional budget (4154.152666ms)
✔ stored MCP response: next workflow step repairs a crash after expiration was committed (816.891584ms)
✔ sqlite: MCP family 0 stores an original, adopts facts and revalidates offline (414.149917ms)
✔ sqlite: MCP family 1 stores an original, adopts facts and revalidates offline (390.416416ms)
✔ sqlite: MCP partial records do not satisfy complete coverage (298.493458ms)
✔ sqlite: MCP error retains no result evidence (405.545667ms)
✔ sqlite: MCP invalid retains no result evidence (334.712833ms)
✔ sqlite: MCP changed projected facts and different attempt proof are rejected (302.933625ms)
✔ sqlite: MCP raw body corruption prevents adoption after restart (307.091541ms)
✔ sqlite: MCP received result survives reopen and does not recall a stopped server (353.868875ms)
✔ sqlite: MCP request intent prevents a hidden second call for the same attempt (281.050083ms)
✔ sqlite: MCP repeated reads keep one independent source lineage (554.97275ms)
✔ sqlite: MCP pause during adapter wait blocks the wire call (176.7045ms)
✔ sqlite: MCP expand-labels during adapter wait blocks the wire call (174.884417ms)
✔ sqlite: MCP cancel after a real reply prevents raw publication and adoption (224.032833ms)
✔ sqlite: MCP restrict-labels after a real reply prevents raw publication and adoption (216.141416ms)
✔ file-journal: MCP family 0 stores an original, adopts facts and revalidates offline (1449.854292ms)
✔ file-journal: MCP family 1 stores an original, adopts facts and revalidates offline (1146.949ms)
✔ file-journal: MCP partial records do not satisfy complete coverage (961.815666ms)
✔ file-journal: MCP error retains no result evidence (1093.211375ms)
✔ file-journal: MCP invalid retains no result evidence (966.739458ms)
✔ file-journal: MCP changed projected facts and different attempt proof are rejected (1022.029708ms)
✔ file-journal: MCP raw body corruption prevents adoption after restart (1115.98275ms)
✔ file-journal: MCP received result survives reopen and does not recall a stopped server (836.88275ms)
✔ file-journal: MCP request intent prevents a hidden second call for the same attempt (608.633583ms)
✔ file-journal: MCP repeated reads keep one independent source lineage (1793.309208ms)
✔ file-journal: MCP pause during adapter wait blocks the wire call (624.849458ms)
✔ file-journal: MCP expand-labels during adapter wait blocks the wire call (655.024375ms)
✔ file-journal: MCP cancel after a real reply prevents raw publication and adoption (596.79375ms)
✔ file-journal: MCP restrict-labels after a real reply prevents raw publication and adoption (585.991667ms)
✔ sqlite: MCP whole wait survives SIGKILL and reopens without resetting its due time or consuming an early successor (1871.592458ms)
✔ sqlite: MCP item wait survives SIGKILL and reopens without resetting its due time or consuming an early successor (1904.380292ms)
✔ file-journal: MCP whole wait survives SIGKILL and reopens without resetting its due time or consuming an early successor (18244.961959ms)
✔ file-journal: MCP item wait survives SIGKILL and reopens without resetting its due time or consuming an early successor (16839.882208ms)
✔ sqlite: MCP wait documents normal records retain lineage and bind the stored-response recovery contract (628.05975ms)
✔ sqlite: MCP whole wait documents binds fixed origin and protects its original error proof (567.961042ms)
✔ sqlite: MCP item wait documents retries the unfinished item with original success unchanged (1260.7535ms)
✔ sqlite: MCP wait observations normal records retain lineage and bind the stored-response recovery contract (938.4245ms)
✔ sqlite: MCP whole wait observations binds fixed origin and protects its original error proof (665.633541ms)
✔ sqlite: MCP item wait observations retries the unfinished item with original success unchanged (1582.174ms)
✔ file-journal: MCP wait documents normal records retain lineage and bind the stored-response recovery contract (3553.84625ms)
✔ file-journal: MCP whole wait documents binds fixed origin and protects its original error proof (3571.440083ms)
✔ file-journal: MCP item wait documents retries the unfinished item with original success unchanged (7711.575875ms)
✔ file-journal: MCP wait observations normal records retain lineage and bind the stored-response recovery contract (4273.740625ms)
✔ file-journal: MCP whole wait observations binds fixed origin and protects its original error proof (3308.784917ms)
✔ file-journal: MCP item wait observations retries the unfinished item with original success unchanged (11165.30425ms)
✔ MCP wait rejects zero without inventing a retry barrier (455.70925ms)
✔ MCP wait rejects negative without inventing a retry barrier (466.841375ms)
✔ MCP wait rejects fraction without inventing a retry barrier (466.967125ms)
✔ MCP wait rejects string without inventing a retry barrier (449.079625ms)
✔ MCP wait rejects null without inventing a retry barrier (429.865167ms)
✔ MCP wait rejects over-limit without inventing a retry barrier (528.861625ms)
✔ MCP wait rejects unsafe without inventing a retry barrier (509.730375ms)
✔ MCP wait rejects missing without inventing a retry barrier (503.065542ms)
✔ MCP wait rejects wrong-request without inventing a retry barrier (457.349167ms)
✔ MCP wait rejects wrong-cursor without inventing a retry barrier (515.960833ms)
✔ MCP wait rejects false-error without inventing a retry barrier (514.692292ms)
✔ MCP wait rejects success-hint without inventing a retry barrier (551.888875ms)
✔ MCP wait rejects forbidden-hint without inventing a retry barrier (614.900166ms)
✔ MCP wait rejects a second conflicting metadata hint after preserving one actual response (549.074458ms)
✔ MCP wait enforces the approved host delay cap even when the remote schema permits the value (555.075208ms)
✔ MCP wait original checkpoint rejects completed-phase before a fresh same-query reservation (689.593125ms)
✔ MCP wait original checkpoint rejects fake-successor before a fresh same-query reservation (3726.101042ms)
✔ MCP wait original checkpoint rejects missing-item-clock-and-query before a fresh same-query reservation (3791.928959ms)
✔ MCP client: invalid host process configuration is rejected without starting a child (3.034417ms)
✔ MCP client: real pinned stdio discovery and repeated reads each make one fresh call (114.188583ms)
✔ MCP client: staged paginated listing is bounded and only the approved subset can be called (92.693708ms)
✔ MCP client: partial, mismatched and cycling listings never publish a callable session (458.8895ms)
✔ MCP client: list change during discovery rejects the mixed view; explicit discovery can recover (114.952042ms)
✔ MCP client: caller mutation and rejected authorization cannot change the registered request (101.868292ms)
✔ MCP client: cancellation while authorization is pending sends zero calls (105.800167ms)
✔ MCP client: active-call admission rejects overflow without invoking its authority callback (109.133709ms)
✔ MCP client: actual serialized request and oversized response are bounded (116.000375ms)
✔ MCP client: post-dispatch list change invalidates the result and never repeats the call (132.868125ms)
✔ MCP client: lost delayed response preserves sent uncertainty and releases the owned process (167.959375ms)
✔ MCP client: uncertain exit preserves a sent call and explicit concurrent close rechecks once (135.90775ms)
✔ MCP client: crashed peer requires explicit new discovery and old session is never revived (194.80875ms)
✔ MCP client: ambient default environment is blanked; only explicit host variables are forwarded (32.815917ms)
✔ cancel during input artifact read prevents transport invocation and releases the known unused token reservation (34.772041ms)
✔ goal during input artifact read prevents transport invocation and releases the known unused token reservation (12.134583ms)
✔ destination during input artifact read prevents transport invocation and releases the known unused token reservation (11.795792ms)
✔ labels during input artifact read prevents transport invocation and releases the known unused token reservation (9.2515ms)
✔ cancelling an active model sends its signal, yields promptly and settles late usage once without adopting the old plan (10.0865ms)
✔ input byte limit rejects before a durable reservation or transport call (5.707541ms)
✔ token budget rejects before a durable reservation or transport call (8.53125ms)
✔ model call budget rejects before a durable reservation or transport call (6.194958ms)
✔ model context capacity and destination policy reject input without invoking the planner (9.446833ms)
✔ concurrent reservations have one winner and duplicate execution performs one dispatch and one transport call (16.7445ms)
✔ a replacement owner waits for a reserved lease, then releases it and creates a fresh intent without repeating a transport call (15.016375ms)
✔ a recovered running lease retains uncertain cost and accepts only late accounting, never its expired plan (7.42975ms)
✔ a reply without usage keeps its reservation and prevents a further model call after rejection (8.078042ms)
✔ verified facts remain visible while hypothesis review prevents response readiness and preparation (39.683084ms)
✔ reserved, running and stored model replies cannot produce a result; accepted review resumes preparation (29.145167ms)
✔ pending model work suppresses question preparation while preserving existing obligation blockers (13.03925ms)
✔ an already prepared result is withheld during review and can be prepared again after accepted model assessment (16.644292ms)
✔ documents-simple: one model plan executes to completion with usage and no extra hypothesis call (42.442916ms)
✔ observations-simple: one model plan executes to completion with usage and no extra hypothesis call (12.6495ms)
✔ late counterevidence revises the hypothesis and only the changed graph consumes a replan (50.412583ms)
✔ strict structured transport adapter feeds the same validator and execution loop without a provider SDK (10.137916ms)
✔ invalid or truncated responses cannot replace an executable plan or fabricate zero usage (6.952209ms)
✔ rejected model plans still charge exactly one call and preserve their raw response for an authorized read (5.889666ms)
✔ bookkeeping changes do not stale a response but goal and evidence changes do (13.522833ms)
✔ received model result resumes after SQLite and artifact reopen with no additional model call (351.531167ms)
✔ a new scope archives the old hypothesis in prior events and permits a fresh plan (11.438042ms)
✔ unsupported hypotheses and erased counterevidence are rejected without changing the current assessment (8.241875ms)
✔ validator feedback reaches the next model proposal and invalid plans never dispatch their tools (13.545666ms)
✔ permission revocation during reply storage preserves usage but never downgrades the model body (6.006583ms)
✔ sqlite/documents-simple: same model/tool/evidence/conversation workflow resumes on persistent state without a new model call for the stored reply (753.671375ms)
✔ sqlite/documents-complex: same model/tool/evidence/conversation workflow resumes on persistent state without a new model call for the stored reply (1701.753667ms)
✔ sqlite/observations-simple: same model/tool/evidence/conversation workflow resumes on persistent state without a new model call for the stored reply (697.927959ms)
✔ sqlite/observations-complex: same model/tool/evidence/conversation workflow resumes on persistent state without a new model call for the stored reply (1406.098625ms)
✔ file-journal/documents-simple: same model/tool/evidence/conversation workflow resumes on persistent state without a new model call for the stored reply (5208.671292ms)
✔ file-journal/documents-complex: same model/tool/evidence/conversation workflow resumes on persistent state without a new model call for the stored reply (9703.222208ms)
✔ file-journal/observations-simple: same model/tool/evidence/conversation workflow resumes on persistent state without a new model call for the stored reply (4086.52775ms)
✔ file-journal/observations-complex: same model/tool/evidence/conversation workflow resumes on persistent state without a new model call for the stored reply (7873.853458ms)
✔ checkpoint record: empty paged root round-trips metadata once without raw reads (6.099709ms)
✔ checkpoint record: empty batch root round-trips metadata once without raw reads (1.019417ms)
✔ checkpoint record: multiple normal pages store references rather than repeating large bodies (11.8465ms)
✔ checkpoint record: partial batch resumes only unfinished items and preserves original successes (7.6785ms)
✔ checkpoint record: rejected source calls survive explicit resume and consume the operation call limit (1.634208ms)
✔ checkpoint record: a crashed intent becomes one unknown call and is never silently replayed (2.255125ms)
✔ checkpoint record: complete orphan resume performs no new page read or call (0.781583ms)
✔ read waits contract: only retryable unfinished items can advertise a bounded absolute barrier (0.676458ms)
✔ read waits record: deferral consumes a call but preserves the collection and requires its original response (2.069916ms)
✔ read waits record: parent claim and historical dispatch cannot move before the recorded barrier (3.28325ms)
✔ read waits record: item barriers use the maximum and a whole-call deferral cannot erase retained successes (1.960334ms)
✔ checkpoint record: explicit stop changes only stop metadata and appends its exact base reference (0.642875ms)
✔ checkpoint record: unchanged fields and inherited dependencies cannot be dropped from an intent (2.780625ms)
✔ checkpoint record: start rejects retained history, source artifacts, and non-root identity (0.317958ms)
✔ checkpoint record: intent, settlement, and resume reject invalid request identity or time transitions (0.979334ms)
✔ checkpoint record: wrong logical digest, wrong base, extra keys, and failed source reads are rejected (1.084667ms)
✔ checkpoint record: accepted encode defers new raw body, source-ref, and dependency authentication to decode (3.281458ms)
✔ checkpoint record: conflicting artifact metadata and dropped inherited references are never encoded (0.809334ms)
✔ checkpoint record: logical checkpoint and referenced response byte limits are enforced before source I/O (0.525333ms)
✔ checkpoint record: record schema rejects more than 16 MiB of otherwise bounded root metadata (55.476ms)
✔ checkpoint store: real v2 start/intent/settle records load the logical v1 result and preserve original bytes (220.280084ms)
✔ checkpoint store: a legacy snapshot can anchor a v2 orphan resume without reissuing any raw page request (307.050875ms)
✔ checkpoint store: missing base is detected through the actual file adapter (196.494208ms)
✔ checkpoint store: tampered base is detected through the actual file adapter (215.100834ms)
✔ checkpoint store: missing raw is detected through the actual file adapter (194.669ms)
✔ checkpoint store: tampered raw is detected through the actual file adapter (183.969041ms)
✔ checkpoint store: a base reference with tenant cannot use an otherwise readable head (299.078958ms)
✔ checkpoint store: a base reference with labels cannot use an otherwise readable head (280.827584ms)
✔ checkpoint store: a base reference with missing-index cannot use an otherwise readable head (193.142167ms)
✔ checkpoint store: a valid artifact hash cannot authenticate a forged logical digest (246.795833ms)
✔ checkpoint store: returned byte/page/checkpoint mutations cannot poison a reader cache (148.893625ms)
✔ checkpoint store: shared materialization rechecks every original and a new file instance decodes cold (164.941208ms)
✔ checkpoint store: shared materialization cannot hide a revoked or unindexed original (189.200375ms)
✔ checkpoint store: shared materialization evicts at 64-heads (3095.692125ms)
✔ checkpoint store: shared materialization evicts at 16-MiB-logical-bytes (468.257ms)
✔ checkpoint store: eviction during a shared materialization await preserves the logical byte budget (462.86175ms)
✔ checkpoint store: an in-flight head mutation cannot seed a different artifact materialization (216.269875ms)
✔ checkpoint store: caller ref mutation cannot redirect cached-reference revalidation (178.542ms)
✔ checkpoint store: policy snapshots and exact index entries cannot be widened or aliased by callers (260.934416ms)
✔ checkpoint store: cached originals require real exists checks and new readers cannot inherit a deleted source (224.600667ms)
✔ checkpoint store: raw source cache stays within 16 MiB and evicted sources are fetched again (466.285542ms)
✔ checkpoint store: cycles and oversized records are rejected before decoding any logical history (0.947292ms)
✔ checkpoint store: a record chain stops at 10000 records before requesting the next dependency (180.5235ms)
✔ checkpoint store: a record chain stops at 64 MiB without caching the entire traversal (37.5125ms)
✔ checkpoint store: a materialized base retains its chain byte cost for the next event (61.878208ms)
✔ checkpoint store sqlite: a legacy committed root resumes through v2 records into an authenticated public result (551.1325ms)
✔ checkpoint store file-journal: a legacy committed root resumes through v2 records into an authenticated public result (3315.787375ms)
✔ read checkpoint sqlite: a complete checkpoint survives outer-result loss and resumes without another fetch (694.457042ms)
✔ read checkpoint sqlite: projection preserves original evidence and charges only the successor's raw response (843.93175ms)
✔ read checkpoint sqlite: missing proof and altered payload are denied while ordinary failures remain valid (882.835292ms)
✔ read checkpoint sqlite: an indexed forged merged page cannot replace its accepted raw response (868.661875ms)
✔ read checkpoint sqlite: an unchanged original body cannot authorize a changed request identity (809.614083ms)
✔ read checkpoint sqlite: losing raw-response blocks result history and copied history (923.745333ms)
✔ read checkpoint sqlite: losing source-artifact blocks result history and copied history (841.901042ms)
✔ read checkpoint sqlite: severing the parent's exclusive successor claim rejects the child (743.504167ms)
✔ read checkpoint file-journal: a complete checkpoint survives outer-result loss and resumes without another fetch (2881.110042ms)
✔ read checkpoint file-journal: projection preserves original evidence and charges only the successor's raw response (4508.965708ms)
✔ read checkpoint file-journal: missing proof and altered payload are denied while ordinary failures remain valid (4173.03875ms)
✔ read checkpoint file-journal: an indexed forged merged page cannot replace its accepted raw response (5021.015167ms)
✔ read checkpoint file-journal: an unchanged original body cannot authorize a changed request identity (4238.913375ms)
✔ read checkpoint file-journal: losing raw-response blocks result history and copied history (5572.991625ms)
✔ read checkpoint file-journal: losing source-artifact blocks result history and copied history (5784.158792ms)
✔ read checkpoint file-journal: severing the parent's exclusive successor claim rejects the child (5009.240667ms)
✔ read collection context: only visible current goal and scope tips survive; complete unadopted tips remain resumable (3.982583ms)
✔ read collection context: the common packet removes denied head metadata from both execution and resume projections (3.158333ms)
✔ read collection context sqlite: five compactions and reopen retain partial resume metadata without page bodies (628.864ms)
✔ read collection context sqlite: five compactions and reopen retain complete orphan resume metadata without page bodies (576.387916ms)
✔ read collection context file-journal: five compactions and reopen retain partial resume metadata without page bodies (2322.189917ms)
✔ read collection context file-journal: five compactions and reopen retain complete orphan resume metadata without page bodies (2737.8745ms)
✔ read collection context sqlite: lost derived frame regenerates while lost original raw response blocks context and recovery (330.725125ms)
✔ read collection context file-journal: lost derived frame regenerates while lost original raw response blocks context and recovery (1586.14225ms)
✔ read collection context sqlite: source gate rejects omitted, altered, and canonically inconsistent resume metadata (246.709ms)
✔ read collection context file-journal: source gate rejects omitted, altered, and canonically inconsistent resume metadata (825.774292ms)
✔ read collection context sqlite: resume metadata is mandatory input and cannot be evicted to satisfy a smaller byte budget (241.3565ms)
✔ read collection context file-journal: resume metadata is mandatory input and cannot be evicted to satisfy a smaller byte budget (698.324916ms)
✔ read collection context sqlite: source lifecycle change during checkpoint read prevents staged frame publication (172.326667ms)
✔ read collection context file-journal: source lifecycle change during checkpoint read prevents staged frame publication (854.109917ms)
✔ read collection context sqlite: contract change during derived resume put is checked before return (273.511708ms)
✔ read collection context sqlite: original change during derived resume put is checked before return (333.988208ms)
✔ read collection context file-journal: contract change during derived resume put is checked before return (1268.657666ms)
✔ read collection context file-journal: original change during derived resume put is checked before return (1161.123375ms)
✔ read collection context sqlite: completed adopted output retains original proof requirements after leaving the resume list (397.56275ms)
✔ read collection context file-journal: completed adopted output retains original proof requirements after leaving the resume list (1389.759375ms)
✔ read collection context sqlite: raw loss during frame staging suppresses completed adopted copies (298.532083ms)
✔ read collection context file-journal: raw loss during frame staging suppresses completed adopted copies (1122.504083ms)
✔ collection I/O sqlite documents-simple: 4 pages retain semantics across reads, copying and reopening (1448.948917ms)
ℹ {"adapter":"sqlite","family":"documents-simple","pages":4,"sourceCalls":4,"resultSignature":"ca3cbf4a810188e565397de9b01c666596d3bfd519841b869c91c2e4ca1eaa0c","stages":[{"name":"collect","get":114,"exists":202,"put":14,"returnedBodyBytes":171997,"stateReads":201,"receipts":30,"commits":14,"physicalBodyBytes":485558},{"name":"checkpointRead","get":13,"exists":12,"put":0,"returnedBodyBytes":18362,"stateReads":4,"receipts":1,"commits":0,"physicalBodyBytes":35757},{"name":"callsGet","get":41,"exists":96,"put":1,"returnedBodyBytes":84792,"stateReads":45,"receipts":10,"commits":5,"physicalBodyBytes":314778},{"name":"contextPrepare","get":70,"exists":50,"put":1,"returnedBodyBytes":188989,"stateReads":37,"receipts":7,"commits":0,"physicalBodyBytes":288275},{"name":"reopenAndPrepare","get":83,"exists":62,"put":1,"returnedBodyBytes":207351,"stateReads":41,"receipts":8,"commits":0,"physicalBodyBytes":324032}]}
✔ collection I/O sqlite documents-simple: 8 pages retain semantics across reads, copying and reopening (2204.851834ms)
ℹ {"adapter":"sqlite","family":"documents-simple","pages":8,"sourceCalls":8,"resultSignature":"c223661cc27ac8f18d90094013769634188fab210c6fa1531b423635c1ef5c84","stages":[{"name":"collect","get":318,"exists":590,"put":26,"returnedBodyBytes":470387,"stateReads":337,"receipts":46,"commits":22,"physicalBodyBytes":1357149},{"name":"checkpointRead","get":25,"exists":24,"put":0,"returnedBodyBytes":35235,"stateReads":4,"receipts":1,"commits":0,"physicalBodyBytes":69502},{"name":"callsGet","get":77,"exists":180,"put":1,"returnedBodyBytes":162709,"stateReads":45,"receipts":10,"commits":5,"physicalBodyBytes":606344},{"name":"contextPrepare","get":130,"exists":98,"put":1,"returnedBodyBytes":354351,"stateReads":37,"receipts":7,"commits":0,"physicalBodyBytes":548423},{"name":"reopenAndPrepare","get":155,"exists":122,"put":1,"returnedBodyBytes":389586,"stateReads":41,"receipts":8,"commits":0,"physicalBodyBytes":617925}]}
✔ collection I/O sqlite documents-simple: 16 pages retain semantics across reads, copying and reopening (4006.912042ms)
ℹ {"adapter":"sqlite","family":"documents-simple","pages":16,"sourceCalls":16,"resultSignature":"ab9d2af3b8ec8ae6983b1b42f01fae55eaa9771ae3f0271537f2a91d7e4ef676","stages":[{"name":"collect","get":1014,"exists":1942,"put":50,"returnedBodyBytes":1473478,"stateReads":609,"receipts":78,"commits":38,"physicalBodyBytes":4319151},{"name":"checkpointRead","get":49,"exists":48,"put":0,"returnedBodyBytes":69080,"stateReads":4,"receipts":1,"commits":0,"physicalBodyBytes":137191},{"name":"callsGet","get":149,"exists":348,"put":1,"returnedBodyBytes":318994,"stateReads":45,"receipts":10,"commits":5,"physicalBodyBytes":1191167},{"name":"contextPrepare","get":250,"exists":194,"put":1,"returnedBodyBytes":686038,"stateReads":37,"receipts":7,"commits":0,"physicalBodyBytes":1070236},{"name":"reopenAndPrepare","get":299,"exists":242,"put":1,"returnedBodyBytes":755118,"stateReads":41,"receipts":8,"commits":0,"physicalBodyBytes":1207427}]}
✔ collection I/O sqlite observations-simple: 4 pages retain semantics across reads, copying and reopening (1288.44625ms)
ℹ {"adapter":"sqlite","family":"observations-simple","pages":4,"sourceCalls":4,"resultSignature":"a6a1b857443999b7a5f4b1945b1768f00b1f58af8a2d1b7fce08ea4816c57ae5","stages":[{"name":"collect","get":114,"exists":202,"put":14,"returnedBodyBytes":172551,"stateReads":201,"receipts":30,"commits":14,"physicalBodyBytes":487152},{"name":"checkpointRead","get":13,"exists":12,"put":0,"returnedBodyBytes":18412,"stateReads":4,"receipts":1,"commits":0,"physicalBodyBytes":35857},{"name":"callsGet","get":41,"exists":96,"put":1,"returnedBodyBytes":85070,"stateReads":45,"receipts":10,"commits":5,"physicalBodyBytes":315854},{"name":"contextPrepare","get":70,"exists":50,"put":1,"returnedBodyBytes":189654,"stateReads":37,"receipts":7,"commits":0,"physicalBodyBytes":289268},{"name":"reopenAndPrepare","get":83,"exists":62,"put":1,"returnedBodyBytes":208066,"stateReads":41,"receipts":8,"commits":0,"physicalBodyBytes":325125}]}
✔ collection I/O sqlite observations-simple: 8 pages retain semantics across reads, copying and reopening (2095.119375ms)
ℹ {"adapter":"sqlite","family":"observations-simple","pages":8,"sourceCalls":8,"resultSignature":"3e066d9f43cd916245766040a04be753e4d813303fafe0d6c5edfead4c0113c9","stages":[{"name":"collect","get":318,"exists":590,"put":26,"returnedBodyBytes":471661,"stateReads":337,"receipts":46,"commits":22,"physicalBodyBytes":1360871},{"name":"checkpointRead","get":25,"exists":24,"put":0,"returnedBodyBytes":35317,"stateReads":4,"receipts":1,"commits":0,"physicalBodyBytes":69666},{"name":"callsGet","get":77,"exists":180,"put":1,"returnedBodyBytes":163211,"stateReads":45,"receipts":10,"commits":5,"physicalBodyBytes":608316},{"name":"contextPrepare","get":130,"exists":98,"put":1,"returnedBodyBytes":355572,"stateReads":37,"receipts":7,"commits":0,"physicalBodyBytes":550228},{"name":"reopenAndPrepare","get":155,"exists":122,"put":1,"returnedBodyBytes":390889,"stateReads":41,"receipts":8,"commits":0,"physicalBodyBytes":619894}]}
✔ collection I/O sqlite observations-simple: 16 pages retain semantics across reads, copying and reopening (4098.540834ms)
ℹ {"adapter":"sqlite","family":"observations-simple","pages":16,"sourceCalls":16,"resultSignature":"efdaf769faccd802339a9b0a1fb7bb1c170d5d2cfcd84df6499f8eceb676f508","stages":[{"name":"collect","get":1014,"exists":1942,"put":50,"returnedBodyBytes":1476960,"stateReads":609,"receipts":78,"commits":38,"physicalBodyBytes":4329433},{"name":"checkpointRead","get":49,"exists":48,"put":0,"returnedBodyBytes":69226,"stateReads":4,"receipts":1,"commits":0,"physicalBodyBytes":137483},{"name":"callsGet","get":149,"exists":348,"put":1,"returnedBodyBytes":319944,"stateReads":45,"receipts":10,"commits":5,"physicalBodyBytes":1194931},{"name":"contextPrepare","get":250,"exists":194,"put":1,"returnedBodyBytes":688371,"stateReads":37,"receipts":7,"commits":0,"physicalBodyBytes":1073665},{"name":"reopenAndPrepare","get":299,"exists":242,"put":1,"returnedBodyBytes":757597,"stateReads":41,"receipts":8,"commits":0,"physicalBodyBytes":1211148}]}
✔ collection I/O file-journal documents-simple: 4 pages retain semantics across reads, copying and reopening (6372.058916ms)
ℹ {"adapter":"file-journal","family":"documents-simple","pages":4,"sourceCalls":4,"resultSignature":"ca3cbf4a810188e565397de9b01c666596d3bfd519841b869c91c2e4ca1eaa0c","stages":[{"name":"collect","get":114,"exists":202,"put":14,"returnedBodyBytes":171997,"stateReads":201,"receipts":30,"commits":14,"physicalBodyBytes":485558},{"name":"checkpointRead","get":13,"exists":12,"put":0,"returnedBodyBytes":18362,"stateReads":4,"receipts":1,"commits":0,"physicalBodyBytes":35757},{"name":"callsGet","get":41,"exists":96,"put":1,"returnedBodyBytes":84792,"stateReads":45,"receipts":10,"commits":5,"physicalBodyBytes":314778},{"name":"contextPrepare","get":70,"exists":50,"put":1,"returnedBodyBytes":188989,"stateReads":37,"receipts":7,"commits":0,"physicalBodyBytes":288275},{"name":"reopenAndPrepare","get":83,"exists":62,"put":1,"returnedBodyBytes":207351,"stateReads":41,"receipts":8,"commits":0,"physicalBodyBytes":324032}]}
✔ collection I/O file-journal documents-simple: 8 pages retain semantics across reads, copying and reopening (9709.982833ms)
ℹ {"adapter":"file-journal","family":"documents-simple","pages":8,"sourceCalls":8,"resultSignature":"c223661cc27ac8f18d90094013769634188fab210c6fa1531b423635c1ef5c84","stages":[{"name":"collect","get":318,"exists":590,"put":26,"returnedBodyBytes":470387,"stateReads":337,"receipts":46,"commits":22,"physicalBodyBytes":1357149},{"name":"checkpointRead","get":25,"exists":24,"put":0,"returnedBodyBytes":35235,"stateReads":4,"receipts":1,"commits":0,"physicalBodyBytes":69502},{"name":"callsGet","get":77,"exists":180,"put":1,"returnedBodyBytes":162709,"stateReads":45,"receipts":10,"commits":5,"physicalBodyBytes":606344},{"name":"contextPrepare","get":130,"exists":98,"put":1,"returnedBodyBytes":354351,"stateReads":37,"receipts":7,"commits":0,"physicalBodyBytes":548423},{"name":"reopenAndPrepare","get":155,"exists":122,"put":1,"returnedBodyBytes":389586,"stateReads":41,"receipts":8,"commits":0,"physicalBodyBytes":617925}]}
✔ collection I/O file-journal documents-simple: 16 pages retain semantics across reads, copying and reopening (16242.520125ms)
ℹ {"adapter":"file-journal","family":"documents-simple","pages":16,"sourceCalls":16,"resultSignature":"ab9d2af3b8ec8ae6983b1b42f01fae55eaa9771ae3f0271537f2a91d7e4ef676","stages":[{"name":"collect","get":1014,"exists":1942,"put":50,"returnedBodyBytes":1473478,"stateReads":609,"receipts":78,"commits":38,"physicalBodyBytes":4319151},{"name":"checkpointRead","get":49,"exists":48,"put":0,"returnedBodyBytes":69080,"stateReads":4,"receipts":1,"commits":0,"physicalBodyBytes":137191},{"name":"callsGet","get":149,"exists":348,"put":1,"returnedBodyBytes":318994,"stateReads":45,"receipts":10,"commits":5,"physicalBodyBytes":1191167},{"name":"contextPrepare","get":250,"exists":194,"put":1,"returnedBodyBytes":686038,"stateReads":37,"receipts":7,"commits":0,"physicalBodyBytes":1070236},{"name":"reopenAndPrepare","get":299,"exists":242,"put":1,"returnedBodyBytes":755118,"stateReads":41,"receipts":8,"commits":0,"physicalBodyBytes":1207427}]}
✔ collection I/O file-journal observations-simple: 4 pages retain semantics across reads, copying and reopening (5875.921084ms)
ℹ {"adapter":"file-journal","family":"observations-simple","pages":4,"sourceCalls":4,"resultSignature":"a6a1b857443999b7a5f4b1945b1768f00b1f58af8a2d1b7fce08ea4816c57ae5","stages":[{"name":"collect","get":114,"exists":202,"put":14,"returnedBodyBytes":172551,"stateReads":201,"receipts":30,"commits":14,"physicalBodyBytes":487152},{"name":"checkpointRead","get":13,"exists":12,"put":0,"returnedBodyBytes":18412,"stateReads":4,"receipts":1,"commits":0,"physicalBodyBytes":35857},{"name":"callsGet","get":41,"exists":96,"put":1,"returnedBodyBytes":85070,"stateReads":45,"receipts":10,"commits":5,"physicalBodyBytes":315854},{"name":"contextPrepare","get":70,"exists":50,"put":1,"returnedBodyBytes":189654,"stateReads":37,"receipts":7,"commits":0,"physicalBodyBytes":289268},{"name":"reopenAndPrepare","get":83,"exists":62,"put":1,"returnedBodyBytes":208066,"stateReads":41,"receipts":8,"commits":0,"physicalBodyBytes":325125}]}
✔ collection I/O file-journal observations-simple: 8 pages retain semantics across reads, copying and reopening (8201.284875ms)
ℹ {"adapter":"file-journal","family":"observations-simple","pages":8,"sourceCalls":8,"resultSignature":"3e066d9f43cd916245766040a04be753e4d813303fafe0d6c5edfead4c0113c9","stages":[{"name":"collect","get":318,"exists":590,"put":26,"returnedBodyBytes":471661,"stateReads":337,"receipts":46,"commits":22,"physicalBodyBytes":1360871},{"name":"checkpointRead","get":25,"exists":24,"put":0,"returnedBodyBytes":35317,"stateReads":4,"receipts":1,"commits":0,"physicalBodyBytes":69666},{"name":"callsGet","get":77,"exists":180,"put":1,"returnedBodyBytes":163211,"stateReads":45,"receipts":10,"commits":5,"physicalBodyBytes":608316},{"name":"contextPrepare","get":130,"exists":98,"put":1,"returnedBodyBytes":355572,"stateReads":37,"receipts":7,"commits":0,"physicalBodyBytes":550228},{"name":"reopenAndPrepare","get":155,"exists":122,"put":1,"returnedBodyBytes":390889,"stateReads":41,"receipts":8,"commits":0,"physicalBodyBytes":619894}]}
✔ collection I/O file-journal observations-simple: 16 pages retain semantics across reads, copying and reopening (6167.67075ms)
ℹ {"adapter":"file-journal","family":"observations-simple","pages":16,"sourceCalls":16,"resultSignature":"efdaf769faccd802339a9b0a1fb7bb1c170d5d2cfcd84df6499f8eceb676f508","stages":[{"name":"collect","get":1014,"exists":1942,"put":50,"returnedBodyBytes":1476960,"stateReads":609,"receipts":78,"commits":38,"physicalBodyBytes":4329433},{"name":"checkpointRead","get":49,"exists":48,"put":0,"returnedBodyBytes":69226,"stateReads":4,"receipts":1,"commits":0,"physicalBodyBytes":137483},{"name":"callsGet","get":149,"exists":348,"put":1,"returnedBodyBytes":319944,"stateReads":45,"receipts":10,"commits":5,"physicalBodyBytes":1194931},{"name":"contextPrepare","get":250,"exists":194,"put":1,"returnedBodyBytes":688371,"stateReads":37,"receipts":7,"commits":0,"physicalBodyBytes":1073665},{"name":"reopenAndPrepare","get":299,"exists":242,"put":1,"returnedBodyBytes":757597,"stateReads":41,"receipts":8,"commits":0,"physicalBodyBytes":1211148}]}
✔ read collection: bounded batch keeps original observations and input objects independent (5.570375ms)
✔ read collection: explicit retries request every unfinished key and advance only when the original page is complete (2.271833ms)
✔ read collection: extra cannot satisfy a trusted batch manifest (0.358416ms)
✔ read collection: missing cannot satisfy a trusted batch manifest (0.1185ms)
✔ read collection: wrong-digest cannot satisfy a trusted batch manifest (0.187084ms)
✔ read collection: duplicate-expected cannot satisfy a trusted batch manifest (0.1465ms)
✔ read collection: duplicate-item cannot satisfy a trusted batch manifest (0.109167ms)
✔ read collection: retry rejects successful-item instead of overwriting successful observations (0.424833ms)
✔ read collection: retry rejects missing-unfinished instead of overwriting successful observations (0.329292ms)
✔ read collection: retry rejects changed-digest instead of overwriting successful observations (0.404167ms)
✔ read collection: pending retry binds snapshot to its original source page (0.342042ms)
✔ read collection: pending retry binds cursor to its original source page (0.28125ms)
✔ read collection: pending retry binds nextCursor to its original source page (0.248625ms)
✔ read collection: pending retry binds totalItems to its original source page (0.209834ms)
✔ read collection: pending retry binds exhausted to its original source page (0.238042ms)
✔ read collection: pending retry binds requestId to its original source page (1.286541ms)
✔ read collection: an explicit retry cannot omit a key in the request or reuse the last request identity (0.293792ms)
✔ read collection: accepted request history survives replaced pending IDs and is checked on restore (0.462416ms)
✔ read collection: a nonretryable error preserves the pending observations but forbids resume (0.146416ms)
✔ read collection: retries consume the operation call limit without advancing page count (0.271792ms)
✔ read collection: declared totals count unique logical items and may become known on the final page (0.215208ms)
✔ read collection: a known total stays binding when a later response omits it (0.212292ms)
✔ read collection: repeated IDs cannot create another item even with a different digest (0.140042ms)
✔ read collection: cursor loops and snapshot changes are rejected across finalized pages (0.278709ms)
✔ read collection: empty pages may progress with new cursors and a complete empty collection is valid (0.138167ms)
✔ read collection: page, item and batch bounds stop further requests without truncation (0.222208ms)
✔ read collection: response and checkpoint limits use exact UTF-8 byte lengths (0.259584ms)
✔ read collection: each raw retry is byte-bounded while the merged logical page uses the checkpoint bound (0.191333ms)
✔ read collection: restored projection corruption is rejected before producing a request (0.146833ms)
✔ read collection: restored cursor-chain corruption is rejected before producing a request (0.117958ms)
✔ read collection: restored calls corruption is rejected before producing a request (0.155875ms)
✔ read collection: restored completed-pending corruption is rejected before producing a request (0.121042ms)
✔ read collection: restored manifest corruption is rejected before producing a request (0.130708ms)
✔ read collection: strict schemas reject false completion, fabricated not-run output and invalid budgets (0.624125ms)
✔ read collection: usage overflow and dependency overflow fail without dropping earlier accounting or custody (1.429708ms)
✔ durable collections sqlite: a process crash after intent becomes an unknown call on explicit resume (848.118833ms)
✔ durable collections sqlite: a batch retries only unfinished manifest items after reopening (857.415792ms)
✔ durable collections sqlite: source failures consume the persisted call budget across explicit retries (1010.141541ms)
✔ durable collections sqlite: a source that answers after cancellation cannot commit its late page (215.364834ms)
✔ durable collections sqlite: policy revocation while the source waits suppresses the response (264.347584ms)
✔ durable collections file-journal: a process crash after intent becomes an unknown call on explicit resume (3440.692417ms)
✔ durable collections file-journal: a batch retries only unfinished manifest items after reopening (4420.060292ms)
✔ durable collections file-journal: source failures consume the persisted call budget across explicit retries (7085.826625ms)
✔ durable collections file-journal: a source that answers after cancellation cannot commit its late page (1507.123833ms)
✔ durable collections file-journal: policy revocation while the source waits suppresses the response (1492.091417ms)
✔ durable collections: query cannot resume a checkpoint under a changed contract (551.434167ms)
✔ durable collections: fresh cannot resume a checkpoint under a changed contract (349.158708ms)
✔ durable collections: same-task-id cannot resume a checkpoint under a changed contract (402.300667ms)
✔ durable collections: policy cannot resume a checkpoint under a changed contract (399.849167ms)
✔ durable collections: goal cannot resume a checkpoint under a changed contract (492.803708ms)
✔ durable collections: generation cannot resume a checkpoint under a changed contract (433.701083ms)
✔ durable collections sqlite documents-simple: complete pages advance automatically and survive reopening (725.828667ms)
✔ durable collections sqlite documents-simple: partial stops until a new task explicitly resumes after reopening (1088.261375ms)
✔ durable collections sqlite observations-simple: complete pages advance automatically and survive reopening (661.690334ms)
✔ durable collections sqlite observations-simple: partial stops until a new task explicitly resumes after reopening (1272.518334ms)
✔ durable collections file-journal documents-simple: complete pages advance automatically and survive reopening (3875.374917ms)
✔ durable collections file-journal documents-simple: partial stops until a new task explicitly resumes after reopening (7001.960875ms)
✔ durable collections file-journal observations-simple: complete pages advance automatically and survive reopening (3819.9355ms)
✔ durable collections file-journal observations-simple: partial stops until a new task explicitly resumes after reopening (6305.414125ms)
✔ collection coverage: an individually complete fact does not prove the required full query (4.165417ms)
✔ collection coverage: complete query is an additional gate and adds no independent evidence (0.23475ms)
✔ collection coverage: query mismatch cannot satisfy the requirement (0.146375ms)
✔ collection coverage: snapshot mismatch cannot satisfy the requirement (0.114666ms)
✔ collection coverage: goal mismatch cannot satisfy the requirement (0.125542ms)
✔ collection coverage: permission mismatch cannot satisfy the requirement (0.109958ms)
✔ collection coverage: unadopted mismatch cannot satisfy the requirement (0.104333ms)
✔ collection coverage: an earlier unknown read retains its history without negating a complete later manifest (0.109333ms)
✔ collection coverage: empty enumeration does not invent a business fact (0.142167ms)
✔ collection coverage: manifest validation rejects duplicates, mismatched keys and premature EOF even without a remote total (0.363292ms)
✔ read deferral proof: a pinned marker rejects callback removal without replacing the active provider (15.37325ms)
✔ read deferral proof: callback capture and detached authority inputs prevent adapter mutation from changing validation (11.432333ms)
✔ read deferral proof: same-definition replacement during async verification invalidates the in-flight claim (4.423709ms)
✔ read page proof: marker makes callback removal an atomic rejected provider refresh (14.588959ms)
✔ read page proof: source callback is captured and receives detached original task, request and page (10.27925ms)
✔ read page proof: same-version replacement during async validation invalidates its result (5.511833ms)
✔ read page proof: legacy serialization is unchanged and a marked source cannot omit its original (7.95375ms)
✔ read page proof sqlite: explicit resume verifies individual responses and keeps the earlier successful original (963.366333ms)
✔ read page proof sqlite: a zero-item page retains its raw ref and raw loss blocks pending adoption (402.254625ms)
✔ read page proof sqlite: missing parent original prevents any resumed source request (486.731333ms)
✔ read page proof sqlite: authority after a source wait prevents input when work is paused (273.920708ms)
✔ read page proof sqlite: replacing the provider during the post-Broker checkpoint read blocks the old source (370.964917ms)
✔ read page proof sqlite: first-read originals stay in the final fence and loss after a callback is rejected (506.558625ms)
✔ read page proof file-journal: explicit resume verifies individual responses and keeps the earlier successful original (5620.353833ms)
✔ read page proof file-journal: a zero-item page retains its raw ref and raw loss blocks pending adoption (2243.752292ms)
✔ read page proof file-journal: missing parent original prevents any resumed source request (3063.301042ms)
✔ read page proof file-journal: authority after a source wait prevents input when work is paused (1581.638625ms)
✔ read page proof file-journal: replacing the provider during the post-Broker checkpoint read blocks the old source (1565.21925ms)
✔ read page proof file-journal: first-read originals stay in the final fence and loss after a callback is rejected (2316.759791ms)
✔ read wait: an explicit successor stays queued before due and becomes eligible exactly at due (4.083166ms)
✔ read wait: a renamed fresh task cannot bypass the same work/query cooldown (0.252083ms)
✔ read wait: an independent query runs while the first task is waiting (0.217333ms)
✔ read wait: waiting prevents replanning even when no successor has been proposed (0.185875ms)
✔ read wait: clearing the wake projection or pausing does not reset the original retry time (0.179834ms)
✔ read wait: the work deadline wakes earlier than the retry time and then blocks input (0.188791ms)
✔ read wait: cancelled work stays cancelled and a new goal does not inherit old query waits (0.159459ms)
✔ read wait: a depleted collection call allowance never creates another early call (0.141375ms)
✔ state-based packet retains counterevidence, obligations and original references without raw history or a state mutation (31.605167ms)
✔ old and forged packets cannot reverse a goal change, cancellation or budget (10.27075ms)
✔ separate SQLite/artifact instances reconstruct packets and regenerate missing or corrupt derived blobs (209.82575ms)
✔ missing original is reported by id and cannot be hidden by a valid prior packet (6.127166ms)
✔ reconstruction rechecks a goal change committed while the packet is being saved (5.782958ms)
✔ snapshot retries mixed state/event/outbox revisions and rejects broken event history (5.438ms)
✔ untrusted packet dimensions, tool revision changes and a foreign work packet never authorize reuse (7.839875ms)
✔ resume requires the work owner and full runtime view; revoked history is never relabelled (4.58475ms)
✔ packet size limit refuses the whole projection without dropping obligations or writing a partial packet (4.438167ms)
✔ model context restores task attempts and budget but excludes model ledger and delivery bodies (6.876458ms)
✔ model context cannot relabel a revoked attempt result reference under the current policy (9.7975ms)
✔ model context refuses assessment references whose evidence metadata is no longer permitted (3.528209ms)
✔ sqlite: text originals use one verified body read and no cross-call availability cache (241.266125ms)
ℹ {"adapter":"sqlite","operation":"original","name":"original","elapsedMs":1.8363750000000323,"artifactApi":{"get":{"calls":1,"requestedBodyBytes":1733,"returnedBodyBytes":1733,"failures":0},"exists":{"calls":0,"referencedBodyBytes":0,"available":0,"unavailable":0},"put":{"calls":0,"inputBodyBytes":0,"returnedReferenceBodyBytes":0,"failures":0}},"stateApi":{"get":4,"receipt":0,"commit":0,"events":0,"recentEventMetadata":0,"deliveries":0,"workIdsForConversation":0,"conversationWorkPage":0,"runnable":0,"close":0},"physical":{"getCalls":1,"existsCalls":0,"putCalls":0,"metadataReadOperations":1,"metadataReadBytes":237,"bodyReadOperations":1,"bodyReadBytes":1733,"hashCalls":1,"hashBytes":1733,"fileWrites":0,"metadataWriteBytes":0,"bodyWriteBytes":0,"readFailures":0,"verificationFailures":0,"deniedReads":0,"writeFailures":0}}
✔ sqlite: one result materialization deduplicates repeated originals and preserves a final real verification (212.066083ms)
ℹ {"adapter":"sqlite","operation":"result","name":"result","elapsedMs":3.4507919999999785,"artifactApi":{"get":{"calls":2,"requestedBodyBytes":6315,"returnedBodyBytes":6315,"failures":0},"exists":{"calls":1,"referencedBodyBytes":1733,"available":1,"unavailable":0},"put":{"calls":0,"inputBodyBytes":0,"returnedReferenceBodyBytes":0,"failures":0}},"stateApi":{"get":10,"receipt":1,"commit":0,"events":0,"recentEventMetadata":0,"deliveries":0,"workIdsForConversation":0,"conversationWorkPage":0,"runnable":0,"close":0},"physical":{"getCalls":2,"existsCalls":1,"putCalls":0,"metadataReadOperations":3,"metadataReadBytes":717,"bodyReadOperations":3,"bodyReadBytes":8048,"hashCalls":3,"hashBytes":8048,"fileWrites":0,"metadataWriteBytes":0,"bodyWriteBytes":0,"readFailures":0,"verificationFailures":0,"deniedReads":0,"writeFailures":0}}
✔ sqlite: a two-copy chain decodes and reads each dispatch once per materialization (426.989667ms)
ℹ {"adapter":"sqlite","operation":"copy-chain","name":"copy-chain","elapsedMs":3.3951250000000073,"artifactApi":{"get":{"calls":4,"requestedBodyBytes":16962,"returnedBodyBytes":16962,"failures":0},"exists":{"calls":1,"referencedBodyBytes":1733,"available":1,"unavailable":0},"put":{"calls":0,"inputBodyBytes":0,"returnedReferenceBodyBytes":0,"failures":0}},"stateApi":{"get":10,"receipt":3,"commit":0,"events":0,"recentEventMetadata":0,"deliveries":0,"workIdsForConversation":0,"conversationWorkPage":0,"runnable":0,"close":0},"physical":{"getCalls":4,"existsCalls":1,"putCalls":0,"metadataReadOperations":5,"metadataReadBytes":1203,"bodyReadOperations":5,"bodyReadBytes":18695,"hashCalls":5,"hashBytes":18695,"fileWrites":0,"metadataWriteBytes":0,"bodyWriteBytes":0,"readFailures":0,"verificationFailures":0,"deniedReads":0,"writeFailures":0}}
✔ sqlite: context uses verified copy materialization without rereading its dispatch pair (598.965666ms)
ℹ {"adapter":"sqlite","operation":"context","name":"context","elapsedMs":76.83566600000017,"artifactApi":{"get":{"calls":9,"requestedBodyBytes":70896,"returnedBodyBytes":70896,"failures":0},"exists":{"calls":6,"referencedBodyBytes":20428,"available":6,"unavailable":0},"put":{"calls":1,"inputBodyBytes":37961,"returnedReferenceBodyBytes":37961,"failures":0}},"stateApi":{"get":34,"receipt":6,"commit":0,"events":1,"recentEventMetadata":0,"deliveries":0,"workIdsForConversation":0,"conversationWorkPage":0,"runnable":0,"close":0},"physical":{"getCalls":9,"existsCalls":7,"putCalls":1,"metadataReadOperations":15,"metadataReadBytes":3616,"bodyReadOperations":15,"bodyReadBytes":91324,"hashCalls":17,"hashBytes":129436,"fileWrites":2,"metadataWriteBytes":244,"bodyWriteBytes":37961,"readFailures":1,"verificationFailures":1,"deniedReads":0,"writeFailures":0}}
✔ sqlite: adapter argument mutation and returned metadata cannot change private reference snapshots (448.852ms)
✔ sqlite: cached original is rejected if deleted during a later state read (200.55525ms)
✔ sqlite: cached original is rejected if corrupted during a later state read (221.220375ms)
✔ sqlite: context rechecks metadata-reused originals after its staging await (424.381708ms)
✔ sqlite: context rechecks ordinary cached originals after staging without a calls.get copy (279.103792ms)
✔ sqlite: final cached-source check retains contract authority handling (219.841208ms)
✔ sqlite: final cached-source check retains policy authority handling (184.065042ms)
✔ sqlite: final cached-source check retains unrelated authority handling (238.585875ms)
✔ file-journal: text originals use one verified body read and no cross-call availability cache (656.234458ms)
ℹ {"adapter":"file-journal","operation":"original","name":"original","elapsedMs":46.16975000000002,"artifactApi":{"get":{"calls":1,"requestedBodyBytes":1733,"returnedBodyBytes":1733,"failures":0},"exists":{"calls":0,"referencedBodyBytes":0,"available":0,"unavailable":0},"put":{"calls":0,"inputBodyBytes":0,"returnedReferenceBodyBytes":0,"failures":0}},"stateApi":{"get":4,"receipt":0,"commit":0,"events":0,"recentEventMetadata":0,"deliveries":0,"workIdsForConversation":0,"conversationWorkPage":0,"runnable":0,"close":0},"physical":{"getCalls":1,"existsCalls":0,"putCalls":0,"metadataReadOperations":1,"metadataReadBytes":237,"bodyReadOperations":1,"bodyReadBytes":1733,"hashCalls":1,"hashBytes":1733,"fileWrites":0,"metadataWriteBytes":0,"bodyWriteBytes":0,"readFailures":0,"verificationFailures":0,"deniedReads":0,"writeFailures":0}}
✔ file-journal: one result materialization deduplicates repeated originals and preserves a final real verification (513.716792ms)
ℹ {"adapter":"file-journal","operation":"result","name":"result","elapsedMs":75.09237500000017,"artifactApi":{"get":{"calls":2,"requestedBodyBytes":6315,"returnedBodyBytes":6315,"failures":0},"exists":{"calls":1,"referencedBodyBytes":1733,"available":1,"unavailable":0},"put":{"calls":0,"inputBodyBytes":0,"returnedReferenceBodyBytes":0,"failures":0}},"stateApi":{"get":10,"receipt":1,"commit":0,"events":0,"recentEventMetadata":0,"deliveries":0,"workIdsForConversation":0,"conversationWorkPage":0,"runnable":0,"close":0},"physical":{"getCalls":2,"existsCalls":1,"putCalls":0,"metadataReadOperations":3,"metadataReadBytes":717,"bodyReadOperations":3,"bodyReadBytes":8048,"hashCalls":3,"hashBytes":8048,"fileWrites":0,"metadataWriteBytes":0,"bodyWriteBytes":0,"readFailures":0,"verificationFailures":0,"deniedReads":0,"writeFailures":0}}
✔ file-journal: a two-copy chain decodes and reads each dispatch once per materialization (2355.222958ms)
ℹ {"adapter":"file-journal","operation":"copy-chain","name":"copy-chain","elapsedMs":139.07162499999959,"artifactApi":{"get":{"calls":4,"requestedBodyBytes":16962,"returnedBodyBytes":16962,"failures":0},"exists":{"calls":1,"referencedBodyBytes":1733,"available":1,"unavailable":0},"put":{"calls":0,"inputBodyBytes":0,"returnedReferenceBodyBytes":0,"failures":0}},"stateApi":{"get":10,"receipt":3,"commit":0,"events":0,"recentEventMetadata":0,"deliveries":0,"workIdsForConversation":0,"conversationWorkPage":0,"runnable":0,"close":0},"physical":{"getCalls":4,"existsCalls":1,"putCalls":0,"metadataReadOperations":5,"metadataReadBytes":1203,"bodyReadOperations":5,"bodyReadBytes":18695,"hashCalls":5,"hashBytes":18695,"fileWrites":0,"metadataWriteBytes":0,"bodyWriteBytes":0,"readFailures":0,"verificationFailures":0,"deniedReads":0,"writeFailures":0}}
✔ file-journal: context uses verified copy materialization without rereading its dispatch pair (3216.874ms)
ℹ {"adapter":"file-journal","operation":"context","name":"context","elapsedMs":552.0766250000015,"artifactApi":{"get":{"calls":9,"requestedBodyBytes":70896,"returnedBodyBytes":70896,"failures":0},"exists":{"calls":6,"referencedBodyBytes":20428,"available":6,"unavailable":0},"put":{"calls":1,"inputBodyBytes":37961,"returnedReferenceBodyBytes":37961,"failures":0}},"stateApi":{"get":34,"receipt":6,"commit":0,"events":1,"recentEventMetadata":0,"deliveries":0,"workIdsForConversation":0,"conversationWorkPage":0,"runnable":0,"close":0},"physical":{"getCalls":9,"existsCalls":7,"putCalls":1,"metadataReadOperations":15,"metadataReadBytes":3616,"bodyReadOperations":15,"bodyReadBytes":91324,"hashCalls":17,"hashBytes":129436,"fileWrites":2,"metadataWriteBytes":244,"bodyWriteBytes":37961,"readFailures":1,"verificationFailures":1,"deniedReads":0,"writeFailures":0}}
✔ file-journal: adapter argument mutation and returned metadata cannot change private reference snapshots (2550.118417ms)
✔ file-journal: cached original is rejected if deleted during a later state read (1006.210458ms)
✔ file-journal: cached original is rejected if corrupted during a later state read (879.74175ms)
✔ file-journal: context rechecks metadata-reused originals after its staging await (2091.495292ms)
✔ file-journal: context rechecks ordinary cached originals after staging without a calls.get copy (1137.452292ms)
✔ file-journal: final cached-source check retains contract authority handling (1036.978792ms)
✔ file-journal: final cached-source check retains policy authority handling (977.358417ms)
✔ file-journal: final cached-source check retains unrelated authority handling (991.117875ms)
✔ resource progress: legacy and paged catalog cards share a stable preparation key independent of query and cursor metadata (5.03925ms)
✔ resource progress: exact schema loading earns a distinct credit and also records discovery so reverse-order searches add none (1.523083ms)
✔ resource progress: forged, mismatched or denied tool metadata and too-large responses do not earn preparation credit (0.735708ms)
✔ resource progress: guidance listing metadata does not reset progress and exact body loading subsumes the card (1.057416ms)
✔ resource progress: guidance body credit requires permitted manifest, matching indexed original and canonical selection identity (0.72075ms)
✔ resource progress: empty results, history/evidence reads and arbitrary new artifacts cannot fabricate preparation (0.144459ms)
✔ resource progress: replayed, reused and unadopted resource results cannot earn a new preparation key (0.225833ms)
✔ resource progress sqlite/documents-simple: default no-progress policy allows discovery, schemas and guidance before the real source (776.085208ms)
✔ resource progress sqlite/observations-simple: default no-progress policy allows discovery, schemas and guidance before the real source (609.690166ms)
✔ resource progress sqlite: repeated identical catalog preparation stops after the first credit and three empty steps (494.54775ms)
✔ resource progress sqlite: repeated identical guidance preparation stops after the first credit and three empty steps (448.151541ms)
✔ resource progress sqlite: empty searches with different query and task IDs stop at the default limit (375.716875ms)
✔ resource progress file-journal/documents-simple: default no-progress policy allows discovery, schemas and guidance before the real source (2552.004041ms)
✔ resource progress file-journal/observations-simple: default no-progress policy allows discovery, schemas and guidance before the real source (3323.98975ms)
✔ resource progress file-journal: repeated identical catalog preparation stops after the first credit and three empty steps (3377.713417ms)
✔ resource progress file-journal: repeated identical guidance preparation stops after the first credit and three empty steps (3455.364333ms)
✔ resource progress file-journal: empty searches with different query and task IDs stop at the default limit (2590.696208ms)
✔ catalog filters before ranking, bounds cards, separates providers and loads only an exact schema (24.061292ms)
✔ registration snapshots reject namespace/duplicates and cannot be mutated through adapters or catalog results (7.284042ms)
✔ documents-simple: discovery and selected guidance share the execution ledger without adding evidence or permissions (41.778292ms)
✔ observations-simple: discovery and selected guidance share the execution ledger without adding evidence or permissions (24.053625ms)
✔ simple direct lookup does not load optional guidance or run a hypothesis review (8.932167ms)
✔ method selection follows contradiction, independence and response needs without model calls (6.957208ms)
✔ guidance metadata/limits do not read bodies and wrong version, tenant or applicability are rejected (6.442458ms)
✔ evidence readers distinguish protected/missing, superseded and retracted records; limits preserve provenance (6.110459ms)
✔ call result lookup stays historical after retraction and does not restore it to current evidence (8.117333ms)
✔ broker rejects calls without a committed dispatch or with another owner before reaching a tool (5.788125ms)
✔ in-flight output is not downgraded to a less restricted artifact when labels are revoked (7.621416ms)
✔ revocation after result storage settles without reading protected bytes or repeatedly getting stuck (6.909709ms)
✔ stored guidance and invocation results can be read after SQLite/artifact/source restart without source execution (316.319ms)
✔ guidance source rejects altered content, path escape and symlink replacement (85.752875ms)
✔ model-facing evidence and call readers use the common budget without reexecuting a source or completing a changed goal (19.817666ms)
✔ sqlite: one commit and reopen retain state, all ordered events, deliveries and historical receipts (58.104417ms)
✔ sqlite: duplicate and idempotency conflict precede revision conflict and preserve the first receipt (102.034417ms)
✔ sqlite: malformed commits leave all four collections unchanged, even on duplicate commands (74.000208ms)
✔ sqlite: caller mutations and mutable returned snapshots cannot rewrite persisted history (71.535916ms)
✔ sqlite: work, tenant, principal, channel and conversation identifiers remain separate (111.218333ms)
✔ sqlite: event cursors are exclusive and sequence numbers are local to each work (72.81075ms)
✔ sqlite: runnable respects exact deadline, obligation, tool and model recovery boundaries after reopen (312.059542ms)
✔ sqlite: two separate processes race on revision with exactly one atomic winning commit (147.984792ms)
✔ sqlite: two separate processes race on same-command with exactly one atomic winning commit (138.689083ms)
✔ sqlite: two separate processes race on different-digest with exactly one atomic winning commit (126.257708ms)
✔ sqlite: acknowledged commit survives SIGKILL without close and reopening replays its receipt without duplicate records (246.108708ms)
✔ file-journal: one commit and reopen retain state, all ordered events, deliveries and historical receipts (114.298542ms)
✔ file-journal: duplicate and idempotency conflict precede revision conflict and preserve the first receipt (356.216125ms)
✔ file-journal: malformed commits leave all four collections unchanged, even on duplicate commands (669.671792ms)
✔ file-journal: caller mutations and mutable returned snapshots cannot rewrite persisted history (267.258917ms)
✔ file-journal: work, tenant, principal, channel and conversation identifiers remain separate (960.9855ms)
✔ file-journal: event cursors are exclusive and sequence numbers are local to each work (210.885292ms)
✔ file-journal: runnable respects exact deadline, obligation, tool and model recovery boundaries after reopen (2813.102792ms)
✔ file-journal: two separate processes race on revision with exactly one atomic winning commit (291.998042ms)
✔ file-journal: two separate processes race on same-command with exactly one atomic winning commit (232.682ms)
✔ file-journal: two separate processes race on different-digest with exactly one atomic winning commit (270.077ms)
✔ file-journal: acknowledged commit survives SIGKILL without close and reopening replays its receipt without duplicate records (539.82525ms)
✔ sqlite: profile closes the opened state repository when channel initialization fails (73.345709ms)
✔ file-journal: profile closes the opened state repository when channel initialization fails (80.537084ms)
✔ sqlite/documents-simple: CLI persists backend choice across processes and prevents an accidental switch (1276.103625ms)
✔ sqlite/observations-simple: CLI persists backend choice across processes and prevents an accidental switch (1368.799833ms)
✔ file-journal/documents-simple: CLI persists backend choice across processes and prevents an accidental switch (4454.227916ms)
✔ file-journal/observations-simple: CLI persists backend choice across processes and prevents an accidental switch (4438.787291ms)
✔ legacy SQLite profile acquires metadata without losing its work or accepting a backend switch (466.12625ms)
✔ two processes choosing different backends create only one accepted profile (347.144958ms)
✔ invalid or linked profile metadata is rejected without opening a new backend (19.575084ms)
✔ memory: recent metadata is bounded at the requested revision and omits payloads without changing state (18.5305ms)
✔ memory: pages progress once per matching work across Unicode IDs and isolate the complete binding scope (14.608917ms)
✔ memory: query limits, malformed cursors and empty repositories have a defined result (9.012459ms)
✔ sqlite: recent metadata is bounded at the requested revision and omits payloads without changing state (167.115917ms)
✔ sqlite: pages progress once per matching work across Unicode IDs and isolate the complete binding scope (246.04025ms)
✔ sqlite: query limits, malformed cursors and empty repositories have a defined result (71.772ms)
✔ file-journal: recent metadata is bounded at the requested revision and omits payloads without changing state (669.861375ms)
✔ file-journal: pages progress once per matching work across Unicode IDs and isolate the complete binding scope (1378.918209ms)
✔ file-journal: query limits, malformed cursors and empty repositories have a defined result (44.820166ms)
✔ journal: each page inspects only its directory budget and a foreign-only page still advances (745.727166ms)
✔ journal: cold, warm and external append distinguish body hashing from parsed and replayed records (415.1445ms)
✔ journal: a warm query rejects same-length after caching the complete history (158.990833ms)
✔ journal: a warm query rejects middle-delete after caching the complete history (148.936375ms)
✔ journal: a warm query rejects tail-delete after caching the complete history (184.173083ms)
✔ journal: a warm query rejects replacement after caching the complete history (181.827042ms)
✔ journal: a warm query rejects symlink after caching the complete history (129.091417ms)
✔ journal: a warm query rejects mode after caching the complete history (173.786583ms)
✔ journal: a warm query rejects header after caching the complete history (125.863458ms)
✔ journal: a warm read still fails when the directory durability fence fails (101.012708ms)
✔ journal: a normal pending-link cleanup during a warm read retries the entire record once (58.969291ms)
✔ journal: repeated record changes exhaust the bounded read retry and fail closed (110.790792ms)
✔ journal: cache accounting includes historical receipt snapshots and eviction releases record identities (173.12225ms)
✔ journal: a delayed older commit acknowledgement cannot lower a newer observed head with caching disabled (142.7455ms)
✔ sqlite: transactional migration backfills query indexes and an already open legacy writer keeps them current (106.999917ms)
✔ sqlite: migration failure rolls back schema and leaves the legacy records unchanged (109.202583ms)
✔ sqlite: reopening an intermediate v2 store rebuilds stale indexes and replaces old triggers transactionally (93.684ms)
✔ sqlite: a failed index write rolls back canonical state, events, receipt and binding changes together (42.272125ms)
✔ sqlite: bounded query SQL selects metadata and IDs without loading event or work bodies (47.829209ms)
✔ one atomic commit stores state, events, outbox and idempotency receipt (55.939417ms)
✔ injected failure between state and event writes rolls back every record (126.73675ms)
✔ waiting state and wake obligation survive process termination after commit (208.565667ms)
✔ two independent processes cannot commit from the same stale revision (157.409542ms)
✔ structured planner accepts one strict JSON proposal and forwards identity, options and source-boundary instructions once (2.682417ms)
✔ configuration and request snapshots cannot be rewritten by caller or transport mutation (0.460208ms)
✔ input estimation includes the exact transport request and schema without invoking the transport or claiming measured usage (0.718458ms)
✔ input estimation uses the same policy and size gates as transport requests (0.636958ms)
✔ finish reasons remain distinct and never expose provider failure content or run hidden retries (0.528666ms)
✔ invalid JSON, schema, response fields and missing proposal fail without repair calls (1.038625ms)
✔ usage omission is unknown rather than zero; only independently valid safe integer fields survive invalid envelopes (1.149542ms)
✔ provider and model identity mismatch cannot masquerade as the configured adapter (0.229167ms)
✔ missing options, denied destinations and unauthorized tool schemas never reach the transport (0.379042ms)
✔ request and response limits use UTF-8 bytes and preserve valid usage on oversized responses (0.26425ms)
✔ transport exceptions become fixed errors with unknown usage and no implicit retry (0.279875ms)
✔ pre-call cancellation has no transport effect; late cancellation preserves returned usage without accepting a proposal (0.297625ms)
✔ abort-related transport rejection is cancellation with unmeasured usage (0.144625ms)
✔ invalid configurations fail with a fixed message before transport registration (0.12925ms)
✔ structured transport rejects incomplete observation pairs and reference bodies before invocation (1.525375ms)
✔ synthetic document inputs produce independently observed app facts and separate session/call usage (4.914292ms)
✔ every lease identity dimension is checked at input and a forged grant applies no input (2.045833ms)
✔ stale observation identity and focus are rejected with zero input (0.883125ms)
✔ current target uniqueness, ref, role, name, visibility and enabled state gate the actual target (1.113458ms)
✔ an expired delayed input cannot reach a new owner and old release cannot release the new lease (0.561292ms)
✔ human handoff interrupts pending input, invalidates old views and remains owned after agent release (0.314667ms)
✔ cancellation and shared deadline are rechecked after a driver delay without injecting late input (0.336291ms)
✔ wait observes late readiness using virtual condition changes and a single remaining deadline (0.595834ms)
✔ applied-but-unknown save retains its effect and exact operation replay never saves twice (0.281875ms)
✔ concurrent identical operations join while timeout injection and hook failure apply zero input (0.305083ms)
✔ bounded partial observations never expose omitted targets for action or silently exceed bytes (0.147625ms)
✔ durable synthetic contents and input counts survive reconstruction while leases and observations do not (189.159167ms)
✔ authority is required after delay and host hook, and focus is rechecked after asynchronous authorization (0.747083ms)
✔ synthetic fill accepts the shared 8192-character limit and rejects an oversized value before input (0.524583ms)
✔ synthetic receipts: applied and explicitly not-applied records are durable before response and lookup changes no app bytes (101.862584ms)
✔ synthetic receipts: applied-unknown and negative receipts remain queryable by their original epoch after restart (129.360791ms)
✔ synthetic receipts: missing identities and changed action, target, view or focus never inherit another receipt (1.096458ms)
✔ synthetic receipts: another work cannot read an original receipt even with a valid current session grant (0.275541ms)
✔ synthetic receipts: denied or missing read authority, cancelled signals and expired grants disclose no receipt (0.677084ms)
✔ synthetic receipts: cancellation, expiry and owner replacement during read authorization are checked again (1.204417ms)
✔ synthetic receipts: a pending input lookup returns unknown without joining or executing the action (0.46325ms)
✔ synthetic receipts: legacy app contents migrate without inventing operation proofs from saved values or counts (32.371916ms)
✔ synthetic receipts: a full bounded ledger rejects new input, keeps old proofs and remains full after reopen (113.850208ms)
✔ synthetic receipts: a reopened full ledger cannot relabel an old applied command as not-applied (73.02475ms)
✔ synthetic receipts: hundreds of distinct refused operations keep diagnostics bounded and preserve the original proof (79.506417ms)
✔ synthetic receipts: pending operation memory caps authorization waits and retains the first response without duplicate input (126.784166ms)
✔ synthetic receipts: delayed concurrent operations cannot overfill a one-record ledger (59.755083ms)
✔ synthetic receipts: malformed, duplicate and oversized persisted receipt sets fail before replacing the file (108.696375ms)
✔ synthetic receipts: an older instance cannot overwrite the newer epoch or its existing receipt file (77.3305ms)
✔ synthetic receipts: mutable lookup inputs and returned receipts cannot change the pinned identity or cached proof (0.504084ms)
✔ synthetic computer storage: reopening prevents the stale owner from publishing its old app as a fresh observation (68.610875ms)
✔ synthetic computer storage: stale delayed search interrupts waiters without throwing or overwriting the reopened file (106.463083ms)
✔ synthetic computer storage: lost directory-sync acknowledgement preserves an applied receipt while blocking new inputs (89.018625ms)
✔ sqlite: broker rechecks source knowledge after a real reuse lookup misses (139.241ms)
✔ sqlite: legacy attempt rejects a destination replacement during beforeInvoke (163.604417ms)
✔ sqlite: legacy attempt rejects a labels replacement during beforeInvoke (81.827542ms)
✔ sqlite: legacy attempt rejects a effect replacement during beforeInvoke (99.69075ms)
✔ sqlite: legacy attempt rejects a destination replacement during reuse (76.065708ms)
✔ sqlite: legacy attempt rejects a labels replacement during reuse (101.826625ms)
✔ sqlite: legacy attempt rejects a effect replacement during reuse (89.404083ms)
✔ sqlite: an unchanged legacy attempt invokes once after asynchronous guards and a reuse miss (156.598542ms)
✔ file-journal: broker rechecks source knowledge after a real reuse lookup misses (743.966208ms)
✔ file-journal: legacy attempt rejects a destination replacement during beforeInvoke (608.316375ms)
✔ file-journal: legacy attempt rejects a labels replacement during beforeInvoke (598.856417ms)
✔ file-journal: legacy attempt rejects a effect replacement during beforeInvoke (491.608917ms)
✔ file-journal: legacy attempt rejects a destination replacement during reuse (594.097083ms)
✔ file-journal: legacy attempt rejects a labels replacement during reuse (478.841875ms)
✔ file-journal: legacy attempt rejects a effect replacement during reuse (648.119708ms)
✔ file-journal: an unchanged legacy attempt invokes once after asynchronous guards and a reuse miss (551.851458ms)
✔ provider pages become visible in one publication and keep unrelated providers (13.403ms)
✔ only a complete empty provider listing retires that provider (4.957666ms)
✔ provider partial transport failure preserves the previously published snapshot (4.173084ms)
✔ provider mixed provider revisions preserves the previously published snapshot (3.076875ms)
✔ provider cross-page duplicate preserves the previously published snapshot (2.7395ms)
✔ provider pagination cycle preserves the previously published snapshot (2.8855ms)
✔ provider wrong provider namespace preserves the previously published snapshot (2.172291ms)
✔ provider invalid namespace definition preserves the previously published snapshot (2.705875ms)
✔ provider invalid JSON schema preserves the previously published snapshot (2.669541ms)
✔ provider missing completeness cursor preserves the previously published snapshot (2.092125ms)
✔ provider undeclared partial flag preserves the previously published snapshot (2.420083ms)
✔ provider page bound preserves the previously published snapshot (2.238958ms)
✔ provider tool bound preserves the previously published snapshot (2.316958ms)
✔ provider definition byte bound preserves the previously published snapshot (2.217875ms)
✔ provider pre-cancellation makes no listing call (2.171125ms)
✔ provider abort ends an ignored-signal wait and late listing cannot publish (2.122375ms)
✔ provider abort during schema compilation still prevents publication (2.426959ms)
✔ concurrent same-provider refresh refuses an older listing after a newer publication (2.829291ms)
✔ concurrent unrelated provider refreshes both publish without reverting each other (2.272917ms)
✔ provider staging snapshots metadata and callbacks before awaiting another page (2.562625ms)
✔ catalog cursor pages reach every permitted result after 20 without duplicate or missing cards (16.378833ms)
✔ catalog cursor replay returns the same cards while allowing a smaller per-page item limit (8.229667ms)
✔ catalog cursor is bound to current query (7.343792ms)
✔ catalog cursor is bound to current tenant (7.279709ms)
✔ catalog cursor is bound to current principal (6.452167ms)
✔ catalog cursor is bound to current tools (6.450792ms)
✔ catalog cursor is bound to current labels (5.387917ms)
✔ catalog cursor is bound to current destinations (5.623708ms)
✔ catalog cursor is bound to current writes (5.66075ms)
✔ catalog cursor rejects unpublished, stale, and restarted lookup state (9.486417ms)
✔ catalog cursor expires by injected clock and bounded index eviction requires a fresh search (7.263292ms)
✔ catalog applies permissions before rank, total page size, and hasMore (6.635542ms)
✔ catalog page budgets count Unicode and the entire response envelope (2.896416ms)
✔ catalog rejects invalid bounds and keeps punctuation-only search bounded and empty (4.672875ms)
✔ catalog reuses immutable definition digests across cursor pages and refreshes after registry replacement (8.96125ms)
✔ sqlite/documents-simple: durable reuse keeps evidence identity and charges source costs once after reopen (553.171917ms)
✔ sqlite/observations-simple: durable reuse keeps evidence identity and charges source costs once after reopen (349.840208ms)
✔ file-journal/documents-simple: durable reuse keeps evidence identity and charges source costs once after reopen (4122.167208ms)
✔ file-journal/observations-simple: durable reuse keeps evidence identity and charges source costs once after reopen (3932.043792ms)
✔ sqlite: default deny and fresh request perform actual reads, unreported adapter costs stay unknown (476.850916ms)
✔ sqlite: TTL boundary makes a new read and adoption after expiry rejects an already-stored hit (564.031541ms)
✔ sqlite: a changed principal cannot reuse a result obtained under the old policy (239.930417ms)
✔ sqlite: contract changes before dispatch fail without invoking; unrelated registry changes keep a selected contract usable (190.941583ms)
✔ sqlite: a reuse clone cannot survive source custody removal in history, copies, or context (226.553334ms)
✔ sqlite: original artifact is rechecked at the adoption commit boundary (273.586375ms)
✔ sqlite: a dispatched call without a received measurement remains unknown after reopen (100.743917ms)
✔ sqlite: unsent cancellation and legacy reservation expiry do not create unknown execution costs (103.313417ms)
✔ sqlite: emitted observation source contracts are checked even when that tool schema is not selected (255.253208ms)
✔ sqlite: registry removal while a context frame is staged prevents returning the prepared input (201.934084ms)
✔ file-journal: default deny and fresh request perform actual reads, unreported adapter costs stay unknown (2256.093667ms)
✔ file-journal: TTL boundary makes a new read and adoption after expiry rejects an already-stored hit (2740.837542ms)
✔ file-journal: a changed principal cannot reuse a result obtained under the old policy (1318.040667ms)
✔ file-journal: contract changes before dispatch fail without invoking; unrelated registry changes keep a selected contract usable (1074.177875ms)
✔ file-journal: a reuse clone cannot survive source custody removal in history, copies, or context (2201.607ms)
✔ file-journal: original artifact is rechecked at the adoption commit boundary (1927.099334ms)
✔ file-journal: a dispatched call without a received measurement remains unknown after reopen (408.959917ms)
✔ file-journal: unsent cancellation and legacy reservation expiry do not create unknown execution costs (447.861459ms)
✔ file-journal: emitted observation source contracts are checked even when that tool schema is not selected (1044.560166ms)
✔ file-journal: registry removal while a context frame is staged prevents returning the prepared input (429.21425ms)
✔ adapter-supplied reuse metadata cannot claim an invocation was avoided (145.702208ms)
✔ a write tool cannot declare reuse and changing freshness changes the immutable task digest (0.860208ms)
✔ tool reuse: trusted immutable defaults reuse across task IDs while preserving exact original evidence, timing and nullable usage (42.488292ms)
✔ tool reuse: untrusted-default always misses (12.628208ms)
✔ tool reuse: untrusted-request always misses (8.81075ms)
✔ tool reuse: fresh always misses (8.376ms)
✔ tool reuse: TTL begins at original start, expires at the exact boundary, and is rechecked before adoption (11.615708ms)
✔ tool reuse: retracted source evidence is never reused (10.619083ms)
✔ tool reuse: deleted source evidence is never reused (10.732584ms)
✔ tool reuse: restricted source evidence is never reused (9.401542ms)
✔ tool reuse: corrected source evidence is never reused (10.848875ms)
✔ tool reuse: superseded source evidence is never reused (9.414ms)
✔ tool reuse: missing source evidence is never reused (8.72575ms)
✔ tool reuse: contract-stamp original attempt cannot establish a cache hit (7.217833ms)
✔ tool reuse: execution-proof original attempt cannot establish a cache hit (6.722042ms)
✔ tool reuse: reused original attempt cannot establish a cache hit (7.749375ms)
✔ tool reuse: not-invoked original attempt cannot establish a cache hit (7.281542ms)
✔ tool reuse: partial original attempt cannot establish a cache hit (7.874833ms)
✔ tool reuse: unknown original attempt cannot establish a cache hit (6.5645ms)
✔ tool reuse: unadopted original attempt cannot establish a cache hit (6.701958ms)
✔ tool reuse: future original attempt cannot establish a cache hit (7.498334ms)
✔ tool reuse: full goal context changes invalidate the old key (8.677833ms)
✔ tool reuse: full goal-revision context changes invalidate the old key (7.417291ms)
✔ tool reuse: full scope context changes invalidate the old key (7.054666ms)
✔ tool reuse: full owner context changes invalidate the old key (7.869583ms)
✔ tool reuse: full labels context changes invalidate the old key (7.495208ms)
✔ tool reuse: full permission context changes invalidate the old key (7.482791ms)
✔ tool reuse: changed immutable sourceVersion or schema under the same tool version invalidates pinned contracts (10.719416ms)
✔ tool reuse: a different canonical input under the same trusted definition is a cache miss (9.19025ms)
✔ tool reuse: parent retraction invalidates an unchanged derived evidence payload (8.742375ms)
✔ tool reuse: missing or damaged original bytes and oversized results are conservative misses (15.534ms)
✔ tool reuse: a partial canonical result is not an original complete observation (8.374958ms)
✔ tool reuse: a cursor canonical result is not an original complete observation (9.607458ms)
✔ tool reuse: a reused canonical result is not an original complete observation (8.854667ms)
✔ tool reuse: a identity canonical result is not an original complete observation (8.771459ms)
✔ tool reuse: forged payloads, evidence timing, consumer identity, source stamps and accounting reports fail validation (12.770917ms)
✔ tool reuse: current source knowledge must validate and travels with the reused result (9.827125ms)
✔ tool reuse: source authority changes while canonical receipt lookup waits prevent a stale hit (8.005167ms)
✔ tool reuse: find-remove during the final state read invalidates the registry pin (9.150791ms)
✔ tool reuse: validate-source-version during the final state read invalidates the registry pin (8.4865ms)
✔ tool reuse: validate-labels during the final state read invalidates the registry pin (9.0375ms)
✔ tool result validation: proof requirement is part of the contract and missing callbacks reject registration atomically (13.207042ms)
✔ tool result validation: assigning new fields or callback on the original adapter cannot alter a registered proof (7.170042ms)
✔ tool result validation: provider callback receives detached state and result values (4.114875ms)
✔ tool result validation: same-version replacement while awaiting a proof invalidates the pending answer (3.26675ms)
✔ tool result validation: removal or unrelated provider refresh has the correct registration scope (5.866292ms)
✔ tool result validation: legacy tools retain optional validation and rejected or malformed proofs fail closed (13.089208ms)
✔ Web HTTP → stored workflow → restart is readonly (sqlite) (918.071791ms)
✔ Web HTTP → stored workflow → restart is readonly (file-journal) (7162.370167ms)
✔ web session is one-time, per-instance, HttpOnly; reload and static reads never execute (35.99925ms)
✔ web Host, Origin, Fetch Metadata, CSRF and strict JSON reject before controller entry (13.852042ms)
✔ web exact assets, methods and cursor options do not expose files or internal errors (15.142291ms)
✔ web session expiry during body blocks mutation entry, logout blocks late view payload (27.445125ms)
✔ web bootstrap expires and authenticated request rate has a finite window (326.969292ms)
✔ web SSE emits projection changes at same revision, reconnect is readonly, denial closes (3036.294458ms)
✔ web SSE session revocation, stream cap and lifetime release resources (36.620125ms)
✔ closed SSE keeps physical read slots until completion; reconnect cannot create unbounded reads (375.563834ms)
✔ web pending run permits independent cancel and disconnect does not call cancel (16.450834ms)
✔ browser view: same-revision source invalidation replaces a result without sorting opaque cursors (0.986166ms)
✔ browser view: unavailable invalidates pending details and unchanged cannot resurrect revoked content (0.108375ms)
✔ browser view: an accepted conversation refresh invalidates an older in-flight detail response (0.0785ms)
✔ browser view: work identity, level, revision and goal version cannot be mixed or reversed (0.0775ms)
✔ browser view: repeated message identities update in place while new goal versions have distinct identities (0.100125ms)
✔ browser view: snapshots clone data and invalidate other levels without mutating the previous view (0.079542ms)
✔ browser view: state and cursors remain isolated across two selected works (0.062459ms)
✔ browser view: history readers are not treated as pinned to the end of a scroll region (0.035667ms)
✔ browser reads: serialization starts the next request only after the prior read completes (0.1375ms)
✔ browser reads: unavailability discards already-queued old reads and a new selection has its own queue epoch (0.114208ms)
✔ browser reads: a failed read does not permanently block later explicit reads (0.236584ms)
✔ browser stream: unchanged events make no reads and a burst of changes has at most one follow-up read (0.109167ms)
✔ browser stream: an invalidated stream cannot start its queued follow-up refresh (0.079375ms)
✔ browser stream: delayed change notifications only read the current same-revision source state (0.092458ms)
✔ browser acceptance: a lost response keeps the same receipt identity for an explicit retry (0.069834ms)
✔ browser acceptance: the same receipt after a lost response produces one work in a receipt-based fake receiver (0.036625ms)
✔ browser status: stored completion is distinct from a currently invalidated result (0.025959ms)
✔ browser goal editing: changing only the description preserves the current fast mode over the original goal mode (0.091958ms)
✔ browser goal editing: a pending requested mode is preserved and its control revision is pinned (0.033667ms)
✔ browser goal editing: a control, goal or work change rejects submission without changing the input draft (0.096625ms)
✔ browser goal editing: an explicit refreshed basis retains user edits and adopts the latest requested mode (0.049584ms)
✔ progress runtime sqlite: renamed tasks share failure history and backoff survives workflow runs and reopening (474.620875ms)
✔ progress runtime sqlite: replanning cannot extend the first semantic request retry deadline (357.600375ms)
✔ progress runtime sqlite: successful empty results still stall and mode, compact, resume and reopening cannot erase that state (554.909042ms)
✔ progress runtime sqlite: a stored tool result settles atomically before allocation gates and verified completion still wins (234.818333ms)
✔ progress runtime sqlite: a stored model reply settles after reopening even when new allocations are blocked (297.770334ms)
✔ progress runtime sqlite: repeated invalid model proposals preserve one failure key and persist model backoff (748.684542ms)
✔ progress runtime sqlite: a new goal starts a new streak while preserving usage, processed history and failure deadlines (170.056125ms)
✔ progress runtime sqlite: an unknown synthetic write remains an obligation ahead of a no-progress allocation stop (243.149375ms)
✔ progress runtime file-journal: renamed tasks share failure history and backoff survives workflow runs and reopening (3629.054666ms)
✔ progress runtime file-journal: replanning cannot extend the first semantic request retry deadline (2243.239ms)
✔ progress runtime file-journal: successful empty results still stall and mode, compact, resume and reopening cannot erase that state (3085.769375ms)
✔ progress runtime file-journal: a stored tool result settles atomically before allocation gates and verified completion still wins (1386.710834ms)
✔ progress runtime file-journal: a stored model reply settles after reopening even when new allocations are blocked (1205.011ms)
✔ progress runtime file-journal: repeated invalid model proposals preserve one failure key and persist model backoff (4348.815333ms)
✔ progress runtime file-journal: a new goal starts a new streak while preserving usage, processed history and failure deadlines (777.908708ms)
✔ progress runtime file-journal: an unknown synthetic write remains an obligation ahead of a no-progress allocation stop (1184.003208ms)
✔ progress: a unique committed operation contributes once and returned state has no mutable aliases (1.081916ms)
✔ progress: permutations, repeated known keys and new operation IDs cannot fabricate productive steps (1.237458ms)
✔ progress: explicit goal epochs reset only the current streak and preserve deduplication and the original retry window (0.274875ms)
✔ progress: processed capacity saturates without evicting prior records or resetting on a new goal (0.133375ms)
✔ progress: knownKeys capacity saturates without evicting prior records or resetting on a new goal (0.084167ms)
✔ progress: repeated failures retain their first deadline and use the current backoff without extending the retry window (0.386917ms)
✔ progress: retry gate respects the work deadline and specific repeated-failure limits (0.163083ms)
✔ progress: policies remain pinned and invalid counters, times, keys or schema fields fail closed (0.514125ms)
✔ capture: a new negative observation is productive while aliases, timestamps and duplicate originals are not (2.944666ms)
✔ capture: changed facts, coverage and an authenticated original version can each carry new information (0.422833ms)
✔ capture: derived copies do not add progress or independent completion credit (0.321125ms)
✔ capture: tenant evidence cannot earn progress (0.242209ms)
✔ capture: scope evidence cannot earn progress (0.129875ms)
✔ capture: labels evidence cannot earn progress (0.110459ms)
✔ capture: retracted evidence cannot earn progress (0.10425ms)
✔ capture: deleted evidence cannot earn progress (0.095834ms)
✔ capture: blocked-artifact evidence cannot earn progress (0.134709ms)
✔ capture: a hypothesis assessment is credited once per semantic evidence basis, not per hypothesis text or evidence ID (0.363416ms)
✔ capture: no evidence or a stale hypothesis assessment earns a fresh reasoning credit (0.143792ms)
✔ capture: only satisfied obligations contribute and identity or explanation rewrites cannot repeat the credit (0.130291ms)
✔ capture: plan, task, revision, mode, usage and replay changes cannot reset a stalled work (0.14375ms)
✔ capture: trusted explicit item progress and returned state copies follow the same deduplication contract (0.076ms)
✔ progress sqlite: reopen and duplicate commit preserve settlement counts and the first retry deadline (106.182417ms)
✔ progress file-journal: reopen and duplicate commit preserve settlement counts and the first retry deadline (188.828167ms)
✔ sqlite: page options cannot replace the trusted actor or conversation route (249.974333ms)
✔ sqlite: diagnostics uses metadata through the current revision and never requests full event payloads (355.338291ms)
✔ sqlite: a denied-only list page stops after one candidate page and continues after a detached anchor (1393.818917ms)
✔ sqlite: list cursor handles expire, stay instance scoped, and are evicted without resolving all IDs (156.796709ms)
✔ file-journal: page options cannot replace the trusted actor or conversation route (446.209333ms)
✔ file-journal: diagnostics uses metadata through the current revision and never requests full event payloads (517.953042ms)
✔ file-journal: a denied-only list page stops after one candidate page and continues after a detached anchor (17658.763042ms)
✔ file-journal: list cursor handles expire, stay instance scoped, and are evicted without resolving all IDs (166.097708ms)
✔ sqlite: public CLI cursor survives process reconnect without executing or changing the work (1988.83875ms)
✔ sqlite: public CLI binds reconnect to the registered conversation and keeps the primary reply route (2141.699625ms)
✔ sqlite: delivered results disappear from the current CLI view after a goal change and explicit cancel (2125.060709ms)
✔ file-journal: public CLI cursor survives process reconnect without executing or changing the work (2767.567083ms)
✔ file-journal: public CLI binds reconnect to the registered conversation and keeps the primary reply route (3183.383042ms)
✔ file-journal: delivered results disappear from the current CLI view after a goal change and explicit cancel (4862.908083ms)
✔ public CLI rejects ambiguous view flags without printing a success response (562.982375ms)
✔ human work view labels prepared outputs and never turns unknown delivery into delivered or read (0.4875ms)
✔ human work view keeps stored completion separate from a currently invalid result (0.063375ms)
✔ human work view strips terminal controls and gives a bounded status reason without replaying diagnostics (0.081208ms)
✔ human work view makes observing another reply route explicit and keeps unchanged output quiet (0.392459ms)
✔ sqlite: empty accepted work reads and reopens without executing, writing, or sending (65.819416ms)
✔ sqlite: ownership, exact route, current read restriction, and diagnostics are distinct checks (63.7695ms)
✔ sqlite: legacy read labels also protect retained text (57.729917ms)
✔ sqlite: cursors bind level, route, actor rights, and work without moving the primary reply (80.089458ms)
✔ sqlite: verified prepared results remain distinct from pending and unknown delivery (158.100958ms)
✔ sqlite: missing source and corrupt response withhold a same-revision result before cursor matching (67.704084ms)
✔ sqlite: originals, goals, cancellation, and hypothesis review invalidate historical replies (132.754ms)
✔ sqlite: only the current pending question is displayed and resolved questions disappear (88.25625ms)
✔ sqlite: losing a separate hypothesis basis withholds the result consistently at every view level (83.884875ms)
✔ sqlite: a derived evidence card requires every original ancestor to remain available (98.814042ms)
✔ sqlite: knowledge changes reject current and repeated reads without refreshing state (94.949083ms)
✔ sqlite: revocation during artifact reads or final state checks prevents unchanged and snapshots (107.127083ms)
✔ sqlite: a disappearing original during projection is revalidated before returning a cached cursor (68.912792ms)
✔ sqlite: detail and diagnostic cards are bounded and omit raw inputs, outputs, event payloads, and controls (183.885334ms)
✔ file-journal: empty accepted work reads and reopens without executing, writing, or sending (431.998833ms)
✔ file-journal: ownership, exact route, current read restriction, and diagnostics are distinct checks (533.606875ms)
✔ file-journal: legacy read labels also protect retained text (258.336542ms)
✔ file-journal: cursors bind level, route, actor rights, and work without moving the primary reply (784.61825ms)
✔ file-journal: verified prepared results remain distinct from pending and unknown delivery (1788.167125ms)
✔ file-journal: missing source and corrupt response withhold a same-revision result before cursor matching (419.476125ms)
✔ file-journal: originals, goals, cancellation, and hypothesis review invalidate historical replies (758.1735ms)
✔ file-journal: only the current pending question is displayed and resolved questions disappear (354.053ms)
✔ file-journal: losing a separate hypothesis basis withholds the result consistently at every view level (749.892333ms)
✔ file-journal: a derived evidence card requires every original ancestor to remain available (394.08775ms)
✔ file-journal: knowledge changes reject current and repeated reads without refreshing state (260.906458ms)
✔ file-journal: revocation during artifact reads or final state checks prevents unchanged and snapshots (642.034125ms)
✔ file-journal: a disappearing original during projection is revalidated before returning a cached cursor (408.000042ms)
✔ file-journal: detail and diagnostic cards are bounded and omit raw inputs, outputs, event payloads, and controls (484.747708ms)
✔ sqlite/documents-simple: SIGKILL at before-execution resumes from reopened stores with 1 source call(s) and one result send (1046.727583ms)
✔ sqlite/documents-simple: SIGKILL at response-before-store resumes from reopened stores with 2 source call(s) and one result send (990.788875ms)
✔ sqlite/documents-simple: SIGKILL at response-stored resumes from reopened stores with 1 source call(s) and one result send (974.973375ms)
✔ sqlite/documents-simple: SIGKILL at receiver-committed resumes from reopened stores with 1 source call(s) and one result send (857.786334ms)
✔ sqlite/observations-simple: SIGKILL at before-execution resumes from reopened stores with 1 source call(s) and one result send (876.236542ms)
✔ sqlite/observations-simple: SIGKILL at response-before-store resumes from reopened stores with 2 source call(s) and one result send (971.843667ms)
✔ sqlite/observations-simple: SIGKILL at response-stored resumes from reopened stores with 1 source call(s) and one result send (870.894208ms)
✔ sqlite/observations-simple: SIGKILL at receiver-committed resumes from reopened stores with 1 source call(s) and one result send (913.146334ms)
✔ sqlite: SIGKILL after a synthetic write effect but before response storage preserves unknown and never repeats the write or claims completion (797.627875ms)
✔ file-journal/documents-simple: SIGKILL at before-execution resumes from reopened stores with 1 source call(s) and one result send (4366.35225ms)
✔ file-journal/documents-simple: SIGKILL at response-before-store resumes from reopened stores with 2 source call(s) and one result send (3679.4265ms)
✔ file-journal/documents-simple: SIGKILL at response-stored resumes from reopened stores with 1 source call(s) and one result send (1503.851875ms)
✔ file-journal/documents-simple: SIGKILL at receiver-committed resumes from reopened stores with 1 source call(s) and one result send (1278.845666ms)
✔ file-journal/observations-simple: SIGKILL at before-execution resumes from reopened stores with 1 source call(s) and one result send (1221.094083ms)
✔ file-journal/observations-simple: SIGKILL at response-before-store resumes from reopened stores with 2 source call(s) and one result send (1257.480916ms)
✔ file-journal/observations-simple: SIGKILL at response-stored resumes from reopened stores with 1 source call(s) and one result send (883.987875ms)
✔ file-journal/observations-simple: SIGKILL at receiver-committed resumes from reopened stores with 1 source call(s) and one result send (785.362542ms)
✔ file-journal: SIGKILL after a synthetic write effect but before response storage preserves unknown and never repeats the write or claims completion (923.895334ms)
✔ documents-simple: restarted workflow adopts a stored model response and reaches delivered completion without another planner call (55.929541ms)
✔ observations-simple: restarted workflow adopts a stored model response and reaches delivered completion without another planner call (22.702125ms)
✔ an unknown result delivery causes bounded waiting and only one receipt lookup on the next explicit run (17.415ms)
✔ a workflow without a planner returns a planning requirement and does not create an inferred plan (5.276667ms)
✔ workflow entry requires the full persisted execution policy rather than a narrower read-only view (4.479042ms)
✔ user cancellation between workflow steps preserves terminal state and cancels an unsent model reservation (7.189834ms)
✔ scoped actors cannot enter execution even when their current limits equal the work policy (3.612208ms)
✔ final checkpoint cannot report old completion when a goal change arrives during checkpoint storage (13.864083ms)
✔ workspace: missing or denying memory validators block file operations before workspace I/O (160.673958ms)
✔ workspace: stage rechecks memory custody after its asynchronous I/O (189.751709ms)
✔ workspace: read rechecks memory custody after its asynchronous I/O (164.676125ms)
✔ workspace: checkpoint rechecks memory custody after its asynchronous I/O (229.25475ms)
✔ workspace: restore rechecks memory custody after its asynchronous I/O (168.930791ms)
✔ workspace: cleanup rechecks memory custody after its asynchronous I/O (168.826292ms)
✔ workspace: sqlite checkpoint and byte-for-byte restore survive new state, artifact and workspace instances (444.808917ms)
✔ workspace: file-journal checkpoint and byte-for-byte restore survive new state, artifact and workspace instances (657.912209ms)
✔ workspace: identical paths are isolated by both work and attempt and ownership is checked before file access (216.798084ms)
✔ workspace: traversal, absolute, ambiguous and platform-specific paths cannot be staged (18.291333ms)
✔ workspace: repeated identical staging is idempotent and different content cannot overwrite it (111.678667ms)
✔ workspace: caller mutations after starting stage cannot change the bytes being staged (83.668208ms)
✔ workspace: two processes cannot overwrite the same staged path with different bytes (161.216459ms)
✔ workspace: artifact saved during a state change remains uncommitted and cannot replace the authoritative revision (133.0025ms)
✔ workspace: narrower actor grants never replace the stored work policy during checkpoint commit (103.906208ms)
✔ workspace: policy change during file read prevents returning previously read bytes (77.043375ms)
✔ workspace: generation change during file read prevents returning previously read bytes (109.752166ms)
✔ workspace: policy change during staging prevents a successful stale response and preserves the local file (54.441583ms)
✔ workspace: generation change during staging prevents a successful stale response and preserves the local file (56.616417ms)
✔ workspace: generation changes block even source-free checkpoints and preserve their staged files (189.238417ms)
✔ workspace: restricted is checked when restoring a checkpoint even without a generation change (207.8525ms)
✔ workspace: deleted is checked when restoring a checkpoint even without a generation change (189.84125ms)
✔ workspace: labels is checked when restoring a checkpoint even without a generation change (201.239666ms)
✔ workspace: artifact is checked when restoring a checkpoint even without a generation change (156.699792ms)
✔ workspace: lifecycle changes during artifact restore prevent files from being staged (111.93025ms)
✔ workspace: cleanup preserves files while active (175.072625ms)
✔ workspace: cleanup preserves files while unknown (117.319666ms)
✔ workspace: cleanup preserves files while obligation (153.191042ms)
✔ workspace: cleanup preserves files while uncheckpointed (76.116417ms)
✔ workspace: a file staged after cleanup inspection causes manifest conflict and remains preserved (167.931292ms)
✔ workspace: missing checkpoint content prevents cleanup of the surviving staged file (184.04775ms)
✔ workspace: a remaining lock is never stolen by staging or cleanup (141.937417ms)
✔ workspace: symlink files and replaced roots are rejected instead of reading or overwriting them (104.657917ms)
✔ workspace: content corruption and configured byte or file capacity limits fail without silent truncation (152.339833ms)
ℹ tests 2200
ℹ suites 0
ℹ pass 2200
ℹ fail 0
ℹ cancelled 0
ℹ skipped 0
ℹ todo 0
ℹ duration_ms 305273.193166

> long-horizon-runtime@0.1.0 typecheck:core
> tsc -p tsconfig.core.json


> long-horizon-runtime@0.1.0 check:architecture
> node scripts/check-architecture.mjs

{"inspected":109,"failures":[]}

> long-horizon-runtime@0.1.0 fixtures
> node dist/presentation/fixtures.js

{
  "createdAt": "2026-09-06T06:47:36.023Z",
  "node": "v24.20.0",
  "evaluation": "deterministic_contract_baseline",
  "passed": true,
  "scenarios": 4,
  "checkpoints": 22,
  "elapsedMs": 9.1325,
  "actualModelCalls": 0,
  "actualToolCalls": 0,
  "actualTokenUsage": null,
  "results": [
    {
      "id": "documents-complex",
      "checks": 9,
      "passed": true
    },
    {
      "id": "documents-simple",
      "checks": 3,
      "passed": true
    },
    {
      "id": "observations-complex",
      "checks": 7,
      "passed": true
    },
    {
      "id": "observations-simple",
      "checks": 3,
      "passed": true
    }
  ]
}
