
> long-horizon-runtime@0.1.0 verify
> npm test && npm run typecheck:core && npm run check:architecture && npm run fixtures


> long-horizon-runtime@0.1.0 test
> npm run build && node --test dist/tests/*.test.js


> long-horizon-runtime@0.1.0 build
> tsc -p tsconfig.json && node scripts/record-build.mjs

✔ artifact I/O: metrics snapshots are independent and reset does not modify stored artifacts (57.312459ms)
✔ artifact I/O: first put counts its missing existence probe, exact UTF-8 hashes, and two atomic file writes (22.415667ms)
✔ artifact I/O: duplicate put verifies the existing body and performs no file writes (38.0575ms)
✔ artifact I/O: put repairs a corrupt existing object after counting the failed verification (126.053833ms)
✔ artifact I/O: get and exists each perform independent metadata, body, and integrity work under concurrent reads (59.70325ms)
✔ artifact I/O: tenant and label denials count API calls without opening or hashing files (45.676083ms)
✔ artifact I/O: missing json counts failed opens without claiming unread body bytes (36.65625ms)
✔ artifact I/O: missing blob counts failed opens without claiming unread body bytes (64.266ms)
✔ artifact I/O: invalid metadata is a verification failure after a successful metadata read (69.567459ms)
✔ artifact I/O: a metadata reference mismatch stops before body read or hashing (38.85025ms)
✔ artifact I/O: same-size tampering hashes the read body (56.9885ms)
✔ artifact I/O: length mismatch preserves the existing hash short circuit (44.427458ms)
✔ artifact I/O: a body symlink remains unreadable and contributes no target bytes (81.903208ms)
✔ content, metadata and permissions survive artifact store restart (64.882458ms)
✔ same bytes under different tenant/labels never share an accessible reference (127.167666ms)
✔ corrupt bytes, missing originals, path traversal and symlink substitution are rejected (69.875167ms)
✔ artifact stored before failed state commit is reused after reopening, without dangling references (133.025584ms)
✔ execution intent and unadopted result persist independently of evidence acceptance (184.971875ms)
✔ sqlite/documents: runtime board read retains custody through history, compact and reopen (1170.153708ms)
✔ sqlite/observations: runtime board read retains custody through history, compact and reopen (1170.992375ms)
✔ sqlite: mutual work references terminate and a revoked member invalidates the whole closure (867.249375ms)
✔ sqlite: private memory custody crosses a shared post without exposing the memory body (729.293625ms)
✔ sqlite: page content and consumer identity cannot be substituted in a result (491.151292ms)
✔ sqlite: memory and authenticated collection inputs share the board closure without recursive full validation (1769.228667ms)
✔ sqlite: cancellation ends a board-tool wait before an unavailable repository responds (399.370084ms)
✔ sqlite: a later goal retains original input custody until copied data is quarantined (795.238ms)
✔ sqlite: changed post blocks retained board context and quarantines copied state (696.189334ms)
✔ sqlite: changed source blocks retained board context and quarantines copied state (679.899584ms)
✔ sqlite: changed raw blocks retained board context and quarantines copied state (608.624167ms)
✔ sqlite: changed receipt blocks retained board context and quarantines copied state (543.120334ms)
✔ sqlite: changed role blocks retained board context and quarantines copied state (627.686875ms)
✔ sqlite: changed authority blocks retained board context and quarantines copied state (576.065041ms)
✔ sqlite: changed labels blocks retained board context and quarantines copied state (549.724ms)
✔ sqlite: changed generation blocks retained board context and quarantines copied state (531.956292ms)
✔ sqlite: changed validator blocks retained board context and quarantines copied state (551.312958ms)
✔ file-journal/documents: runtime board read retains custody through history, compact and reopen (14733.783417ms)
✔ file-journal/observations: runtime board read retains custody through history, compact and reopen (12047.864ms)
✔ file-journal: mutual work references terminate and a revoked member invalidates the whole closure (7120.006833ms)
✔ file-journal: private memory custody crosses a shared post without exposing the memory body (6380.261292ms)
✔ file-journal: page content and consumer identity cannot be substituted in a result (2617.439417ms)
✔ file-journal: memory and authenticated collection inputs share the board closure without recursive full validation (20626.199625ms)
✔ file-journal: cancellation ends a board-tool wait before an unavailable repository responds (285.0765ms)
✔ file-journal: a later goal retains original input custody until copied data is quarantined (1548.127083ms)
✔ file-journal: changed post blocks retained board context and quarantines copied state (2428.32825ms)
✔ file-journal: changed source blocks retained board context and quarantines copied state (2480.809625ms)
✔ file-journal: changed raw blocks retained board context and quarantines copied state (2441.119959ms)
✔ file-journal: changed receipt blocks retained board context and quarantines copied state (2153.180375ms)
✔ file-journal: changed role blocks retained board context and quarantines copied state (2080.698208ms)
✔ file-journal: changed authority blocks retained board context and quarantines copied state (2428.076458ms)
✔ file-journal: changed labels blocks retained board context and quarantines copied state (2037.965333ms)
✔ file-journal: changed generation blocks retained board context and quarantines copied state (1218.852ms)
✔ file-journal: changed validator blocks retained board context and quarantines copied state (1562.182708ms)
✔ sqlite: board publish and retract run through the broker and retain mechanical receipts (701.13525ms)
✔ sqlite: applied board command survives response loss and cannot be overwritten by the late result (205.6775ms)
✔ sqlite: saved unknown result stays immutable after durable receipt reconciliation (352.106833ms)
✔ sqlite: a late valid result is reconciled without adopting its expired execution (386.650667ms)
✔ sqlite: an expired absent command is closed and a delayed original commit cannot publish (131.955791ms)
✔ sqlite: stale revision is reconciled as closed without changing posts (174.331125ms)
✔ sqlite: proof deletion denies context, reopens obligation and does not fabricate replacement (241.79725ms)
✔ sqlite: retained receipt requires a reader and current role authority (258.834792ms)
✔ sqlite: removing the stored receipt invalidates an intact result artifact (460.749ms)
✔ sqlite: a forged post outcome or another attempt receipt cannot be adopted (236.927417ms)
✔ sqlite: policy revoked immediately before storage prevents publication (200.44625ms)
✔ sqlite: tool schemas exclude actor, command identity and foreign source work (159.326417ms)
✔ sqlite: a narrower session publish grant is not widened by the directory (237.667125ms)
✔ sqlite: a narrower session namespace grant is not widened by the directory (205.382417ms)
✔ sqlite: a no-op closure cannot smuggle a board mutation (120.807458ms)
✔ sqlite: closure duplicate and changed digest have stable distinct outcomes (197.898208ms)
✔ sqlite: previously unread quotes are rejected and a retained current read permits publication (880.014917ms)
✔ sqlite: compact source checks reject omitted or altered effect outcomes (452.790916ms)
✔ sqlite: a SIGKILL at the storage-worker boundary retains the runtime command receipt (416.181875ms)
✔ file-journal: board publish and retract run through the broker and retain mechanical receipts (4105.93775ms)
✔ file-journal: applied board command survives response loss and cannot be overwritten by the late result (1483.370208ms)
✔ file-journal: saved unknown result stays immutable after durable receipt reconciliation (1573.222917ms)
✔ file-journal: a late valid result is reconciled without adopting its expired execution (1562.86725ms)
✔ file-journal: an expired absent command is closed and a delayed original commit cannot publish (1234.211375ms)
✔ file-journal: stale revision is reconciled as closed without changing posts (1471.990042ms)
✔ file-journal: proof deletion denies context, reopens obligation and does not fabricate replacement (1590.302541ms)
✔ file-journal: retained receipt requires a reader and current role authority (1586.472167ms)
✔ file-journal: removing the stored receipt invalidates an intact result artifact (1235.811708ms)
✔ file-journal: a forged post outcome or another attempt receipt cannot be adopted (992.117583ms)
✔ file-journal: policy revoked immediately before storage prevents publication (605.870084ms)
✔ file-journal: tool schemas exclude actor, command identity and foreign source work (366.33275ms)
✔ file-journal: a narrower session publish grant is not widened by the directory (945.538667ms)
✔ file-journal: a narrower session namespace grant is not widened by the directory (931.8635ms)
✔ file-journal: a no-op closure cannot smuggle a board mutation (93.338292ms)
✔ file-journal: closure duplicate and changed digest have stable distinct outcomes (157.623292ms)
✔ file-journal: previously unread quotes are rejected and a retained current read permits publication (7287.31475ms)
✔ file-journal: compact source checks reject omitted or altered effect outcomes (1680.806417ms)
✔ file-journal: a SIGKILL at the storage-worker boundary retains the runtime command receipt (1123.882209ms)
✔ sqlite/documents: bounded discussion pages resume after reopening with no new evidence (280.825375ms)
✔ sqlite/observations: bounded discussion pages resume after reopening with no new evidence (250.704ms)
✔ sqlite: uncited hypotheses persist as unverified and never supply independent facts or request answers (167.358458ms)
✔ sqlite: quoted coverage remains partial or unknown instead of becoming complete (114.993542ms)
✔ sqlite: UTF-8 output limits retain complete posts and require a larger page for an oversized item (177.0645ms)
✔ sqlite: pages exclude other entity details and reject stale, foreign, and unavailable cursor positions (407.367333ms)
✔ sqlite: page authority includes the consuming work and rejects invalid limits before reading (252.662125ms)
✔ sqlite: a bounded first page reuses source reads and stops before unrelated later sources (246.327791ms)
✔ sqlite: a consuming work change during a page read prevents returning the stale page (48.566666ms)
✔ sqlite: removing citations does not bypass the author's retained memory dependencies (233.4755ms)
✔ file-journal/documents: bounded discussion pages resume after reopening with no new evidence (849.203875ms)
✔ file-journal/observations: bounded discussion pages resume after reopening with no new evidence (821.200292ms)
✔ file-journal: uncited hypotheses persist as unverified and never supply independent facts or request answers (887.268292ms)
✔ file-journal: quoted coverage remains partial or unknown instead of becoming complete (858.541667ms)
✔ file-journal: UTF-8 output limits retain complete posts and require a larger page for an oversized item (495.95775ms)
✔ file-journal: pages exclude other entity details and reject stale, foreign, and unavailable cursor positions (909.890333ms)
✔ file-journal: page authority includes the consuming work and rejects invalid limits before reading (622.483375ms)
✔ file-journal: a bounded first page reuses source reads and stops before unrelated later sources (1018.784084ms)
✔ file-journal: a consuming work change during a page read prevents returning the stale page (543.638458ms)
✔ file-journal: removing citations does not bypass the author's retained memory dependencies (1054.126583ms)
✔ sqlite/documents: two persistent roles share citations without publishing private memory or inflating sources (305.975459ms)
✔ sqlite/observations: two persistent roles share citations without publishing private memory or inflating sources (367.715625ms)
✔ sqlite: direct source sharing requires source ownership; quotes require a currently visible post (350.325167ms)
✔ sqlite: retract-post removes the claim and its quoted descendants from current views (305.358625ms)
✔ sqlite: restrict-source removes the claim and its quoted descendants from current views (268.440708ms)
✔ sqlite: change-goal removes the claim and its quoted descendants from current views (260.590041ms)
✔ sqlite: delete-original removes the claim and its quoted descendants from current views (286.120292ms)
✔ sqlite: expire removes the claim and its quoted descendants from current views (231.893833ms)
✔ sqlite: an entity with the same key in a different time scope stays separate (397.263125ms)
✔ sqlite: publishing a question does not assign it; acceptance, response and requester confirmation remain distinct (375.573667ms)
✔ sqlite: repeated replies and explicit cyclic waits are bounded; deadlines do not reset on reopen (391.89375ms)
✔ sqlite: exact command retry survives a lost reply; reused IDs with changed content and concurrent edits fail (387.185708ms)
✔ sqlite: authority changing during a source read cannot publish or return the delayed content (379.675917ms)
✔ sqlite: a derived claim retains ancestry without becoming another independent fact source (245.400583ms)
✔ sqlite: repeated quotes share one source read within a view and a later view revalidates it (304.524ms)
✔ sqlite: unlabelled prose inherits the author's work labels and current exchange policy (266.988417ms)
✔ sqlite: a fulfilled dependency remains attached and its later retraction invalidates dependent confirmation (359.188917ms)
✔ sqlite: reply depth, total posts, total requests and repeated causes have separate limits (361.857833ms)
✔ sqlite: an advancing clock permits ordinary writes and blocks a post expiring during the final boundary check (390.111042ms)
✔ sqlite: a paused assignee cannot have its submitted answer confirmed (342.640167ms)
✔ sqlite: an actual worker SIGKILL after durable publication preserves one post and one command receipt (308.034042ms)
✔ file-journal/documents: two persistent roles share citations without publishing private memory or inflating sources (866.045458ms)
✔ file-journal/observations: two persistent roles share citations without publishing private memory or inflating sources (926.845875ms)
✔ file-journal: direct source sharing requires source ownership; quotes require a currently visible post (413.144667ms)
✔ file-journal: retract-post removes the claim and its quoted descendants from current views (494.652791ms)
✔ file-journal: restrict-source removes the claim and its quoted descendants from current views (654.139791ms)
✔ file-journal: change-goal removes the claim and its quoted descendants from current views (517.859ms)
✔ file-journal: delete-original removes the claim and its quoted descendants from current views (409.891583ms)
✔ file-journal: expire removes the claim and its quoted descendants from current views (406.148334ms)
✔ file-journal: an entity with the same key in a different time scope stays separate (305.751875ms)
✔ file-journal: publishing a question does not assign it; acceptance, response and requester confirmation remain distinct (1037.798125ms)
✔ file-journal: repeated replies and explicit cyclic waits are bounded; deadlines do not reset on reopen (954.06975ms)
✔ file-journal: exact command retry survives a lost reply; reused IDs with changed content and concurrent edits fail (408.099875ms)
✔ file-journal: authority changing during a source read cannot publish or return the delayed content (423.965792ms)
✔ file-journal: a derived claim retains ancestry without becoming another independent fact source (458.002125ms)
✔ file-journal: repeated quotes share one source read within a view and a later view revalidates it (687.187584ms)
✔ file-journal: unlabelled prose inherits the author's work labels and current exchange policy (552.616208ms)
✔ file-journal: a fulfilled dependency remains attached and its later retraction invalidates dependent confirmation (1379.80875ms)
✔ file-journal: reply depth, total posts, total requests and repeated causes have separate limits (508.836791ms)
✔ file-journal: an advancing clock permits ordinary writes and blocks a post expiring during the final boundary check (312.785167ms)
✔ file-journal: a paused assignee cannot have its submitted answer confirmed (628.002292ms)
✔ file-journal: an actual worker SIGKILL after durable publication preserves one post and one command receipt (475.376125ms)
✔ file board journal detects missing revisions and changed content instead of returning a partial history (298.715ms)
✔ budget crash sqlite: SIGKILL after durable child-genesis resumes one grant without Tool or Planner entry (672.013417ms)
✔ budget crash sqlite: SIGKILL after durable parent-grant resumes one grant without Tool or Planner entry (533.640042ms)
✔ budget crash sqlite: SIGKILL after durable child-activation resumes one grant without Tool or Planner entry (597.736917ms)
✔ budget crash sqlite: SIGKILL after parent-draining retains consumed usage and cancels unsent tool once (1136.879875ms)
✔ budget crash sqlite: SIGKILL after child-fence retains consumed usage and cancels unsent tool once (1011.0245ms)
✔ budget crash sqlite: SIGKILL after parent-settlement retains consumed usage and cancels unsent tool once (1135.536125ms)
✔ budget crash sqlite: SIGKILL after parent-draining retains consumed usage and cancels unsent model once (1228.639125ms)
✔ budget crash sqlite: SIGKILL after child-fence retains consumed usage and cancels unsent model once (1377.579042ms)
✔ budget crash sqlite: SIGKILL after parent-settlement retains consumed usage and cancels unsent model once (1309.626167ms)
✔ budget crash file-journal: SIGKILL after durable child-genesis resumes one grant without Tool or Planner entry (1385.267125ms)
✔ budget crash file-journal: SIGKILL after durable parent-grant resumes one grant without Tool or Planner entry (1611.593209ms)
✔ budget crash file-journal: SIGKILL after durable child-activation resumes one grant without Tool or Planner entry (1197.010125ms)
✔ budget crash file-journal: SIGKILL after parent-draining retains consumed usage and cancels unsent tool once (6036.874125ms)
✔ budget crash file-journal: SIGKILL after child-fence retains consumed usage and cancels unsent tool once (5554.021625ms)
✔ budget crash file-journal: SIGKILL after parent-settlement retains consumed usage and cancels unsent tool once (5243.804625ms)
✔ budget crash file-journal: SIGKILL after parent-draining retains consumed usage and cancels unsent model once (4586.951459ms)
✔ budget crash file-journal: SIGKILL after child-fence retains consumed usage and cancels unsent model once (4901.182625ms)
✔ budget crash file-journal: SIGKILL after parent-settlement retains consumed usage and cancels unsent model once (4778.815625ms)
✔ budget runtime sqlite: child execution settles once across duplicate creation, reconciliation and reopen without copying evidence (335.981666ms)
✔ budget runtime sqlite: parent remaining calls execute while escrow prevents parent and sibling over-allocation (239.557959ms)
✔ budget runtime sqlite: concurrent sibling grants cannot oversubscribe one parent's remaining budget (129.392417ms)
✔ budget runtime sqlite: a child's last logical tool call is consumed by an actual dispatch and cannot be minted by a new task ID (189.846083ms)
✔ budget runtime sqlite: actual model dispatch and reported tokens remain charged when its plan is rejected (373.9315ms)
✔ budget runtime sqlite: a child token cap below the estimated reservation prevents durable model allocation and transport (170.163833ms)
✔ budget runtime sqlite: revoking an unsent tool reservation fences the child and returns only unused escrow (214.427708ms)
✔ budget runtime sqlite: revoking an unsent model reservation fences the child and returns only unused escrow (139.582875ms)
✔ budget runtime sqlite: revoke retains an active model's unknown usage, then late accounting settles once without adopting its plan (179.700625ms)
✔ budget runtime sqlite: unknown write effects keep the grant outstanding after revoke and restart (249.768542ms)
✔ budget runtime sqlite: reported model overage is charged to the parent without clamping and prevents further funding (595.6605ms)
✔ budget runtime sqlite: reducing limits preserves committed charges and child deadlines while blocking new grants (375.407458ms)
✔ budget runtime sqlite: pending genesis cannot execute before funding (273.009791ms)
✔ budget runtime sqlite: pending genesis cannot execute before funding and parent cancellation wins activation (77.296708ms)
✔ budget runtime sqlite: child funding rejects broader authority, altered duplicate commands and work ID reattachment (92.317167ms)
✔ budget runtime sqlite: grant commit ACK loss resumes the same grant and child without another allocation (108.76225ms)
✔ budget runtime sqlite: activation commit ACK loss resumes the same grant and child without another allocation (101.938125ms)
✔ budget runtime sqlite: revocation during child activation installs a fence that the stale activation cannot overwrite (124.792625ms)
✔ budget runtime sqlite: revoke after tool dispatch and before entry prevents transport while keeping the logical dispatch charge (344.74725ms)
✔ budget runtime sqlite: revoke after model dispatch and before entry prevents transport while keeping the logical dispatch charge (389.929167ms)
✔ budget runtime sqlite: actual replan adoption spends the child's delegated replan allowance once (393.947417ms)
✔ budget runtime sqlite: nested child execution reconciles through both grants without double charging or copying originals (500.138166ms)
✔ budget runtime sqlite: an unfunded pending child cannot turn resume or a new goal into execution authority (59.55125ms)
✔ budget runtime sqlite: a parent goal change fences a child's previously reserved tool before entry (274.955459ms)
✔ budget runtime sqlite: a parent policy change fences a child's previously reserved tool before entry (162.346ms)
✔ budget runtime sqlite: a parent deadline change fences a child's previously reserved tool before entry (171.761958ms)
✔ budget runtime sqlite: a partially reported model response retains known tokens and unknown reservation after revoke and reopen (537.576083ms)
✔ budget runtime sqlite: sibling overage received during a tool dispatch ACK delay prevents its actual entry despite stale parent accounting (675.107959ms)
✔ budget runtime sqlite: sibling overage received during a model dispatch ACK delay prevents its actual entry despite stale parent accounting (768.864584ms)
✔ budget runtime file-journal: child execution settles once across duplicate creation, reconciliation and reopen without copying evidence (3149.013167ms)
✔ budget runtime file-journal: parent remaining calls execute while escrow prevents parent and sibling over-allocation (2673.092125ms)
✔ budget runtime file-journal: concurrent sibling grants cannot oversubscribe one parent's remaining budget (799.936292ms)
✔ budget runtime file-journal: a child's last logical tool call is consumed by an actual dispatch and cannot be minted by a new task ID (3285.943625ms)
✔ budget runtime file-journal: actual model dispatch and reported tokens remain charged when its plan is rejected (2167.436334ms)
✔ budget runtime file-journal: a child token cap below the estimated reservation prevents durable model allocation and transport (957.034959ms)
✔ budget runtime file-journal: revoking an unsent tool reservation fences the child and returns only unused escrow (1704.1815ms)
✔ budget runtime file-journal: revoking an unsent model reservation fences the child and returns only unused escrow (1164.23775ms)
✔ budget runtime file-journal: revoke retains an active model's unknown usage, then late accounting settles once without adopting its plan (2705.851708ms)
✔ budget runtime file-journal: unknown write effects keep the grant outstanding after revoke and restart (2333.813959ms)
✔ budget runtime file-journal: reported model overage is charged to the parent without clamping and prevents further funding (1822.999875ms)
✔ budget runtime file-journal: reducing limits preserves committed charges and child deadlines while blocking new grants (1576.639792ms)
✔ budget runtime file-journal: pending genesis cannot execute before funding (1780.284375ms)
✔ budget runtime file-journal: pending genesis cannot execute before funding and parent cancellation wins activation (454.870542ms)
✔ budget runtime file-journal: child funding rejects broader authority, altered duplicate commands and work ID reattachment (509.730875ms)
✔ budget runtime file-journal: grant commit ACK loss resumes the same grant and child without another allocation (522.879166ms)
✔ budget runtime file-journal: activation commit ACK loss resumes the same grant and child without another allocation (471.776584ms)
✔ budget runtime file-journal: revocation during child activation installs a fence that the stale activation cannot overwrite (511.014833ms)
✔ budget runtime file-journal: revoke after tool dispatch and before entry prevents transport while keeping the logical dispatch charge (1876.291333ms)
✔ budget runtime file-journal: revoke after model dispatch and before entry prevents transport while keeping the logical dispatch charge (2002.988458ms)
✔ budget runtime file-journal: actual replan adoption spends the child's delegated replan allowance once (3301.642ms)
✔ budget runtime file-journal: nested child execution reconciles through both grants without double charging or copying originals (2817.838875ms)
✔ budget runtime file-journal: an unfunded pending child cannot turn resume or a new goal into execution authority (366.125375ms)
✔ budget runtime file-journal: a parent goal change fences a child's previously reserved tool before entry (1490.098125ms)
✔ budget runtime file-journal: a parent policy change fences a child's previously reserved tool before entry (1685.721042ms)
✔ budget runtime file-journal: a parent deadline change fences a child's previously reserved tool before entry (1469.868417ms)
✔ budget runtime file-journal: a partially reported model response retains known tokens and unknown reservation after revoke and reopen (1932.016584ms)
✔ budget runtime file-journal: sibling overage received during a tool dispatch ACK delay prevents its actual entry despite stale parent accounting (2676.116917ms)
✔ budget runtime file-journal: sibling overage received during a model dispatch ACK delay prevents its actual entry despite stale parent accounting (3124.728125ms)
✔ budget exposure: own usage and reservations add each dimension without charging elapsed time or unknown counts as tokens (2.695792ms)
✔ budget exposure: active and draining escrow count once even when the same child usage has already been observed (0.276625ms)
✔ budget exposure: usage above allocation and outstanding reservations remain visible in independent dimensions (0.068375ms)
✔ budget exposure: settling replaces escrow with accounted plus reserved amounts and repeated reads cannot refund twice (0.088459ms)
✔ budget exposure: unknown and partially reported model usage keeps reserved tokens even on a settled summary (1.159875ms)
✔ budget exposure: a lower parent limit preserves actual costs and reports each excess without negative remaining values (0.136458ms)
✔ budget exposure: separate grants sum but duplicate IDs and duplicate child funding records are rejected (0.61325ms)
✔ budget exposure: zero-funded grants remain explicit and cannot hide a later reported expense (0.068959ms)
✔ budget exposure: max-safe totals are exact and overflow in local, grant, aggregate or combined arithmetic fails closed (0.511375ms)
✔ budget exposure: fractional, negative, nonfinite, unsafe and missing values never become zero (1.009542ms)
✔ budget exposure: grant schema keeps authority identity strict and requires a state revision for observed or settled accounting (1.288625ms)
✔ budget exposure: parent links preserve pending, active and draining as different stored phases without conferring allocation authority (0.686625ms)
✔ budget exposure: empty and absent grant lists are equivalent while malformed and over-cap lists are rejected (54.683542ms)
✔ budget exposure: projections and strict schema copies share no mutable vectors with the ledger (0.12475ms)
✔ CLI resumes across processes, keeps conversation/work identities and separates disconnect, pause and cancel (4284.045209ms)
✔ CLI human output is reception plus result, with no internal events or ANSI: documents-simple (1040.10225ms)
✔ CLI human output is reception plus result, with no internal events or ANSI: observations-simple (972.451542ms)
✔ CLI goal changes require an explicit revision and failures have no success JSON on stdout (1208.188875ms)
✔ CLI checkpoint is a derived reference and an old resume file does not reverse a paused work (2869.55125ms)
✔ checkpoint v2: v1 retains its exact serialized shape and rejects v2 fields (4.753542ms)
✔ checkpoint v2: an initial head preserves historical refs before any fresh observation (1.97625ms)
✔ checkpoint v2: fresh observation and input intent each require their retained reservation (0.385458ms)
✔ checkpoint v2: root identity, lifetime and bounded counters cannot be reset or enlarged (0.415042ms)
✔ checkpoint v2: a child binds its own task and policy basis to the immutable claim (0.818917ms)
✔ checkpoint v2: child actions use local indexes and cannot prepend the parent prefix or skip intent accounting (0.324125ms)
✔ checkpoint v2: inherited conditions must be observed before a successor can issue an input (0.210625ms)
✔ checkpoint v2: only verification may get a fresh read deadline after the root input deadline (0.278416ms)
✔ checkpoint v2: completing a suffix requires every own input and every condition to be confirmed (0.551375ms)
✔ checkpoint v2: zero-input completion requires a fully applied parent and fresh inheritance verification (0.9335ms)
✔ checkpoint v2: strict parsing detaches the lineage and claim without silently accepting extra capabilities (0.230333ms)
✔ sqlite: source loss during the awaited knowledge check is caught by the second resolution before input (1985.846667ms)
✔ sqlite: source-head changing inside final input authorization prevents the successor input (1752.8115ms)
✔ sqlite: reconciliation-proof changing inside final input authorization prevents the successor input (2130.124875ms)
✔ sqlite: pause changing inside final input authorization prevents the successor input (1844.276333ms)
✔ sqlite: goal changing inside final input authorization prevents the successor input (1834.932875ms)
✔ sqlite: losing a parent proof after a successful child result blocks adoption, proof consumption and compaction (2716.753708ms)
✔ sqlite: a child acquires a fresh epoch and rechecks conditions without replaying the old field input (2069.248709ms)
✔ file-journal: source loss during the awaited knowledge check is caught by the second resolution before input (12849.94275ms)
✔ file-journal: source-head changing inside final input authorization prevents the successor input (11074.49975ms)
✔ file-journal: reconciliation-proof changing inside final input authorization prevents the successor input (19324.426541ms)
✔ file-journal: pause changing inside final input authorization prevents the successor input (10961.678791ms)
✔ file-journal: goal changing inside final input authorization prevents the successor input (9382.740125ms)
✔ file-journal: losing a parent proof after a successful child result blocks adoption, proof consumption and compaction (34224.840875ms)
✔ file-journal: a child acquires a fresh epoch and rechecks conditions without replaying the old field input (18890.893125ms)
✔ continuation context sqlite: contract-seeded claim and latest parent originals survive five compactions and reopen (2201.228ms)
✔ continuation context sqlite: a final v2 child preserves historical, entry and inherited observations through compact and reopen (1726.770083ms)
✔ continuation context sqlite: missing v2 entry reference invalidates an unchanged final child (1467.673375ms)
✔ continuation context sqlite: missing v2 inherited reference invalidates an unchanged final child (1439.727459ms)
✔ continuation context sqlite: v2 child rejects a forged canonical claim, unrelated initial basis and foreign observation owner (1620.582833ms)
✔ continuation context sqlite: v2 inherited observation loss during model_context staging prevents return (1277.958667ms)
✔ continuation context sqlite: v2 inherited observation loss during runtime_resume staging prevents return (1240.515666ms)
✔ continuation context sqlite: late malformed parent receive cannot rewrite a claimed source (932.752ms)
✔ continuation context sqlite: missing head fences an otherwise unchanged claim (1158.760084ms)
✔ continuation context sqlite: missing result fences an otherwise unchanged claim (1154.354042ms)
✔ continuation context sqlite: missing observation fences an otherwise unchanged claim (1008.897792ms)
✔ continuation context sqlite: corrupt parent data and invalid bounded decode never produce a resume (1127.501541ms)
✔ continuation context sqlite: original loss during model_context storage is checked before return (1019.2205ms)
✔ continuation context sqlite: original loss during runtime_resume storage is checked before return (1045.785833ms)
✔ continuation context sqlite: visibility hides a claim while obligations remain and undeclared raw fields are discarded (968.91425ms)
✔ continuation context sqlite: unavailable continuation proof readers fail closed even without reconciliation records (1088.905209ms)
✔ continuation context file-journal: contract-seeded claim and latest parent originals survive five compactions and reopen (8800.18475ms)
✔ continuation context file-journal: a final v2 child preserves historical, entry and inherited observations through compact and reopen (6210.440417ms)
✔ continuation context file-journal: missing v2 entry reference invalidates an unchanged final child (4758.564625ms)
✔ continuation context file-journal: missing v2 inherited reference invalidates an unchanged final child (4203.781334ms)
✔ continuation context file-journal: v2 child rejects a forged canonical claim, unrelated initial basis and foreign observation owner (3631.989209ms)
✔ continuation context file-journal: v2 inherited observation loss during model_context staging prevents return (4384.044208ms)
✔ continuation context file-journal: v2 inherited observation loss during runtime_resume staging prevents return (3680.822458ms)
✔ continuation context file-journal: late malformed parent receive cannot rewrite a claimed source (3929.805666ms)
✔ continuation context file-journal: missing head fences an otherwise unchanged claim (4171.62225ms)
✔ continuation context file-journal: missing result fences an otherwise unchanged claim (3312.381458ms)
✔ continuation context file-journal: missing observation fences an otherwise unchanged claim (4505.240833ms)
✔ continuation context file-journal: corrupt parent data and invalid bounded decode never produce a resume (2601.318709ms)
✔ continuation context file-journal: original loss during model_context storage is checked before return (2321.15875ms)
✔ continuation context file-journal: original loss during runtime_resume storage is checked before return (2690.2505ms)
✔ continuation context file-journal: visibility hides a claim while obligations remain and undeclared raw fields are discarded (3270.678917ms)
✔ continuation context file-journal: unavailable continuation proof readers fail closed even without reconciliation records (3087.845375ms)
✔ computer continuation contract: optional fields leave legacy state, context and task digests unchanged (7.098708ms)
✔ computer continuation contract: control metadata cannot carry raw actions, offsets or two resume mechanisms (1.285958ms)
✔ computer continuation contract: counters, depth and mode cannot revive the action window or exceed inherited limits (17.011541ms)
✔ computer continuation planning: exact parent and proof participate in task identity, including historical plans (13.792959ms)
✔ computer continuation tools: proof metadata is mandatory and refresh cannot install an invalid or cacheable adapter (12.548167ms)
✔ computer continuation tools: resume is required exactly for marked tools and verify needs no write permission (5.934208ms)
✔ computer continuation transition: claim and a new reserved attempt plus budget must be committed together (0.669833ms)
✔ computer continuation transition: a claimed parent cannot be replaced, removed or assigned a second sibling (1.516667ms)
✔ computer continuation transition: source result, checkpoint and task identity stay immutable while the child progresses (0.824959ms)
✔ computer continuation transition: an unknown parent requires the exact settled proof and source basis (1.47ms)
✔ computer continuation transition: a later generation inherits root limits and cannot reset counters, depth or the action deadline (0.614333ms)
✔ memory: continuation CAS admits one sibling, preserves its receipt on retry and rejects history edits atomically (7.100458ms)
✔ sqlite: continuation CAS admits one sibling, preserves its receipt on retry and rejects history edits atomically (77.546042ms)
✔ file-journal: continuation CAS admits one sibling, preserves its receipt on retry and rejects history edits atomically (719.684791ms)
✔ sqlite: SIGKILL after continuation reservation preserves one claim and executes only the existing child after restart (2657.721583ms)
✔ sqlite: SIGKILL after child observation reservation preserves spent lineage budget without replaying an unreceived observation (1776.008083ms)
✔ sqlite: SIGKILL after child Save reconciles its durable receipt and verifies depth two without repeating applied input (5102.973083ms)
✔ file-journal: SIGKILL after continuation reservation preserves one claim and executes only the existing child after restart (20087.222083ms)
✔ file-journal: SIGKILL after child observation reservation preserves spent lineage budget without replaying an unreceived observation (9608.76225ms)
✔ file-journal: SIGKILL after child Save reconciles its durable receipt and verifies depth two without repeating applied input (59802.558625ms)
✔ sqlite: an applied-unknown prefix is reconciled once and only the two remaining inputs run (3027.509917ms)
✔ sqlite: an unknown saved input is verified after the old action deadline without saving twice (2206.597125ms)
✔ sqlite: a known not-applied input may be retried once while its applied prefix remains immutable (2029.24925ms)
✔ sqlite: a later value supersedes the same field's earlier condition at the continuation frontier (2257.225625ms)
✔ sqlite: changed inherited conditions stop a successor without repeating or extending the applied prefix (2042.486584ms)
✔ sqlite: concurrent reservations create at most one successor and consume one work reservation (1927.780625ms)
✔ sqlite: lineage observation and input budgets stay spent across failed successors (2305.370083ms)
✔ sqlite: a new successor cannot reset the original action deadline (900.667875ms)
✔ file-journal: an applied-unknown prefix is reconciled once and only the two remaining inputs run (40364.056458ms)
✔ file-journal: an unknown saved input is verified after the old action deadline without saving twice (19456.893791ms)
✔ file-journal: a known not-applied input may be retried once while its applied prefix remains immutable (12682.834041ms)
✔ file-journal: a later value supersedes the same field's earlier condition at the continuation frontier (16788.808583ms)
✔ file-journal: changed inherited conditions stop a successor without repeating or extending the applied prefix (26202.807042ms)
✔ file-journal: concurrent reservations create at most one successor and consume one work reservation (18942.439875ms)
✔ file-journal: lineage observation and input budgets stay spent across failed successors (23568.904166ms)
✔ file-journal: a new successor cannot reset the original action deadline (3306.690958ms)
✔ sqlite: structurally valid continue and verify plans fail before acceptance or cost (147.477084ms)
✔ sqlite: a stored continuation plan cannot create a new attempt or budget reservation (146.675ms)
✔ sqlite: a stored continuation reservation cannot dispatch or enter through execute (133.259ms)
✔ sqlite: even an existing dispatch receipt cannot invoke a continuation adapter or its reuse hook (143.396542ms)
✔ file-journal: structurally valid continue and verify plans fail before acceptance or cost (296.184833ms)
✔ file-journal: a stored continuation plan cannot create a new attempt or budget reservation (554.161708ms)
✔ file-journal: a stored continuation reservation cannot dispatch or enter through execute (417.592667ms)
✔ file-journal: even an existing dispatch receipt cannot invoke a continuation adapter or its reuse hook (291.921208ms)
✔ sqlite: continuation prepare pins only the unperformed suffix and preserves canonical state and driver input (989.631708ms)
✔ sqlite: continuation prepare refuses legacy checkpoint counters without upgrading or resetting the original deadline (882.643083ms)
✔ sqlite: continuation preparation rechecks canonical state after original checkpoint I/O (835.99125ms)
✔ sqlite: continuation resolve authenticates the canonical reservation receipt and never inspects the child's checkpoint (841.477959ms)
✔ sqlite: invalid claim graph is rejected before recursive original reads and raw proof checks never call knowledge (801.75825ms)
✔ sqlite: missing originals install a durable blocking obligation, cancel reservations, and recover without rewriting claims (882.371834ms)
✔ file-journal: continuation prepare pins only the unperformed suffix and preserves canonical state and driver input (4012.887542ms)
✔ file-journal: continuation prepare refuses legacy checkpoint counters without upgrading or resetting the original deadline (3408.997667ms)
✔ file-journal: continuation preparation rechecks canonical state after original checkpoint I/O (3350.223333ms)
✔ file-journal: continuation resolve authenticates the canonical reservation receipt and never inspects the child's checkpoint (4582.700583ms)
✔ file-journal: invalid claim graph is rejected before recursive original reads and raw proof checks never call knowledge (3790.0915ms)
✔ file-journal: missing originals install a durable blocking obligation, cancel reservations, and recover without rewriting claims (5028.70625ms)
✔ computer input assurance: omission keeps the old tool shape without silently adding a default to its digest (5.26ms)
✔ computer input assurance: renderer semantics are pinned for all four tools and cannot be changed through the original driver (1.070667ms)
✔ computer input assurance: unknown profiles and proof-free declarations are rejected before any adapter call (14.363709ms)
✔ computer input assurance: a profile declaration grants neither tool permission nor arbitrary browser commands (8.828917ms)
✔ sqlite: replacing input assurance after dispatch invalidates the pinned attempt before driver entry (228.905792ms)
✔ file-journal: replacing input assurance after dispatch invalidates the pinned attempt before driver entry (985.07275ms)
✔ computer operation contract: identity binds the requested input without copying the observed screen or mutable lease (2.423834ms)
✔ computer operation contract: every routing and action component distinguishes an otherwise reused operation id (0.348417ms)
✔ computer operation contract: strict identity retains the bounded typed-action boundary (0.539708ms)
✔ computer operation contract: receipts record a decision and never treat an unknown response as a negative effect (0.621916ms)
✔ computer operation contract: lookup cannot claim found without a receipt or turn an absent proof into not_applied (0.611667ms)
✔ SIGKILL after durable Save permits exact original receipt lookup in a new epoch without replaying input (151.0145ms)
✔ SIGKILL before Save leaves an absent receipt unknown rather than inventing a not-applied receipt (126.044583ms)
✔ sqlite: lost receive ACK preserves the committed reconciliation response and settles without another lookup (1076.792625ms)
✔ sqlite: pause during an actual driver lookup fences its late receipt while retaining the read charge and effect obligation (891.612292ms)
✔ sqlite: goal during an actual driver lookup fences its late receipt while retaining the read charge and effect obligation (953.046167ms)
✔ file-journal: lost receive ACK preserves the committed reconciliation response and settles without another lookup (5979.632292ms)
✔ file-journal: pause during an actual driver lookup fences its late receipt while retaining the read charge and effect obligation (4824.028167ms)
✔ file-journal: goal during an actual driver lookup fences its late receipt while retaining the read charge and effect obligation (4349.807333ms)
✔ reconciliation context sqlite: reserved metadata and original refs survive compaction and repository reopen (1237.455291ms)
✔ reconciliation context sqlite: settled metadata and original refs survive compaction and repository reopen (1671.425875ms)
✔ reconciliation context sqlite: missing proof rejects source reuse, compaction and restore (1212.231125ms)
✔ reconciliation context sqlite: corrupt proof rejects source reuse, compaction and restore (1336.855917ms)
✔ reconciliation context sqlite: proof loss during model_context staging is rejected before return (1185.003125ms)
✔ reconciliation context sqlite: proof loss during runtime_resume staging is rejected before return (1112.96525ms)
✔ reconciliation context sqlite: lifecycle and read permission changes hide the index and prevent resume without dropping the pending obligation (1246.688916ms)
✔ reconciliation context sqlite: a runtime without an effect proof reader rejects settled metadata (1233.33375ms)
✔ reconciliation context file-journal: reserved metadata and original refs survive compaction and repository reopen (5140.890334ms)
✔ reconciliation context file-journal: settled metadata and original refs survive compaction and repository reopen (14103.762792ms)
✔ reconciliation context file-journal: missing proof rejects source reuse, compaction and restore (5066.831833ms)
✔ reconciliation context file-journal: corrupt proof rejects source reuse, compaction and restore (6317.137583ms)
✔ reconciliation context file-journal: proof loss during model_context staging is rejected before return (5228.8795ms)
✔ reconciliation context file-journal: proof loss during runtime_resume staging is rejected before return (4453.872667ms)
✔ reconciliation context file-journal: lifecycle and read permission changes hide the index and prevent resume without dropping the pending obligation (5006.943458ms)
✔ reconciliation context file-journal: a runtime without an effect proof reader rejects settled metadata (6483.714375ms)
✔ computer reconciliation contract: optional index preserves legacy states and contexts without adding empty metadata (5.534ms)
✔ computer reconciliation contract: metadata remains strict and bounded without accepting raw action or duplicate ids (18.229333ms)
✔ computer reconciliation contract: received and settled require different proof stages and a timed response (0.347166ms)
✔ computer reconciliation contract: lookup outcome does not erase an earlier applied prefix or invent a known absence (0.1495ms)
✔ computer reconciliation transition: intent identity and the first response, proof, and timestamps cannot be replaced (1.82175ms)
✔ computer reconciliation transition: new records cannot skip dispatch and existing records cannot disappear or restart (0.699709ms)
✔ computer reconciliation transition: known claims remain historical even when the proof is invalidated (0.517ms)
✔ computer reconciliation transition: original task identity, result, and checkpoint remain fixed across late updates (0.9735ms)
✔ memory: reconciliation CAS retains original results, rejects rollback atomically, and preserves historical receipts (16.497416ms)
✔ sqlite: reconciliation CAS retains original results, rejects rollback atomically, and preserves historical receipts (100.977334ms)
✔ file-journal: reconciliation CAS retains original results, rejects rollback atomically, and preserves historical receipts (678.821084ms)
✔ sqlite: receipt identity and driver mismatches cannot close an effect and retain the measured read (1781.013875ms)
✔ sqlite: a lease acquisition that ignores abort cannot hold cancellation or enter lookup later (882.362792ms)
✔ sqlite: a reconciled expired input keeps its intent head and null result when the original runner returns late (685.882375ms)
✔ sqlite: revoking a parent grant refunds an unused query and prevents a fresh lookup allowance (1012.14375ms)
✔ file-journal: receipt identity and driver mismatches cannot close an effect and retain the measured read (8216.023125ms)
✔ file-journal: a lease acquisition that ignores abort cannot hold cancellation or enter lookup later (4055.839542ms)
✔ file-journal: a reconciled expired input keeps its intent head and null result when the original runner returns late (2867.493542ms)
✔ file-journal: revoking a parent grant refunds an unused query and prevents a fresh lookup allowance (3925.458291ms)
✔ reconciliation outbox sqlite: current proof permits one result send and delivery obligation settlement (1446.394875ms)
✔ reconciliation outbox sqlite: narrowed tool authority preserves proof validation while channel restrictions still apply (2646.368333ms)
✔ reconciliation outbox sqlite: proof loss at the same revision prevents any result transport (1025.598083ms)
✔ reconciliation outbox sqlite: proof loss defers lookup of an already sent uncertain result (1173.221917ms)
✔ reconciliation outbox sqlite: proof loss after the send claim is checked before entering the sink (1135.02025ms)
✔ reconciliation outbox sqlite: proof loss in the pre-lookup artifact await prevents receipt lookup (1304.625542ms)
✔ reconciliation outbox sqlite: proof loss during send keeps the delivery unadopted without resending (1302.819208ms)
✔ reconciliation outbox sqlite: proof loss during receipt lookup cannot close the delivery obligation (1459.470375ms)
✔ reconciliation outbox sqlite: the commit guard rechecks proof after awaited artifact validation (1216.69325ms)
✔ reconciliation outbox file-journal: current proof permits one result send and delivery obligation settlement (6162.454667ms)
✔ reconciliation outbox file-journal: narrowed tool authority preserves proof validation while channel restrictions still apply (14373.711792ms)
✔ reconciliation outbox file-journal: proof loss at the same revision prevents any result transport (4658.763958ms)
✔ reconciliation outbox file-journal: proof loss defers lookup of an already sent uncertain result (7648.054291ms)
✔ reconciliation outbox file-journal: proof loss after the send claim is checked before entering the sink (6928.424583ms)
✔ reconciliation outbox file-journal: proof loss in the pre-lookup artifact await prevents receipt lookup (10239.74925ms)
✔ reconciliation outbox file-journal: proof loss during send keeps the delivery unadopted without resending (8645.471334ms)
✔ reconciliation outbox file-journal: proof loss during receipt lookup cannot close the delivery obligation (9699.06275ms)
✔ reconciliation outbox file-journal: the commit guard rechecks proof after awaited artifact validation (8629.180208ms)
✔ sqlite: first verified effect settlement clears the no-progress gate and permits a read-only verification without creating evidence itself (4711.082542ms)
✔ sqlite: duplicate settle and replay of the same reconciliation command add no progress, lookup or budget use (1936.309833ms)
✔ sqlite: re-proving the same source operation after proof-read invalidation cannot earn a second progress credit (2460.891583ms)
✔ file-journal: first verified effect settlement clears the no-progress gate and permits a read-only verification without creating evidence itself (67653.155291ms)
✔ file-journal: duplicate settle and replay of the same reconciliation command add no progress, lookup or budget use (20365.814541ms)
✔ file-journal: re-proving the same source operation after proof-read invalidation cannot earn a second progress credit (26335.3395ms)
✔ sqlite: reserve command receipt is required to authenticate an otherwise intact reconciliation proof (1180.567166ms)
✔ sqlite: dispatch command receipt is required to authenticate an otherwise intact reconciliation proof (1003.264833ms)
✔ sqlite: receive command receipt is required to authenticate an otherwise intact reconciliation proof (1053.085417ms)
✔ sqlite: settle command receipt is required to authenticate an otherwise intact reconciliation proof (993.151875ms)
✔ sqlite: concurrent identical reserve, execute, and settle calls retain one intent, one lookup charge, and one proof (1062.656042ms)
✔ file-journal: reserve command receipt is required to authenticate an otherwise intact reconciliation proof (5049.9325ms)
✔ file-journal: dispatch command receipt is required to authenticate an otherwise intact reconciliation proof (4751.120334ms)
✔ file-journal: receive command receipt is required to authenticate an otherwise intact reconciliation proof (4804.100584ms)
✔ file-journal: settle command receipt is required to authenticate an otherwise intact reconciliation proof (6272.118333ms)
✔ file-journal: concurrent identical reserve, execute, and settle calls retain one intent, one lookup charge, and one proof (5069.57575ms)
✔ sqlite: SIGKILL after reconciliation reservation preserves its owner and refunds only on expiry before an explicit new command (1437.310584ms)
✔ sqlite: SIGKILL during dispatched lookup retains unknown usage and never reissues that command across expiry (1349.126667ms)
✔ sqlite: SIGKILL after received reconciliation settles the stored timely response after lease expiry with no new lookup or input (1238.684084ms)
✔ sqlite: SIGKILL after settlement reopens a current separate proof and duplicate commands remain read-only (1281.378416ms)
✔ file-journal: SIGKILL after reconciliation reservation preserves its owner and refunds only on expiry before an explicit new command (4678.838083ms)
✔ file-journal: SIGKILL during dispatched lookup retains unknown usage and never reissues that command across expiry (7290.715792ms)
✔ file-journal: SIGKILL after received reconciliation settles the stored timely response after lease expiry with no new lookup or input (5935.733709ms)
✔ file-journal: SIGKILL after settlement reopens a current separate proof and duplicate commands remain read-only (7541.405875ms)
✔ sqlite: screen result depends on the live reconciliation proof even when the state revision and previous cursor are unchanged (1402.467583ms)
✔ sqlite: proof loss during diagnostics projection withholds an already prepared result before returning a cursor (1252.682167ms)
✔ sqlite: a reader without the effect verifier cannot treat stored settled metadata as current proof (1128.871708ms)
✔ file-journal: screen result depends on the live reconciliation proof even when the state revision and previous cursor are unchanged (9771.401333ms)
✔ file-journal: proof loss during diagnostics projection withholds an already prepared result before returning a cursor (8824.933708ms)
✔ file-journal: a reader without the effect verifier cannot treat stored settled metadata as current proof (8383.317916ms)
✔ sqlite: explicit reconciliation records a read response and separate effect proof without adopting or changing the original input (1133.712125ms)
✔ sqlite: recorded not-applied receipts resolve only the unknown step and preserve a prior applied prefix (1793.551459ms)
✔ sqlite: a missing driver receipt remains unresolved and repeating the same request neither repeats input nor lookup (648.858042ms)
✔ sqlite: duplicate command and execution charge one lookup while changed payload conflicts (1095.573875ms)
✔ sqlite: exhausted lookup budget refuses reservation without a driver call or a stored intent (943.610125ms)
✔ sqlite: receipt lookup requires current read authority but does not require permission to issue another input (1099.892208ms)
✔ sqlite: an expired unused reconciliation reservation is released and the same request never dispatches later (795.544209ms)
✔ sqlite: loss of a settled proof reopens the effect obligation while preserving the old receipt, claim, and original head (1029.300208ms)
✔ file-journal: explicit reconciliation records a read response and separate effect proof without adopting or changing the original input (5307.536166ms)
✔ file-journal: recorded not-applied receipts resolve only the unknown step and preserve a prior applied prefix (11199.247458ms)
✔ file-journal: a missing driver receipt remains unresolved and repeating the same request neither repeats input nor lookup (5003.883541ms)
✔ file-journal: duplicate command and execution charge one lookup while changed payload conflicts (7240.530916ms)
✔ file-journal: exhausted lookup budget refuses reservation without a driver call or a stored intent (3309.118791ms)
✔ file-journal: receipt lookup requires current read authority but does not require permission to issue another input (6106.180292ms)
✔ file-journal: an expired unused reconciliation reservation is released and the same request never dispatches later (4400.81025ms)
✔ file-journal: loss of a settled proof reopens the effect obligation while preserving the old receipt, claim, and original head (6431.731875ms)
✔ computer context sqlite: five compactions and restart preserve running input metadata (719.802459ms)
✔ computer context sqlite: five compactions and restart preserve unknown input metadata (605.616125ms)
✔ computer context file-journal: five compactions and restart preserve running input metadata (1944.321625ms)
✔ computer context file-journal: five compactions and restart preserve unknown input metadata (1556.650083ms)
✔ computer context sqlite: deleted head blocks compaction, source fence and restore (220.285042ms)
✔ computer context sqlite: modified head blocks compaction, source fence and restore (229.143542ms)
✔ computer context file-journal: deleted head blocks compaction, source fence and restore (810.580958ms)
✔ computer context file-journal: modified head blocks compaction, source fence and restore (945.038916ms)
✔ computer context sqlite: mandatory input metadata cannot be evicted, altered or reassigned to a later goal (217.522292ms)
✔ computer context file-journal: mandatory input metadata cannot be evicted, altered or reassigned to a later goal (974.058333ms)
✔ computer context sqlite: head loss during model_context staging is checked before return (265.156208ms)
✔ computer context sqlite: head loss during runtime_resume staging is checked before return (289.925333ms)
✔ computer context file-journal: head loss during model_context staging is checked before return (766.736709ms)
✔ computer context file-journal: head loss during runtime_resume staging is checked before return (736.986541ms)
✔ computer context sqlite: current knowledge, source lifecycle and read permissions still fence metadata (292.975792ms)
✔ computer context file-journal: current knowledge, source lifecycle and read permissions still fence metadata (657.743208ms)
✔ computer contracts: tool inputs cannot select a driver address, add hidden actions or exceed a short batch (16.872833ms)
✔ computer contracts: malformed observations cannot acquire trustworthy refs or silently omit their usage (1.967209ms)
✔ computer contracts: a name match is insufficient when another hidden target shares that name (0.191542ms)
✔ computer contracts: a truncated view cannot prove a unique target or element condition (0.158291ms)
✔ computer contracts: byte limits count UTF-8 bytes and successful validation detaches the source (0.254583ms)
✔ computer contracts: observations cannot move backwards or switch sessions behind the same task (0.2255ms)
✔ computer contracts: conditions require explicit own values and never use prototype facts or coercion (0.077541ms)
✔ computer contracts: intent, application and observation verification cannot be collapsed into complete (2.574333ms)
✔ sqlite: a failed observation artifact write retains the driver's measured call (202.773084ms)
✔ sqlite: intent persistence failure proves no driver entry and keeps the failed step diagnostic (591.603459ms)
✔ sqlite: cancellation before driver entry settles no-input and proof revoked=false fences adoption (598.681916ms)
✔ sqlite: cancellation before driver entry settles no-input and proof revoked=true fences adoption (624.80175ms)
✔ sqlite: a failure cannot downgrade the committed unknown effect or measured usage prefix (933.1525ms)
✔ sqlite: removing the proof provider at the receive commit fence cannot accept a no-effect result (699.204583ms)
✔ sqlite: provider removal between no-effect validation and adoption cannot skip the captured proof fence (564.639416ms)
✔ sqlite: completion must match the checkpoint and only explicitly confirmed facts become evidence (956.945167ms)
✔ sqlite: losing the checkpoint original between receive and adopt prevents completion (949.048583ms)
✔ sqlite: losing the observation original between receive and adopt prevents completion (984.862458ms)
✔ sqlite: diagnostic reads recheck retained knowledge before and after original IO (1049.198583ms)
✔ file-journal: a failed observation artifact write retains the driver's measured call (864.736166ms)
✔ file-journal: intent persistence failure proves no driver entry and keeps the failed step diagnostic (2837.915208ms)
✔ file-journal: cancellation before driver entry settles no-input and proof revoked=false fences adoption (2834.595334ms)
✔ file-journal: cancellation before driver entry settles no-input and proof revoked=true fences adoption (2939.023542ms)
✔ file-journal: a failure cannot downgrade the committed unknown effect or measured usage prefix (4315.024125ms)
✔ file-journal: removing the proof provider at the receive commit fence cannot accept a no-effect result (2420.097875ms)
✔ file-journal: provider removal between no-effect validation and adoption cannot skip the captured proof fence (2763.68725ms)
✔ file-journal: completion must match the checkpoint and only explicitly confirmed facts become evidence (3701.746125ms)
✔ file-journal: losing the checkpoint original between receive and adopt prevents completion (4229.225875ms)
✔ file-journal: losing the observation original between receive and adopt prevents completion (3555.3625ms)
✔ file-journal: diagnostic reads recheck retained knowledge before and after original IO (3915.915042ms)
✔ sqlite: SIGKILL after Save leaves committed intent unknown across recovery, goal change and cancellation without replay (1105.257625ms)
✔ sqlite: SIGKILL after received result permits one adoption and rejects an old-epoch observation for a new input (1468.468708ms)
✔ file-journal: SIGKILL after Save leaves committed intent unknown across recovery, goal change and cancellation without replay (4485.331083ms)
✔ file-journal: SIGKILL after received result permits one adoption and rejects an old-epoch observation for a new input (5623.411583ms)
✔ sqlite: registered computer tools observe, apply, prove and adopt a completed synthetic note (1167.089625ms)
✔ sqlite: rerendered or restarted observations stop before the first input (1069.486084ms)
✔ sqlite: a copied observation from another work remains foreign even when its artifact bytes are present (468.025708ms)
✔ sqlite: ambiguous and partial observations cannot select a target for the batch (1078.024833ms)
✔ sqlite: step two not-applied preserves the confirmed first input without claiming batch completion (836.878125ms)
✔ sqlite: applied-unknown save creates a reconciliation block and neither execute replay nor replanning adds an input (940.215833ms)
✔ sqlite: goal, policy and cancellation changes across an awaited response prevent the next input (1651.686959ms)
✔ sqlite: late readiness is observed through bounded waits before subsequent note inputs (1258.683583ms)
✔ sqlite: another runtime revoking writes during the driver's own input delay prevents every input (559.144292ms)
✔ sqlite: false or too-late conditions consume one deadline and cannot reset time or continue to Save (1520.839375ms)
✔ sqlite: stored successful result can be read and adopted after reopening without replaying app input (1051.858ms)
✔ sqlite: strict action contracts reject injected script fields while document text has no command authority (963.191958ms)
✔ file-journal: registered computer tools observe, apply, prove and adopt a completed synthetic note (4225.929792ms)
✔ file-journal: rerendered or restarted observations stop before the first input (4015.8695ms)
✔ file-journal: a copied observation from another work remains foreign even when its artifact bytes are present (1610.939ms)
✔ file-journal: ambiguous and partial observations cannot select a target for the batch (5733.878209ms)
✔ file-journal: step two not-applied preserves the confirmed first input without claiming batch completion (3452.877166ms)
✔ file-journal: applied-unknown save creates a reconciliation block and neither execute replay nor replanning adds an input (3968.100792ms)
✔ file-journal: goal, policy and cancellation changes across an awaited response prevent the next input (9688.464917ms)
✔ file-journal: late readiness is observed through bounded waits before subsequent note inputs (6392.260834ms)
✔ file-journal: another runtime revoking writes during the driver's own input delay prevents every input (3117.320958ms)
✔ file-journal: false or too-late conditions consume one deadline and cannot reset time or continue to Save (8009.5055ms)
✔ file-journal: stored successful result can be read and adopted after reopening without replaying app input (4337.067458ms)
✔ file-journal: strict action contracts reject injected script fields while document text has no command authority (3334.008542ms)
✔ context compiler sqlite/documents-complex: five published working sets retain counterevidence and rediscover an early original (1548.84625ms)
✔ context compiler sqlite/observations-complex: five published working sets retain counterevidence and rediscover an early original (1558.642291ms)
✔ context compiler file-journal/documents-complex: five published working sets retain counterevidence and rediscover an early original (9418.29975ms)
✔ context compiler file-journal/observations-complex: five published working sets retain counterevidence and rediscover an early original (9586.656208ms)
✔ context compiler sqlite: five compactions preserve canonical unknown effect and timed response obligations (554.271875ms)
✔ context compiler file-journal: five compactions preserve canonical unknown effect and timed response obligations (2258.191708ms)
✔ context compiler sqlite: selected schemas reduce the actual structured transport request and preserve precise byte accounting (186.554959ms)
ℹ {"backend":"sqlite","baselinePacketBytes":4700,"baselineToolBytes":516593,"packetBytes":2471,"toolBytes":33733,"envelopeBytes":36282,"requestBytes":41589,"selectedToolCount":13,"catalogTotal":81}
✔ context compiler file-journal: selected schemas reduce the actual structured transport request and preserve precise byte accounting (384.808125ms)
ℹ {"backend":"file-journal","baselinePacketBytes":4700,"baselineToolBytes":516593,"packetBytes":2471,"toolBytes":33733,"envelopeBytes":36282,"requestBytes":41589,"selectedToolCount":13,"catalogTotal":81}
✔ context compiler sqlite: an oversized mandatory goal fails before candidate storage or transport (183.860042ms)
✔ context compiler file-journal: an oversized mandatory goal fails before candidate storage or transport (241.948208ms)
✔ context copy: a canonical two-level invocation copy cannot restore guidance body after its catalog version is replaced (65.029542ms)
✔ context copy: two nested call results stop exposing a tool body when original tool permission is revoked (25.863542ms)
✔ context dispatch sqlite: persisted reservation does not send removed registration (296.762834ms)
✔ context dispatch sqlite: persisted reservation does not send replacement version (265.776208ms)
✔ context dispatch sqlite: persisted reservation does not send changed input schema under the same ID and version (243.621167ms)
✔ context dispatch sqlite: persisted reservation does not send changed allowed labels under the same ID and version (232.161167ms)
✔ context dispatch sqlite: persisted reservation does not send changed allowed destination under the same ID and version (358.482333ms)
✔ context dispatch file-journal: persisted reservation does not send removed registration (1223.898125ms)
✔ context dispatch file-journal: persisted reservation does not send replacement version (910.682875ms)
✔ context dispatch file-journal: persisted reservation does not send changed input schema under the same ID and version (886.495583ms)
✔ context dispatch file-journal: persisted reservation does not send changed allowed labels under the same ID and version (729.860917ms)
✔ context dispatch file-journal: persisted reservation does not send changed allowed destination under the same ID and version (822.746208ms)
✔ context dispatch sqlite: persisted guidance required-rules change is checked before transport (394.195458ms)
✔ context dispatch sqlite: persisted guidance version change is checked before transport (449.928458ms)
✔ context dispatch file-journal: persisted guidance required-rules change is checked before transport (1245.009541ms)
✔ context dispatch file-journal: persisted guidance version change is checked before transport (1408.751958ms)
✔ context dispatch sqlite: unchanged tool and trusted guidance contracts resume the stored request once (385.547083ms)
✔ context dispatch file-journal: unchanged tool and trusted guidance contracts resume the stored request once (1693.39675ms)
✔ context guidance: trusted required rules, exact version and hash survive published body eviction (53.559708ms)
✔ context guidance: a manifest without required rules keeps the full original and fails a smaller input budget (18.37ms)
✔ context guidance: result-provided rules cannot replace an absent trusted manifest rule set (9.486125ms)
✔ context guidance: current label revocation prevents a previously published original from reappearing (13.148667ms)
✔ context guidance: a missing original cannot be recovered from its copied tool result or prior frame (13.292667ms)
✔ context guidance: replacing the catalog version does not expose the superseded loaded body (15.330958ms)
✔ context guidance: replacing trusted bytes under the same version rejects the old manifest and body (7.891042ms)
✔ context guidance: a stored result with a mismatched attemptId is rejected (8.405834ms)
✔ context guidance: a stored result with a mismatched resultId is rejected (7.62ms)
✔ context guidance: the actual dispatch receipt must match the adopted attempt task digest (8.021583ms)
✔ sqlite/model_call_reserved: publishing requires the derived blob, later loss permits commits and regeneration while original loss blocks both (269.4225ms)
✔ sqlite/context_compacted: publishing requires the derived blob, later loss permits commits and regeneration while original loss blocks both (231.500959ms)
✔ sqlite: publishing detects a context head reference conflict before committing (142.389416ms)
✔ sqlite: a blocked context candidate cannot be newly published even when its bytes remain (165.602208ms)
✔ sqlite/retract: lifecycle retires the context head and access removal also blocks its retained artifact (206.8295ms)
✔ sqlite/correct: lifecycle retires the context head and access removal also blocks its retained artifact (182.335375ms)
✔ sqlite/restrict: lifecycle retires the context head and access removal also blocks its retained artifact (247.332959ms)
✔ sqlite/delete: lifecycle retires the context head and access removal also blocks its retained artifact (178.330208ms)
✔ sqlite/dependency_changed: lifecycle retires the context head and access removal also blocks its retained artifact (171.825334ms)
✔ file-journal/model_call_reserved: publishing requires the derived blob, later loss permits commits and regeneration while original loss blocks both (476.889625ms)
✔ file-journal/context_compacted: publishing requires the derived blob, later loss permits commits and regeneration while original loss blocks both (418.797459ms)
✔ file-journal: publishing detects a context head reference conflict before committing (170.105625ms)
✔ file-journal: a blocked context candidate cannot be newly published even when its bytes remain (202.8445ms)
✔ file-journal/retract: lifecycle retires the context head and access removal also blocks its retained artifact (281.754875ms)
✔ file-journal/correct: lifecycle retires the context head and access removal also blocks its retained artifact (257.794792ms)
✔ file-journal/restrict: lifecycle retires the context head and access removal also blocks its retained artifact (250.119833ms)
✔ file-journal/delete: lifecycle retires the context head and access removal also blocks its retained artifact (219.173292ms)
✔ file-journal/dependency_changed: lifecycle retires the context head and access removal also blocks its retained artifact (227.980458ms)
✔ sqlite: source deletion during the context head exists check prevents reservation and head publication (476.419708ms)
✔ sqlite: source deletion inside repository commit retires the published head and cancels the model reservation before returning (449.902792ms)
✔ sqlite: losing the prior frame does not turn an old catalog request into a conflict with the current task version (485.790542ms)
✔ file-journal: source deletion during the context head exists check prevents reservation and head publication (4512.919041ms)
✔ file-journal: source deletion inside repository commit retires the published head and cancels the model reservation before returning (5702.804708ms)
✔ file-journal: losing the prior frame does not turn an old catalog request into a conflict with the current task version (1706.496458ms)
✔ required full and reference information survives optional content pressure (2.683625ms)
✔ a full value cheaper than its required reference satisfies the minimum without overflow (0.191833ms)
✔ a required reference cap rejects contradictory bounds and never substitutes a cheaper full payload (0.43725ms)
✔ optional reference caps consume only reference bytes and remain omitted when that representation does not fit (0.262166ms)
✔ a reference cap overrides full residency and new use without counting references as full reloads (0.691667ms)
✔ high and low watermarks retain compact mode until the lower boundary is crossed (0.150875ms)
✔ mere inclusion is not actual use and an idle full value does not automatically reload (0.296625ms)
✔ a new actual use marker refreshes usage and reloads the same digest once (0.211833ms)
✔ minimum residency delays idle eviction for two cycles while the hard budget still wins (0.233ms)
✔ five changing working sets preserve old counterevidence, pending and unknown references (1.09075ms)
✔ removed authority and changed digests cannot be revived by resident or use history (0.51625ms)
✔ decisions are stable by minimum, priority, real use, recency, residence and key (0.276375ms)
✔ recently evicted content waits through cooldown unless actual use or a minimum requires it (0.203125ms)
✔ memo storage is bounded and prioritizes selected residents without changing decisions (0.679125ms)
✔ inputs and previous memo stay immutable and byte sums match selected representations (0.173292ms)
✔ duplicate keys, malformed items, invalid budgets and inconsistent memo are rejected (0.715291ms)
✔ context store stages an immutable frame without publishing it and reads the installed basis N from revision N+1 (66.29975ms)
✔ context store sqlite: derived frame and installed head survive separate reopened instances (131.392083ms)
✔ context store file-journal: derived frame and installed head survive separate reopened instances (291.286625ms)
✔ context store regenerates a missing derived frame without editing the authoritative head (63.760375ms)
✔ context store regenerates a corrupt derived frame without editing the authoritative head (69.006125ms)
✔ context store regenerates a invalid-json derived frame without editing the authoritative head (106.860166ms)
✔ context store regenerates a invalid-schema derived frame without editing the authoritative head (128.153667ms)
✔ context store excludes a foreign-work previous head or frame (105.548459ms)
✔ context store excludes a foreign-tenant previous head or frame (80.322792ms)
✔ context store excludes a cycle previous head or frame (67.6765ms)
✔ context store excludes a basis previous head or frame (75.005083ms)
✔ context store excludes a unpublished previous head or frame (73.909209ms)
✔ context store excludes a policy previous head or frame (58.868083ms)
✔ context store excludes a goal previous head or frame (69.855458ms)
✔ context store excludes a generation previous head or frame (70.150834ms)
✔ context store excludes a blocked previous head or frame (56.695541ms)
✔ context store excludes a underlabelled previous head or frame (107.788292ms)
✔ context store checks stale frame basis and forbidden packet policy before writing any candidate (8.237084ms)
✔ context store previous rejects goal changes during artifact I/O (56.851208ms)
✔ context store previous rejects policy changes during artifact I/O (76.95725ms)
✔ context store previous rejects generation changes during artifact I/O (65.042958ms)
✔ context store previous rejects source changes during artifact I/O (61.416791ms)
✔ context store put rejects goal changes during artifact I/O (45.032375ms)
✔ context store put rejects policy changes during artifact I/O (50.024125ms)
✔ context store put rejects generation changes during artifact I/O (41.072208ms)
✔ context store put rejects source changes during artifact I/O (54.671042ms)
✔ context store readback rejects goal changes during artifact I/O (57.136ms)
✔ context store readback rejects policy changes during artifact I/O (44.140125ms)
✔ context store readback rejects generation changes during artifact I/O (63.7585ms)
✔ context store readback rejects source changes during artifact I/O (78.053333ms)
✔ context store never turns state or source failure during a missing-frame read into successful regeneration (65.964458ms)
✔ context store refuses unavailable knowledge even when there is no previous head (7.8735ms)
✔ context store leaves the previous head intact when candidate storage fails (67.942542ms)
✔ context store rejects a relabelled put receipt or altered readback bytes and never publishes a head (57.817959ms)
✔ context store applies byte limits before writing or loading a derived frame (62.257959ms)
✔ canonical state has explicit nulls, bounded revisions and no provider/SQL objects (2.484209ms)
✔ goal validation cannot silently drop unknown authorization fields or empty completion rules (0.118666ms)
✔ partial result is distinct from complete result and API errors are not evidence of absence (0.495ms)
✔ plan and context explicitly bind state and goal revisions (0.521084ms)
✔ invalid provider content is not included in validation error text (0.104458ms)
✔ a late counterexample prevents a previously delivered answer from being displayed as the current result (567.036458ms)
✔ a public snapshot retries a goal change during artifact verification (558.445667ms)
✔ conversation view keeps message selection and public status on the same revision (526.73625ms)
✔ cancelled work displays its status rather than its historical delivered result (450.01675ms)
✔ request acceptance is atomic, duplicate input is stable and each conversation can bind several works (16.850917ms)
✔ failed acceptance commit creates neither a work nor a reception acknowledgment (56.516375ms)
✔ analysis, response preparation, delivery and completion are distinct; retransmission never collects evidence again (26.457583ms)
✔ analysis-only completion does not pretend that its result was prepared or delivered (8.313875ms)
✔ pending questions are grouped once and resolving a question cannot waive required result delivery (5.417375ms)
✔ independent dispatchers claim once and receipt reconciliation after restart does not send again (53.812042ms)
✔ ambiguous delivery with no idempotency stays unknown, including repeated and timed-out lookup (12.63825ms)
✔ idempotent absent receipt permits only a bounded later retry and permanent failure stays visible (8.679833ms)
✔ goal before delivery prevents an obsolete or unauthorized result from being sent (9.56625ms)
✔ cancel before delivery prevents an obsolete or unauthorized result from being sent (6.534709ms)
✔ labels before delivery prevents an obsolete or unauthorized result from being sent (6.9995ms)
✔ destination before delivery prevents an obsolete or unauthorized result from being sent (5.948708ms)
✔ pause preserves pending delivery and resume can complete it without another source call (6.713167ms)
✔ late confirmed delivery is historical and cannot satisfy a revised goal (6.9515ms)
✔ an uncertain old-goal delivery retains its uncertainty when superseded by a new goal (6.700083ms)
✔ SIGKILL between channel commit and outbox settlement recovers from two reopened databases without another send (240.850292ms)
✔ a never-dispatched response can be prepared after permission restoration, and large questions retain their full artifact (16.558208ms)
✔ sqlite/documents-simple: delete blocks derived copies and pending result; restart preserves tombstone and cancellation works after bytes are absent (461.432583ms)
✔ sqlite/observations-simple: delete blocks derived copies and pending result; restart preserves tombstone and cancellation works after bytes are absent (448.517125ms)
✔ file-journal/documents-simple: delete blocks derived copies and pending result; restart preserves tombstone and cancellation works after bytes are absent (2157.76ms)
✔ file-journal/observations-simple: delete blocks derived copies and pending result; restart preserves tombstone and cancellation works after bytes are absent (1805.246209ms)
✔ sqlite: lifecycle ownership, concurrent generation and command identity are enforced (205.520708ms)
✔ sqlite: a question prepared before access removal is superseded without sending its text (267.303625ms)
✔ sqlite: data removal preserves an already dispatched write as an unresolved effect (236.401041ms)
✔ sqlite: tool reply is revalidated after lifecycle change during artifact storage (337.092416ms)
✔ sqlite: model reply is revalidated after lifecycle change during artifact storage (332.160584ms)
✔ sqlite: validity retraction allows labelled historical inspection and correction uses a new immutable evidence ID (266.490542ms)
✔ sqlite: a stored core.calls.get copy cannot expose deleted source content (327.326458ms)
✔ sqlite: evidence read rechecks a lifecycle change during artifact I/O (240.02ms)
✔ sqlite: original read rechecks a lifecycle change during artifact I/O (247.935666ms)
✔ sqlite: result read rechecks a lifecycle change during artifact I/O (345.932542ms)
✔ sqlite: old dispatched tool reply after deletion is stored only as a sanitized failure (305.253666ms)
✔ sqlite: late model reply after deletion retains measured usage without retaining forbidden proposal text (408.576083ms)
✔ file-journal: lifecycle ownership, concurrent generation and command identity are enforced (767.815875ms)
✔ file-journal: a question prepared before access removal is superseded without sending its text (1164.172916ms)
✔ file-journal: data removal preserves an already dispatched write as an unresolved effect (990.945041ms)
✔ file-journal: tool reply is revalidated after lifecycle change during artifact storage (1069.641292ms)
✔ file-journal: model reply is revalidated after lifecycle change during artifact storage (1186.230917ms)
✔ file-journal: validity retraction allows labelled historical inspection and correction uses a new immutable evidence ID (1286.710708ms)
✔ file-journal: a stored core.calls.get copy cannot expose deleted source content (2352.026167ms)
✔ file-journal: evidence read rechecks a lifecycle change during artifact I/O (1061.962ms)
✔ file-journal: original read rechecks a lifecycle change during artifact I/O (1107.7425ms)
✔ file-journal: result read rechecks a lifecycle change during artifact I/O (995.0625ms)
✔ file-journal: old dispatched tool reply after deletion is stored only as a sanitized failure (871.507542ms)
✔ file-journal: late model reply after deletion retains measured usage without retaining forbidden proposal text (1258.516334ms)
✔ sqlite: restricted work reaches neither external estimator nor model even without an evidence body (103.775667ms)
✔ sqlite: authorized internal model retains the floor through a forced compact and stored request (105.822916ms)
✔ sqlite: disclosure revoked during source assembly stops the estimator before it receives prose (105.812833ms)
✔ sqlite: revoked model disclosure cancels a stored request before adapter entry (99.840375ms)
✔ sqlite: disclosure revoked during stored model input read stops the final transport (99.821666ms)
✔ sqlite: tool access labels cannot authorize restricted task inputs to an external tool (118.401625ms)
✔ sqlite: read permission narrowing does not relabel old task prose as public (144.553917ms)
✔ sqlite: authorized internal tool receives one invocation after current disclosure check (84.971209ms)
✔ sqlite: changed disclosure during asynchronous tool preflight stops adapter entry (135.714417ms)
✔ sqlite: denied channel cannot receive even a queued acknowledgement from restricted work (88.142583ms)
✔ sqlite: disclosure revocation preserves unknown delivery and prevents full-body lookup (160.867625ms)
✔ sqlite: still-authorized unknown delivery uses lookup without resending (110.999584ms)
✔ sqlite: policy changed during artifact check stops an unknown question lookup (173.815333ms)
✔ sqlite: child budget cannot omit or expand parent disclosure policy (54.757416ms)
✔ sqlite: child read-scope narrowing inherits the parent prose floor and blocks model export (100.9605ms)
✔ sqlite: legacy parent cannot classify copied work prose by creating a boundary-enabled child (73.427875ms)
✔ sqlite: floor and active policy cannot be removed by a direct state commit (58.781166ms)
✔ sqlite: classifying a preexisting legacy work requires explicit migration (54.132334ms)
✔ file-journal: restricted work reaches neither external estimator nor model even without an evidence body (182.788334ms)
✔ file-journal: authorized internal model retains the floor through a forced compact and stored request (591.659167ms)
✔ file-journal: disclosure revoked during source assembly stops the estimator before it receives prose (190.204917ms)
✔ file-journal: revoked model disclosure cancels a stored request before adapter entry (377.175208ms)
✔ file-journal: disclosure revoked during stored model input read stops the final transport (784.92525ms)
✔ file-journal: tool access labels cannot authorize restricted task inputs to an external tool (569.653792ms)
✔ file-journal: read permission narrowing does not relabel old task prose as public (738.384292ms)
✔ file-journal: authorized internal tool receives one invocation after current disclosure check (620.647125ms)
✔ file-journal: changed disclosure during asynchronous tool preflight stops adapter entry (735.712042ms)
✔ file-journal: denied channel cannot receive even a queued acknowledgement from restricted work (449.085375ms)
✔ file-journal: disclosure revocation preserves unknown delivery and prevents full-body lookup (355.185166ms)
✔ file-journal: still-authorized unknown delivery uses lookup without resending (457.843ms)
✔ file-journal: policy changed during artifact check stops an unknown question lookup (841.271458ms)
✔ file-journal: child budget cannot omit or expand parent disclosure policy (181.61975ms)
✔ file-journal: child read-scope narrowing inherits the parent prose floor and blocks model export (593.917333ms)
✔ file-journal: legacy parent cannot classify copied work prose by creating a boundary-enabled child (188.305834ms)
✔ file-journal: floor and active policy cannot be removed by a direct state commit (199.548416ms)
✔ file-journal: classifying a preexisting legacy work requires explicit migration (171.019666ms)
✔ memory state adapter applies the same floor transition guard as persistent adapters (0.809708ms)
✔ direct structured adapter denies estimation and transport using the retained context floor (1.329583ms)
✔ disclosure comparison: twelve A/B/C transport cases use two fixture families and reopened persistent stores (10272.444375ms)
✔ disclosure comparison: independent scoring rejects injected outbound originals even with rewritten measurement claims (194.512125ms)
✔ disclosure comparison: empty release, missing raw checks and advisory authority cannot become passing zero-leak samples (1979.4505ms)
✔ disclosure comparison: same-lineage and renamed copies retain root dependency while missing roots cannot independently complete (1.917916ms)
✔ disclosure comparison: tool and A2A data cannot add policy authority to a strict model proposal or mutate stored work (2.26525ms)
✔ destination rules combine read authority, destination, surface and labels (0.754542ms)
✔ duplicate destinations and rules with arbitrary output keys or ambiguous mappings are rejected (2.463833ms)
✔ child policies cannot remove destination restrictions or increase release budgets (0.104792ms)
✔ sqlite: release keeps only finite mapped facts and preserves immutable internal source proof (130.616667ms)
✔ sqlite: retry and reopen reuse the recorded release without resetting its budget (147.244209ms)
✔ sqlite: lineage aliases count repeated copies as the same source (161.766375ms)
✔ sqlite: release does not accept data-supplied policy, an unknown field value, or missing evidence (154.189417ms)
✔ sqlite: restrict invalidates a stored release and preserves prior disclosure usage (131.754458ms)
✔ sqlite: retract invalidates a stored release and preserves prior disclosure usage (128.385834ms)
✔ sqlite: supersede invalidates a stored release and preserves prior disclosure usage (162.611083ms)
✔ sqlite: delete invalidates a stored release and preserves prior disclosure usage (152.723292ms)
✔ sqlite: policy invalidates a stored release and preserves prior disclosure usage (166.345916ms)
✔ sqlite: goal invalidates a stored release and preserves prior disclosure usage (214.646125ms)
✔ sqlite: current read restrictions and wrong actor prevent release and later read (159.899584ms)
✔ sqlite: policy revocation during original read prevents publication (149.165084ms)
✔ sqlite: raw source gates cover every export surface without reclassifying the source (140.979875ms)
✔ sqlite: accumulated bytes and request identity remain binding (165.492542ms)
✔ sqlite: concurrent release publication does not overspend a one-release budget (129.413083ms)
✔ sqlite: release proof and cumulative history cannot be deleted or rewritten (140.792792ms)
✔ file-journal: release keeps only finite mapped facts and preserves immutable internal source proof (339.152541ms)
✔ file-journal: retry and reopen reuse the recorded release without resetting its budget (517.719083ms)
✔ file-journal: lineage aliases count repeated copies as the same source (354.054667ms)
✔ file-journal: release does not accept data-supplied policy, an unknown field value, or missing evidence (170.478375ms)
✔ file-journal: restrict invalidates a stored release and preserves prior disclosure usage (287.180125ms)
✔ file-journal: retract invalidates a stored release and preserves prior disclosure usage (427.654375ms)
✔ file-journal: supersede invalidates a stored release and preserves prior disclosure usage (443.659708ms)
✔ file-journal: delete invalidates a stored release and preserves prior disclosure usage (613.147ms)
✔ file-journal: policy invalidates a stored release and preserves prior disclosure usage (513.445875ms)
✔ file-journal: goal invalidates a stored release and preserves prior disclosure usage (520.915125ms)
✔ file-journal: current read restrictions and wrong actor prevent release and later read (517.96375ms)
✔ file-journal: policy revocation during original read prevents publication (288.92875ms)
✔ file-journal: raw source gates cover every export surface without reclassifying the source (1357.963167ms)
✔ file-journal: accumulated bytes and request identity remain binding (689.212334ms)
✔ file-journal: concurrent release publication does not overspend a one-release budget (709.549208ms)
✔ file-journal: release proof and cumulative history cannot be deleted or rewritten (497.602042ms)
✔ sqlite: a generic artifact reference cannot bypass its connected evidence restriction (146.340625ms)
✔ sqlite: changed or unavailable memory dependencies stop release and raw views (121.826167ms)
✔ sqlite: a new lineage on derived evidence does not create a new independent root (134.217459ms)
✔ sqlite: a lost commit response cannot erase a disclosure or give its budget back (180.027625ms)
✔ sqlite: an unclassified new work cannot opt in with an empty label floor (103.51925ms)
✔ file-journal: a generic artifact reference cannot bypass its connected evidence restriction (270.963708ms)
✔ file-journal: changed or unavailable memory dependencies stop release and raw views (644.275125ms)
✔ file-journal: a new lineage on derived evidence does not create a new independent root (768.899125ms)
✔ file-journal: a lost commit response cannot erase a disclosure or give its budget back (552.55925ms)
✔ file-journal: an unclassified new work cannot opt in with an empty label floor (105.815666ms)
✔ sqlite: every released transport entry rechecks source authority and receiver binding (131.222583ms)
✔ sqlite: revocation during released source validation prevents receiver entry (120.8835ms)
✔ sqlite: a receiver exception is an unknown outcome with retained release usage and no source-bearing error (129.199958ms)
✔ file-journal: every released transport entry rechecks source authority and receiver binding (629.460375ms)
✔ file-journal: revocation during released source validation prevents receiver entry (573.487583ms)
✔ file-journal: a receiver exception is an unknown outcome with retained release usage and no source-bearing error (593.739209ms)
✔ sqlite: initial model disclosure denial returns a durable blocked workflow and checkpoint (190.470375ms)
✔ sqlite: revoked reserved model is accounted as unused and resumes with one fresh call after reopen (477.192875ms)
✔ sqlite: disclosure changes inside dispatch preflight settle a known-unused reservation instead of escaping (279.145459ms)
✔ sqlite: required result channel denial persists blocked state and can resume delivery from checkpoint (284.382208ms)
✔ sqlite: completed analysis keeps its terminal state while unavailable channel yields an undelivered response (217.542708ms)
✔ sqlite: an unsuccessful resume under unchanged channel policy blocks again without becoming runnable (138.868583ms)
✔ sqlite: simultaneous cancel and disclosure revocation preserve user control and unused accounting (168.069209ms)
✔ sqlite: simultaneous pause and disclosure revocation preserve user control and unused accounting (129.935459ms)
✔ file-journal: initial model disclosure denial returns a durable blocked workflow and checkpoint (995.990125ms)
✔ file-journal: revoked reserved model is accounted as unused and resumes with one fresh call after reopen (6235.051625ms)
✔ file-journal: disclosure changes inside dispatch preflight settle a known-unused reservation instead of escaping (2155.85175ms)
✔ file-journal: required result channel denial persists blocked state and can resume delivery from checkpoint (2543.78425ms)
✔ file-journal: completed analysis keeps its terminal state while unavailable channel yields an undelivered response (2430.810791ms)
✔ file-journal: an unsuccessful resume under unchanged channel policy blocks again without becoming runnable (1628.92275ms)
✔ file-journal: simultaneous cancel and disclosure revocation preserve user control and unused accounting (1686.274542ms)
✔ file-journal: simultaneous pause and disclosure revocation preserve user control and unused accounting (1486.502ms)
✔ inject all local ports without a database or channel SDK: documents-simple (6.096709ms)
✔ inject all local ports without a database or channel SDK: observations-simple (0.62575ms)
✔ scripted planner honors cancellation and cannot mutate caller state (0.322042ms)
✔ fake sink exposes delivery uncertainty and deduplicates only matching content (0.103916ms)
✔ sqlite: injected invalid retained proof blocks every pending ack, question and failure before transport (199.498291ms)
✔ sqlite: retained failed proof blocks receipt lookup and settlement for uncertain ack, question and failure (139.67975ms)
✔ sqlite: settled-to-failed transition during send cannot adopt an already returned channel receipt (454.798959ms)
✔ sqlite: failed-only retained proof is checked again at the final delivery commit after an artifact await (315.596792ms)
✔ file-journal: injected invalid retained proof blocks every pending ack, question and failure before transport (1978.329125ms)
✔ file-journal: retained failed proof blocks receipt lookup and settlement for uncertain ack, question and failure (789.843083ms)
✔ file-journal: settled-to-failed transition during send cannot adopt an already returned channel receipt (2966.939167ms)
✔ file-journal: failed-only retained proof is checked again at the final delivery commit after an artifact await (2811.832458ms)
✔ effect proofs: a legacy work uses neither the optional checker nor any refresh mutation (17.459375ms)
✔ effect proofs: settled claims require a checker and checker failures stay unavailable (8.689667ms)
✔ effect proofs: missing checker reopens the original obligation and cancels ordinary reservations once without rewriting proof history (6.605625ms)
✔ effect proofs: expired reserved lookup releases only an undispatched reservation and preserves measured uncertainty (4.376959ms)
✔ effect proofs: expired running lookup releases only an undispatched reservation and preserves measured uncertainty (3.963542ms)
✔ effect proofs: lifecycle deletion reopens a settled effect and quarantines all linked references without changing received facts or timestamps (6.388083ms)
✔ effect proofs: a committed tool dispatch with missing proof authority cannot silently bypass the broker (6.732416ms)
✔ effect proofs: a committed tool dispatch with invalid proof authority cannot silently bypass the broker (5.003375ms)
✔ effect proofs: a committed tool dispatch with valid proof authority cannot silently bypass the broker (4.937666ms)
✔ effect proofs: a reuse await that loses proof validity is checked before implementation entry (4.6705ms)
✔ effect proofs: invalid proof prevents new model reservation before compiling input (4.056416ms)
✔ effect proofs: losing proof during model input read prevents actual planner entry and still settles the dispatched call (9.491042ms)
✔ effect proofs: loss during adoption artifact checks rejects a stored model proposal while preserving usage (5.47075ms)
✔ effect proofs: a valid checker permits one model invocation and adoption with the historical proof unchanged (5.696583ms)
✔ effect proofs: proof loss during result body storage prevents response publication (5.011375ms)
✔ effect proofs: a same-revision snapshot suppresses an existing result when its proof becomes unavailable during the read (4.647792ms)
✔ sqlite: work resource bodies and metadata use canonical effect proof with a narrowed caller and fail without a checker (554.01025ms)
✔ sqlite: proof invalidation during original or stored result I/O cannot return the already read body (495.4845ms)
✔ sqlite: disclosure release, saved payload, raw read and receiver entry all retain current source effect proof (533.038334ms)
✔ sqlite: private, derived and cached shared memory cannot outlive the original work effect proof (648.775292ms)
✔ sqlite: source proof authentication does not recursively validate memory copied into that same work (1422.050417ms)
✔ sqlite: a failed historical effect proof stays required after refresh and reopen until the same source is explicitly proved again (1973.044ms)
✔ file-journal: work resource bodies and metadata use canonical effect proof with a narrowed caller and fail without a checker (1951.901834ms)
✔ file-journal: proof invalidation during original or stored result I/O cannot return the already read body (1385.149709ms)
✔ file-journal: disclosure release, saved payload, raw read and receiver entry all retain current source effect proof (1898.264792ms)
✔ file-journal: private, derived and cached shared memory cannot outlive the original work effect proof (2185.123709ms)
✔ file-journal: source proof authentication does not recursively validate memory copied into that same work (9104.0835ms)
✔ file-journal: a failed historical effect proof stays required after refresh and reopen until the same source is explicitly proved again (13535.948667ms)
✔ evaluation build: none checks source and executed output together (93.193125ms)
✔ evaluation build: source checks source and executed output together (103.57225ms)
✔ evaluation build: compiled checks source and executed output together (93.790916ms)
✔ evaluation build: missing checks source and executed output together (124.256625ms)
✔ evaluation build: runtime checks source and executed output together (114.742625ms)
✔ evaluation build: orphan checks source and executed output together (111.137125ms)
✔ evaluation build: a source change during case selection cannot relabel older compiled execution (250.800459ms)
✔ sqlite: readonly evaluation replay authenticates full receipt history, old originals and the current resume packet after reopen (270.760708ms)
✔ sqlite: version, pins and independently recomputed score are required without writes (225.547ms)
✔ sqlite: receipt omission, duplicates, absent receipts and changed stored states fail closed (272.049292ms)
✔ sqlite: altered oracle and expected outcome cannot be blessed by recomputing sample and score hashes (262.820375ms)
✔ sqlite: rehashing an altered or dropped intermediate completion cannot bypass receipt-state binding (263.90175ms)
✔ sqlite: repeated readonly observations and explicit status-only measurement preserve historical receipt validation (238.809042ms)
✔ sqlite: omitted historical artifacts and conflicting refs are detected independently of the supplied list (216.993125ms)
✔ sqlite: deleted original is unavailable even with intact state, score and resume blob (187.922792ms)
✔ sqlite: corrupt original is unavailable even with intact state, score and resume blob (252.106417ms)
✔ sqlite: historical_deleted original is unavailable even with intact state, score and resume blob (248.981167ms)
✔ sqlite: wrong owner and the current actor's narrower label policy cannot replay source bytes (227.673333ms)
✔ sqlite: a currently indexed original cannot override a durable lifecycle tombstone (241.18225ms)
✔ sqlite: foreign, body-altered and lost resume packets fail without regeneration (383.666083ms)
✔ sqlite: canonical changes during original I/O prevent a successful replay result (294.147458ms)
✔ sqlite: a receipt changed after initial validation is caught at the final read boundary (234.9395ms)
✔ sqlite: caller mutation cannot replace the in-flight sample and current actor revocation is detected (250.988875ms)
✔ file-journal: readonly evaluation replay authenticates full receipt history, old originals and the current resume packet after reopen (898.771042ms)
✔ file-journal: version, pins and independently recomputed score are required without writes (536.850875ms)
✔ file-journal: receipt omission, duplicates, absent receipts and changed stored states fail closed (826.280958ms)
✔ file-journal: altered oracle and expected outcome cannot be blessed by recomputing sample and score hashes (662.7485ms)
✔ file-journal: rehashing an altered or dropped intermediate completion cannot bypass receipt-state binding (803.952ms)
✔ file-journal: repeated readonly observations and explicit status-only measurement preserve historical receipt validation (1035.912333ms)
✔ file-journal: omitted historical artifacts and conflicting refs are detected independently of the supplied list (855.711291ms)
✔ file-journal: deleted original is unavailable even with intact state, score and resume blob (612.905542ms)
✔ file-journal: corrupt original is unavailable even with intact state, score and resume blob (623.299666ms)
✔ file-journal: historical_deleted original is unavailable even with intact state, score and resume blob (666.798416ms)
✔ file-journal: wrong owner and the current actor's narrower label policy cannot replay source bytes (574.67325ms)
✔ file-journal: a currently indexed original cannot override a durable lifecycle tombstone (591.241875ms)
✔ file-journal: foreign, body-altered and lost resume packets fail without regeneration (1243.038167ms)
✔ file-journal: canonical changes during original I/O prevent a successful replay result (848.934708ms)
✔ file-journal: a receipt changed after initial validation is caught at the final read boundary (662.882667ms)
✔ file-journal: caller mutation cannot replace the in-flight sample and current actor revocation is detected (825.909ms)
✔ forgotten evidence is rediscovered by ID, source, locator or facts without returning fact bodies (28.217458ms)
✔ hidden, retracted, superseded and parent-retracted evidence never contributes cards or hasMore (13.982666ms)
✔ Korean NFC and NFD clues and English case variants find the same current evidence (7.045167ms)
✔ the evidence discovery tool preserves bounded current-card and partial-call semantics (8.063ms)
✔ locator truncation preserves the exact evidence ID and reports partial coverage without inventing more matches (6.675ms)
✔ different owners, tenants and narrower caller labels cannot inspect evidence discovery cards (6.733ms)
✔ retained knowledge failure at validation 1 blocks cards before return (6.83025ms)
✔ retained knowledge failure at validation 2 blocks cards before return (5.86675ms)
✔ a work retaining knowledge cannot discover derived evidence without its current validator (5.190458ms)
✔ a goal change while the final source-state read waits prevents returning earlier-scope cards (6.345917ms)
✔ caller permission narrowing during the knowledge gate is detected even without a work revision change (5.411541ms)
✔ strict discovery arguments reject extra authority, excessive query length and invalid limits (4.695708ms)
✔ instructions in source facts remain data and discovery changes no facts, goal, plan or authority (5.530458ms)
✔ pre-aborted discovery uses the common read wrapper without reading the work (6.577583ms)
✔ current and historical views enforce own access, tenant, scope and artifact labels while omitted access stays available (0.693542ms)
✔ two generations of derived evidence lose current validity when an ancestor is retracted or superseded, while history stays readable (0.124ms)
✔ ancestor restriction, deletion, missing reference or revoked labels blocks current and historical descendants (0.082625ms)
✔ a correction remains a monotonic supersession after retraction, restriction, deletion or permission loss (0.137042ms)
✔ supersession uses the full valid version chain and is independent of record ordering (0.742791ms)
✔ foreign tenant, scope, source, lineage and invalid time cannot suppress a valid original (0.289917ms)
✔ a replacement does not depend on a superseded body being current or present in a selected view (0.281208ms)
✔ cyclic, missing and ambiguous derived references fail closed without removing independent evidence (0.124209ms)
✔ deep derived chains are evaluated without recursive call-stack growth and do not become independent sources (7.762958ms)
✔ record intake accepts parents and descendants in either order and preserves caller objects (3.303083ms)
✔ record intake requires inherited labels on both derivation and replacement edges (0.613542ms)
✔ record intake requires artifact labels to cover the evidence and rejects artifacts outside policy (0.936125ms)
✔ new records inherit transitive dependency labels even if a legacy intermediate record was under-labelled (0.453791ms)
✔ shared ancestry across multiple parents is not mistaken for a cycle (0.17975ms)
✔ derived intake refuses historical or inaccessible ancestors and checks validity after the whole incoming batch (0.398042ms)
✔ replacement intake permits an accessible retracted target but never an inaccessible historical target (0.156708ms)
✔ record intake rejects missing references and invalid tenant, scope, source, lineage or time on replacements (0.295333ms)
✔ record intake rejects self, indirect and mixed cycles before accepting partial lineage (0.126708ms)
✔ omitted and explicit available access are idempotently equivalent but content or access changes cannot overwrite an ID (0.551708ms)
✔ tool-result validation preserves effect, error and artifact guards while using the shared record intake (0.520291ms)
✔ evaluation: fixture truth distinguishes acknowledgement, first original, delivered useful answer and verified completion (3.755833ms)
✔ evaluation: a runtime completed flag cannot replace the fixed expected facts (0.485083ms)
✔ evaluation: absent expected facts do not count as verified evidence or a useful answer (0.233583ms)
✔ evaluation: early delivered answers remain false completion even if the final state later becomes correct (0.315084ms)
✔ evaluation: a correct result before a declared late-evidence release fails the fixed timeline oracle (0.245917ms)
✔ evaluation: wrong source identity cannot satisfy an original named by the fixture oracle (0.19075ms)
✔ evaluation: wrong lineage identity cannot satisfy an original named by the fixture oracle (0.168875ms)
✔ evaluation: wrong observation time cannot satisfy an original named by the fixture oracle (0.34575ms)
✔ evaluation: wrong tenant cannot satisfy an original named by the fixture oracle (0.463542ms)
✔ evaluation: wrong scope cannot satisfy an original named by the fixture oracle (0.239959ms)
✔ evaluation: restricted label cannot satisfy an original named by the fixture oracle (0.199458ms)
✔ evaluation: restricted access cannot satisfy an original named by the fixture oracle (0.171375ms)
✔ evaluation: retracted source cannot satisfy an original named by the fixture oracle (0.166791ms)
✔ evaluation: copied source cannot satisfy an original named by the fixture oracle (0.146833ms)
✔ evaluation: partial coverage cannot satisfy an original named by the fixture oracle (0.123208ms)
✔ evaluation: two required records from one lineage cannot satisfy a two-source criterion even with matching facts (0.18725ms)
✔ evaluation: duplicate source IDs, current forbidden evidence and unresolved counterevidence fail independently (0.441583ms)
✔ evaluation: a pinned replacement must remain readable, accepted, original and complete without resurrecting its withdrawn predecessor (1.149458ms)
✔ evaluation: hypothesis status and current original support are checked against the pinned final hypothesis (0.284584ms)
✔ evaluation: answer delivery requires authorized routing and explicit required evidence references (0.58325ms)
✔ evaluation: waiting with an unknown delivery reports no useful answer latency and preserves its delivery obligation (0.156292ms)
✔ evaluation: run errors and mismatched final control remain failures even for an expected blocked case (0.191ms)
✔ evaluation: completed states with pending obligations or an undelivered required response are false completion (0.575791ms)
✔ evaluation: status-only observation of an existing completed work is not a new completion or answer (0.25825ms)
✔ evaluation: cumulative costs cannot disappear and unknown model usage cannot become fabricated zero after resume (0.299208ms)
✔ evaluation: a real late usage report may resolve unknown reservations while preserving known and additional charges (0.238ms)
✔ evaluation: a gate failure before dispatch costs zero, while a dispatched call denied before invocation remains charged (0.479375ms)
✔ evaluation: observations and source queries can repeat without duplicating intervention or context accounting (0.238916ms)
✔ evaluation: context cost comes from unique persisted model calls and remains distinct from reported token usage (0.464042ms)
✔ evaluation summary: contract success, all-case completion and eligible completion use different explicit denominators (5.091292ms)
✔ evaluation summary: nearest-rank p50/p95 include answer samples only and report the sample count (0.703708ms)
✔ evaluation summary: supplied scores join by case ID and cannot silently replace missing or duplicate cases (0.519041ms)
✔ sqlite: two local callers join one real execution and preserve owner, lease, deadline and one budget charge (203.553541ms)
✔ sqlite: cancelling the initiating caller and another joined caller detaches only their waits (148.797625ms)
✔ sqlite: an already aborted caller cannot create an execution (78.856542ms)
✔ sqlite: another facade observes durable running and settled states without claiming local promise ownership (163.935ms)
✔ sqlite: a different owner and an expired reservation remain explicit waits without lease renewal or automatic recovery (160.650333ms)
✔ sqlite: reopening a dispatched write never replays it and explicit recovery retains the unknown effect obligation (156.759708ms)
✔ sqlite: reopening after a stored result reports received without executing or adopting it again (176.010459ms)
✔ sqlite: state changes during receipt lookup are reread before the facade decides to execute (87.08825ms)
✔ sqlite: a reporting read error after successful execution is shared as an error and retry only observes the durable result (118.629833ms)
✔ file-journal: two local callers join one real execution and preserve owner, lease, deadline and one budget charge (689.044792ms)
✔ file-journal: cancelling the initiating caller and another joined caller detaches only their waits (843.105833ms)
✔ file-journal: an already aborted caller cannot create an execution (408.983709ms)
✔ file-journal: another facade observes durable running and settled states without claiming local promise ownership (739.752583ms)
✔ file-journal: a different owner and an expired reservation remain explicit waits without lease renewal or automatic recovery (593.580583ms)
✔ file-journal: reopening a dispatched write never replays it and explicit recovery retains the unknown effect obligation (729.279458ms)
✔ file-journal: reopening after a stored result reports received without executing or adopting it again (843.939416ms)
✔ file-journal: state changes during receipt lookup are reread before the facade decides to execute (496.646708ms)
✔ file-journal: a reporting read error after successful execution is shared as an error and retry only observes the durable result (632.386667ms)
✔ execution mode CLI sqlite: fast reception survives process exit and repeated status is read-only (1120.265666ms)
✔ execution mode CLI sqlite: mode command is durable and idempotent while stale revisions do not change state (1464.027458ms)
✔ execution mode CLI sqlite: a pending mode change is visible after exit and preserves the reserved attempt (1420.755416ms)
✔ execution mode CLI sqlite: enum, both revisions and an explicit nonblank reason are required (1267.487792ms)
✔ execution mode CLI sqlite: irrelevant mode options are rejected before opening a profile (603.271209ms)
✔ execution mode CLI sqlite documents-simple: changing mode preserves the goal, original source and completed work (1687.245459ms)
✔ execution mode CLI sqlite observations-simple: changing mode preserves the goal, original source and completed work (1638.691166ms)
✔ execution mode CLI file-journal: fast reception survives process exit and repeated status is read-only (2186.710166ms)
✔ execution mode CLI file-journal: mode command is durable and idempotent while stale revisions do not change state (2339.728125ms)
✔ execution mode CLI file-journal: a pending mode change is visible after exit and preserves the reserved attempt (2610.140583ms)
✔ execution mode CLI file-journal: enum, both revisions and an explicit nonblank reason are required (1494.12125ms)
✔ execution mode CLI file-journal: irrelevant mode options are rejected before opening a profile (629.601167ms)
✔ execution mode CLI file-journal documents-simple: changing mode preserves the goal, original source and completed work (4709.212ms)
✔ execution mode CLI file-journal observations-simple: changing mode preserves the goal, original source and completed work (4571.997542ms)
✔ sqlite/documents-simple/auto: one necessary plan and observation complete with no extra investigation (542.008083ms)
✔ sqlite/documents-simple/fast: one necessary plan and observation complete with no extra investigation (450.997083ms)
✔ sqlite/documents-simple/deep: one necessary plan and observation complete with no extra investigation (398.976917ms)
✔ sqlite/observations-simple/auto: one necessary plan and observation complete with no extra investigation (409.110375ms)
✔ sqlite/observations-simple/fast: one necessary plan and observation complete with no extra investigation (365.320792ms)
✔ sqlite/observations-simple/deep: one necessary plan and observation complete with no extra investigation (442.73675ms)
✔ sqlite/documents-complex/auto: complex scope is either validated for investigation or rejected without false completion (542.961542ms)
✔ sqlite/documents-complex/fast: complex scope is either validated for investigation or rejected without false completion (208.823ms)
✔ sqlite/documents-complex/deep: complex scope is either validated for investigation or rejected without false completion (569.986083ms)
✔ sqlite/observations-complex/auto: complex scope is either validated for investigation or rejected without false completion (423.081042ms)
✔ sqlite/observations-complex/fast: complex scope is either validated for investigation or rejected without false completion (203.654542ms)
✔ sqlite/observations-complex/deep: complex scope is either validated for investigation or rejected without false completion (444.997084ms)
✔ sqlite: mode commands enforce owner and both revisions, remain idempotent, and preserve goal and costs (90.918625ms)
✔ sqlite: lowering to fast after two paid reads cannot reset usage or oversubscribe the next reservation (191.0355ms)
✔ sqlite: explicit model cap and fast cap include reservations and do not reopen paid capacity (535.900792ms)
✔ sqlite: a running model keeps its pending mode request and late reply accounting until the next safe boundary (441.3725ms)
✔ sqlite: a pending mode survives reserved model restart without invalidating its stored input (479.702125ms)
✔ sqlite: cancel overrides a pending mode without discarding late measured model costs (259.240334ms)
✔ sqlite: deep to fast retains original goal, completed tasks, checkpoint and result reuse after reopen (382.651208ms)
✔ sqlite: fast keeps mandatory review of existing hypotheses and cannot replace it with premature completion (445.84775ms)
✔ sqlite: legacy model reservations keep their version-one basis when a pending mode first materializes control (289.900375ms)
✔ sqlite: a newer mode wins a pending-mode boundary CAS race (160.974791ms)
✔ sqlite: a newer cancel wins a pending-mode boundary CAS race (145.966833ms)
✔ sqlite: cancellation during model backoff publication returns current control without failing the workflow (242.85825ms)
✔ sqlite: auto mode change and reopen preserve a partial collection's original goal and explicit resume chain (930.756625ms)
✔ file-journal/documents-simple/auto: one necessary plan and observation complete with no extra investigation (3932.654ms)
✔ file-journal/documents-simple/fast: one necessary plan and observation complete with no extra investigation (2781.537667ms)
✔ file-journal/documents-simple/deep: one necessary plan and observation complete with no extra investigation (4150.801167ms)
✔ file-journal/observations-simple/auto: one necessary plan and observation complete with no extra investigation (4527.240666ms)
✔ file-journal/observations-simple/fast: one necessary plan and observation complete with no extra investigation (4412.871209ms)
✔ file-journal/observations-simple/deep: one necessary plan and observation complete with no extra investigation (4446.69625ms)
✔ file-journal/documents-complex/auto: complex scope is either validated for investigation or rejected without false completion (6017.689708ms)
✔ file-journal/documents-complex/fast: complex scope is either validated for investigation or rejected without false completion (1013.632459ms)
✔ file-journal/documents-complex/deep: complex scope is either validated for investigation or rejected without false completion (4837.632ms)
✔ file-journal/observations-complex/auto: complex scope is either validated for investigation or rejected without false completion (2599.194959ms)
✔ file-journal/observations-complex/fast: complex scope is either validated for investigation or rejected without false completion (572.781166ms)
✔ file-journal/observations-complex/deep: complex scope is either validated for investigation or rejected without false completion (2641.034292ms)
✔ file-journal: mode commands enforce owner and both revisions, remain idempotent, and preserve goal and costs (233.712959ms)
✔ file-journal: lowering to fast after two paid reads cannot reset usage or oversubscribe the next reservation (1108.877125ms)
✔ file-journal: explicit model cap and fast cap include reservations and do not reopen paid capacity (1913.109042ms)
✔ file-journal: a running model keeps its pending mode request and late reply accounting until the next safe boundary (1633.978583ms)
✔ file-journal: a pending mode survives reserved model restart without invalidating its stored input (2321.972208ms)
✔ file-journal: cancel overrides a pending mode without discarding late measured model costs (1127.875375ms)
✔ file-journal: deep to fast retains original goal, completed tasks, checkpoint and result reuse after reopen (2577.798834ms)
✔ file-journal: fast keeps mandatory review of existing hypotheses and cannot replace it with premature completion (3638.122333ms)
✔ file-journal: legacy model reservations keep their version-one basis when a pending mode first materializes control (1363.461583ms)
✔ file-journal: a newer mode wins a pending-mode boundary CAS race (1079.682541ms)
✔ file-journal: a newer cancel wins a pending-mode boundary CAS race (1145.013208ms)
✔ file-journal: cancellation during model backoff publication returns current control without failing the workflow (1067.51125ms)
✔ file-journal: auto mode change and reopen preserve a partial collection's original goal and explicit resume chain (5720.123708ms)
✔ local versioned defaults select direct auto/fast and investigate deep without allocating work (1.681833ms)
✔ new controls snapshot caller policy and never expose the default policy for mutation (0.058541ms)
✔ legacy goals supply initial mode while a saved control overrides it without mutating state (2.7505ms)
✔ effective fast limits are absolute work caps and retain token/time limits (0.21475ms)
✔ auto starts direct while retaining the user work limits before evidence or strategy expansion (0.305833ms)
✔ explicit work caps beat mode policy and mode changes cannot grant a fresh allowance (0.153875ms)
✔ investigate strategies retain explicit work limits and pending mode requests have no effect yet (0.116458ms)
✔ fast allows completed history plus one pending task and counts only current adopted successes (1.455458ms)
✔ fast rejects an oversized pending graph or hypotheses without mutating or silently escalating (0.213417ms)
✔ fast preserves and reviews existing hypotheses while rejecting new optional hypotheses (0.161542ms)
✔ policy-specific scope limits are used instead of hard coded local defaults (0.131125ms)
✔ auto expands only validated plan scope and preserves investigate strategy on smaller subsequent plans (0.166041ms)
✔ deep permits a simple or empty plan without manufacturing tasks or hypotheses (0.076667ms)
✔ automatic expansion requires available relevant new evidence and an unmet criterion (0.209583ms)
✔ irrelevant, inaccessible, retracted and another-scope facts cannot justify expansion (0.279459ms)
✔ current counterevidence justifies investigation even if it has already been assessed (0.15025ms)
✔ current hypotheses allow review but sufficiently assessed completed goals do not expand (0.099709ms)
✔ permission failure, empty responses and exhausted budgets are not independent escalation evidence (0.074791ms)
✔ pending obligations, active calls, terminal states and explicit modes suppress automatic expansion (0.218916ms)
✔ delivery waiting does not manufacture completion or suppress investigation of unmet criteria (0.079542ms)
✔ a reserved, running or received model prevents expansion until its existing call is settled (0.166375ms)
✔ policy contracts reject unknown fields, unsafe counts and blank versions while allowing explicit zero caps (0.582542ms)
✔ control contracts enforce current mode strategy and preserve distinct pending requests (0.309666ms)
✔ documents-simple: validated plan executes to verified completion without additional planner calls (24.13175ms)
✔ observations-simple: validated plan executes to verified completion without additional planner calls (10.444417ms)
✔ invalid plans fail before budget or execution: stale, cyclic, missing deps, schema, effects, permission and IDs (4.534417ms)
✔ plan commands deduplicate after later state changes; task IDs cannot hide changed inputs (4.799792ms)
✔ discarded unexecuted task ID still cannot acquire a different contract (4.062833ms)
✔ scripted planner proposal enters the real validator and executor only when control requests a plan (6.005875ms)
✔ dependencies execute in order; partial observations require another source, not false completion (8.464083ms)
✔ empty queue is replan; wake conditions, tool budget, deadline and cancellation produce distinct controls (6.458042ms)
✔ only authorized current-goal commands mutate state; duplicate cancellation is stable (3.109625ms)
✔ competing executors cannot both reserve or replay dispatch (4.120333ms)
✔ late tool result after cancel is recorded without adopting or reversing the command (4.289959ms)
✔ late tool result after goal is recorded without adopting or reversing the command (4.778875ms)
✔ expired dispatched read has bounded retry or explicit unknown effect (3.58975ms)
✔ expired dispatched write has bounded retry or explicit unknown effect (3.487042ms)
✔ invalid result identity, labels, references and output cannot become accepted evidence (24.446333ms)
✔ stored received result resumes in reopened SQLite and artifact stores without invoking tool again (158.3965ms)
✔ tool JSON schema validation compiles once, rejects unsupported schema and preserves inputs (2.554583ms)
✔ successful dependency chain follows DAG order even when task array is reversed (6.943ms)
✔ pause before dispatch releases reservation; resume and repeated old pause do not cancel new execution (6.299334ms)
✔ tool failures retry only within attempt budget and repeated empty replans exhaust their own budget (7.824292ms)
✔ unconfirmed write is unknown and cannot satisfy the goal or be retried by a renamed task (5.054541ms)
✔ lease timeout yields even for a tool that ignores cancellation; late result cannot finish the goal (26.350417ms)
✔ permission revocation after reservation is rechecked before dispatch and durably blocks execution (5.077291ms)
✔ memory: waiting execution wakes only for expired lease or received result (9.28ms)
✔ sqlite: waiting execution wakes only for expired lease or received result (137.159958ms)
✔ baseline documents-complex (3.339125ms)
✔ baseline documents-simple (0.268541ms)
✔ baseline observations-complex (0.287833ms)
✔ baseline observations-simple (0.130834ms)
✔ both domains use the same schema and include simple/complex baselines (0.330208ms)
✔ fixture oracle rejects missing references and duplicated evidence IDs (0.768792ms)
✔ repetition and permutation cannot create independent sources (0.153292ms)
✔ completed facts do not discharge an unrelated pending obligation (0.0655ms)
✔ sqlite: goal change rejects a mode changed by another channel without modifying goal, control or receipts (262.79575ms)
✔ sqlite: goal control is rechecked after a commit CAS conflict and cannot overwrite the winning mode (325.48575ms)
✔ sqlite: unrelated commit contention retries the same goal request while incrementing control exactly once (235.298458ms)
✔ sqlite: successful goal replay remains idempotent after a later mode change and restart (367.844375ms)
✔ sqlite: goal mutation requires a positive safe control revision and strict fields before any receipt or state change (236.10175ms)
✔ sqlite: a legacy goal without stored execution control still requires its explicit initial revision (275.73825ms)
✔ sqlite: CLI goal changes require both explicit revisions, reject stale control and replay the saved receipt (1302.85675ms)
✔ sqlite: Web strict goal input carries control revision through HTTP and rejects a newer channel mode (277.029834ms)
✔ file-journal: goal change rejects a mode changed by another channel without modifying goal, control or receipts (585.968417ms)
✔ file-journal: goal control is rechecked after a commit CAS conflict and cannot overwrite the winning mode (806.927583ms)
✔ file-journal: unrelated commit contention retries the same goal request while incrementing control exactly once (857.138417ms)
✔ file-journal: successful goal replay remains idempotent after a later mode change and restart (1089.560709ms)
✔ file-journal: goal mutation requires a positive safe control revision and strict fields before any receipt or state change (647.102ms)
✔ file-journal: a legacy goal without stored execution control still requires its explicit initial revision (754.891917ms)
✔ file-journal: CLI goal changes require both explicit revisions, reject stale control and replay the saved receipt (1884.527791ms)
✔ file-journal: Web strict goal input carries control revision through HTTP and rejects a newer channel mode (1198.273917ms)
✔ Web goal schema accepts only an explicit positive safe numeric control revision (0.466959ms)
✔ sqlite: valid original guidance remains readable through two historical copies and records actual file probe bytes (503.655583ms)
✔ sqlite: body-edited without refresh invalidates original guidance history and two stored copies (442.558458ms)
✔ sqlite: body-deleted without refresh invalidates original guidance history and two stored copies (393.189625ms)
✔ sqlite: catalog-rules-changed without refresh invalidates original guidance history and two stored copies (411.452125ms)
✔ file-journal: valid original guidance remains readable through two historical copies and records actual file probe bytes (2831.237209ms)
✔ file-journal: body-edited without refresh invalidates original guidance history and two stored copies (3010.530959ms)
✔ file-journal: body-deleted without refresh invalidates original guidance history and two stored copies (2122.917542ms)
✔ file-journal: catalog-rules-changed without refresh invalidates original guidance history and two stored copies (2623.26ms)
✔ guidance refresh stages every provider page and only then replaces the complete snapshot (12.196833ms)
✔ guidance failure listing leaves the previous snapshot usable (0.929166ms)
✔ guidance mixed listing leaves the previous snapshot usable (0.579291ms)
✔ guidance duplicate listing leaves the previous snapshot usable (0.481083ms)
✔ guidance cycle listing leaves the previous snapshot usable (0.507042ms)
✔ guidance page-bound listing leaves the previous snapshot usable (0.268875ms)
✔ guidance entry-bound listing leaves the previous snapshot usable (0.249958ms)
✔ guidance byte-bound listing leaves the previous snapshot usable (0.219167ms)
✔ guidance abort and late completion cannot replace a published listing (0.475041ms)
✔ guidance concurrent refresh rejects an earlier listing and a complete empty snapshot retires entries (0.41325ms)
✔ legacy list/load remains compatible and missing source validation disables body reuse (1.456375ms)
✔ guidance pages reach beyond 20 and preserve item and whole UTF-8 page bounds (7.512375ms)
✔ guidance cursor binds kind, owner, permission and snapshot and hides unauthorized counts (1.529209ms)
✔ hot guidance reuses only body/artifact while rules, selection reason and method are current (0.885667ms)
✔ guidance body cache cannot bypass current tenant, label or work-kind restrictions (0.7375ms)
✔ guidance cache obeys entry/byte bounds, evicts unused bodies and isolates artifact stores (0.669959ms)
✔ a body larger than the cache byte budget is read and decoded on every load (0.402291ms)
✔ a pending hot load cannot exceed cache bounds when another body evicts its old entry (0.410584ms)
✔ a cold legacy-source load rechecks its manifest after artifact persistence (0.261333ms)
✔ source changes during an artifact check are caught by the final probe (0.2775ms)
✔ manifest refresh during final validation rejects a hot result from the previous rules (0.286208ms)
✔ load cancellation cannot publish a cache entry after an ignored-signal provider returns (0.391959ms)
✔ file guidance reports actual cold/hot original I/O separately from put/decode reuse (33.880791ms)
ℹ {"coldOriginalReads":2,"hotOriginalReads":1,"coldOriginalBytes":48,"hotOriginalBytes":24,"source":{"catalogReads":7,"catalogBytes":2702,"bodyReads":3,"bodyBytes":72,"readCalls":1,"validateCalls":2},"catalog":{"sourceReadCalls":1,"sourceReadBytes":24,"sourceValidateCalls":2,"artifactPutCalls":1,"artifactCheckCalls":1,"bodyDecodes":1,"cacheHits":1,"cacheMisses":1,"cachedBodies":1,"cachedBytes":24},"artifactPuts":1,"artifactChecks":1}
✔ file guidance cache never bypasses a deleted original source (20.036083ms)
✔ file guidance cache never bypasses a modified original source (35.774167ms)
✔ file guidance cache never bypasses a manifest original source (41.041ms)
✔ file guidance refresh observes a new catalog, preserves same-body cache and rejects invalid replacements (35.066041ms)
✔ guidance resources documents-simple: cold and hot runtime loads retain provenance and report original I/O separately (42.951958ms)
ℹ {"family":"documents-simple","coldOriginalBytes":58,"hotOriginalBytes":29,"coldMetrics":{"sourceReadCalls":1,"sourceReadBytes":29,"sourceValidateCalls":1,"artifactPutCalls":1,"artifactCheckCalls":0,"bodyDecodes":1,"cacheHits":0,"cacheMisses":1,"cachedBodies":1,"cachedBytes":29},"hotMetrics":{"sourceReadCalls":1,"sourceReadBytes":29,"sourceValidateCalls":2,"artifactPutCalls":1,"artifactCheckCalls":1,"bodyDecodes":1,"cacheHits":1,"cacheMisses":1,"cachedBodies":1,"cachedBytes":29}}
✔ guidance resources documents-simple: policy revocation during a hot validation suppresses the cached body (9.605875ms)
✔ guidance resources documents-simple: a goal change while the source read waits cannot return the previous selection (6.283792ms)
✔ guidance resources documents-simple: a refreshed version cannot be replaced by an in-flight older load (8.080584ms)
✔ guidance resources documents-simple: cancellation reaches a pending source and returns no late body (5.623208ms)
✔ guidance resources observations-simple: cold and hot runtime loads retain provenance and report original I/O separately (10.307208ms)
ℹ {"family":"observations-simple","coldOriginalBytes":58,"hotOriginalBytes":29,"coldMetrics":{"sourceReadCalls":1,"sourceReadBytes":29,"sourceValidateCalls":1,"artifactPutCalls":1,"artifactCheckCalls":0,"bodyDecodes":1,"cacheHits":0,"cacheMisses":1,"cachedBodies":1,"cachedBytes":29},"hotMetrics":{"sourceReadCalls":1,"sourceReadBytes":29,"sourceValidateCalls":2,"artifactPutCalls":1,"artifactCheckCalls":1,"bodyDecodes":1,"cacheHits":1,"cacheMisses":1,"cachedBodies":1,"cachedBytes":29}}
✔ guidance resources observations-simple: policy revocation during a hot validation suppresses the cached body (4.958875ms)
✔ guidance resources observations-simple: a goal change while the source read waits cannot return the previous selection (5.233125ms)
✔ guidance resources observations-simple: a refreshed version cannot be replaced by an in-flight older load (5.429917ms)
✔ guidance resources observations-simple: cancellation reaches a pending source and returns no late body (4.579375ms)
✔ guidance resources: paginated cards respect the complete output byte budget and never read guidance bodies (11.363041ms)
✔ guidance resources: cursors cannot cross kind, caller labels, owner or a refreshed listing (4.686667ms)
✔ guidance resources: legacy discovery keeps its original shape and current method in both work families (10.045291ms)
✔ guidance resources: optional paging fields are strict and pre-aborted discovery performs no original reads (5.66875ms)
✔ legacy current validation reads original bytes and a fresh listing and accounts for each cost (4.496084ms)
✔ legacy cold load compares a fresh manifest without duplicating the original read (0.709042ms)
✔ a cancelled current probe makes no original read and a failed fresh listing is not accepted (0.432292ms)
✔ sqlite: context compilation refuses delete in an original guidance source (272.66125ms)
✔ sqlite: context compilation refuses modify in an original guidance source (226.955292ms)
✔ sqlite: context compilation refuses rules in an original guidance source (262.971583ms)
✔ sqlite: restarted stored model input cannot send a deleted original guide (431.535791ms)
✔ sqlite: restarted stored model input cannot send a modifyd original guide (402.895167ms)
✔ sqlite: policy during original-source validation stops transport and settles zero usage (385.524041ms)
✔ sqlite: goal during original-source validation stops transport and settles zero usage (330.969458ms)
✔ sqlite: cancel during original-source validation stops transport and settles zero usage (393.324167ms)
✔ sqlite: manifest refresh after the source probe is caught after final state lookup (364.927958ms)
✔ sqlite: an ignored-signal original probe is stopped by the remaining model lease (531.359292ms)
✔ sqlite: stored guidance loss during source probe blocks transport and prevents settlement until repair (430.071542ms)
✔ sqlite: unchanged original guidance sends the exact stored request once after restart (442.927ms)
✔ file-journal: context compilation refuses delete in an original guidance source (788.905375ms)
✔ file-journal: context compilation refuses modify in an original guidance source (651.601583ms)
✔ file-journal: context compilation refuses rules in an original guidance source (737.09925ms)
✔ file-journal: restarted stored model input cannot send a deleted original guide (1589.133917ms)
✔ file-journal: restarted stored model input cannot send a modifyd original guide (2109.914292ms)
✔ file-journal: policy during original-source validation stops transport and settles zero usage (2102.958375ms)
✔ file-journal: goal during original-source validation stops transport and settles zero usage (2161.584791ms)
✔ file-journal: cancel during original-source validation stops transport and settles zero usage (2023.285209ms)
✔ file-journal: manifest refresh after the source probe is caught after final state lookup (2038.896542ms)
✔ file-journal: an ignored-signal original probe is stopped by the remaining model lease (2124.961292ms)
✔ file-journal: stored guidance loss during source probe blocks transport and prevents settlement until repair (2208.1915ms)
✔ file-journal: unchanged original guidance sends the exact stored request once after restart (2042.767708ms)
✔ a diamond validates every edge, inspects a shared source once and guards every captured node (1.245208ms)
✔ a reference cycle is finite while an invalid member still rejects the whole closure (0.276958ms)
✔ a pin encountered after visiting a node is still checked (0.134917ms)
✔ conflicting pending pins fail before dispatch, including across duplicate roots (0.073208ms)
✔ captured source or authority changes during another read invalidate the result (0.264875ms)
✔ application invariants can reject a semantic cycle before guard I/O without changing generic cycle handling (0.089875ms)
✔ expiry of an earlier node during a later guard is checked again before return (0.121125ms)
✔ already expired nodes cannot be inputs (0.074167ms)
✔ node, edge and byte budgets stop excessive reads before dispatching the next node (0.172583ms)
✔ a long chain uses an iterative queue and visits every source exactly once (3.346417ms)
✔ pre-aborted validation never invokes a reader (0.144958ms)
✔ cancellation ends a blocked validation and contains a late reader rejection (3.065666ms)
✔ the elapsed deadline bounds a reader that ignores cancellation (21.528667ms)
✔ logical clock deadline changes and backwards clock readings cannot extend validation (0.2545ms)
✔ reader exceptions, unknown providers and malformed replies return fixed errors without source data (0.181708ms)
✔ registration captures the callback and rejects duplicate providers and invalid limits (0.205209ms)
✔ overlapping validations keep separate snapshots, queues and cancellation (0.148792ms)
✔ provider and key jointly identify a node (0.315792ms)
✔ web adapter: rejected current authority sends no browser input (4.367292ms)
✔ web adapter: cancellation while authority is awaited sends no input (0.222375ms)
✔ web adapter: loss after dispatch is unknown and duplicate operation never sends again (0.271459ms)
✔ web adapter: same operation id with changed action is unknown without another transport (0.534125ms)
✔ web adapter: concurrent duplicate joins the original operation (0.364167ms)
✔ web adapter: malformed or wrong operation response is uncertain (0.788709ms)
✔ web adapter: observation from another document cannot become a current view (1.082542ms)
✔ web adapter: observation bounds apply after the remote response (0.15425ms)
✔ web adapter: missing receipt remains unknown and lookup does not send act (0.436125ms)
✔ web adapter: lookup rejects another work and altered receipt identity (0.661083ms)
✔ web adapter: navigation outside the registered loopback document is rejected before evaluation (0.191ms)
✔ web transport: abort stops waiting but does not claim to retract a sent renderer command (3.284542ms)
✔ web adapter: caller mutations during authorization cannot change the pinned DOM command (0.448416ms)
✔ web adapter: read authorization cannot change the receipt identity or work being looked up (0.239583ms)
✔ invocation copies: two real canonical copies expose the still-authorized original without executing it again (45.280167ms)
✔ invocation copies: retaining only calls.get permission does not restore a revoked source tool (18.055542ms)
✔ invocation copies: current guidance version replacement blocks the copied earlier guide (22.718042ms)
✔ invocation copies: same-version manifest replacement and new guidance labels also block nested bodies (14.562709ms)
✔ invocation copies: catalog target permission is rechecked through both copies (15.300208ms)
✔ invocation copies: catalog target version is rechecked through both copies (20.459083ms)
✔ invocation copies: catalog target definition is rechecked through both copies (16.837792ms)
✔ invocation copies: a missing canonical source receipt is rejected (10.85525ms)
✔ invocation copies: a foreign-owner canonical source receipt is rejected (11.031917ms)
✔ invocation copies: a foreign-tenant canonical source receipt is rejected (13.772541ms)
✔ invocation copies: a foreign-work canonical source receipt is rejected (11.724625ms)
✔ invocation copies: a input-digest canonical source receipt is rejected (11.217042ms)
✔ invocation copies: missing source artifacts invalidate copied bodies even when copy artifacts remain readable (12.728417ms)
✔ invocation copies: a modified copied body must still equal its canonical source result (10.70425ms)
✔ invocation copies: source knowledge is validated and propagated even if an older copy omitted its dependency metadata (12.381958ms)
✔ invocation copies: permission changes during a source receipt read prevent returning the already-read copy (11.853917ms)
✔ invocation copies: a canonical input cycle is rejected before following the same receipt twice (11.314917ms)
✔ invocation copies: the 64-node source boundary accepts 63 copies and rejects one further copy (686.233792ms)
✔ sqlite: two invocation copies recheck remove registry change after source artifact read (335.737375ms)
✔ sqlite: two invocation copies recheck labels registry change after source artifact read (348.397709ms)
✔ sqlite: two invocation copies recheck description registry change after source artifact read (319.949791ms)
✔ sqlite: two invocation copies recheck unrelated registry change after source artifact read (337.295625ms)
✔ sqlite: an executed third calls.get stores no private body when source is removed during its read (451.016291ms)
✔ sqlite: catalog target pin is rechecked after final asynchronous state validation (369.860416ms)
✔ sqlite: a same-version guidance manifest change cannot survive copied body verification (489.805541ms)
✔ file-journal: two invocation copies recheck remove registry change after source artifact read (3192.718125ms)
✔ file-journal: two invocation copies recheck labels registry change after source artifact read (3121.68375ms)
✔ file-journal: two invocation copies recheck description registry change after source artifact read (3165.247791ms)
✔ file-journal: two invocation copies recheck unrelated registry change after source artifact read (3147.068375ms)
✔ file-journal: an executed third calls.get stores no private body when source is removed during its read (3689.454875ms)
✔ file-journal: catalog target pin is rechecked after final asynchronous state validation (2678.270167ms)
✔ file-journal: a same-version guidance manifest change cannot survive copied body verification (3024.563166ms)
✔ file journal: exception at candidate_synced preserves the publication boundary and retry identity (197.392333ms)
✔ file journal: actual SIGKILL at candidate_synced reopens a whole commit or no commit (264.549792ms)
✔ file journal: exception at published preserves the publication boundary and retry identity (120.743333ms)
✔ file journal: actual SIGKILL at published reopens a whole commit or no commit (219.959333ms)
✔ file journal: exception at directory_synced preserves the publication boundary and retry identity (192.087917ms)
✔ file journal: actual SIGKILL at directory_synced reopens a whole commit or no commit (283.9735ms)
✔ file journal: a reader and duplicate retry observe a whole published record while its writer is pending (231.057125ms)
✔ file journal: directory sync failure prevents reads and duplicate acknowledgements without rolling back publication (163.862209ms)
✔ file journal: listing retries the first record when publication follows its initial ENOENT (177.978417ms)
✔ file journal: checksum corruption blocks reads and subsequent commits without overwriting the damaged record (85.002125ms)
✔ file journal: an intact record checksum does not hide a broken previous-hash link (129.882958ms)
✔ file journal: deleting a middle revision rejects the incomplete prefix (185.8935ms)
✔ file journal: changing store identity is rejected by an open instance and by replay after reopening (84.580458ms)
✔ file journal: a missing format header does not initialize a populated store as empty (71.527583ms)
✔ file journal: existing root, work and record symlinks are rejected without following their contents (266.841333ms)
✔ file journal: group or other permissions on the root and records are rejected (172.020541ms)
✔ file journal: an observed root or work directory replacement cannot reset the open repository (177.899792ms)
✔ file journal: record size limits reject both publication and oversized persisted input (174.858208ms)
✔ file journal: closed instances reject every repository operation while reopening retains data (161.082958ms)
✔ file journal: revision zero is invalid layout and cannot be silently ignored (100.912542ms)
✔ sqlite: a memory-only service rejects an unsupported retained input in a nested source work (155.339167ms)
✔ sqlite: a memory tool cancels a blocked custody read before the source responds (170.389375ms)
✔ sqlite: custody-free reads keep their original I/O path and a W to M to W custody cycle remains finite (160.87925ms)
✔ sqlite: external K revise blocks direct, derived and cached M before W is refreshed (219.338291ms)
✔ sqlite: external K retract blocks direct, derived and cached M before W is refreshed (218.85375ms)
✔ sqlite: external K expire blocks direct, derived and cached M before W is refreshed (179.774ms)
✔ sqlite: external K generation blocks direct, derived and cached M before W is refreshed (217.121833ms)
✔ sqlite: a shared reader uses current M authority without impersonating its owner's private K actor (156.015666ms)
✔ sqlite: custody does not reconstruct an unconfirmed reviewer-only permission (191.775291ms)
✔ sqlite: custody entry and byte limits fail closed before reading unbounded knowledge records (1386.195ms)
✔ sqlite: a derivedFrom cycle remains invalid even when its work custody graph is finite (143.481667ms)
✔ sqlite: external memory changed during closure collection cannot survive the stable snapshot (171.125292ms)
✔ file-journal: a memory-only service rejects an unsupported retained input in a nested source work (1320.089041ms)
✔ file-journal: a memory tool cancels a blocked custody read before the source responds (914.028625ms)
✔ file-journal: custody-free reads keep their original I/O path and a W to M to W custody cycle remains finite (696.845042ms)
✔ file-journal: external K revise blocks direct, derived and cached M before W is refreshed (1655.058667ms)
✔ file-journal: external K retract blocks direct, derived and cached M before W is refreshed (1814.214708ms)
✔ file-journal: external K expire blocks direct, derived and cached M before W is refreshed (1764.930583ms)
✔ file-journal: external K generation blocks direct, derived and cached M before W is refreshed (1958.420583ms)
✔ file-journal: a shared reader uses current M authority without impersonating its owner's private K actor (1466.05325ms)
✔ file-journal: custody does not reconstruct an unconfirmed reviewer-only permission (448.688667ms)
✔ file-journal: custody entry and byte limits fail closed before reading unbounded knowledge records (640.162292ms)
✔ file-journal: a derivedFrom cycle remains invalid even when its work custody graph is finite (808.810834ms)
✔ file-journal: external memory changed during closure collection cannot survive the stable snapshot (832.792583ms)
✔ sqlite: same-work recall survives dispatch, receipt and unrelated revision bookkeeping (417.354083ms)
✔ sqlite: cross-work memory copy keeps custody across a goal change and blocks a prepared result after source deletion (774.54175ms)
✔ sqlite: source deletion after a cross-goal copied memory cancels a reserved effect before invocation (601.190916ms)
✔ sqlite: stored model input contains recalled bodies while hiding internal custody metadata (673.715541ms)
✔ sqlite: reopening without a knowledge validator blocks retained originals and reserved effects (583.021375ms)
✔ sqlite: deleting another work's source while adopt commit waits quarantines the copied evidence before return (551.787583ms)
✔ file-journal: same-work recall survives dispatch, receipt and unrelated revision bookkeeping (4286.005209ms)
✔ file-journal: cross-work memory copy keeps custody across a goal change and blocks a prepared result after source deletion (12187.657333ms)
✔ file-journal: source deletion after a cross-goal copied memory cancels a reserved effect before invocation (6670.196625ms)
✔ file-journal: stored model input contains recalled bodies while hiding internal custody metadata (6508.525708ms)
✔ file-journal: reopening without a knowledge validator blocks retained originals and reserved effects (3901.211875ms)
✔ file-journal: deleting another work's source while adopt commit waits quarantines the copied evidence before return (2981.862583ms)
✔ memory tools expose read cards, internal dependencies and schema-valid results (sqlite) (195.676083ms)
✔ memory tool authority intersects destination, caller and fresh trusted identity (sqlite) (194.656417ms)
✔ memory reads constrain IDs and searches to the current goal scope (sqlite) (170.7505ms)
✔ memory tools expose read cards, internal dependencies and schema-valid results (file-journal) (2054.164625ms)
✔ memory tool authority intersects destination, caller and fresh trusted identity (file-journal) (578.723666ms)
✔ memory reads constrain IDs and searches to the current goal scope (file-journal) (808.693041ms)
✔ memory tools report bounded references without bodies, including multibyte oversized references (160.862916ms)
✔ memory search distinguishes result truncation and index errors from complete absence (149.691292ms)
✔ memory tools discard a copied card when trusted-owner changes during a repository wait (145.324125ms)
✔ memory tools discard a copied card when work-owner changes during a repository wait (136.7215ms)
✔ memory tools discard a copied card when caller-labels changes during a repository wait (107.324834ms)
✔ memory tools discard a copied card when work-labels changes during a repository wait (142.877167ms)
✔ memory tools discard a copied card when goal changes during a repository wait (141.646334ms)
✔ memory tools discard a copied card when generation changes during a repository wait (163.198416ms)
✔ memory tools discard a copied card when cancel changes during a repository wait (101.06125ms)
✔ each fresh trusted actor lookup must match the work owner, including the final return check (99.361416ms)
✔ dependency validation uses current source, record and caller permissions without a stale service cache (163.980417ms)
✔ memory adapters do not mutate the caller policy and normalize invalid input and pre-abort (108.321959ms)
✔ knowledge exact lookup precedes index, Korean/English and conditional search use current sources (sqlite) (158.774916ms)
✔ knowledge exact lookup precedes index, Korean/English and conditional search use current sources (file-journal) (608.643333ms)
✔ private memory needs explicit submission and another reviewer of the exact content revision (205.928584ms)
✔ source retracted prevents direct, cached lexical and dependency reuse (169.669083ms)
✔ source restricted prevents direct, cached lexical and dependency reuse (161.003833ms)
✔ source deleted prevents direct, cached lexical and dependency reuse (126.812ms)
✔ source corrected prevents direct, cached lexical and dependency reuse (151.677125ms)
✔ source policy prevents direct, cached lexical and dependency reuse (124.655625ms)
✔ source generation prevents direct, cached lexical and dependency reuse (170.963875ms)
✔ ancestor changes and derived memories retain source identity without inflating independent provenance (181.574333ms)
✔ review CAS prevents a reviewed draft from being silently replaced or shared after editing (122.694834ms)
✔ source or actor changes while source reads wait cannot return stale memory content (132.932667ms)
✔ a delayed candidate cache fill rechecks namespace authority before returning cards or counts (157.118833ms)
✔ index errors remain distinct from absence and rebuild never resurrects deleted or expired content (136.024125ms)
✔ SQLite reopen retains memory, review, cursor and receipts; competing writers use revision CAS (132.093709ms)
✔ source and knowledge stores close and reopen with reviewed memory and index intact (166.914125ms)
✔ bounded results report truncation only after current visibility filtering (161.66775ms)
✔ deletion while a repeated source check waits is noticed before returning the memory card (110.949333ms)
✔ source deletion after the second source snapshot cannot return its old card (98.953333ms)
✔ batch dependency fences notice an earlier card source changing while a later card is checked (176.277833ms)
✔ retracted memory can subsequently be deleted while preserving the revision and idempotency rules (134.1705ms)
✔ a pruned limited search stays partial when an unread matching candidate remains (119.947083ms)
✔ unrelated work revisions preserve semantic dependencies while changed source content does not (134.376334ms)
✔ dependency contracts reject forged fields, unsafe revisions, malformed hashes and duplicate references (160.82675ms)
✔ continuously changing coherent-read revisions stop after a bounded number of fences (176.254959ms)
✔ local evaluation: 192 pinned cases retain two families, two stores, three modes and sixteen variants without duplicate IDs (14.937875ms)
✔ local evaluation sqlite/document_comparison: simple actual workflow and read-only replay preserve one model, one tool and one delivered answer (718.063958ms)
✔ local evaluation sqlite/observation_review: simple actual workflow and read-only replay preserve one model, one tool and one delivered answer (692.87525ms)
✔ local evaluation sqlite: complex original amendments change the hypothesis and require later model assessments (1722.88075ms)
✔ local evaluation sqlite: fast limits reject a complex plan without claiming goal completion or invoking its tool (842.017917ms)
✔ local evaluation sqlite: stored_model_resume actually crosses reopen with a received response and does not invoke it again (789.823792ms)
✔ local evaluation sqlite: stored_tool_resume actually crosses reopen with a received response and does not invoke it again (770.147834ms)
✔ local evaluation sqlite: forced compact is persisted before reopen and subsequent model calls assess later originals (1416.866459ms)
✔ local evaluation sqlite: next-day reply preserves a real wait interval with no model or tool entries (895.705125ms)
✔ local evaluation sqlite: status-only keeps its recorded state unchanged with no execution or transport (177.860625ms)
✔ local evaluation sqlite: source_missing reaches the intended failure boundary and stays incomplete (948.687ms)
✔ local evaluation sqlite: partial_result reaches the intended failure boundary and stays incomplete (1181.415875ms)
✔ local evaluation sqlite: tool_errors reaches the intended failure boundary and stays incomplete (782.523708ms)
✔ local evaluation sqlite: model_errors reaches the intended failure boundary and stays incomplete (1046.948625ms)
✔ local evaluation sqlite: permission_revoked reaches the intended failure boundary and stays incomplete (620.691291ms)
✔ local evaluation sqlite: cancellation occurs after model entry and preserves its reported usage without a tool or answer (461.2465ms)
✔ local evaluation sqlite: requested mode change is first pending during the entered call and later applied (644.418209ms)
✔ local evaluation sqlite: unknown result delivery produces lookup rather than a duplicate send or false completion (711.709875ms)
✔ local evaluation sqlite/document_comparison: late counterevidence is actually observed before final judgment (1609.931208ms)
✔ local evaluation sqlite/observation_review: late counterevidence is actually observed before final judgment (1863.119125ms)
✔ local evaluation file-journal/document_comparison: simple actual workflow and read-only replay preserve one model, one tool and one delivered answer (4725.029834ms)
✔ local evaluation file-journal/observation_review: simple actual workflow and read-only replay preserve one model, one tool and one delivered answer (3424.795542ms)
✔ local evaluation file-journal: complex original amendments change the hypothesis and require later model assessments (11719.706417ms)
✔ local evaluation file-journal: fast limits reject a complex plan without claiming goal completion or invoking its tool (8924.159041ms)
✔ local evaluation file-journal: stored_model_resume actually crosses reopen with a received response and does not invoke it again (5490.164916ms)
✔ local evaluation file-journal: stored_tool_resume actually crosses reopen with a received response and does not invoke it again (5215.801416ms)
✔ local evaluation file-journal: forced compact is persisted before reopen and subsequent model calls assess later originals (10803.019584ms)
✔ local evaluation file-journal: next-day reply preserves a real wait interval with no model or tool entries (8060.862208ms)
✔ local evaluation file-journal: status-only keeps its recorded state unchanged with no execution or transport (1036.037625ms)
✔ local evaluation file-journal: source_missing reaches the intended failure boundary and stays incomplete (8243.607833ms)
✔ local evaluation file-journal: partial_result reaches the intended failure boundary and stays incomplete (11279.4195ms)
✔ local evaluation file-journal: tool_errors reaches the intended failure boundary and stays incomplete (7328.07725ms)
✔ local evaluation file-journal: model_errors reaches the intended failure boundary and stays incomplete (8691.462ms)
✔ local evaluation file-journal: permission_revoked reaches the intended failure boundary and stays incomplete (3023.496041ms)
✔ local evaluation file-journal: cancellation occurs after model entry and preserves its reported usage without a tool or answer (966.267208ms)
✔ local evaluation file-journal: requested mode change is first pending during the entered call and later applied (1238.297666ms)
✔ local evaluation file-journal: unknown result delivery produces lookup rather than a duplicate send or false completion (1198.946958ms)
✔ local evaluation file-journal/document_comparison: late counterevidence is actually observed before final judgment (2921.1445ms)
✔ local evaluation file-journal/observation_review: late counterevidence is actually observed before final judgment (2669.397959ms)
✔ sqlite: local memory tools and workspace checkpoints remain usable after profile reopen (921.782333ms)
✔ sqlite: workspace initialization failure closes state, channel and knowledge stores (248.060209ms)
✔ file-journal: local memory tools and workspace checkpoints remain usable after profile reopen (6280.723334ms)
✔ file-journal: workspace initialization failure closes state, channel and knowledge stores (256.954542ms)
✔ composition without optional memory or workspace keeps the prior tool configuration usable (266.733958ms)
✔ profile close still closes databases after a workspace close failure (199.207625ms)
✔ sqlite: accepted work, request replay, and queries stay separate from fixture execution (689.251791ms)
✔ sqlite: document question is atomic, actionable, and does not interpret reply text (820.445292ms)
✔ sqlite: current ownership, route, and disclosure gates apply to reads and mutations (248.985292ms)
✔ sqlite: web attachment observes an existing CLI primary without re-sending or changing it (441.917542ms)
✔ sqlite: goal and mode commands preserve optimistic revisions and durable idempotency (568.932ms)
✔ sqlite: pause does not wait behind an active run and a replay cannot start another run (591.491208ms)
✔ sqlite: cancel does not wait behind an active run and a replay cannot start another run (339.308708ms)
✔ sqlite: an unfinished durable run is not repeated by the same request after restart (622.181583ms)
✔ sqlite: a goal changed while the old run intent is acknowledged never receives that run's plan (548.744416ms)
✔ sqlite: workflow entry rejects a stale pinned goal before recovery or execution (305.406125ms)
✔ sqlite: paged lists recheck every returned card and omit a card revoked while another is read (1020.191875ms)
✔ sqlite: at most four distinct works execute concurrently and draining admits no new mutations (1211.342708ms)
✔ file-journal: accepted work, request replay, and queries stay separate from fixture execution (4153.780917ms)
✔ file-journal: document question is atomic, actionable, and does not interpret reply text (5236.803083ms)
✔ file-journal: current ownership, route, and disclosure gates apply to reads and mutations (704.805584ms)
✔ file-journal: web attachment observes an existing CLI primary without re-sending or changing it (2787.17925ms)
✔ file-journal: goal and mode commands preserve optimistic revisions and durable idempotency (2602.480208ms)
✔ file-journal: pause does not wait behind an active run and a replay cannot start another run (2549.372375ms)
✔ file-journal: cancel does not wait behind an active run and a replay cannot start another run (1423.00025ms)
✔ file-journal: an unfinished durable run is not repeated by the same request after restart (2288.786334ms)
✔ file-journal: a goal changed while the old run intent is acknowledged never receives that run's plan (2220.832042ms)
✔ file-journal: workflow entry rejects a stale pinned goal before recovery or execution (496.160667ms)
✔ file-journal: paged lists recheck every returned card and omit a card revoked while another is read (14775.708417ms)
✔ file-journal: at most four distinct works execute concurrently and draining admits no new mutations (9583.269541ms)
✔ sqlite: MCP collection SIGKILL at intent resumes with a new owner and preserves the committed budget and items (1699.648667ms)
✔ sqlite: MCP collection SIGKILL at partial resumes with a new owner and preserves the committed budget and items (1378.251833ms)
✔ sqlite: MCP collection SIGKILL at page resumes with a new owner and preserves the committed budget and items (1378.079083ms)
✔ file-journal: MCP collection SIGKILL at intent resumes with a new owner and preserves the committed budget and items (11735.923209ms)
✔ file-journal: MCP collection SIGKILL at partial resumes with a new owner and preserves the committed budget and items (6512.157375ms)
✔ file-journal: MCP collection SIGKILL at page resumes with a new owner and preserves the committed budget and items (6729.372458ms)
✔ sqlite: MCP collection documents preserves individual raw pages and verifies offline (648.509542ms)
✔ sqlite: MCP collection documents resumes only partial items with original success unchanged (1182.548917ms)
✔ sqlite: MCP collection observations preserves individual raw pages and verifies offline (912.709208ms)
✔ sqlite: MCP collection observations resumes only partial items with original success unchanged (1561.882625ms)
✔ sqlite: MCP empty page is preserved and losing its original rejects the result (1154.832417ms)
✔ sqlite: MCP collection rejects snapshot-change after keeping its first page (818.489ms)
✔ sqlite: MCP collection rejects cursor-loop after keeping its first page (795.589291ms)
✔ sqlite: MCP error does not become EOF or automatic retry (847.253375ms)
✔ sqlite: MCP rate-limit does not become EOF or automatic retry (756.317417ms)
✔ sqlite: MCP accepted raw response substitution blocks parent resume before sending (532.432417ms)
✔ sqlite: MCP changed query cannot reuse a partial parent (569.620542ms)
✔ sqlite: MCP authority change before-send prevents page acceptance (247.307083ms)
✔ sqlite: MCP authority change after-reply prevents page acceptance (316.765083ms)
✔ file-journal: MCP collection documents preserves individual raw pages and verifies offline (2717.879625ms)
✔ file-journal: MCP collection documents resumes only partial items with original success unchanged (6553.043791ms)
✔ file-journal: MCP collection observations preserves individual raw pages and verifies offline (3567.88325ms)
✔ file-journal: MCP collection observations resumes only partial items with original success unchanged (12540.376042ms)
✔ file-journal: MCP empty page is preserved and losing its original rejects the result (6782.289667ms)
✔ file-journal: MCP collection rejects snapshot-change after keeping its first page (3850.333792ms)
✔ file-journal: MCP collection rejects cursor-loop after keeping its first page (4632.959375ms)
✔ file-journal: MCP error does not become EOF or automatic retry (4958.07175ms)
✔ file-journal: MCP rate-limit does not become EOF or automatic retry (3479.060417ms)
✔ file-journal: MCP accepted raw response substitution blocks parent resume before sending (3562.553542ms)
✔ file-journal: MCP changed query cannot reuse a partial parent (3973.124542ms)
✔ file-journal: MCP authority change before-send prevents page acceptance (1619.897875ms)
✔ file-journal: MCP authority change after-reply prevents page acceptance (1716.929458ms)
✔ sqlite: full documents coverage gates partial facts and survives exact-manifest resume and restoration (1596.411042ms)
✔ sqlite: full observations coverage gates partial facts and survives exact-manifest resume and restoration (1828.219584ms)
✔ file-journal: full documents coverage gates partial facts and survives exact-manifest resume and restoration (9856.385708ms)
✔ file-journal: full observations coverage gates partial facts and survives exact-manifest resume and restoration (11255.187ms)
✔ MCP coverage: successful EOF without an approved manifest cannot discharge the full-query condition (837.421625ms)
✔ MCP coverage: missing-raw invalidates completion, public result and delivery (599.254375ms)
✔ MCP coverage: wrong-summary invalidates completion, public result and delivery (733.356958ms)
✔ sqlite: SIGKILL at raw-receipt-complete settles the original response offline before explicit continuation (1044.234417ms)
✔ sqlite: SIGKILL at raw-receipt-nonfinal settles the original response offline before explicit continuation (1445.613041ms)
✔ sqlite: SIGKILL at raw-receipt-deferral settles the original response offline before explicit continuation (1582.270792ms)
✔ file-journal: SIGKILL at raw-receipt-complete settles the original response offline before explicit continuation (5834.322875ms)
✔ file-journal: SIGKILL at raw-receipt-nonfinal settles the original response offline before explicit continuation (6956.498541ms)
✔ file-journal: SIGKILL at raw-receipt-deferral settles the original response offline before explicit continuation (8208.484042ms)
✔ stored MCP response: missing-response cannot be silently treated as absent or retransmitted (586.99525ms)
✔ stored MCP response: changed-policy cannot be silently treated as absent or retransmitted (691.125458ms)
✔ stored MCP response: callback-replaced cannot be silently treated as absent or retransmitted (675.58325ms)
✔ stored MCP response: concurrent restorers commit one original-head settlement without additional budget (4350.45825ms)
✔ stored MCP response: next workflow step repairs a crash after expiration was committed (810.564834ms)
✔ sqlite: MCP family 0 stores an original, adopts facts and revalidates offline (362.245541ms)
✔ sqlite: MCP family 1 stores an original, adopts facts and revalidates offline (329.5615ms)
✔ sqlite: MCP partial records do not satisfy complete coverage (301.686083ms)
✔ sqlite: MCP error retains no result evidence (295.061ms)
✔ sqlite: MCP invalid retains no result evidence (289.057833ms)
✔ sqlite: MCP changed projected facts and different attempt proof are rejected (291.673167ms)
✔ sqlite: MCP raw body corruption prevents adoption after restart (274.049458ms)
✔ sqlite: MCP received result survives reopen and does not recall a stopped server (283.065833ms)
✔ sqlite: MCP request intent prevents a hidden second call for the same attempt (242.261375ms)
✔ sqlite: MCP repeated reads keep one independent source lineage (466.615083ms)
✔ sqlite: MCP pause during adapter wait blocks the wire call (175.642875ms)
✔ sqlite: MCP expand-labels during adapter wait blocks the wire call (181.383542ms)
✔ sqlite: MCP cancel after a real reply prevents raw publication and adoption (223.73325ms)
✔ sqlite: MCP restrict-labels after a real reply prevents raw publication and adoption (205.145208ms)
✔ file-journal: MCP family 0 stores an original, adopts facts and revalidates offline (1021.876875ms)
✔ file-journal: MCP family 1 stores an original, adopts facts and revalidates offline (951.937ms)
✔ file-journal: MCP partial records do not satisfy complete coverage (781.398125ms)
✔ file-journal: MCP error retains no result evidence (931.778375ms)
✔ file-journal: MCP invalid retains no result evidence (825.94225ms)
✔ file-journal: MCP changed projected facts and different attempt proof are rejected (795.622417ms)
✔ file-journal: MCP raw body corruption prevents adoption after restart (1120.021667ms)
✔ file-journal: MCP received result survives reopen and does not recall a stopped server (1004.918709ms)
✔ file-journal: MCP request intent prevents a hidden second call for the same attempt (742.934833ms)
✔ file-journal: MCP repeated reads keep one independent source lineage (1723.943625ms)
✔ file-journal: MCP pause during adapter wait blocks the wire call (613.775208ms)
✔ file-journal: MCP expand-labels during adapter wait blocks the wire call (404.953375ms)
✔ file-journal: MCP cancel after a real reply prevents raw publication and adoption (604.373208ms)
✔ file-journal: MCP restrict-labels after a real reply prevents raw publication and adoption (621.7545ms)
✔ sqlite: MCP whole wait survives SIGKILL and reopens without resetting its due time or consuming an early successor (1835.009292ms)
✔ sqlite: MCP item wait survives SIGKILL and reopens without resetting its due time or consuming an early successor (1910.53925ms)
✔ file-journal: MCP whole wait survives SIGKILL and reopens without resetting its due time or consuming an early successor (18999.343ms)
✔ file-journal: MCP item wait survives SIGKILL and reopens without resetting its due time or consuming an early successor (18137.814917ms)
✔ sqlite: MCP wait documents normal records retain lineage and bind the stored-response recovery contract (634.393084ms)
✔ sqlite: MCP whole wait documents binds fixed origin and protects its original error proof (560.444ms)
✔ sqlite: MCP item wait documents retries the unfinished item with original success unchanged (1190.220667ms)
✔ sqlite: MCP wait observations normal records retain lineage and bind the stored-response recovery contract (785.187125ms)
✔ sqlite: MCP whole wait observations binds fixed origin and protects its original error proof (612.843167ms)
✔ sqlite: MCP item wait observations retries the unfinished item with original success unchanged (1679.960666ms)
✔ file-journal: MCP wait documents normal records retain lineage and bind the stored-response recovery contract (3757.098084ms)
✔ file-journal: MCP whole wait documents binds fixed origin and protects its original error proof (3594.571625ms)
✔ file-journal: MCP item wait documents retries the unfinished item with original success unchanged (8416.146708ms)
✔ file-journal: MCP wait observations normal records retain lineage and bind the stored-response recovery contract (4963.738ms)
✔ file-journal: MCP whole wait observations binds fixed origin and protects its original error proof (3413.966458ms)
✔ file-journal: MCP item wait observations retries the unfinished item with original success unchanged (11602.14175ms)
✔ MCP wait rejects zero without inventing a retry barrier (500.658542ms)
✔ MCP wait rejects negative without inventing a retry barrier (492.828167ms)
✔ MCP wait rejects fraction without inventing a retry barrier (496.392709ms)
✔ MCP wait rejects string without inventing a retry barrier (514.790042ms)
✔ MCP wait rejects null without inventing a retry barrier (464.796083ms)
✔ MCP wait rejects over-limit without inventing a retry barrier (474.846833ms)
✔ MCP wait rejects unsafe without inventing a retry barrier (486.392875ms)
✔ MCP wait rejects missing without inventing a retry barrier (517.357167ms)
✔ MCP wait rejects wrong-request without inventing a retry barrier (533.347417ms)
✔ MCP wait rejects wrong-cursor without inventing a retry barrier (555.61ms)
✔ MCP wait rejects false-error without inventing a retry barrier (548.540333ms)
✔ MCP wait rejects success-hint without inventing a retry barrier (592.480666ms)
✔ MCP wait rejects forbidden-hint without inventing a retry barrier (533.03725ms)
✔ MCP wait rejects a second conflicting metadata hint after preserving one actual response (582.123542ms)
✔ MCP wait enforces the approved host delay cap even when the remote schema permits the value (580.932167ms)
✔ MCP wait original checkpoint rejects completed-phase before a fresh same-query reservation (588.18225ms)
✔ MCP wait original checkpoint rejects fake-successor before a fresh same-query reservation (3848.540667ms)
✔ MCP wait original checkpoint rejects missing-item-clock-and-query before a fresh same-query reservation (3456.379792ms)
✔ MCP client: invalid host process configuration is rejected without starting a child (2.230667ms)
✔ MCP client: real pinned stdio discovery and repeated reads each make one fresh call (121.166459ms)
✔ MCP client: staged paginated listing is bounded and only the approved subset can be called (98.826291ms)
✔ MCP client: partial, mismatched and cycling listings never publish a callable session (517.204875ms)
✔ MCP client: list change during discovery rejects the mixed view; explicit discovery can recover (107.731125ms)
✔ MCP client: caller mutation and rejected authorization cannot change the registered request (101.526ms)
✔ MCP client: cancellation while authorization is pending sends zero calls (93.179834ms)
✔ MCP client: active-call admission rejects overflow without invoking its authority callback (107.764584ms)
✔ MCP client: actual serialized request and oversized response are bounded (111.085958ms)
✔ MCP client: post-dispatch list change invalidates the result and never repeats the call (112.765458ms)
✔ MCP client: lost delayed response preserves sent uncertainty and releases the owned process (106.176667ms)
✔ MCP client: uncertain exit preserves a sent call and explicit concurrent close rechecks once (110.9865ms)
✔ MCP client: crashed peer requires explicit new discovery and old session is never revived (197.240292ms)
✔ MCP client: ambient default environment is blanked; only explicit host variables are forwarded (32.498084ms)
✔ cancel during input artifact read prevents transport invocation and releases the known unused token reservation (27.422125ms)
✔ goal during input artifact read prevents transport invocation and releases the known unused token reservation (8.243917ms)
✔ destination during input artifact read prevents transport invocation and releases the known unused token reservation (7.990833ms)
✔ labels during input artifact read prevents transport invocation and releases the known unused token reservation (6.132125ms)
✔ cancelling an active model sends its signal, yields promptly and settles late usage once without adopting the old plan (6.619084ms)
✔ input byte limit rejects before a durable reservation or transport call (3.651833ms)
✔ token budget rejects before a durable reservation or transport call (4.778292ms)
✔ model call budget rejects before a durable reservation or transport call (2.661833ms)
✔ model context capacity and destination policy reject input without invoking the planner (6.469084ms)
✔ concurrent reservations have one winner and duplicate execution performs one dispatch and one transport call (7.789416ms)
✔ a replacement owner waits for a reserved lease, then releases it and creates a fresh intent without repeating a transport call (8.783542ms)
✔ a recovered running lease retains uncertain cost and accepts only late accounting, never its expired plan (5.981667ms)
✔ a reply without usage keeps its reservation and prevents a further model call after rejection (5.366708ms)
✔ verified facts remain visible while hypothesis review prevents response readiness and preparation (29.646667ms)
✔ reserved, running and stored model replies cannot produce a result; accepted review resumes preparation (30.164625ms)
✔ pending model work suppresses question preparation while preserving existing obligation blockers (12.325084ms)
✔ an already prepared result is withheld during review and can be prepared again after accepted model assessment (17.290959ms)
✔ documents-simple: one model plan executes to completion with usage and no extra hypothesis call (47.089084ms)
✔ observations-simple: one model plan executes to completion with usage and no extra hypothesis call (18.4845ms)
✔ late counterevidence revises the hypothesis and only the changed graph consumes a replan (62.651ms)
✔ strict structured transport adapter feeds the same validator and execution loop without a provider SDK (10.422458ms)
✔ invalid or truncated responses cannot replace an executable plan or fabricate zero usage (6.6535ms)
✔ rejected model plans still charge exactly one call and preserve their raw response for an authorized read (7.337084ms)
✔ bookkeeping changes do not stale a response but goal and evidence changes do (11.105375ms)
✔ received model result resumes after SQLite and artifact reopen with no additional model call (396.300125ms)
✔ a new scope archives the old hypothesis in prior events and permits a fresh plan (14.67125ms)
✔ unsupported hypotheses and erased counterevidence are rejected without changing the current assessment (8.712167ms)
✔ validator feedback reaches the next model proposal and invalid plans never dispatch their tools (13.797083ms)
✔ permission revocation during reply storage preserves usage but never downgrades the model body (5.928583ms)
✔ sqlite/documents-simple: same model/tool/evidence/conversation workflow resumes on persistent state without a new model call for the stored reply (814.639458ms)
✔ sqlite/documents-complex: same model/tool/evidence/conversation workflow resumes on persistent state without a new model call for the stored reply (1682.519834ms)
✔ sqlite/observations-simple: same model/tool/evidence/conversation workflow resumes on persistent state without a new model call for the stored reply (803.895708ms)
✔ sqlite/observations-complex: same model/tool/evidence/conversation workflow resumes on persistent state without a new model call for the stored reply (1383.559625ms)
✔ file-journal/documents-simple: same model/tool/evidence/conversation workflow resumes on persistent state without a new model call for the stored reply (4961.234417ms)
✔ file-journal/documents-complex: same model/tool/evidence/conversation workflow resumes on persistent state without a new model call for the stored reply (9750.75975ms)
✔ file-journal/observations-simple: same model/tool/evidence/conversation workflow resumes on persistent state without a new model call for the stored reply (4829.312083ms)
✔ file-journal/observations-complex: same model/tool/evidence/conversation workflow resumes on persistent state without a new model call for the stored reply (7152.143ms)
✔ checkpoint record: empty paged root round-trips metadata once without raw reads (5.986125ms)
✔ checkpoint record: empty batch root round-trips metadata once without raw reads (1.681417ms)
✔ checkpoint record: multiple normal pages store references rather than repeating large bodies (10.127292ms)
✔ checkpoint record: partial batch resumes only unfinished items and preserves original successes (7.30025ms)
✔ checkpoint record: rejected source calls survive explicit resume and consume the operation call limit (1.3395ms)
✔ checkpoint record: a crashed intent becomes one unknown call and is never silently replayed (2.437917ms)
✔ checkpoint record: complete orphan resume performs no new page read or call (0.838292ms)
✔ read waits contract: only retryable unfinished items can advertise a bounded absolute barrier (0.762584ms)
✔ read waits record: deferral consumes a call but preserves the collection and requires its original response (2.330083ms)
✔ read waits record: parent claim and historical dispatch cannot move before the recorded barrier (3.606375ms)
✔ read waits record: item barriers use the maximum and a whole-call deferral cannot erase retained successes (3.746666ms)
✔ checkpoint record: explicit stop changes only stop metadata and appends its exact base reference (0.747958ms)
✔ checkpoint record: unchanged fields and inherited dependencies cannot be dropped from an intent (3.296917ms)
✔ checkpoint record: start rejects retained history, source artifacts, and non-root identity (0.607541ms)
✔ checkpoint record: intent, settlement, and resume reject invalid request identity or time transitions (1.125709ms)
✔ checkpoint record: wrong logical digest, wrong base, extra keys, and failed source reads are rejected (1.519875ms)
✔ checkpoint record: accepted encode defers new raw body, source-ref, and dependency authentication to decode (3.265875ms)
✔ checkpoint record: conflicting artifact metadata and dropped inherited references are never encoded (0.641875ms)
✔ checkpoint record: logical checkpoint and referenced response byte limits are enforced before source I/O (0.474584ms)
✔ checkpoint record: record schema rejects more than 16 MiB of otherwise bounded root metadata (61.863542ms)
✔ checkpoint store: real v2 start/intent/settle records load the logical v1 result and preserve original bytes (238.184083ms)
✔ checkpoint store: a legacy snapshot can anchor a v2 orphan resume without reissuing any raw page request (267.761625ms)
✔ checkpoint store: missing base is detected through the actual file adapter (172.718458ms)
✔ checkpoint store: tampered base is detected through the actual file adapter (223.11075ms)
✔ checkpoint store: missing raw is detected through the actual file adapter (196.860125ms)
✔ checkpoint store: tampered raw is detected through the actual file adapter (198.181125ms)
✔ checkpoint store: a base reference with tenant cannot use an otherwise readable head (290.627125ms)
✔ checkpoint store: a base reference with labels cannot use an otherwise readable head (296.124625ms)
✔ checkpoint store: a base reference with missing-index cannot use an otherwise readable head (209.687875ms)
✔ checkpoint store: a valid artifact hash cannot authenticate a forged logical digest (212.762666ms)
✔ checkpoint store: returned byte/page/checkpoint mutations cannot poison a reader cache (212.1725ms)
✔ checkpoint store: shared materialization rechecks every original and a new file instance decodes cold (189.076958ms)
✔ checkpoint store: shared materialization cannot hide a revoked or unindexed original (214.008333ms)
✔ checkpoint store: shared materialization evicts at 64-heads (3046.760625ms)
✔ checkpoint store: shared materialization evicts at 16-MiB-logical-bytes (453.844458ms)
✔ checkpoint store: eviction during a shared materialization await preserves the logical byte budget (547.21225ms)
✔ checkpoint store: an in-flight head mutation cannot seed a different artifact materialization (193.666417ms)
✔ checkpoint store: caller ref mutation cannot redirect cached-reference revalidation (252.860834ms)
✔ checkpoint store: policy snapshots and exact index entries cannot be widened or aliased by callers (260.053125ms)
✔ checkpoint store: cached originals require real exists checks and new readers cannot inherit a deleted source (231.879459ms)
✔ checkpoint store: raw source cache stays within 16 MiB and evicted sources are fetched again (492.696042ms)
✔ checkpoint store: cycles and oversized records are rejected before decoding any logical history (0.741833ms)
✔ checkpoint store: a record chain stops at 10000 records before requesting the next dependency (225.303875ms)
✔ checkpoint store: a record chain stops at 64 MiB without caching the entire traversal (53.558ms)
✔ checkpoint store: a materialized base retains its chain byte cost for the next event (70.017291ms)
✔ checkpoint store sqlite: a legacy committed root resumes through v2 records into an authenticated public result (520.606083ms)
✔ checkpoint store file-journal: a legacy committed root resumes through v2 records into an authenticated public result (3397.635125ms)
✔ read checkpoint sqlite: a complete checkpoint survives outer-result loss and resumes without another fetch (702.236666ms)
✔ read checkpoint sqlite: projection preserves original evidence and charges only the successor's raw response (1013.605208ms)
✔ read checkpoint sqlite: missing proof and altered payload are denied while ordinary failures remain valid (820.868208ms)
✔ read checkpoint sqlite: an indexed forged merged page cannot replace its accepted raw response (932.237375ms)
✔ read checkpoint sqlite: an unchanged original body cannot authorize a changed request identity (820.918792ms)
✔ read checkpoint sqlite: losing raw-response blocks result history and copied history (913.0075ms)
✔ read checkpoint sqlite: losing source-artifact blocks result history and copied history (844.690667ms)
✔ read checkpoint sqlite: severing the parent's exclusive successor claim rejects the child (751.098333ms)
✔ read checkpoint file-journal: a complete checkpoint survives outer-result loss and resumes without another fetch (3089.761459ms)
✔ read checkpoint file-journal: projection preserves original evidence and charges only the successor's raw response (5269.18875ms)
✔ read checkpoint file-journal: missing proof and altered payload are denied while ordinary failures remain valid (4802.466833ms)
✔ read checkpoint file-journal: an indexed forged merged page cannot replace its accepted raw response (3933.127459ms)
✔ read checkpoint file-journal: an unchanged original body cannot authorize a changed request identity (4916.021042ms)
✔ read checkpoint file-journal: losing raw-response blocks result history and copied history (5753.040958ms)
✔ read checkpoint file-journal: losing source-artifact blocks result history and copied history (6701.0435ms)
✔ read checkpoint file-journal: severing the parent's exclusive successor claim rejects the child (4853.67625ms)
✔ read collection context: only visible current goal and scope tips survive; complete unadopted tips remain resumable (4.304208ms)
✔ read collection context: the common packet removes denied head metadata from both execution and resume projections (2.854833ms)
✔ read collection context sqlite: five compactions and reopen retain partial resume metadata without page bodies (657.904375ms)
✔ read collection context sqlite: five compactions and reopen retain complete orphan resume metadata without page bodies (524.782208ms)
✔ read collection context file-journal: five compactions and reopen retain partial resume metadata without page bodies (2363.881542ms)
✔ read collection context file-journal: five compactions and reopen retain complete orphan resume metadata without page bodies (2848.806375ms)
✔ read collection context sqlite: lost derived frame regenerates while lost original raw response blocks context and recovery (539.853375ms)
✔ read collection context file-journal: lost derived frame regenerates while lost original raw response blocks context and recovery (1908.003458ms)
✔ read collection context sqlite: source gate rejects omitted, altered, and canonically inconsistent resume metadata (239.899875ms)
✔ read collection context file-journal: source gate rejects omitted, altered, and canonically inconsistent resume metadata (1271.951375ms)
✔ read collection context sqlite: resume metadata is mandatory input and cannot be evicted to satisfy a smaller byte budget (219.809375ms)
✔ read collection context file-journal: resume metadata is mandatory input and cannot be evicted to satisfy a smaller byte budget (820.152458ms)
✔ read collection context sqlite: source lifecycle change during checkpoint read prevents staged frame publication (218.791875ms)
✔ read collection context file-journal: source lifecycle change during checkpoint read prevents staged frame publication (625.122583ms)
✔ read collection context sqlite: contract change during derived resume put is checked before return (267.817875ms)
✔ read collection context sqlite: original change during derived resume put is checked before return (270.562083ms)
✔ read collection context file-journal: contract change during derived resume put is checked before return (1037.067375ms)
✔ read collection context file-journal: original change during derived resume put is checked before return (1063.260542ms)
✔ read collection context sqlite: completed adopted output retains original proof requirements after leaving the resume list (349.817625ms)
✔ read collection context file-journal: completed adopted output retains original proof requirements after leaving the resume list (1141.907792ms)
✔ read collection context sqlite: raw loss during frame staging suppresses completed adopted copies (279.047667ms)
✔ read collection context file-journal: raw loss during frame staging suppresses completed adopted copies (893.867333ms)
✔ collection I/O sqlite documents-simple: 4 pages retain semantics across reads, copying and reopening (1369.834584ms)
ℹ {"adapter":"sqlite","family":"documents-simple","pages":4,"sourceCalls":4,"resultSignature":"ca3cbf4a810188e565397de9b01c666596d3bfd519841b869c91c2e4ca1eaa0c","stages":[{"name":"collect","get":114,"exists":202,"put":14,"returnedBodyBytes":171997,"stateReads":210,"receipts":30,"commits":14,"physicalBodyBytes":485558},{"name":"checkpointRead","get":13,"exists":12,"put":0,"returnedBodyBytes":18362,"stateReads":5,"receipts":1,"commits":0,"physicalBodyBytes":35757},{"name":"callsGet","get":41,"exists":96,"put":1,"returnedBodyBytes":84792,"stateReads":45,"receipts":10,"commits":5,"physicalBodyBytes":314778},{"name":"contextPrepare","get":70,"exists":50,"put":1,"returnedBodyBytes":188989,"stateReads":37,"receipts":7,"commits":0,"physicalBodyBytes":288275},{"name":"reopenAndPrepare","get":83,"exists":62,"put":1,"returnedBodyBytes":207351,"stateReads":42,"receipts":8,"commits":0,"physicalBodyBytes":324032}]}
✔ collection I/O sqlite documents-simple: 8 pages retain semantics across reads, copying and reopening (2095.778209ms)
ℹ {"adapter":"sqlite","family":"documents-simple","pages":8,"sourceCalls":8,"resultSignature":"c223661cc27ac8f18d90094013769634188fab210c6fa1531b423635c1ef5c84","stages":[{"name":"collect","get":318,"exists":590,"put":26,"returnedBodyBytes":470387,"stateReads":354,"receipts":46,"commits":22,"physicalBodyBytes":1357149},{"name":"checkpointRead","get":25,"exists":24,"put":0,"returnedBodyBytes":35235,"stateReads":5,"receipts":1,"commits":0,"physicalBodyBytes":69502},{"name":"callsGet","get":77,"exists":180,"put":1,"returnedBodyBytes":162709,"stateReads":45,"receipts":10,"commits":5,"physicalBodyBytes":606344},{"name":"contextPrepare","get":130,"exists":98,"put":1,"returnedBodyBytes":354351,"stateReads":37,"receipts":7,"commits":0,"physicalBodyBytes":548423},{"name":"reopenAndPrepare","get":155,"exists":122,"put":1,"returnedBodyBytes":389586,"stateReads":42,"receipts":8,"commits":0,"physicalBodyBytes":617925}]}
✔ collection I/O sqlite documents-simple: 16 pages retain semantics across reads, copying and reopening (4356.9755ms)
ℹ {"adapter":"sqlite","family":"documents-simple","pages":16,"sourceCalls":16,"resultSignature":"ab9d2af3b8ec8ae6983b1b42f01fae55eaa9771ae3f0271537f2a91d7e4ef676","stages":[{"name":"collect","get":1014,"exists":1942,"put":50,"returnedBodyBytes":1473478,"stateReads":642,"receipts":78,"commits":38,"physicalBodyBytes":4319151},{"name":"checkpointRead","get":49,"exists":48,"put":0,"returnedBodyBytes":69080,"stateReads":5,"receipts":1,"commits":0,"physicalBodyBytes":137191},{"name":"callsGet","get":149,"exists":348,"put":1,"returnedBodyBytes":318994,"stateReads":45,"receipts":10,"commits":5,"physicalBodyBytes":1191167},{"name":"contextPrepare","get":250,"exists":194,"put":1,"returnedBodyBytes":686038,"stateReads":37,"receipts":7,"commits":0,"physicalBodyBytes":1070236},{"name":"reopenAndPrepare","get":299,"exists":242,"put":1,"returnedBodyBytes":755118,"stateReads":42,"receipts":8,"commits":0,"physicalBodyBytes":1207427}]}
✔ collection I/O sqlite observations-simple: 4 pages retain semantics across reads, copying and reopening (1218.608334ms)
ℹ {"adapter":"sqlite","family":"observations-simple","pages":4,"sourceCalls":4,"resultSignature":"a6a1b857443999b7a5f4b1945b1768f00b1f58af8a2d1b7fce08ea4816c57ae5","stages":[{"name":"collect","get":114,"exists":202,"put":14,"returnedBodyBytes":172551,"stateReads":210,"receipts":30,"commits":14,"physicalBodyBytes":487152},{"name":"checkpointRead","get":13,"exists":12,"put":0,"returnedBodyBytes":18412,"stateReads":5,"receipts":1,"commits":0,"physicalBodyBytes":35857},{"name":"callsGet","get":41,"exists":96,"put":1,"returnedBodyBytes":85070,"stateReads":45,"receipts":10,"commits":5,"physicalBodyBytes":315854},{"name":"contextPrepare","get":70,"exists":50,"put":1,"returnedBodyBytes":189654,"stateReads":37,"receipts":7,"commits":0,"physicalBodyBytes":289268},{"name":"reopenAndPrepare","get":83,"exists":62,"put":1,"returnedBodyBytes":208066,"stateReads":42,"receipts":8,"commits":0,"physicalBodyBytes":325125}]}
✔ collection I/O sqlite observations-simple: 8 pages retain semantics across reads, copying and reopening (2010.797083ms)
ℹ {"adapter":"sqlite","family":"observations-simple","pages":8,"sourceCalls":8,"resultSignature":"3e066d9f43cd916245766040a04be753e4d813303fafe0d6c5edfead4c0113c9","stages":[{"name":"collect","get":318,"exists":590,"put":26,"returnedBodyBytes":471661,"stateReads":354,"receipts":46,"commits":22,"physicalBodyBytes":1360871},{"name":"checkpointRead","get":25,"exists":24,"put":0,"returnedBodyBytes":35317,"stateReads":5,"receipts":1,"commits":0,"physicalBodyBytes":69666},{"name":"callsGet","get":77,"exists":180,"put":1,"returnedBodyBytes":163211,"stateReads":45,"receipts":10,"commits":5,"physicalBodyBytes":608316},{"name":"contextPrepare","get":130,"exists":98,"put":1,"returnedBodyBytes":355572,"stateReads":37,"receipts":7,"commits":0,"physicalBodyBytes":550228},{"name":"reopenAndPrepare","get":155,"exists":122,"put":1,"returnedBodyBytes":390889,"stateReads":42,"receipts":8,"commits":0,"physicalBodyBytes":619894}]}
✔ collection I/O sqlite observations-simple: 16 pages retain semantics across reads, copying and reopening (4020.289833ms)
ℹ {"adapter":"sqlite","family":"observations-simple","pages":16,"sourceCalls":16,"resultSignature":"efdaf769faccd802339a9b0a1fb7bb1c170d5d2cfcd84df6499f8eceb676f508","stages":[{"name":"collect","get":1014,"exists":1942,"put":50,"returnedBodyBytes":1476960,"stateReads":642,"receipts":78,"commits":38,"physicalBodyBytes":4329433},{"name":"checkpointRead","get":49,"exists":48,"put":0,"returnedBodyBytes":69226,"stateReads":5,"receipts":1,"commits":0,"physicalBodyBytes":137483},{"name":"callsGet","get":149,"exists":348,"put":1,"returnedBodyBytes":319944,"stateReads":45,"receipts":10,"commits":5,"physicalBodyBytes":1194931},{"name":"contextPrepare","get":250,"exists":194,"put":1,"returnedBodyBytes":688371,"stateReads":37,"receipts":7,"commits":0,"physicalBodyBytes":1073665},{"name":"reopenAndPrepare","get":299,"exists":242,"put":1,"returnedBodyBytes":757597,"stateReads":42,"receipts":8,"commits":0,"physicalBodyBytes":1211148}]}
✔ collection I/O file-journal documents-simple: 4 pages retain semantics across reads, copying and reopening (6208.46575ms)
ℹ {"adapter":"file-journal","family":"documents-simple","pages":4,"sourceCalls":4,"resultSignature":"ca3cbf4a810188e565397de9b01c666596d3bfd519841b869c91c2e4ca1eaa0c","stages":[{"name":"collect","get":114,"exists":202,"put":14,"returnedBodyBytes":171997,"stateReads":210,"receipts":30,"commits":14,"physicalBodyBytes":485558},{"name":"checkpointRead","get":13,"exists":12,"put":0,"returnedBodyBytes":18362,"stateReads":5,"receipts":1,"commits":0,"physicalBodyBytes":35757},{"name":"callsGet","get":41,"exists":96,"put":1,"returnedBodyBytes":84792,"stateReads":45,"receipts":10,"commits":5,"physicalBodyBytes":314778},{"name":"contextPrepare","get":70,"exists":50,"put":1,"returnedBodyBytes":188989,"stateReads":37,"receipts":7,"commits":0,"physicalBodyBytes":288275},{"name":"reopenAndPrepare","get":83,"exists":62,"put":1,"returnedBodyBytes":207351,"stateReads":42,"receipts":8,"commits":0,"physicalBodyBytes":324032}]}
✔ collection I/O file-journal documents-simple: 8 pages retain semantics across reads, copying and reopening (10334.8175ms)
ℹ {"adapter":"file-journal","family":"documents-simple","pages":8,"sourceCalls":8,"resultSignature":"c223661cc27ac8f18d90094013769634188fab210c6fa1531b423635c1ef5c84","stages":[{"name":"collect","get":318,"exists":590,"put":26,"returnedBodyBytes":470387,"stateReads":354,"receipts":46,"commits":22,"physicalBodyBytes":1357149},{"name":"checkpointRead","get":25,"exists":24,"put":0,"returnedBodyBytes":35235,"stateReads":5,"receipts":1,"commits":0,"physicalBodyBytes":69502},{"name":"callsGet","get":77,"exists":180,"put":1,"returnedBodyBytes":162709,"stateReads":45,"receipts":10,"commits":5,"physicalBodyBytes":606344},{"name":"contextPrepare","get":130,"exists":98,"put":1,"returnedBodyBytes":354351,"stateReads":37,"receipts":7,"commits":0,"physicalBodyBytes":548423},{"name":"reopenAndPrepare","get":155,"exists":122,"put":1,"returnedBodyBytes":389586,"stateReads":42,"receipts":8,"commits":0,"physicalBodyBytes":617925}]}
✔ collection I/O file-journal documents-simple: 16 pages retain semantics across reads, copying and reopening (16046.566042ms)
ℹ {"adapter":"file-journal","family":"documents-simple","pages":16,"sourceCalls":16,"resultSignature":"ab9d2af3b8ec8ae6983b1b42f01fae55eaa9771ae3f0271537f2a91d7e4ef676","stages":[{"name":"collect","get":1014,"exists":1942,"put":50,"returnedBodyBytes":1473478,"stateReads":642,"receipts":78,"commits":38,"physicalBodyBytes":4319151},{"name":"checkpointRead","get":49,"exists":48,"put":0,"returnedBodyBytes":69080,"stateReads":5,"receipts":1,"commits":0,"physicalBodyBytes":137191},{"name":"callsGet","get":149,"exists":348,"put":1,"returnedBodyBytes":318994,"stateReads":45,"receipts":10,"commits":5,"physicalBodyBytes":1191167},{"name":"contextPrepare","get":250,"exists":194,"put":1,"returnedBodyBytes":686038,"stateReads":37,"receipts":7,"commits":0,"physicalBodyBytes":1070236},{"name":"reopenAndPrepare","get":299,"exists":242,"put":1,"returnedBodyBytes":755118,"stateReads":42,"receipts":8,"commits":0,"physicalBodyBytes":1207427}]}
✔ collection I/O file-journal observations-simple: 4 pages retain semantics across reads, copying and reopening (6244.499625ms)
ℹ {"adapter":"file-journal","family":"observations-simple","pages":4,"sourceCalls":4,"resultSignature":"a6a1b857443999b7a5f4b1945b1768f00b1f58af8a2d1b7fce08ea4816c57ae5","stages":[{"name":"collect","get":114,"exists":202,"put":14,"returnedBodyBytes":172551,"stateReads":210,"receipts":30,"commits":14,"physicalBodyBytes":487152},{"name":"checkpointRead","get":13,"exists":12,"put":0,"returnedBodyBytes":18412,"stateReads":5,"receipts":1,"commits":0,"physicalBodyBytes":35857},{"name":"callsGet","get":41,"exists":96,"put":1,"returnedBodyBytes":85070,"stateReads":45,"receipts":10,"commits":5,"physicalBodyBytes":315854},{"name":"contextPrepare","get":70,"exists":50,"put":1,"returnedBodyBytes":189654,"stateReads":37,"receipts":7,"commits":0,"physicalBodyBytes":289268},{"name":"reopenAndPrepare","get":83,"exists":62,"put":1,"returnedBodyBytes":208066,"stateReads":42,"receipts":8,"commits":0,"physicalBodyBytes":325125}]}
✔ collection I/O file-journal observations-simple: 8 pages retain semantics across reads, copying and reopening (8519.504833ms)
ℹ {"adapter":"file-journal","family":"observations-simple","pages":8,"sourceCalls":8,"resultSignature":"3e066d9f43cd916245766040a04be753e4d813303fafe0d6c5edfead4c0113c9","stages":[{"name":"collect","get":318,"exists":590,"put":26,"returnedBodyBytes":471661,"stateReads":354,"receipts":46,"commits":22,"physicalBodyBytes":1360871},{"name":"checkpointRead","get":25,"exists":24,"put":0,"returnedBodyBytes":35317,"stateReads":5,"receipts":1,"commits":0,"physicalBodyBytes":69666},{"name":"callsGet","get":77,"exists":180,"put":1,"returnedBodyBytes":163211,"stateReads":45,"receipts":10,"commits":5,"physicalBodyBytes":608316},{"name":"contextPrepare","get":130,"exists":98,"put":1,"returnedBodyBytes":355572,"stateReads":37,"receipts":7,"commits":0,"physicalBodyBytes":550228},{"name":"reopenAndPrepare","get":155,"exists":122,"put":1,"returnedBodyBytes":390889,"stateReads":42,"receipts":8,"commits":0,"physicalBodyBytes":619894}]}
✔ collection I/O file-journal observations-simple: 16 pages retain semantics across reads, copying and reopening (6383.743625ms)
ℹ {"adapter":"file-journal","family":"observations-simple","pages":16,"sourceCalls":16,"resultSignature":"efdaf769faccd802339a9b0a1fb7bb1c170d5d2cfcd84df6499f8eceb676f508","stages":[{"name":"collect","get":1014,"exists":1942,"put":50,"returnedBodyBytes":1476960,"stateReads":642,"receipts":78,"commits":38,"physicalBodyBytes":4329433},{"name":"checkpointRead","get":49,"exists":48,"put":0,"returnedBodyBytes":69226,"stateReads":5,"receipts":1,"commits":0,"physicalBodyBytes":137483},{"name":"callsGet","get":149,"exists":348,"put":1,"returnedBodyBytes":319944,"stateReads":45,"receipts":10,"commits":5,"physicalBodyBytes":1194931},{"name":"contextPrepare","get":250,"exists":194,"put":1,"returnedBodyBytes":688371,"stateReads":37,"receipts":7,"commits":0,"physicalBodyBytes":1073665},{"name":"reopenAndPrepare","get":299,"exists":242,"put":1,"returnedBodyBytes":757597,"stateReads":42,"receipts":8,"commits":0,"physicalBodyBytes":1211148}]}
✔ read collection: bounded batch keeps original observations and input objects independent (4.98975ms)
✔ read collection: explicit retries request every unfinished key and advance only when the original page is complete (2.674167ms)
✔ read collection: extra cannot satisfy a trusted batch manifest (0.383333ms)
✔ read collection: missing cannot satisfy a trusted batch manifest (0.390542ms)
✔ read collection: wrong-digest cannot satisfy a trusted batch manifest (0.17525ms)
✔ read collection: duplicate-expected cannot satisfy a trusted batch manifest (0.122167ms)
✔ read collection: duplicate-item cannot satisfy a trusted batch manifest (0.110167ms)
✔ read collection: retry rejects successful-item instead of overwriting successful observations (0.437542ms)
✔ read collection: retry rejects missing-unfinished instead of overwriting successful observations (0.322167ms)
✔ read collection: retry rejects changed-digest instead of overwriting successful observations (0.397208ms)
✔ read collection: pending retry binds snapshot to its original source page (0.29675ms)
✔ read collection: pending retry binds cursor to its original source page (0.286167ms)
✔ read collection: pending retry binds nextCursor to its original source page (0.249584ms)
✔ read collection: pending retry binds totalItems to its original source page (0.212042ms)
✔ read collection: pending retry binds exhausted to its original source page (0.239375ms)
✔ read collection: pending retry binds requestId to its original source page (0.62875ms)
✔ read collection: an explicit retry cannot omit a key in the request or reuse the last request identity (0.258416ms)
✔ read collection: accepted request history survives replaced pending IDs and is checked on restore (0.455333ms)
✔ read collection: a nonretryable error preserves the pending observations but forbids resume (0.1335ms)
✔ read collection: retries consume the operation call limit without advancing page count (0.256042ms)
✔ read collection: declared totals count unique logical items and may become known on the final page (0.213792ms)
✔ read collection: a known total stays binding when a later response omits it (0.22125ms)
✔ read collection: repeated IDs cannot create another item even with a different digest (0.106958ms)
✔ read collection: cursor loops and snapshot changes are rejected across finalized pages (0.480959ms)
✔ read collection: empty pages may progress with new cursors and a complete empty collection is valid (0.147792ms)
✔ read collection: page, item and batch bounds stop further requests without truncation (0.214667ms)
✔ read collection: response and checkpoint limits use exact UTF-8 byte lengths (0.233959ms)
✔ read collection: each raw retry is byte-bounded while the merged logical page uses the checkpoint bound (0.320667ms)
✔ read collection: restored projection corruption is rejected before producing a request (0.197167ms)
✔ read collection: restored cursor-chain corruption is rejected before producing a request (0.142041ms)
✔ read collection: restored calls corruption is rejected before producing a request (0.145625ms)
✔ read collection: restored completed-pending corruption is rejected before producing a request (0.117834ms)
✔ read collection: restored manifest corruption is rejected before producing a request (0.135959ms)
✔ read collection: strict schemas reject false completion, fabricated not-run output and invalid budgets (0.541917ms)
✔ read collection: usage overflow and dependency overflow fail without dropping earlier accounting or custody (1.32675ms)
✔ durable collections sqlite: a process crash after intent becomes an unknown call on explicit resume (856.339583ms)
✔ durable collections sqlite: a batch retries only unfinished manifest items after reopening (726.534375ms)
✔ durable collections sqlite: source failures consume the persisted call budget across explicit retries (1020.120834ms)
✔ durable collections sqlite: a source that answers after cancellation cannot commit its late page (261.731583ms)
✔ durable collections sqlite: policy revocation while the source waits suppresses the response (329.901625ms)
✔ durable collections file-journal: a process crash after intent becomes an unknown call on explicit resume (3983.8575ms)
✔ durable collections file-journal: a batch retries only unfinished manifest items after reopening (3698.8075ms)
✔ durable collections file-journal: source failures consume the persisted call budget across explicit retries (8293.194042ms)
✔ durable collections file-journal: a source that answers after cancellation cannot commit its late page (1419.872209ms)
✔ durable collections file-journal: policy revocation while the source waits suppresses the response (1580.66125ms)
✔ durable collections: query cannot resume a checkpoint under a changed contract (534.209292ms)
✔ durable collections: fresh cannot resume a checkpoint under a changed contract (439.548417ms)
✔ durable collections: same-task-id cannot resume a checkpoint under a changed contract (378.213667ms)
✔ durable collections: policy cannot resume a checkpoint under a changed contract (362.944875ms)
✔ durable collections: goal cannot resume a checkpoint under a changed contract (594.964709ms)
✔ durable collections: generation cannot resume a checkpoint under a changed contract (475.271458ms)
✔ durable collections sqlite documents-simple: complete pages advance automatically and survive reopening (677.710125ms)
✔ durable collections sqlite documents-simple: partial stops until a new task explicitly resumes after reopening (1146.041833ms)
✔ durable collections sqlite observations-simple: complete pages advance automatically and survive reopening (783.921375ms)
✔ durable collections sqlite observations-simple: partial stops until a new task explicitly resumes after reopening (1307.581333ms)
✔ durable collections file-journal documents-simple: complete pages advance automatically and survive reopening (3645.218ms)
✔ durable collections file-journal documents-simple: partial stops until a new task explicitly resumes after reopening (7200.984833ms)
✔ durable collections file-journal observations-simple: complete pages advance automatically and survive reopening (3769.683125ms)
✔ durable collections file-journal observations-simple: partial stops until a new task explicitly resumes after reopening (6905.093125ms)
✔ collection coverage: an individually complete fact does not prove the required full query (3.773666ms)
✔ collection coverage: complete query is an additional gate and adds no independent evidence (0.197708ms)
✔ collection coverage: query mismatch cannot satisfy the requirement (0.14975ms)
✔ collection coverage: snapshot mismatch cannot satisfy the requirement (0.113208ms)
✔ collection coverage: goal mismatch cannot satisfy the requirement (0.125333ms)
✔ collection coverage: permission mismatch cannot satisfy the requirement (0.107333ms)
✔ collection coverage: unadopted mismatch cannot satisfy the requirement (0.109875ms)
✔ collection coverage: an earlier unknown read retains its history without negating a complete later manifest (0.114125ms)
✔ collection coverage: empty enumeration does not invent a business fact (0.135875ms)
✔ collection coverage: manifest validation rejects duplicates, mismatched keys and premature EOF even without a remote total (0.352083ms)
✔ read deferral proof: a pinned marker rejects callback removal without replacing the active provider (13.168541ms)
✔ read deferral proof: callback capture and detached authority inputs prevent adapter mutation from changing validation (6.576916ms)
✔ read deferral proof: same-definition replacement during async verification invalidates the in-flight claim (3.97875ms)
✔ read page proof: marker makes callback removal an atomic rejected provider refresh (17.37025ms)
✔ read page proof: source callback is captured and receives detached original task, request and page (8.514791ms)
✔ read page proof: same-version replacement during async validation invalidates its result (3.670375ms)
✔ read page proof: legacy serialization is unchanged and a marked source cannot omit its original (6.509541ms)
✔ read page proof sqlite: explicit resume verifies individual responses and keeps the earlier successful original (1002.087709ms)
✔ read page proof sqlite: a zero-item page retains its raw ref and raw loss blocks pending adoption (412.983875ms)
✔ read page proof sqlite: missing parent original prevents any resumed source request (506.723583ms)
✔ read page proof sqlite: authority after a source wait prevents input when work is paused (277.8335ms)
✔ read page proof sqlite: replacing the provider during the post-Broker checkpoint read blocks the old source (289.29525ms)
✔ read page proof sqlite: first-read originals stay in the final fence and loss after a callback is rejected (501.719ms)
✔ read page proof file-journal: explicit resume verifies individual responses and keeps the earlier successful original (6182.905792ms)
✔ read page proof file-journal: a zero-item page retains its raw ref and raw loss blocks pending adoption (2202.087333ms)
✔ read page proof file-journal: missing parent original prevents any resumed source request (3473.687125ms)
✔ read page proof file-journal: authority after a source wait prevents input when work is paused (1597.188834ms)
✔ read page proof file-journal: replacing the provider during the post-Broker checkpoint read blocks the old source (1725.739541ms)
✔ read page proof file-journal: first-read originals stay in the final fence and loss after a callback is rejected (2006.9095ms)
✔ read wait: an explicit successor stays queued before due and becomes eligible exactly at due (3.946833ms)
✔ read wait: a renamed fresh task cannot bypass the same work/query cooldown (0.297375ms)
✔ read wait: an independent query runs while the first task is waiting (0.244541ms)
✔ read wait: waiting prevents replanning even when no successor has been proposed (0.193291ms)
✔ read wait: clearing the wake projection or pausing does not reset the original retry time (0.198417ms)
✔ read wait: the work deadline wakes earlier than the retry time and then blocks input (0.168958ms)
✔ read wait: cancelled work stays cancelled and a new goal does not inherit old query waits (0.168333ms)
✔ read wait: a depleted collection call allowance never creates another early call (0.132458ms)
✔ state-based packet retains counterevidence, obligations and original references without raw history or a state mutation (32.161709ms)
✔ old and forged packets cannot reverse a goal change, cancellation or budget (9.62725ms)
✔ separate SQLite/artifact instances reconstruct packets and regenerate missing or corrupt derived blobs (251.21475ms)
✔ missing original is reported by id and cannot be hidden by a valid prior packet (5.258792ms)
✔ reconstruction rechecks a goal change committed while the packet is being saved (4.873042ms)
✔ snapshot retries mixed state/event/outbox revisions and rejects broken event history (4.688792ms)
✔ untrusted packet dimensions, tool revision changes and a foreign work packet never authorize reuse (7.597167ms)
✔ resume requires the work owner and full runtime view; revoked history is never relabelled (4.129292ms)
✔ packet size limit refuses the whole projection without dropping obligations or writing a partial packet (4.0675ms)
✔ model context restores task attempts and budget but excludes model ledger and delivery bodies (6.655041ms)
✔ model context cannot relabel a revoked attempt result reference under the current policy (10.42575ms)
✔ model context refuses assessment references whose evidence metadata is no longer permitted (3.793792ms)
✔ sqlite: text originals use one verified body read and no cross-call availability cache (241.852209ms)
ℹ {"adapter":"sqlite","operation":"original","name":"original","elapsedMs":1.1433329999999842,"artifactApi":{"get":{"calls":1,"requestedBodyBytes":1733,"returnedBodyBytes":1733,"failures":0},"exists":{"calls":0,"referencedBodyBytes":0,"available":0,"unavailable":0},"put":{"calls":0,"inputBodyBytes":0,"returnedReferenceBodyBytes":0,"failures":0}},"stateApi":{"get":4,"receipt":0,"commit":0,"events":0,"recentEventMetadata":0,"deliveries":0,"workIdsForConversation":0,"conversationWorkPage":0,"runnable":0,"close":0},"physical":{"getCalls":1,"existsCalls":0,"putCalls":0,"metadataReadOperations":1,"metadataReadBytes":237,"bodyReadOperations":1,"bodyReadBytes":1733,"hashCalls":1,"hashBytes":1733,"fileWrites":0,"metadataWriteBytes":0,"bodyWriteBytes":0,"readFailures":0,"verificationFailures":0,"deniedReads":0,"writeFailures":0}}
✔ sqlite: one result materialization deduplicates repeated originals and preserves a final real verification (256.6785ms)
ℹ {"adapter":"sqlite","operation":"result","name":"result","elapsedMs":3.46875,"artifactApi":{"get":{"calls":2,"requestedBodyBytes":6315,"returnedBodyBytes":6315,"failures":0},"exists":{"calls":1,"referencedBodyBytes":1733,"available":1,"unavailable":0},"put":{"calls":0,"inputBodyBytes":0,"returnedReferenceBodyBytes":0,"failures":0}},"stateApi":{"get":10,"receipt":1,"commit":0,"events":0,"recentEventMetadata":0,"deliveries":0,"workIdsForConversation":0,"conversationWorkPage":0,"runnable":0,"close":0},"physical":{"getCalls":2,"existsCalls":1,"putCalls":0,"metadataReadOperations":3,"metadataReadBytes":717,"bodyReadOperations":3,"bodyReadBytes":8048,"hashCalls":3,"hashBytes":8048,"fileWrites":0,"metadataWriteBytes":0,"bodyWriteBytes":0,"readFailures":0,"verificationFailures":0,"deniedReads":0,"writeFailures":0}}
✔ sqlite: a two-copy chain decodes and reads each dispatch once per materialization (458.193708ms)
ℹ {"adapter":"sqlite","operation":"copy-chain","name":"copy-chain","elapsedMs":4.159125000000017,"artifactApi":{"get":{"calls":4,"requestedBodyBytes":16962,"returnedBodyBytes":16962,"failures":0},"exists":{"calls":1,"referencedBodyBytes":1733,"available":1,"unavailable":0},"put":{"calls":0,"inputBodyBytes":0,"returnedReferenceBodyBytes":0,"failures":0}},"stateApi":{"get":10,"receipt":3,"commit":0,"events":0,"recentEventMetadata":0,"deliveries":0,"workIdsForConversation":0,"conversationWorkPage":0,"runnable":0,"close":0},"physical":{"getCalls":4,"existsCalls":1,"putCalls":0,"metadataReadOperations":5,"metadataReadBytes":1203,"bodyReadOperations":5,"bodyReadBytes":18695,"hashCalls":5,"hashBytes":18695,"fileWrites":0,"metadataWriteBytes":0,"bodyWriteBytes":0,"readFailures":0,"verificationFailures":0,"deniedReads":0,"writeFailures":0}}
✔ sqlite: context uses verified copy materialization without rereading its dispatch pair (469.788875ms)
ℹ {"adapter":"sqlite","operation":"context","name":"context","elapsedMs":63.55233299999986,"artifactApi":{"get":{"calls":9,"requestedBodyBytes":70896,"returnedBodyBytes":70896,"failures":0},"exists":{"calls":6,"referencedBodyBytes":20428,"available":6,"unavailable":0},"put":{"calls":1,"inputBodyBytes":37961,"returnedReferenceBodyBytes":37961,"failures":0}},"stateApi":{"get":34,"receipt":6,"commit":0,"events":1,"recentEventMetadata":0,"deliveries":0,"workIdsForConversation":0,"conversationWorkPage":0,"runnable":0,"close":0},"physical":{"getCalls":9,"existsCalls":7,"putCalls":1,"metadataReadOperations":15,"metadataReadBytes":3616,"bodyReadOperations":15,"bodyReadBytes":91324,"hashCalls":17,"hashBytes":129436,"fileWrites":2,"metadataWriteBytes":244,"bodyWriteBytes":37961,"readFailures":1,"verificationFailures":1,"deniedReads":0,"writeFailures":0}}
✔ sqlite: adapter argument mutation and returned metadata cannot change private reference snapshots (423.787791ms)
✔ sqlite: cached original is rejected if deleted during a later state read (165.9145ms)
✔ sqlite: cached original is rejected if corrupted during a later state read (194.019583ms)
✔ sqlite: context rechecks metadata-reused originals after its staging await (326.869ms)
✔ sqlite: context rechecks ordinary cached originals after staging without a calls.get copy (244.924917ms)
✔ sqlite: final cached-source check retains contract authority handling (212.778833ms)
✔ sqlite: final cached-source check retains policy authority handling (192.844125ms)
✔ sqlite: final cached-source check retains unrelated authority handling (203.22975ms)
✔ file-journal: text originals use one verified body read and no cross-call availability cache (673.58475ms)
ℹ {"adapter":"file-journal","operation":"original","name":"original","elapsedMs":17.6918340000002,"artifactApi":{"get":{"calls":1,"requestedBodyBytes":1733,"returnedBodyBytes":1733,"failures":0},"exists":{"calls":0,"referencedBodyBytes":0,"available":0,"unavailable":0},"put":{"calls":0,"inputBodyBytes":0,"returnedReferenceBodyBytes":0,"failures":0}},"stateApi":{"get":4,"receipt":0,"commit":0,"events":0,"recentEventMetadata":0,"deliveries":0,"workIdsForConversation":0,"conversationWorkPage":0,"runnable":0,"close":0},"physical":{"getCalls":1,"existsCalls":0,"putCalls":0,"metadataReadOperations":1,"metadataReadBytes":237,"bodyReadOperations":1,"bodyReadBytes":1733,"hashCalls":1,"hashBytes":1733,"fileWrites":0,"metadataWriteBytes":0,"bodyWriteBytes":0,"readFailures":0,"verificationFailures":0,"deniedReads":0,"writeFailures":0}}
✔ file-journal: one result materialization deduplicates repeated originals and preserves a final real verification (791.314708ms)
ℹ {"adapter":"file-journal","operation":"result","name":"result","elapsedMs":81.1610840000003,"artifactApi":{"get":{"calls":2,"requestedBodyBytes":6315,"returnedBodyBytes":6315,"failures":0},"exists":{"calls":1,"referencedBodyBytes":1733,"available":1,"unavailable":0},"put":{"calls":0,"inputBodyBytes":0,"returnedReferenceBodyBytes":0,"failures":0}},"stateApi":{"get":10,"receipt":1,"commit":0,"events":0,"recentEventMetadata":0,"deliveries":0,"workIdsForConversation":0,"conversationWorkPage":0,"runnable":0,"close":0},"physical":{"getCalls":2,"existsCalls":1,"putCalls":0,"metadataReadOperations":3,"metadataReadBytes":717,"bodyReadOperations":3,"bodyReadBytes":8048,"hashCalls":3,"hashBytes":8048,"fileWrites":0,"metadataWriteBytes":0,"bodyWriteBytes":0,"readFailures":0,"verificationFailures":0,"deniedReads":0,"writeFailures":0}}
✔ file-journal: a two-copy chain decodes and reads each dispatch once per materialization (2843.02075ms)
ℹ {"adapter":"file-journal","operation":"copy-chain","name":"copy-chain","elapsedMs":141.29266600000028,"artifactApi":{"get":{"calls":4,"requestedBodyBytes":16962,"returnedBodyBytes":16962,"failures":0},"exists":{"calls":1,"referencedBodyBytes":1733,"available":1,"unavailable":0},"put":{"calls":0,"inputBodyBytes":0,"returnedReferenceBodyBytes":0,"failures":0}},"stateApi":{"get":10,"receipt":3,"commit":0,"events":0,"recentEventMetadata":0,"deliveries":0,"workIdsForConversation":0,"conversationWorkPage":0,"runnable":0,"close":0},"physical":{"getCalls":4,"existsCalls":1,"putCalls":0,"metadataReadOperations":5,"metadataReadBytes":1203,"bodyReadOperations":5,"bodyReadBytes":18695,"hashCalls":5,"hashBytes":18695,"fileWrites":0,"metadataWriteBytes":0,"bodyWriteBytes":0,"readFailures":0,"verificationFailures":0,"deniedReads":0,"writeFailures":0}}
✔ file-journal: context uses verified copy materialization without rereading its dispatch pair (3266.961417ms)
ℹ {"adapter":"file-journal","operation":"context","name":"context","elapsedMs":634.3126250000005,"artifactApi":{"get":{"calls":9,"requestedBodyBytes":70896,"returnedBodyBytes":70896,"failures":0},"exists":{"calls":6,"referencedBodyBytes":20428,"available":6,"unavailable":0},"put":{"calls":1,"inputBodyBytes":37961,"returnedReferenceBodyBytes":37961,"failures":0}},"stateApi":{"get":34,"receipt":6,"commit":0,"events":1,"recentEventMetadata":0,"deliveries":0,"workIdsForConversation":0,"conversationWorkPage":0,"runnable":0,"close":0},"physical":{"getCalls":9,"existsCalls":7,"putCalls":1,"metadataReadOperations":15,"metadataReadBytes":3616,"bodyReadOperations":15,"bodyReadBytes":91324,"hashCalls":17,"hashBytes":129436,"fileWrites":2,"metadataWriteBytes":244,"bodyWriteBytes":37961,"readFailures":1,"verificationFailures":1,"deniedReads":0,"writeFailures":0}}
✔ file-journal: adapter argument mutation and returned metadata cannot change private reference snapshots (2688.72275ms)
✔ file-journal: cached original is rejected if deleted during a later state read (1053.964125ms)
✔ file-journal: cached original is rejected if corrupted during a later state read (993.904625ms)
✔ file-journal: context rechecks metadata-reused originals after its staging await (2150.578958ms)
✔ file-journal: context rechecks ordinary cached originals after staging without a calls.get copy (889.322583ms)
✔ file-journal: final cached-source check retains contract authority handling (855.179792ms)
✔ file-journal: final cached-source check retains policy authority handling (874.718792ms)
✔ file-journal: final cached-source check retains unrelated authority handling (877.825667ms)
✔ resource progress: legacy and paged catalog cards share a stable preparation key independent of query and cursor metadata (4.975958ms)
✔ resource progress: exact schema loading earns a distinct credit and also records discovery so reverse-order searches add none (1.506333ms)
✔ resource progress: forged, mismatched or denied tool metadata and too-large responses do not earn preparation credit (0.939333ms)
✔ resource progress: guidance listing metadata does not reset progress and exact body loading subsumes the card (1.173208ms)
✔ resource progress: guidance body credit requires permitted manifest, matching indexed original and canonical selection identity (2.729958ms)
✔ resource progress: empty results, history/evidence reads and arbitrary new artifacts cannot fabricate preparation (0.213917ms)
✔ resource progress: replayed, reused and unadopted resource results cannot earn a new preparation key (0.284708ms)
✔ resource progress sqlite/documents-simple: default no-progress policy allows discovery, schemas and guidance before the real source (563.666959ms)
✔ resource progress sqlite/observations-simple: default no-progress policy allows discovery, schemas and guidance before the real source (532.785416ms)
✔ resource progress sqlite: repeated identical catalog preparation stops after the first credit and three empty steps (351.8585ms)
✔ resource progress sqlite: repeated identical guidance preparation stops after the first credit and three empty steps (487.041167ms)
✔ resource progress sqlite: empty searches with different query and task IDs stop at the default limit (333.395667ms)
✔ resource progress file-journal/documents-simple: default no-progress policy allows discovery, schemas and guidance before the real source (3436.121ms)
✔ resource progress file-journal/observations-simple: default no-progress policy allows discovery, schemas and guidance before the real source (3924.979792ms)
✔ resource progress file-journal: repeated identical catalog preparation stops after the first credit and three empty steps (3360.069833ms)
✔ resource progress file-journal: repeated identical guidance preparation stops after the first credit and three empty steps (3072.488ms)
✔ resource progress file-journal: empty searches with different query and task IDs stop at the default limit (2487.447041ms)
✔ catalog filters before ranking, bounds cards, separates providers and loads only an exact schema (24.791166ms)
✔ registration snapshots reject namespace/duplicates and cannot be mutated through adapters or catalog results (6.410542ms)
✔ documents-simple: discovery and selected guidance share the execution ledger without adding evidence or permissions (44.055ms)
✔ observations-simple: discovery and selected guidance share the execution ledger without adding evidence or permissions (24.095917ms)
✔ simple direct lookup does not load optional guidance or run a hypothesis review (9.342292ms)
✔ method selection follows contradiction, independence and response needs without model calls (6.819292ms)
✔ guidance metadata/limits do not read bodies and wrong version, tenant or applicability are rejected (5.7085ms)
✔ evidence readers distinguish protected/missing, superseded and retracted records; limits preserve provenance (6.36ms)
✔ call result lookup stays historical after retraction and does not restore it to current evidence (8.3925ms)
✔ broker rejects calls without a committed dispatch or with another owner before reaching a tool (6.067708ms)
✔ in-flight output is not downgraded to a less restricted artifact when labels are revoked (7.895666ms)
✔ revocation after result storage settles without reading protected bytes or repeatedly getting stuck (6.248125ms)
✔ stored guidance and invocation results can be read after SQLite/artifact/source restart without source execution (344.477375ms)
✔ guidance source rejects altered content, path escape and symlink replacement (109.192ms)
✔ model-facing evidence and call readers use the common budget without reexecuting a source or completing a changed goal (20.715875ms)
✔ sqlite: one commit and reopen retain state, all ordered events, deliveries and historical receipts (90.761334ms)
✔ sqlite: duplicate and idempotency conflict precede revision conflict and preserve the first receipt (68.345417ms)
✔ sqlite: malformed commits leave all four collections unchanged, even on duplicate commands (106.39175ms)
✔ sqlite: caller mutations and mutable returned snapshots cannot rewrite persisted history (136.304583ms)
✔ sqlite: work, tenant, principal, channel and conversation identifiers remain separate (177.436083ms)
✔ sqlite: event cursors are exclusive and sequence numbers are local to each work (95.361833ms)
✔ sqlite: runnable respects exact deadline, obligation, tool and model recovery boundaries after reopen (388.621125ms)
✔ sqlite: two separate processes race on revision with exactly one atomic winning commit (148.14375ms)
✔ sqlite: two separate processes race on same-command with exactly one atomic winning commit (159.800834ms)
✔ sqlite: two separate processes race on different-digest with exactly one atomic winning commit (123.11525ms)
✔ sqlite: acknowledged commit survives SIGKILL without close and reopening replays its receipt without duplicate records (385.003208ms)
✔ file-journal: one commit and reopen retain state, all ordered events, deliveries and historical receipts (300.616167ms)
✔ file-journal: duplicate and idempotency conflict precede revision conflict and preserve the first receipt (299.458625ms)
✔ file-journal: malformed commits leave all four collections unchanged, even on duplicate commands (727.239667ms)
✔ file-journal: caller mutations and mutable returned snapshots cannot rewrite persisted history (289.110792ms)
✔ file-journal: work, tenant, principal, channel and conversation identifiers remain separate (945.983583ms)
✔ file-journal: event cursors are exclusive and sequence numbers are local to each work (304.513666ms)
✔ file-journal: runnable respects exact deadline, obligation, tool and model recovery boundaries after reopen (2595.914833ms)
✔ file-journal: two separate processes race on revision with exactly one atomic winning commit (241.794459ms)
✔ file-journal: two separate processes race on same-command with exactly one atomic winning commit (230.646375ms)
✔ file-journal: two separate processes race on different-digest with exactly one atomic winning commit (201.224292ms)
✔ file-journal: acknowledged commit survives SIGKILL without close and reopening replays its receipt without duplicate records (600.079167ms)
✔ sqlite: profile closes the opened state repository when channel initialization fails (74.8185ms)
✔ file-journal: profile closes the opened state repository when channel initialization fails (62.431625ms)
✔ sqlite/documents-simple: CLI persists backend choice across processes and prevents an accidental switch (1385.152333ms)
✔ sqlite/observations-simple: CLI persists backend choice across processes and prevents an accidental switch (1394.895916ms)
✔ file-journal/documents-simple: CLI persists backend choice across processes and prevents an accidental switch (4220.812459ms)
✔ file-journal/observations-simple: CLI persists backend choice across processes and prevents an accidental switch (4125.125833ms)
✔ legacy SQLite profile acquires metadata without losing its work or accepting a backend switch (532.968584ms)
✔ two processes choosing different backends create only one accepted profile (425.68525ms)
✔ invalid or linked profile metadata is rejected without opening a new backend (26.220084ms)
✔ memory: recent metadata is bounded at the requested revision and omits payloads without changing state (11.335209ms)
✔ memory: pages progress once per matching work across Unicode IDs and isolate the complete binding scope (7.223ms)
✔ memory: query limits, malformed cursors and empty repositories have a defined result (4.515792ms)
✔ sqlite: recent metadata is bounded at the requested revision and omits payloads without changing state (211.806041ms)
✔ sqlite: pages progress once per matching work across Unicode IDs and isolate the complete binding scope (223.905208ms)
✔ sqlite: query limits, malformed cursors and empty repositories have a defined result (70.8445ms)
✔ file-journal: recent metadata is bounded at the requested revision and omits payloads without changing state (478.564875ms)
✔ file-journal: pages progress once per matching work across Unicode IDs and isolate the complete binding scope (1340.509875ms)
✔ file-journal: query limits, malformed cursors and empty repositories have a defined result (45.743458ms)
✔ journal: each page inspects only its directory budget and a foreign-only page still advances (788.094166ms)
✔ journal: cold, warm and external append distinguish body hashing from parsed and replayed records (422.877917ms)
✔ journal: a warm query rejects same-length after caching the complete history (186.834291ms)
✔ journal: a warm query rejects middle-delete after caching the complete history (160.061709ms)
✔ journal: a warm query rejects tail-delete after caching the complete history (145.81475ms)
✔ journal: a warm query rejects replacement after caching the complete history (174.077375ms)
✔ journal: a warm query rejects symlink after caching the complete history (172.937ms)
✔ journal: a warm query rejects mode after caching the complete history (149.94475ms)
✔ journal: a warm query rejects header after caching the complete history (167.826708ms)
✔ journal: a warm read still fails when the directory durability fence fails (83.013625ms)
✔ journal: a normal pending-link cleanup during a warm read retries the entire record once (84.580541ms)
✔ journal: repeated record changes exhaust the bounded read retry and fail closed (78.442ms)
✔ journal: cache accounting includes historical receipt snapshots and eviction releases record identities (155.755583ms)
✔ journal: a delayed older commit acknowledgement cannot lower a newer observed head with caching disabled (130.136625ms)
✔ sqlite: transactional migration backfills query indexes and an already open legacy writer keeps them current (120.877542ms)
✔ sqlite: migration failure rolls back schema and leaves the legacy records unchanged (84.796417ms)
✔ sqlite: reopening an intermediate v2 store rebuilds stale indexes and replaces old triggers transactionally (74.144333ms)
✔ sqlite: a failed index write rolls back canonical state, events, receipt and binding changes together (69.863125ms)
✔ sqlite: bounded query SQL selects metadata and IDs without loading event or work bodies (44.910292ms)
✔ one atomic commit stores state, events, outbox and idempotency receipt (61.019834ms)
✔ injected failure between state and event writes rolls back every record (63.679083ms)
✔ waiting state and wake obligation survive process termination after commit (216.779ms)
✔ two independent processes cannot commit from the same stale revision (176.128375ms)
✔ structured planner accepts one strict JSON proposal and forwards identity, options and source-boundary instructions once (2.755583ms)
✔ configuration and request snapshots cannot be rewritten by caller or transport mutation (0.515416ms)
✔ input estimation includes the exact transport request and schema without invoking the transport or claiming measured usage (0.366667ms)
✔ input estimation uses the same policy and size gates as transport requests (0.565042ms)
✔ finish reasons remain distinct and never expose provider failure content or run hidden retries (0.652917ms)
✔ invalid JSON, schema, response fields and missing proposal fail without repair calls (0.959625ms)
✔ usage omission is unknown rather than zero; only independently valid safe integer fields survive invalid envelopes (1.122ms)
✔ provider and model identity mismatch cannot masquerade as the configured adapter (0.385ms)
✔ missing options, denied destinations and unauthorized tool schemas never reach the transport (0.435083ms)
✔ request and response limits use UTF-8 bytes and preserve valid usage on oversized responses (0.274042ms)
✔ transport exceptions become fixed errors with unknown usage and no implicit retry (0.175042ms)
✔ pre-call cancellation has no transport effect; late cancellation preserves returned usage without accepting a proposal (0.182708ms)
✔ abort-related transport rejection is cancellation with unmeasured usage (0.130042ms)
✔ invalid configurations fail with a fixed message before transport registration (0.129583ms)
✔ structured transport rejects incomplete observation pairs and reference bodies before invocation (1.753667ms)
✔ synthetic document inputs produce independently observed app facts and separate session/call usage (5.335583ms)
✔ every lease identity dimension is checked at input and a forged grant applies no input (1.110709ms)
✔ stale observation identity and focus are rejected with zero input (0.878083ms)
✔ current target uniqueness, ref, role, name, visibility and enabled state gate the actual target (0.623375ms)
✔ an expired delayed input cannot reach a new owner and old release cannot release the new lease (0.5235ms)
✔ human handoff interrupts pending input, invalidates old views and remains owned after agent release (0.306917ms)
✔ cancellation and shared deadline are rechecked after a driver delay without injecting late input (0.337833ms)
✔ wait observes late readiness using virtual condition changes and a single remaining deadline (0.931583ms)
✔ applied-but-unknown save retains its effect and exact operation replay never saves twice (0.52625ms)
✔ concurrent identical operations join while timeout injection and hook failure apply zero input (0.385333ms)
✔ bounded partial observations never expose omitted targets for action or silently exceed bytes (0.169917ms)
✔ durable synthetic contents and input counts survive reconstruction while leases and observations do not (133.520625ms)
✔ authority is required after delay and host hook, and focus is rechecked after asynchronous authorization (0.751083ms)
✔ synthetic fill accepts the shared 8192-character limit and rejects an oversized value before input (0.580875ms)
✔ synthetic receipts: applied and explicitly not-applied records are durable before response and lookup changes no app bytes (99.211542ms)
✔ synthetic receipts: applied-unknown and negative receipts remain queryable by their original epoch after restart (169.54725ms)
✔ synthetic receipts: missing identities and changed action, target, view or focus never inherit another receipt (2.972583ms)
✔ synthetic receipts: another work cannot read an original receipt even with a valid current session grant (0.863875ms)
✔ synthetic receipts: denied or missing read authority, cancelled signals and expired grants disclose no receipt (1.532875ms)
✔ synthetic receipts: cancellation, expiry and owner replacement during read authorization are checked again (1.485ms)
✔ synthetic receipts: a pending input lookup returns unknown without joining or executing the action (1.153583ms)
✔ synthetic receipts: legacy app contents migrate without inventing operation proofs from saved values or counts (43.288667ms)
✔ synthetic receipts: a full bounded ledger rejects new input, keeps old proofs and remains full after reopen (92.292834ms)
✔ synthetic receipts: a reopened full ledger cannot relabel an old applied command as not-applied (66.863125ms)
✔ synthetic receipts: hundreds of distinct refused operations keep diagnostics bounded and preserve the original proof (59.721958ms)
✔ synthetic receipts: pending operation memory caps authorization waits and retains the first response without duplicate input (134.184209ms)
✔ synthetic receipts: delayed concurrent operations cannot overfill a one-record ledger (34.721292ms)
✔ synthetic receipts: malformed, duplicate and oversized persisted receipt sets fail before replacing the file (93.887ms)
✔ synthetic receipts: an older instance cannot overwrite the newer epoch or its existing receipt file (62.951542ms)
✔ synthetic receipts: mutable lookup inputs and returned receipts cannot change the pinned identity or cached proof (0.419583ms)
✔ synthetic computer storage: reopening prevents the stale owner from publishing its old app as a fresh observation (64.839417ms)
✔ synthetic computer storage: stale delayed search interrupts waiters without throwing or overwriting the reopened file (155.590166ms)
✔ synthetic computer storage: lost directory-sync acknowledgement preserves an applied receipt while blocking new inputs (61.673208ms)
✔ sqlite: broker rechecks source knowledge after a real reuse lookup misses (256.780667ms)
✔ sqlite: legacy attempt rejects a destination replacement during beforeInvoke (115.592208ms)
✔ sqlite: legacy attempt rejects a labels replacement during beforeInvoke (116.3865ms)
✔ sqlite: legacy attempt rejects a effect replacement during beforeInvoke (123.478084ms)
✔ sqlite: legacy attempt rejects a destination replacement during reuse (116.780042ms)
✔ sqlite: legacy attempt rejects a labels replacement during reuse (104.951583ms)
✔ sqlite: legacy attempt rejects a effect replacement during reuse (101.957417ms)
✔ sqlite: an unchanged legacy attempt invokes once after asynchronous guards and a reuse miss (120.08325ms)
✔ file-journal: broker rechecks source knowledge after a real reuse lookup misses (684.734625ms)
✔ file-journal: legacy attempt rejects a destination replacement during beforeInvoke (639.129292ms)
✔ file-journal: legacy attempt rejects a labels replacement during beforeInvoke (513.388458ms)
✔ file-journal: legacy attempt rejects a effect replacement during beforeInvoke (415.863375ms)
✔ file-journal: legacy attempt rejects a destination replacement during reuse (440.211208ms)
✔ file-journal: legacy attempt rejects a labels replacement during reuse (519.618792ms)
✔ file-journal: legacy attempt rejects a effect replacement during reuse (551.261208ms)
✔ file-journal: an unchanged legacy attempt invokes once after asynchronous guards and a reuse miss (591.1655ms)
✔ provider pages become visible in one publication and keep unrelated providers (15.4265ms)
✔ only a complete empty provider listing retires that provider (6.199917ms)
✔ provider partial transport failure preserves the previously published snapshot (3.872375ms)
✔ provider mixed provider revisions preserves the previously published snapshot (4.096708ms)
✔ provider cross-page duplicate preserves the previously published snapshot (2.970334ms)
✔ provider pagination cycle preserves the previously published snapshot (2.692708ms)
✔ provider wrong provider namespace preserves the previously published snapshot (3.053584ms)
✔ provider invalid namespace definition preserves the previously published snapshot (2.8375ms)
✔ provider invalid JSON schema preserves the previously published snapshot (3.771916ms)
✔ provider missing completeness cursor preserves the previously published snapshot (2.886916ms)
✔ provider undeclared partial flag preserves the previously published snapshot (3.007042ms)
✔ provider page bound preserves the previously published snapshot (2.837125ms)
✔ provider tool bound preserves the previously published snapshot (2.954625ms)
✔ provider definition byte bound preserves the previously published snapshot (2.768125ms)
✔ provider pre-cancellation makes no listing call (2.834375ms)
✔ provider abort ends an ignored-signal wait and late listing cannot publish (2.399333ms)
✔ provider abort during schema compilation still prevents publication (2.389417ms)
✔ concurrent same-provider refresh refuses an older listing after a newer publication (3.447625ms)
✔ concurrent unrelated provider refreshes both publish without reverting each other (3.422333ms)
✔ provider staging snapshots metadata and callbacks before awaiting another page (4.098375ms)
✔ catalog cursor pages reach every permitted result after 20 without duplicate or missing cards (18.587542ms)
✔ catalog cursor replay returns the same cards while allowing a smaller per-page item limit (9.540917ms)
✔ catalog cursor is bound to current query (9.683917ms)
✔ catalog cursor is bound to current tenant (9.206625ms)
✔ catalog cursor is bound to current principal (8.742542ms)
✔ catalog cursor is bound to current tools (7.159542ms)
✔ catalog cursor is bound to current labels (6.682917ms)
✔ catalog cursor is bound to current destinations (5.856625ms)
✔ catalog cursor is bound to current writes (5.6455ms)
✔ catalog cursor rejects unpublished, stale, and restarted lookup state (12.435583ms)
✔ catalog cursor expires by injected clock and bounded index eviction requires a fresh search (7.381958ms)
✔ catalog applies permissions before rank, total page size, and hasMore (7.060458ms)
✔ catalog page budgets count Unicode and the entire response envelope (3.511167ms)
✔ catalog rejects invalid bounds and keeps punctuation-only search bounded and empty (5.048708ms)
✔ catalog reuses immutable definition digests across cursor pages and refreshes after registry replacement (11.068959ms)
✔ sqlite/documents-simple: durable reuse keeps evidence identity and charges source costs once after reopen (471.544417ms)
✔ sqlite/observations-simple: durable reuse keeps evidence identity and charges source costs once after reopen (384.220375ms)
✔ file-journal/documents-simple: durable reuse keeps evidence identity and charges source costs once after reopen (3874.321ms)
✔ file-journal/observations-simple: durable reuse keeps evidence identity and charges source costs once after reopen (3783.935791ms)
✔ sqlite: default deny and fresh request perform actual reads, unreported adapter costs stay unknown (423.049709ms)
✔ sqlite: TTL boundary makes a new read and adoption after expiry rejects an already-stored hit (477.791125ms)
✔ sqlite: a changed principal cannot reuse a result obtained under the old policy (225.155875ms)
✔ sqlite: contract changes before dispatch fail without invoking; unrelated registry changes keep a selected contract usable (273.743208ms)
✔ sqlite: a reuse clone cannot survive source custody removal in history, copies, or context (273.035875ms)
✔ sqlite: original artifact is rechecked at the adoption commit boundary (223.404167ms)
✔ sqlite: a dispatched call without a received measurement remains unknown after reopen (90.060458ms)
✔ sqlite: unsent cancellation and legacy reservation expiry do not create unknown execution costs (71.987875ms)
✔ sqlite: emitted observation source contracts are checked even when that tool schema is not selected (242.111458ms)
✔ sqlite: registry removal while a context frame is staged prevents returning the prepared input (225.594708ms)
✔ file-journal: default deny and fresh request perform actual reads, unreported adapter costs stay unknown (2203.243833ms)
✔ file-journal: TTL boundary makes a new read and adoption after expiry rejects an already-stored hit (2850.998917ms)
✔ file-journal: a changed principal cannot reuse a result obtained under the old policy (1442.903417ms)
✔ file-journal: contract changes before dispatch fail without invoking; unrelated registry changes keep a selected contract usable (1425.818583ms)
✔ file-journal: a reuse clone cannot survive source custody removal in history, copies, or context (1848.783625ms)
✔ file-journal: original artifact is rechecked at the adoption commit boundary (1732.700542ms)
✔ file-journal: a dispatched call without a received measurement remains unknown after reopen (319.940666ms)
✔ file-journal: unsent cancellation and legacy reservation expiry do not create unknown execution costs (151.100458ms)
✔ file-journal: emitted observation source contracts are checked even when that tool schema is not selected (1066.178167ms)
✔ file-journal: registry removal while a context frame is staged prevents returning the prepared input (319.971208ms)
✔ adapter-supplied reuse metadata cannot claim an invocation was avoided (97.940583ms)
✔ a write tool cannot declare reuse and changing freshness changes the immutable task digest (0.724ms)
✔ tool reuse: trusted immutable defaults reuse across task IDs while preserving exact original evidence, timing and nullable usage (47.212875ms)
✔ tool reuse: untrusted-default always misses (14.940584ms)
✔ tool reuse: untrusted-request always misses (13.028459ms)
✔ tool reuse: fresh always misses (14.537792ms)
✔ tool reuse: TTL begins at original start, expires at the exact boundary, and is rechecked before adoption (14.3095ms)
✔ tool reuse: retracted source evidence is never reused (13.858416ms)
✔ tool reuse: deleted source evidence is never reused (15.78575ms)
✔ tool reuse: restricted source evidence is never reused (13.497958ms)
✔ tool reuse: corrected source evidence is never reused (11.250334ms)
✔ tool reuse: superseded source evidence is never reused (12.682666ms)
✔ tool reuse: missing source evidence is never reused (10.273667ms)
✔ tool reuse: contract-stamp original attempt cannot establish a cache hit (8.4595ms)
✔ tool reuse: execution-proof original attempt cannot establish a cache hit (8.394667ms)
✔ tool reuse: reused original attempt cannot establish a cache hit (7.907917ms)
✔ tool reuse: not-invoked original attempt cannot establish a cache hit (7.211583ms)
✔ tool reuse: partial original attempt cannot establish a cache hit (7.791042ms)
✔ tool reuse: unknown original attempt cannot establish a cache hit (7.000334ms)
✔ tool reuse: unadopted original attempt cannot establish a cache hit (6.553209ms)
✔ tool reuse: future original attempt cannot establish a cache hit (6.524916ms)
✔ tool reuse: full goal context changes invalidate the old key (7.004167ms)
✔ tool reuse: full goal-revision context changes invalidate the old key (6.883ms)
✔ tool reuse: full scope context changes invalidate the old key (6.145208ms)
✔ tool reuse: full owner context changes invalidate the old key (6.319708ms)
✔ tool reuse: full labels context changes invalidate the old key (6.8165ms)
✔ tool reuse: full permission context changes invalidate the old key (6.709875ms)
✔ tool reuse: changed immutable sourceVersion or schema under the same tool version invalidates pinned contracts (10.728583ms)
✔ tool reuse: a different canonical input under the same trusted definition is a cache miss (8.088333ms)
✔ tool reuse: parent retraction invalidates an unchanged derived evidence payload (9.558625ms)
✔ tool reuse: missing or damaged original bytes and oversized results are conservative misses (14.495542ms)
✔ tool reuse: a partial canonical result is not an original complete observation (8.757416ms)
✔ tool reuse: a cursor canonical result is not an original complete observation (8.413459ms)
✔ tool reuse: a reused canonical result is not an original complete observation (8.1285ms)
✔ tool reuse: a identity canonical result is not an original complete observation (7.982584ms)
✔ tool reuse: forged payloads, evidence timing, consumer identity, source stamps and accounting reports fail validation (12.8825ms)
✔ tool reuse: current source knowledge must validate and travels with the reused result (9.811ms)
✔ tool reuse: source authority changes while canonical receipt lookup waits prevent a stale hit (7.710917ms)
✔ tool reuse: find-remove during the final state read invalidates the registry pin (8.352166ms)
✔ tool reuse: validate-source-version during the final state read invalidates the registry pin (9.249375ms)
✔ tool reuse: validate-labels during the final state read invalidates the registry pin (8.79125ms)
✔ tool result validation: proof requirement is part of the contract and missing callbacks reject registration atomically (14.346459ms)
✔ tool result validation: assigning new fields or callback on the original adapter cannot alter a registered proof (8.653292ms)
✔ tool result validation: provider callback receives detached state and result values (4.433ms)
✔ tool result validation: same-version replacement while awaiting a proof invalidates the pending answer (3.49775ms)
✔ tool result validation: removal or unrelated provider refresh has the correct registration scope (6.385875ms)
✔ tool result validation: legacy tools retain optional validation and rejected or malformed proofs fail closed (12.930875ms)
✔ Web HTTP → stored workflow → restart is readonly (sqlite) (995.277583ms)
✔ Web HTTP → stored workflow → restart is readonly (file-journal) (6618.017125ms)
✔ web session is one-time, per-instance, HttpOnly; reload and static reads never execute (35.893333ms)
✔ web Host, Origin, Fetch Metadata, CSRF and strict JSON reject before controller entry (13.080167ms)
✔ web exact assets, methods and cursor options do not expose files or internal errors (14.758375ms)
✔ web session expiry during body blocks mutation entry, logout blocks late view payload (27.28375ms)
✔ web bootstrap expires and authenticated request rate has a finite window (328.662125ms)
✔ web SSE emits projection changes at same revision, reconnect is readonly, denial closes (3036.033ms)
✔ web SSE session revocation, stream cap and lifetime release resources (36.848417ms)
✔ closed SSE keeps physical read slots until completion; reconnect cannot create unbounded reads (374.931542ms)
✔ web pending run permits independent cancel and disconnect does not call cancel (14.963625ms)
✔ browser view: same-revision source invalidation replaces a result without sorting opaque cursors (0.801542ms)
✔ browser view: unavailable invalidates pending details and unchanged cannot resurrect revoked content (0.116167ms)
✔ browser view: an accepted conversation refresh invalidates an older in-flight detail response (0.078166ms)
✔ browser view: work identity, level, revision and goal version cannot be mixed or reversed (0.077167ms)
✔ browser view: repeated message identities update in place while new goal versions have distinct identities (0.102875ms)
✔ browser view: snapshots clone data and invalidate other levels without mutating the previous view (0.082667ms)
✔ browser view: state and cursors remain isolated across two selected works (0.058875ms)
✔ browser view: history readers are not treated as pinned to the end of a scroll region (0.03675ms)
✔ browser reads: serialization starts the next request only after the prior read completes (0.136459ms)
✔ browser reads: unavailability discards already-queued old reads and a new selection has its own queue epoch (0.116833ms)
✔ browser reads: a failed read does not permanently block later explicit reads (0.195292ms)
✔ browser stream: unchanged events make no reads and a burst of changes has at most one follow-up read (0.125041ms)
✔ browser stream: an invalidated stream cannot start its queued follow-up refresh (0.409875ms)
✔ browser stream: delayed change notifications only read the current same-revision source state (0.144875ms)
✔ browser acceptance: a lost response keeps the same receipt identity for an explicit retry (0.073625ms)
✔ browser acceptance: the same receipt after a lost response produces one work in a receipt-based fake receiver (0.039667ms)
✔ browser status: stored completion is distinct from a currently invalidated result (0.026541ms)
✔ browser goal editing: changing only the description preserves the current fast mode over the original goal mode (0.093917ms)
✔ browser goal editing: a pending requested mode is preserved and its control revision is pinned (0.033792ms)
✔ browser goal editing: a control, goal or work change rejects submission without changing the input draft (0.100542ms)
✔ browser goal editing: an explicit refreshed basis retains user edits and adopts the latest requested mode (0.049125ms)
✔ progress runtime sqlite: renamed tasks share failure history and backoff survives workflow runs and reopening (466.839ms)
✔ progress runtime sqlite: replanning cannot extend the first semantic request retry deadline (277.212084ms)
✔ progress runtime sqlite: successful empty results still stall and mode, compact, resume and reopening cannot erase that state (432.96ms)
✔ progress runtime sqlite: a stored tool result settles atomically before allocation gates and verified completion still wins (192.985083ms)
✔ progress runtime sqlite: a stored model reply settles after reopening even when new allocations are blocked (228.009167ms)
✔ progress runtime sqlite: repeated invalid model proposals preserve one failure key and persist model backoff (750.688542ms)
✔ progress runtime sqlite: a new goal starts a new streak while preserving usage, processed history and failure deadlines (163.1415ms)
✔ progress runtime sqlite: an unknown synthetic write remains an obligation ahead of a no-progress allocation stop (253.969834ms)
✔ progress runtime file-journal: renamed tasks share failure history and backoff survives workflow runs and reopening (3404.553ms)
✔ progress runtime file-journal: replanning cannot extend the first semantic request retry deadline (2189.443167ms)
✔ progress runtime file-journal: successful empty results still stall and mode, compact, resume and reopening cannot erase that state (2973.42225ms)
✔ progress runtime file-journal: a stored tool result settles atomically before allocation gates and verified completion still wins (1404.256292ms)
✔ progress runtime file-journal: a stored model reply settles after reopening even when new allocations are blocked (1211.567875ms)
✔ progress runtime file-journal: repeated invalid model proposals preserve one failure key and persist model backoff (4424.990083ms)
✔ progress runtime file-journal: a new goal starts a new streak while preserving usage, processed history and failure deadlines (700.148208ms)
✔ progress runtime file-journal: an unknown synthetic write remains an obligation ahead of a no-progress allocation stop (927.821167ms)
✔ progress: a unique committed operation contributes once and returned state has no mutable aliases (0.845125ms)
✔ progress: permutations, repeated known keys and new operation IDs cannot fabricate productive steps (1.285375ms)
✔ progress: explicit goal epochs reset only the current streak and preserve deduplication and the original retry window (0.268417ms)
✔ progress: processed capacity saturates without evicting prior records or resetting on a new goal (0.131417ms)
✔ progress: knownKeys capacity saturates without evicting prior records or resetting on a new goal (0.085584ms)
✔ progress: repeated failures retain their first deadline and use the current backoff without extending the retry window (0.388042ms)
✔ progress: retry gate respects the work deadline and specific repeated-failure limits (0.156042ms)
✔ progress: policies remain pinned and invalid counters, times, keys or schema fields fail closed (0.511042ms)
✔ capture: a new negative observation is productive while aliases, timestamps and duplicate originals are not (2.505583ms)
✔ capture: changed facts, coverage and an authenticated original version can each carry new information (0.454916ms)
✔ capture: derived copies do not add progress or independent completion credit (0.534917ms)
✔ capture: tenant evidence cannot earn progress (0.188209ms)
✔ capture: scope evidence cannot earn progress (0.129167ms)
✔ capture: labels evidence cannot earn progress (0.116708ms)
✔ capture: retracted evidence cannot earn progress (0.0945ms)
✔ capture: deleted evidence cannot earn progress (0.09275ms)
✔ capture: blocked-artifact evidence cannot earn progress (0.13375ms)
✔ capture: a hypothesis assessment is credited once per semantic evidence basis, not per hypothesis text or evidence ID (0.367208ms)
✔ capture: no evidence or a stale hypothesis assessment earns a fresh reasoning credit (0.140708ms)
✔ capture: only satisfied obligations contribute and identity or explanation rewrites cannot repeat the credit (0.145042ms)
✔ capture: plan, task, revision, mode, usage and replay changes cannot reset a stalled work (0.146166ms)
✔ capture: trusted explicit item progress and returned state copies follow the same deduplication contract (0.083625ms)
✔ progress sqlite: reopen and duplicate commit preserve settlement counts and the first retry deadline (99.949875ms)
✔ progress file-journal: reopen and duplicate commit preserve settlement counts and the first retry deadline (134.593417ms)
✔ sqlite: page options cannot replace the trusted actor or conversation route (237.553916ms)
✔ sqlite: diagnostics uses metadata through the current revision and never requests full event payloads (327.030375ms)
✔ sqlite: a denied-only list page stops after one candidate page and continues after a detached anchor (1229.907084ms)
✔ sqlite: list cursor handles expire, stay instance scoped, and are evicted without resolving all IDs (146.821708ms)
✔ file-journal: page options cannot replace the trusted actor or conversation route (443.497042ms)
✔ file-journal: diagnostics uses metadata through the current revision and never requests full event payloads (541.374208ms)
✔ file-journal: a denied-only list page stops after one candidate page and continues after a detached anchor (16797.171ms)
✔ file-journal: list cursor handles expire, stay instance scoped, and are evicted without resolving all IDs (96.408584ms)
✔ sqlite: public CLI cursor survives process reconnect without executing or changing the work (2037.713667ms)
✔ sqlite: public CLI binds reconnect to the registered conversation and keeps the primary reply route (2317.55125ms)
✔ sqlite: delivered results disappear from the current CLI view after a goal change and explicit cancel (2112.966042ms)
✔ file-journal: public CLI cursor survives process reconnect without executing or changing the work (2782.855583ms)
✔ file-journal: public CLI binds reconnect to the registered conversation and keeps the primary reply route (3342.89225ms)
✔ file-journal: delivered results disappear from the current CLI view after a goal change and explicit cancel (4580.711ms)
✔ public CLI rejects ambiguous view flags without printing a success response (541.227208ms)
✔ human work view labels prepared outputs and never turns unknown delivery into delivered or read (0.478125ms)
✔ human work view keeps stored completion separate from a currently invalid result (0.085584ms)
✔ human work view strips terminal controls and gives a bounded status reason without replaying diagnostics (0.108041ms)
✔ human work view makes observing another reply route explicit and keeps unchanged output quiet (0.561917ms)
✔ sqlite: empty accepted work reads and reopens without executing, writing, or sending (93.422167ms)
✔ sqlite: ownership, exact route, current read restriction, and diagnostics are distinct checks (74.551833ms)
✔ sqlite: legacy read labels also protect retained text (44.916083ms)
✔ sqlite: cursors bind level, route, actor rights, and work without moving the primary reply (72.903875ms)
✔ sqlite: verified prepared results remain distinct from pending and unknown delivery (171.183666ms)
✔ sqlite: missing source and corrupt response withhold a same-revision result before cursor matching (87.588167ms)
✔ sqlite: originals, goals, cancellation, and hypothesis review invalidate historical replies (134.202416ms)
✔ sqlite: only the current pending question is displayed and resolved questions disappear (87.104833ms)
✔ sqlite: losing a separate hypothesis basis withholds the result consistently at every view level (95.672584ms)
✔ sqlite: a derived evidence card requires every original ancestor to remain available (87.8685ms)
✔ sqlite: knowledge changes reject current and repeated reads without refreshing state (81.320166ms)
✔ sqlite: revocation during artifact reads or final state checks prevents unchanged and snapshots (136.563125ms)
✔ sqlite: a disappearing original during projection is revalidated before returning a cached cursor (104.626334ms)
✔ sqlite: detail and diagnostic cards are bounded and omit raw inputs, outputs, event payloads, and controls (110.215625ms)
✔ file-journal: empty accepted work reads and reopens without executing, writing, or sending (392.909375ms)
✔ file-journal: ownership, exact route, current read restriction, and diagnostics are distinct checks (525.0235ms)
✔ file-journal: legacy read labels also protect retained text (233.781ms)
✔ file-journal: cursors bind level, route, actor rights, and work without moving the primary reply (505.131875ms)
✔ file-journal: verified prepared results remain distinct from pending and unknown delivery (1820.89825ms)
✔ file-journal: missing source and corrupt response withhold a same-revision result before cursor matching (424.185ms)
✔ file-journal: originals, goals, cancellation, and hypothesis review invalidate historical replies (629.802875ms)
✔ file-journal: only the current pending question is displayed and resolved questions disappear (438.896834ms)
✔ file-journal: losing a separate hypothesis basis withholds the result consistently at every view level (807.767791ms)
✔ file-journal: a derived evidence card requires every original ancestor to remain available (421.831667ms)
✔ file-journal: knowledge changes reject current and repeated reads without refreshing state (373.948292ms)
✔ file-journal: revocation during artifact reads or final state checks prevents unchanged and snapshots (615.936833ms)
✔ file-journal: a disappearing original during projection is revalidated before returning a cached cursor (512.141041ms)
✔ file-journal: detail and diagnostic cards are bounded and omit raw inputs, outputs, event payloads, and controls (808.098584ms)
✔ sqlite/documents-simple: SIGKILL at before-execution resumes from reopened stores with 1 source call(s) and one result send (994.585375ms)
✔ sqlite/documents-simple: SIGKILL at response-before-store resumes from reopened stores with 2 source call(s) and one result send (1019.344166ms)
✔ sqlite/documents-simple: SIGKILL at response-stored resumes from reopened stores with 1 source call(s) and one result send (900.763084ms)
✔ sqlite/documents-simple: SIGKILL at receiver-committed resumes from reopened stores with 1 source call(s) and one result send (840.346542ms)
✔ sqlite/observations-simple: SIGKILL at before-execution resumes from reopened stores with 1 source call(s) and one result send (878.642167ms)
✔ sqlite/observations-simple: SIGKILL at response-before-store resumes from reopened stores with 2 source call(s) and one result send (912.801708ms)
✔ sqlite/observations-simple: SIGKILL at response-stored resumes from reopened stores with 1 source call(s) and one result send (907.969666ms)
✔ sqlite/observations-simple: SIGKILL at receiver-committed resumes from reopened stores with 1 source call(s) and one result send (931.92025ms)
✔ sqlite: SIGKILL after a synthetic write effect but before response storage preserves unknown and never repeats the write or claims completion (834.830375ms)
✔ file-journal/documents-simple: SIGKILL at before-execution resumes from reopened stores with 1 source call(s) and one result send (4159.15475ms)
✔ file-journal/documents-simple: SIGKILL at response-before-store resumes from reopened stores with 2 source call(s) and one result send (3076.70175ms)
✔ file-journal/documents-simple: SIGKILL at response-stored resumes from reopened stores with 1 source call(s) and one result send (1268.313166ms)
✔ file-journal/documents-simple: SIGKILL at receiver-committed resumes from reopened stores with 1 source call(s) and one result send (1164.527959ms)
✔ file-journal/observations-simple: SIGKILL at before-execution resumes from reopened stores with 1 source call(s) and one result send (1189.034083ms)
✔ file-journal/observations-simple: SIGKILL at response-before-store resumes from reopened stores with 2 source call(s) and one result send (1150.128333ms)
✔ file-journal/observations-simple: SIGKILL at response-stored resumes from reopened stores with 1 source call(s) and one result send (815.72525ms)
✔ file-journal/observations-simple: SIGKILL at receiver-committed resumes from reopened stores with 1 source call(s) and one result send (932.93ms)
✔ file-journal: SIGKILL after a synthetic write effect but before response storage preserves unknown and never repeats the write or claims completion (823.3065ms)
✔ documents-simple: restarted workflow adopts a stored model response and reaches delivered completion without another planner call (56.614083ms)
✔ observations-simple: restarted workflow adopts a stored model response and reaches delivered completion without another planner call (24.437334ms)
✔ an unknown result delivery causes bounded waiting and only one receipt lookup on the next explicit run (18.495125ms)
✔ a workflow without a planner returns a planning requirement and does not create an inferred plan (6.230917ms)
✔ workflow entry requires the full persisted execution policy rather than a narrower read-only view (5.273042ms)
✔ user cancellation between workflow steps preserves terminal state and cancels an unsent model reservation (8.866542ms)
✔ scoped actors cannot enter execution even when their current limits equal the work policy (4.148833ms)
✔ final checkpoint cannot report old completion when a goal change arrives during checkpoint storage (17.549708ms)
✔ workspace: missing or denying memory validators block file operations before workspace I/O (165.168459ms)
✔ workspace: stage rechecks memory custody after its asynchronous I/O (242.546083ms)
✔ workspace: read rechecks memory custody after its asynchronous I/O (185.45175ms)
✔ workspace: checkpoint rechecks memory custody after its asynchronous I/O (184.168834ms)
✔ workspace: restore rechecks memory custody after its asynchronous I/O (174.920166ms)
✔ workspace: cleanup rechecks memory custody after its asynchronous I/O (226.156125ms)
✔ workspace: sqlite checkpoint and byte-for-byte restore survive new state, artifact and workspace instances (597.895084ms)
✔ workspace: file-journal checkpoint and byte-for-byte restore survive new state, artifact and workspace instances (555.75475ms)
✔ workspace: identical paths are isolated by both work and attempt and ownership is checked before file access (187.864833ms)
✔ workspace: traversal, absolute, ambiguous and platform-specific paths cannot be staged (55.968458ms)
✔ workspace: repeated identical staging is idempotent and different content cannot overwrite it (107.019083ms)
✔ workspace: caller mutations after starting stage cannot change the bytes being staged (86.197958ms)
✔ workspace: two processes cannot overwrite the same staged path with different bytes (144.552542ms)
✔ workspace: artifact saved during a state change remains uncommitted and cannot replace the authoritative revision (130.048667ms)
✔ workspace: narrower actor grants never replace the stored work policy during checkpoint commit (105.142792ms)
✔ workspace: policy change during file read prevents returning previously read bytes (79.547708ms)
✔ workspace: generation change during file read prevents returning previously read bytes (66.881125ms)
✔ workspace: policy change during staging prevents a successful stale response and preserves the local file (76.202375ms)
✔ workspace: generation change during staging prevents a successful stale response and preserves the local file (59.655958ms)
✔ workspace: generation changes block even source-free checkpoints and preserve their staged files (109.483958ms)
✔ workspace: restricted is checked when restoring a checkpoint even without a generation change (170.592583ms)
✔ workspace: deleted is checked when restoring a checkpoint even without a generation change (149.93675ms)
✔ workspace: labels is checked when restoring a checkpoint even without a generation change (170.055333ms)
✔ workspace: artifact is checked when restoring a checkpoint even without a generation change (157.819666ms)
✔ workspace: lifecycle changes during artifact restore prevent files from being staged (166.126916ms)
✔ workspace: cleanup preserves files while active (133.777791ms)
✔ workspace: cleanup preserves files while unknown (149.916625ms)
✔ workspace: cleanup preserves files while obligation (132.092167ms)
✔ workspace: cleanup preserves files while uncheckpointed (71.10325ms)
✔ workspace: a file staged after cleanup inspection causes manifest conflict and remains preserved (198.762459ms)
✔ workspace: missing checkpoint content prevents cleanup of the surviving staged file (153.925125ms)
✔ workspace: a remaining lock is never stolen by staging or cleanup (125.827708ms)
✔ workspace: symlink files and replaced roots are rejected instead of reading or overwriting them (97.975542ms)
✔ workspace: content corruption and configured byte or file capacity limits fail without silent truncation (151.952584ms)
ℹ tests 2274
ℹ suites 0
ℹ pass 2274
ℹ fail 0
ℹ cancelled 0
ℹ skipped 0
ℹ todo 0
ℹ duration_ms 319527.070166

> long-horizon-runtime@0.1.0 typecheck:core
> tsc -p tsconfig.core.json


> long-horizon-runtime@0.1.0 check:architecture
> node scripts/check-architecture.mjs

{"inspected":115,"failures":[]}

> long-horizon-runtime@0.1.0 fixtures
> node dist/presentation/fixtures.js

{
  "createdAt": "2026-09-06T08:14:32.532Z",
  "node": "v24.20.0",
  "evaluation": "deterministic_contract_baseline",
  "passed": true,
  "scenarios": 4,
  "checkpoints": 22,
  "elapsedMs": 11.871125,
  "actualModelCalls": 0,
  "actualToolCalls": 0,
  "actualTokenUsage": null,
  "results": [
    {
      "id": "documents-complex",
      "checks": 9,
      "passed": true
    },
    {
      "id": "documents-simple",
      "checks": 3,
      "passed": true
    },
    {
      "id": "observations-complex",
      "checks": 7,
      "passed": true
    },
    {
      "id": "observations-simple",
      "checks": 3,
      "passed": true
    }
  ]
}
