
> long-horizon-runtime@0.1.0 verify
> npm test && npm run typecheck:core && npm run check:architecture && npm run fixtures


> long-horizon-runtime@0.1.0 test
> npm run build && node --test dist/tests/*.test.js


> long-horizon-runtime@0.1.0 build
> tsc -p tsconfig.json && node scripts/record-build.mjs

✔ artifact I/O: metrics snapshots are independent and reset does not modify stored artifacts (63.218125ms)
✔ artifact I/O: first put counts its missing existence probe, exact UTF-8 hashes, and two atomic file writes (45.953417ms)
✔ artifact I/O: duplicate put verifies the existing body and performs no file writes (54.064709ms)
✔ artifact I/O: put repairs a corrupt existing object after counting the failed verification (90.07225ms)
✔ artifact I/O: get and exists each perform independent metadata, body, and integrity work under concurrent reads (56.574292ms)
✔ artifact I/O: tenant and label denials count API calls without opening or hashing files (61.807291ms)
✔ artifact I/O: missing json counts failed opens without claiming unread body bytes (42.086125ms)
✔ artifact I/O: missing blob counts failed opens without claiming unread body bytes (46.084333ms)
✔ artifact I/O: invalid metadata is a verification failure after a successful metadata read (61.833375ms)
✔ artifact I/O: a metadata reference mismatch stops before body read or hashing (46.727834ms)
✔ artifact I/O: same-size tampering hashes the read body (71.087541ms)
✔ artifact I/O: length mismatch preserves the existing hash short circuit (49.818625ms)
✔ artifact I/O: a body symlink remains unreadable and contributes no target bytes (54.152541ms)
✔ content, metadata and permissions survive artifact store restart (56.822167ms)
✔ same bytes under different tenant/labels never share an accessible reference (113.36275ms)
✔ corrupt bytes, missing originals, path traversal and symlink substitution are rejected (68.749916ms)
✔ artifact stored before failed state commit is reused after reopening, without dangling references (161.915ms)
✔ execution intent and unadopted result persist independently of evidence acceptance (136.630541ms)
✔ sqlite: board transitions, receipts and event cursors persist together and duplicates do not add events (781.073208ms)
✔ sqlite: an event burst coalesces only after a complete current request scan (657.056084ms)
✔ sqlite: missing event history under an established root is rejected rather than silently skipped (515.573833ms)
✔ sqlite: an owned worker killed after commit leaves one event and the same command receipt (402.53425ms)
✔ file-journal: board transitions, receipts and event cursors persist together and duplicates do not add events (4915.557625ms)
✔ file-journal: an event burst coalesces only after a complete current request scan (6406.701834ms)
✔ file-journal: missing event history under an established root is rejected rather than silently skipped (4565.248125ms)
✔ file-journal: an owned worker killed after commit leaves one event and the same command receipt (404.730208ms)
✔ sqlite: a pre-event database declares a rescan boundary and recovers current offers without fabricating past events (988.3445ms)
✔ event pagination applies its byte limit to the final cursor including a digit boundary (0.358542ms)
✔ sqlite/documents: two runtimes request, accept, answer and confirm without treating discussion as goal completion (4904.157542ms)
✔ sqlite/observations: two runtimes request, accept, answer and confirm without treating discussion as goal completion (4041.158542ms)
✔ sqlite: lost offer response restores one obligation from the applied receipt without inventing a result (535.109834ms)
✔ sqlite: a missing projection is restored and generic wait or resolve cannot forge coordination (668.208209ms)
✔ sqlite: requester can cancel a waiting request and cancellation is waived rather than satisfied (1276.671916ms)
✔ sqlite: decline does not create an obligation for a recipient who never accepted (785.865541ms)
✔ sqlite: expiry is actionable review and retains the original pending obligation (978.083625ms)
✔ sqlite: confirmed answer retraction invalidates the previous completion projection (3272.817291ms)
✔ sqlite: loss of an applied request receipt cannot silently discharge the response (558.103917ms)
✔ sqlite: lost acceptance response recovers the assignee obligation and leaves work executable (1877.279ms)
✔ sqlite: an expired assignee can decline instead of falsely satisfying the answer (1540.433834ms)
✔ sqlite: coordination waits do not become questions for a human (672.691208ms)
✔ sqlite: withdrawal of current authority denies a retained coordination projection (530.919833ms)
✔ sqlite: request tool contracts reject caller-selected owner, command and action (1032.114875ms)
✔ sqlite: even satisfied goal facts wait for requester confirmation (2845.926917ms)
✔ file-journal/documents: two runtimes request, accept, answer and confirm without treating discussion as goal completion (93599.482292ms)
✔ file-journal/observations: two runtimes request, accept, answer and confirm without treating discussion as goal completion (104477.7905ms)
✔ file-journal: lost offer response restores one obligation from the applied receipt without inventing a result (3231.887292ms)
✔ file-journal: a missing projection is restored and generic wait or resolve cannot forge coordination (6436.945375ms)
✔ file-journal: requester can cancel a waiting request and cancellation is waived rather than satisfied (21221.616583ms)
✔ file-journal: decline does not create an obligation for a recipient who never accepted (3640.0285ms)
✔ file-journal: expiry is actionable review and retains the original pending obligation (5633.539084ms)
✔ file-journal: confirmed answer retraction invalidates the previous completion projection (79968.1645ms)
✔ file-journal: loss of an applied request receipt cannot silently discharge the response (3524.281917ms)
✔ file-journal: lost acceptance response recovers the assignee obligation and leaves work executable (25470.243875ms)
✔ file-journal: an expired assignee can decline instead of falsely satisfying the answer (4040.260834ms)
✔ file-journal: coordination waits do not become questions for a human (540.473125ms)
✔ file-journal: withdrawal of current authority denies a retained coordination projection (654.118625ms)
✔ file-journal: request tool contracts reject caller-selected owner, command and action (750.057333ms)
✔ file-journal: even satisfied goal facts wait for requester confirmation (6276.948875ms)
✔ sqlite/documents: runtime board read retains custody through history, compact and reopen (1217.745125ms)
✔ sqlite/observations: runtime board read retains custody through history, compact and reopen (929.220709ms)
✔ sqlite: mutual work references terminate and a revoked member invalidates the whole closure (738.350458ms)
✔ sqlite: private memory custody crosses a shared post without exposing the memory body (699.832542ms)
✔ sqlite: page content and consumer identity cannot be substituted in a result (472.968416ms)
✔ sqlite: memory and authenticated collection inputs share the board closure without recursive full validation (1512.577209ms)
✔ sqlite: cancellation ends a board-tool wait before an unavailable repository responds (380.986333ms)
✔ sqlite: a later goal retains original input custody until copied data is quarantined (683.287166ms)
✔ sqlite: changed post blocks retained board context and quarantines copied state (583.899292ms)
✔ sqlite: changed source blocks retained board context and quarantines copied state (598.843375ms)
✔ sqlite: changed raw blocks retained board context and quarantines copied state (456.777291ms)
✔ sqlite: changed receipt blocks retained board context and quarantines copied state (490.019708ms)
✔ sqlite: changed role blocks retained board context and quarantines copied state (477.496ms)
✔ sqlite: changed authority blocks retained board context and quarantines copied state (449.366084ms)
✔ sqlite: changed labels blocks retained board context and quarantines copied state (555.8745ms)
✔ sqlite: changed generation blocks retained board context and quarantines copied state (544.968209ms)
✔ sqlite: changed validator blocks retained board context and quarantines copied state (480.922459ms)
✔ file-journal/documents: runtime board read retains custody through history, compact and reopen (15910.023167ms)
✔ file-journal/observations: runtime board read retains custody through history, compact and reopen (12541.786625ms)
✔ file-journal: mutual work references terminate and a revoked member invalidates the whole closure (5278.929375ms)
✔ file-journal: private memory custody crosses a shared post without exposing the memory body (6472.923792ms)
✔ file-journal: page content and consumer identity cannot be substituted in a result (2303.981167ms)
✔ file-journal: memory and authenticated collection inputs share the board closure without recursive full validation (17976.21425ms)
✔ file-journal: cancellation ends a board-tool wait before an unavailable repository responds (413.87825ms)
✔ file-journal: a later goal retains original input custody until copied data is quarantined (2658.12225ms)
✔ file-journal: changed post blocks retained board context and quarantines copied state (2136.886458ms)
✔ file-journal: changed source blocks retained board context and quarantines copied state (1607.803834ms)
✔ file-journal: changed raw blocks retained board context and quarantines copied state (2063.790833ms)
✔ file-journal: changed receipt blocks retained board context and quarantines copied state (2554.96725ms)
✔ file-journal: changed role blocks retained board context and quarantines copied state (2211.293459ms)
✔ file-journal: changed authority blocks retained board context and quarantines copied state (3020.976375ms)
✔ file-journal: changed labels blocks retained board context and quarantines copied state (3492.408583ms)
✔ file-journal: changed generation blocks retained board context and quarantines copied state (1984.836375ms)
✔ file-journal: changed validator blocks retained board context and quarantines copied state (1444.111625ms)
✔ sqlite/documents: discover and finish a request using observed IDs and revisions, then retain history across compact and reopen (6444.043333ms)
✔ sqlite/observations: discover and finish a request using observed IDs and revisions, then retain history across compact and reopen (5585.603083ms)
✔ sqlite: duplicate wake is a no-op with zero model, tool and chat delivery activity (936.754583ms)
✔ sqlite: an unprocessed event rejects stale context and a pending offer blocks completion even after metadata is read (1070.881083ms)
✔ sqlite: a missed wake and a lost checkpoint reply resume with one durable notification (772.394583ms)
✔ sqlite: notifications and cursor require their original checkpoint and survive compact without omissions (647.590625ms)
✔ sqlite: request metadata cannot be forged and current authority is rechecked after artifact reads (738.159083ms)
✔ sqlite: another owner cannot register or close a subscription; revoked access prevents wake (633.082834ms)
✔ sqlite: expiry before a poll creates no actionable offer and unchanged waiting does not call a model (1062.680792ms)
✔ sqlite: pause preserves the cursor, resume reads missed events, and cancellation closes the inbox (643.852875ms)
✔ sqlite: metadata pagination is bounded and rejects stale cursors and caller-selected ownership (774.140042ms)
✔ sqlite: goal revision closes its old inbox and a new host subscription rescans current offers (748.941541ms)
✔ sqlite: completed work closes its subscription and a later offer does not reopen it (667.831708ms)
✔ sqlite: a data access change closes old generation subscriptions and removes their context references (654.893917ms)
✔ sqlite: repeated metadata observations do not manufacture progress or independent evidence (1107.0185ms)
✔ sqlite: authority withdrawn during the final metadata check prevents cursor advancement (657.882166ms)
✔ sqlite: a refresh that exceeds its time budget leaves the cursor and inbox uncommitted (685.76225ms)
✔ sqlite: an incoming offer invalidates a reserved model context before any model invocation (706.024958ms)
✔ sqlite: an active nonparticipant role sees no request metadata and receives no offer notification (312.653958ms)
✔ file-journal/documents: discover and finish a request using observed IDs and revisions, then retain history across compact and reopen (134665.754958ms)
✔ file-journal/observations: discover and finish a request using observed IDs and revisions, then retain history across compact and reopen (145057.644125ms)
✔ file-journal: duplicate wake is a no-op with zero model, tool and chat delivery activity (4714.774958ms)
✔ file-journal: an unprocessed event rejects stale context and a pending offer blocks completion even after metadata is read (10198.136625ms)
✔ file-journal: a missed wake and a lost checkpoint reply resume with one durable notification (3169.196834ms)
✔ file-journal: notifications and cursor require their original checkpoint and survive compact without omissions (6116.5685ms)
✔ file-journal: request metadata cannot be forged and current authority is rechecked after artifact reads (5496.0635ms)
✔ file-journal: another owner cannot register or close a subscription; revoked access prevents wake (3084.883958ms)
✔ file-journal: expiry before a poll creates no actionable offer and unchanged waiting does not call a model (10495.616416ms)
✔ file-journal: pause preserves the cursor, resume reads missed events, and cancellation closes the inbox (4352.737708ms)
✔ file-journal: metadata pagination is bounded and rejects stale cursors and caller-selected ownership (3827.249417ms)
✔ file-journal: goal revision closes its old inbox and a new host subscription rescans current offers (4053.25775ms)
✔ file-journal: completed work closes its subscription and a later offer does not reopen it (4271.778292ms)
✔ file-journal: a data access change closes old generation subscriptions and removes their context references (4121.577125ms)
✔ file-journal: repeated metadata observations do not manufacture progress or independent evidence (1994.213333ms)
✔ file-journal: authority withdrawn during the final metadata check prevents cursor advancement (1182.544583ms)
✔ file-journal: a refresh that exceeds its time budget leaves the cursor and inbox uncommitted (991.751ms)
✔ file-journal: an incoming offer invalidates a reserved model context before any model invocation (1345.843542ms)
✔ file-journal: an active nonparticipant role sees no request metadata and receives no offer notification (323.00375ms)
✔ sqlite: board publish and retract run through the broker and retain mechanical receipts (828.260625ms)
✔ sqlite: applied board command survives response loss and cannot be overwritten by the late result (259.074625ms)
✔ sqlite: saved unknown result stays immutable after durable receipt reconciliation (182.08375ms)
✔ sqlite: a late valid result is reconciled without adopting its expired execution (210.599875ms)
✔ sqlite: an expired absent command is closed and a delayed original commit cannot publish (119.01625ms)
✔ sqlite: stale revision is reconciled as closed without changing posts (227.836375ms)
✔ sqlite: proof deletion denies context, reopens obligation and does not fabricate replacement (290.990583ms)
✔ sqlite: retained receipt requires a reader and current role authority (254.091167ms)
✔ sqlite: authority withdrawn during receipt proof I/O invalidates that same read (290.789875ms)
✔ sqlite: removing the stored receipt invalidates an intact result artifact (303.61675ms)
✔ sqlite: a forged post outcome or another attempt receipt cannot be adopted (195.198625ms)
✔ sqlite: policy revoked immediately before storage prevents publication (233.403916ms)
✔ sqlite: tool schemas exclude actor, command identity and foreign source work (126.372667ms)
✔ sqlite: a narrower session publish grant is not widened by the directory (186.959292ms)
✔ sqlite: a narrower session namespace grant is not widened by the directory (229.803959ms)
✔ sqlite: a no-op closure cannot smuggle a board mutation (136.407875ms)
✔ sqlite: closure duplicate and changed digest have stable distinct outcomes (191.438708ms)
✔ sqlite: previously unread quotes are rejected and a retained current read permits publication (853.293ms)
✔ sqlite: compact source checks reject omitted or altered effect outcomes (388.342583ms)
✔ sqlite: a SIGKILL at the storage-worker boundary retains the runtime command receipt (345.106875ms)
✔ file-journal: board publish and retract run through the broker and retain mechanical receipts (4750.905334ms)
✔ file-journal: applied board command survives response loss and cannot be overwritten by the late result (1757.174083ms)
✔ file-journal: saved unknown result stays immutable after durable receipt reconciliation (1732.172666ms)
✔ file-journal: a late valid result is reconciled without adopting its expired execution (1738.64875ms)
✔ file-journal: an expired absent command is closed and a delayed original commit cannot publish (1412.860666ms)
✔ file-journal: stale revision is reconciled as closed without changing posts (1512.138792ms)
✔ file-journal: proof deletion denies context, reopens obligation and does not fabricate replacement (1966.683083ms)
✔ file-journal: retained receipt requires a reader and current role authority (1713.008709ms)
✔ file-journal: authority withdrawn during receipt proof I/O invalidates that same read (1688.975625ms)
✔ file-journal: removing the stored receipt invalidates an intact result artifact (1646.031833ms)
✔ file-journal: a forged post outcome or another attempt receipt cannot be adopted (1156.020834ms)
✔ file-journal: policy revoked immediately before storage prevents publication (1009.594958ms)
✔ file-journal: tool schemas exclude actor, command identity and foreign source work (596.314708ms)
✔ file-journal: a narrower session publish grant is not widened by the directory (1024.612541ms)
✔ file-journal: a narrower session namespace grant is not widened by the directory (1005.866125ms)
✔ file-journal: a no-op closure cannot smuggle a board mutation (141.086792ms)
✔ file-journal: closure duplicate and changed digest have stable distinct outcomes (202.922875ms)
✔ file-journal: previously unread quotes are rejected and a retained current read permits publication (8314.617917ms)
✔ file-journal: compact source checks reject omitted or altered effect outcomes (1147.3025ms)
✔ file-journal: a SIGKILL at the storage-worker boundary retains the runtime command receipt (870.898917ms)
✔ sqlite/documents: bounded discussion pages resume after reopening with no new evidence (403.032917ms)
✔ sqlite/observations: bounded discussion pages resume after reopening with no new evidence (283.566459ms)
✔ sqlite: uncited hypotheses persist as unverified and never supply independent facts or request answers (69.155917ms)
✔ sqlite: quoted coverage remains partial or unknown instead of becoming complete (174.587625ms)
✔ sqlite: UTF-8 output limits retain complete posts and require a larger page for an oversized item (58.837125ms)
✔ sqlite: pages exclude other entity details and reject stale, foreign, and unavailable cursor positions (128.256542ms)
✔ sqlite: page authority includes the consuming work and rejects invalid limits before reading (141.995041ms)
✔ sqlite: a bounded first page reuses source reads and stops before unrelated later sources (184.439917ms)
✔ sqlite: a consuming work change during a page read prevents returning the stale page (76.543459ms)
✔ sqlite: removing citations does not bypass the author's retained memory dependencies (85.061209ms)
✔ file-journal/documents: bounded discussion pages resume after reopening with no new evidence (752.660083ms)
✔ file-journal/observations: bounded discussion pages resume after reopening with no new evidence (802.415958ms)
✔ file-journal: uncited hypotheses persist as unverified and never supply independent facts or request answers (899.680375ms)
✔ file-journal: quoted coverage remains partial or unknown instead of becoming complete (878.234959ms)
✔ file-journal: UTF-8 output limits retain complete posts and require a larger page for an oversized item (554.138375ms)
✔ file-journal: pages exclude other entity details and reject stale, foreign, and unavailable cursor positions (885.485542ms)
✔ file-journal: page authority includes the consuming work and rejects invalid limits before reading (559.181833ms)
✔ file-journal: a bounded first page reuses source reads and stops before unrelated later sources (947.012375ms)
✔ file-journal: a consuming work change during a page read prevents returning the stale page (425.86575ms)
✔ file-journal: removing citations does not bypass the author's retained memory dependencies (882.184208ms)
✔ sqlite/documents: two persistent roles share citations without publishing private memory or inflating sources (272.889292ms)
✔ sqlite/observations: two persistent roles share citations without publishing private memory or inflating sources (378.52425ms)
✔ sqlite: direct source sharing requires source ownership; quotes require a currently visible post (303.214583ms)
✔ sqlite: retract-post removes the claim and its quoted descendants from current views (278.724292ms)
✔ sqlite: restrict-source removes the claim and its quoted descendants from current views (274.085042ms)
✔ sqlite: change-goal removes the claim and its quoted descendants from current views (263.203083ms)
✔ sqlite: delete-original removes the claim and its quoted descendants from current views (276.888875ms)
✔ sqlite: expire removes the claim and its quoted descendants from current views (331.419708ms)
✔ sqlite: an entity with the same key in a different time scope stays separate (273.486667ms)
✔ sqlite: publishing a question does not assign it; acceptance, response and requester confirmation remain distinct (401.37475ms)
✔ sqlite: repeated replies and explicit cyclic waits are bounded; deadlines do not reset on reopen (577.163416ms)
✔ sqlite: exact command retry survives a lost reply; reused IDs with changed content and concurrent edits fail (350.50475ms)
✔ sqlite: authority changing during a source read cannot publish or return the delayed content (347.7805ms)
✔ sqlite: a derived claim retains ancestry without becoming another independent fact source (333.082625ms)
✔ sqlite: repeated quotes share one source read within a view and a later view revalidates it (368.928125ms)
✔ sqlite: unlabelled prose inherits the author's work labels and current exchange policy (296.416125ms)
✔ sqlite: a fulfilled dependency remains attached and its later retraction invalidates dependent confirmation (346.29575ms)
✔ sqlite: reply depth, total posts, total requests and repeated causes have separate limits (298.85575ms)
✔ sqlite: an advancing clock permits ordinary writes and blocks a post expiring during the final boundary check (228.971375ms)
✔ sqlite: a paused assignee cannot have its submitted answer confirmed (324.998125ms)
✔ sqlite: an actual worker SIGKILL after durable publication preserves one post and one command receipt (379.029667ms)
✔ file-journal/documents: two persistent roles share citations without publishing private memory or inflating sources (977.006333ms)
✔ file-journal/observations: two persistent roles share citations without publishing private memory or inflating sources (979.858209ms)
✔ file-journal: direct source sharing requires source ownership; quotes require a currently visible post (413.963209ms)
✔ file-journal: retract-post removes the claim and its quoted descendants from current views (544.889417ms)
✔ file-journal: restrict-source removes the claim and its quoted descendants from current views (667.971958ms)
✔ file-journal: change-goal removes the claim and its quoted descendants from current views (570.643834ms)
✔ file-journal: delete-original removes the claim and its quoted descendants from current views (539.852417ms)
✔ file-journal: expire removes the claim and its quoted descendants from current views (489.420042ms)
✔ file-journal: an entity with the same key in a different time scope stays separate (328.86175ms)
✔ file-journal: publishing a question does not assign it; acceptance, response and requester confirmation remain distinct (1318.079708ms)
✔ file-journal: repeated replies and explicit cyclic waits are bounded; deadlines do not reset on reopen (1464.882625ms)
✔ file-journal: exact command retry survives a lost reply; reused IDs with changed content and concurrent edits fail (361.860833ms)
✔ file-journal: authority changing during a source read cannot publish or return the delayed content (356.952ms)
✔ file-journal: a derived claim retains ancestry without becoming another independent fact source (430.087708ms)
✔ file-journal: repeated quotes share one source read within a view and a later view revalidates it (842.07475ms)
✔ file-journal: unlabelled prose inherits the author's work labels and current exchange policy (540.955792ms)
✔ file-journal: a fulfilled dependency remains attached and its later retraction invalidates dependent confirmation (1623.94075ms)
✔ file-journal: reply depth, total posts, total requests and repeated causes have separate limits (625.955708ms)
✔ file-journal: an advancing clock permits ordinary writes and blocks a post expiring during the final boundary check (390.137833ms)
✔ file-journal: a paused assignee cannot have its submitted answer confirmed (800.756542ms)
✔ file-journal: an actual worker SIGKILL after durable publication preserves one post and one command receipt (499.942042ms)
✔ file board journal detects missing revisions and changed content instead of returning a partial history (390.538709ms)
✔ budget crash sqlite: SIGKILL after durable child-genesis resumes one grant without Tool or Planner entry (573.80625ms)
✔ budget crash sqlite: SIGKILL after durable parent-grant resumes one grant without Tool or Planner entry (597.540167ms)
✔ budget crash sqlite: SIGKILL after durable child-activation resumes one grant without Tool or Planner entry (473.980958ms)
✔ budget crash sqlite: SIGKILL after parent-draining retains consumed usage and cancels unsent tool once (1163.458042ms)
✔ budget crash sqlite: SIGKILL after child-fence retains consumed usage and cancels unsent tool once (1022.424ms)
✔ budget crash sqlite: SIGKILL after parent-settlement retains consumed usage and cancels unsent tool once (967.414791ms)
✔ budget crash sqlite: SIGKILL after parent-draining retains consumed usage and cancels unsent model once (1182.408292ms)
✔ budget crash sqlite: SIGKILL after child-fence retains consumed usage and cancels unsent model once (1179.009708ms)
✔ budget crash sqlite: SIGKILL after parent-settlement retains consumed usage and cancels unsent model once (1043.594542ms)
✔ budget crash file-journal: SIGKILL after durable child-genesis resumes one grant without Tool or Planner entry (1217.815333ms)
✔ budget crash file-journal: SIGKILL after durable parent-grant resumes one grant without Tool or Planner entry (1639.999041ms)
✔ budget crash file-journal: SIGKILL after durable child-activation resumes one grant without Tool or Planner entry (1129.243458ms)
✔ budget crash file-journal: SIGKILL after parent-draining retains consumed usage and cancels unsent tool once (6275.668667ms)
✔ budget crash file-journal: SIGKILL after child-fence retains consumed usage and cancels unsent tool once (6284.200958ms)
✔ budget crash file-journal: SIGKILL after parent-settlement retains consumed usage and cancels unsent tool once (5835.790375ms)
✔ budget crash file-journal: SIGKILL after parent-draining retains consumed usage and cancels unsent model once (5124.424458ms)
✔ budget crash file-journal: SIGKILL after child-fence retains consumed usage and cancels unsent model once (4362.628709ms)
✔ budget crash file-journal: SIGKILL after parent-settlement retains consumed usage and cancels unsent model once (3297.009125ms)
✔ budget runtime sqlite: child execution settles once across duplicate creation, reconciliation and reopen without copying evidence (200.792417ms)
✔ budget runtime sqlite: parent remaining calls execute while escrow prevents parent and sibling over-allocation (204.251208ms)
✔ budget runtime sqlite: concurrent sibling grants cannot oversubscribe one parent's remaining budget (24.393667ms)
✔ budget runtime sqlite: a child's last logical tool call is consumed by an actual dispatch and cannot be minted by a new task ID (252.817042ms)
✔ budget runtime sqlite: actual model dispatch and reported tokens remain charged when its plan is rejected (204.929292ms)
✔ budget runtime sqlite: a child token cap below the estimated reservation prevents durable model allocation and transport (76.602792ms)
✔ budget runtime sqlite: revoking an unsent tool reservation fences the child and returns only unused escrow (49.255625ms)
✔ budget runtime sqlite: revoking an unsent model reservation fences the child and returns only unused escrow (220.186917ms)
✔ budget runtime sqlite: revoke retains an active model's unknown usage, then late accounting settles once without adopting its plan (376.406583ms)
✔ budget runtime sqlite: unknown write effects keep the grant outstanding after revoke and restart (222.996959ms)
✔ budget runtime sqlite: reported model overage is charged to the parent without clamping and prevents further funding (374.904125ms)
✔ budget runtime sqlite: reducing limits preserves committed charges and child deadlines while blocking new grants (318.604542ms)
✔ budget runtime sqlite: pending genesis cannot execute before funding (165.261209ms)
✔ budget runtime sqlite: pending genesis cannot execute before funding and parent cancellation wins activation (104.236541ms)
✔ budget runtime sqlite: child funding rejects broader authority, altered duplicate commands and work ID reattachment (97.867375ms)
✔ budget runtime sqlite: grant commit ACK loss resumes the same grant and child without another allocation (76.104458ms)
✔ budget runtime sqlite: activation commit ACK loss resumes the same grant and child without another allocation (74.607625ms)
✔ budget runtime sqlite: revocation during child activation installs a fence that the stale activation cannot overwrite (101.678708ms)
✔ budget runtime sqlite: revoke after tool dispatch and before entry prevents transport while keeping the logical dispatch charge (260.125875ms)
✔ budget runtime sqlite: revoke after model dispatch and before entry prevents transport while keeping the logical dispatch charge (360.293917ms)
✔ budget runtime sqlite: actual replan adoption spends the child's delegated replan allowance once (386.418584ms)
✔ budget runtime sqlite: nested child execution reconciles through both grants without double charging or copying originals (397.384083ms)
✔ budget runtime sqlite: an unfunded pending child cannot turn resume or a new goal into execution authority (94.480375ms)
✔ budget runtime sqlite: a parent goal change fences a child's previously reserved tool before entry (279.315375ms)
✔ budget runtime sqlite: a parent policy change fences a child's previously reserved tool before entry (84.777875ms)
✔ budget runtime sqlite: a parent deadline change fences a child's previously reserved tool before entry (203.729375ms)
✔ budget runtime sqlite: a partially reported model response retains known tokens and unknown reservation after revoke and reopen (325.191708ms)
✔ budget runtime sqlite: sibling overage received during a tool dispatch ACK delay prevents its actual entry despite stale parent accounting (594.134792ms)
✔ budget runtime sqlite: sibling overage received during a model dispatch ACK delay prevents its actual entry despite stale parent accounting (506.941917ms)
✔ budget runtime file-journal: child execution settles once across duplicate creation, reconciliation and reopen without copying evidence (2935.7765ms)
✔ budget runtime file-journal: parent remaining calls execute while escrow prevents parent and sibling over-allocation (2699.766542ms)
✔ budget runtime file-journal: concurrent sibling grants cannot oversubscribe one parent's remaining budget (825.262166ms)
✔ budget runtime file-journal: a child's last logical tool call is consumed by an actual dispatch and cannot be minted by a new task ID (3354.876875ms)
✔ budget runtime file-journal: actual model dispatch and reported tokens remain charged when its plan is rejected (2284.83225ms)
✔ budget runtime file-journal: a child token cap below the estimated reservation prevents durable model allocation and transport (1064.370916ms)
✔ budget runtime file-journal: revoking an unsent tool reservation fences the child and returns only unused escrow (2142.265375ms)
✔ budget runtime file-journal: revoking an unsent model reservation fences the child and returns only unused escrow (1813.381083ms)
✔ budget runtime file-journal: revoke retains an active model's unknown usage, then late accounting settles once without adopting its plan (2814.034208ms)
✔ budget runtime file-journal: unknown write effects keep the grant outstanding after revoke and restart (2785.762125ms)
✔ budget runtime file-journal: reported model overage is charged to the parent without clamping and prevents further funding (2137.471375ms)
✔ budget runtime file-journal: reducing limits preserves committed charges and child deadlines while blocking new grants (2327.165459ms)
✔ budget runtime file-journal: pending genesis cannot execute before funding (1323.998083ms)
✔ budget runtime file-journal: pending genesis cannot execute before funding and parent cancellation wins activation (547.679292ms)
✔ budget runtime file-journal: child funding rejects broader authority, altered duplicate commands and work ID reattachment (658.205166ms)
✔ budget runtime file-journal: grant commit ACK loss resumes the same grant and child without another allocation (658.650834ms)
✔ budget runtime file-journal: activation commit ACK loss resumes the same grant and child without another allocation (267.97125ms)
✔ budget runtime file-journal: revocation during child activation installs a fence that the stale activation cannot overwrite (518.330083ms)
✔ budget runtime file-journal: revoke after tool dispatch and before entry prevents transport while keeping the logical dispatch charge (1056.977291ms)
✔ budget runtime file-journal: revoke after model dispatch and before entry prevents transport while keeping the logical dispatch charge (1190.686542ms)
✔ budget runtime file-journal: actual replan adoption spends the child's delegated replan allowance once (2175.961584ms)
✔ budget runtime file-journal: nested child execution reconciles through both grants without double charging or copying originals (2025.93325ms)
✔ budget runtime file-journal: an unfunded pending child cannot turn resume or a new goal into execution authority (549.168625ms)
✔ budget runtime file-journal: a parent goal change fences a child's previously reserved tool before entry (1580.158458ms)
✔ budget runtime file-journal: a parent policy change fences a child's previously reserved tool before entry (1717.247ms)
✔ budget runtime file-journal: a parent deadline change fences a child's previously reserved tool before entry (1380.544084ms)
✔ budget runtime file-journal: a partially reported model response retains known tokens and unknown reservation after revoke and reopen (1633.995417ms)
✔ budget runtime file-journal: sibling overage received during a tool dispatch ACK delay prevents its actual entry despite stale parent accounting (2464.64575ms)
✔ budget runtime file-journal: sibling overage received during a model dispatch ACK delay prevents its actual entry despite stale parent accounting (2759.332083ms)
✔ budget role sqlite: independently permitted role executes and returns unused resources without copying private data (273.618167ms)
✔ budget role sqlite: allocation permit prepares work but execution waits for the host execution permit (179.134584ms)
✔ budget role sqlite: missing mandate cannot create a cross-role grant (67.819542ms)
✔ budget role sqlite: missing authority cannot create a cross-role grant (45.289416ms)
✔ budget role sqlite: missing router cannot create a cross-role grant (64.882583ms)
✔ budget role sqlite: changed tenant cannot reuse an authority reference (58.879458ms)
✔ budget role sqlite: changed principal cannot reuse an authority reference (50.839416ms)
✔ budget role sqlite: changed scope cannot reuse an authority reference (52.84675ms)
✔ budget role sqlite: changed policy cannot reuse an authority reference (59.085459ms)
✔ budget role sqlite: changed revision cannot reuse an authority reference (53.291959ms)
✔ budget role sqlite: changed limits cannot reuse an authority reference (70.520791ms)
✔ budget role sqlite: one mandate cannot allocate twice through different child identities or command IDs (160.171083ms)
✔ budget role sqlite: genesis reply loss resumes the original allocation after reopen (232.969333ms)
✔ budget role sqlite: grant reply loss resumes the original allocation after reopen (212.572917ms)
✔ budget role sqlite: activation reply loss resumes the original allocation after reopen (235.201959ms)
✔ budget role sqlite: authority withdrawal after tool dispatch prevents actual entry (206.989042ms)
✔ budget role sqlite: authority withdrawal after model dispatch prevents actual entry (266.287791ms)
✔ budget role sqlite: parent change during permission lookup invalidates the child reservation (133.666958ms)
✔ budget role sqlite: missing child runtime retains escrow and recovery later refunds exactly once (116.104125ms)
✔ budget role sqlite: unknown write effect prevents refund after revocation and reopen (337.583584ms)
✔ budget role sqlite: child runtime receives model cancellation and late usage settles without adopting a plan (322.264167ms)
✔ budget role sqlite: child revision change during final proof lookup prevents settlement (104.6665ms)
✔ budget role sqlite: removed route cannot validate old state or release funds (113.927667ms)
✔ budget role sqlite: changed child goal blocks further authority without changing recorded usage (253.850666ms)
✔ budget role file-journal: independently permitted role executes and returns unused resources without copying private data (1078.1625ms)
✔ budget role file-journal: allocation permit prepares work but execution waits for the host execution permit (1139.902292ms)
✔ budget role file-journal: missing mandate cannot create a cross-role grant (87.097375ms)
✔ budget role file-journal: missing authority cannot create a cross-role grant (59.753417ms)
✔ budget role file-journal: missing router cannot create a cross-role grant (90.850792ms)
✔ budget role file-journal: changed tenant cannot reuse an authority reference (81.039ms)
✔ budget role file-journal: changed principal cannot reuse an authority reference (97.683917ms)
✔ budget role file-journal: changed scope cannot reuse an authority reference (70.393875ms)
✔ budget role file-journal: changed policy cannot reuse an authority reference (99.778625ms)
✔ budget role file-journal: changed revision cannot reuse an authority reference (72.942708ms)
✔ budget role file-journal: changed limits cannot reuse an authority reference (78.298875ms)
✔ budget role file-journal: one mandate cannot allocate twice through different child identities or command IDs (363.541375ms)
✔ budget role file-journal: genesis reply loss resumes the original allocation after reopen (1059.434708ms)
✔ budget role file-journal: grant reply loss resumes the original allocation after reopen (1401.780875ms)
✔ budget role file-journal: activation reply loss resumes the original allocation after reopen (812.950208ms)
✔ budget role file-journal: authority withdrawal after tool dispatch prevents actual entry (755.0135ms)
✔ budget role file-journal: authority withdrawal after model dispatch prevents actual entry (952.806375ms)
✔ budget role file-journal: parent change during permission lookup invalidates the child reservation (486.032083ms)
✔ budget role file-journal: missing child runtime retains escrow and recovery later refunds exactly once (377.625291ms)
✔ budget role file-journal: unknown write effect prevents refund after revocation and reopen (945.089667ms)
✔ budget role file-journal: child runtime receives model cancellation and late usage settles without adopting a plan (1584.785833ms)
✔ budget role file-journal: child revision change during final proof lookup prevents settlement (884.209834ms)
✔ budget role file-journal: removed route cannot validate old state or release funds (453.81225ms)
✔ budget role file-journal: changed child goal blocks further authority without changing recorded usage (1505.441417ms)
✔ budget role sqlite: nested ordinary children use their own role session when the sponsor settles the tree (327.530875ms)
✔ budget role sqlite: context compact and restore preserve the stored funding authority and usage (284.327709ms)
✔ budget role sqlite: route withdrawal inside authority lookup blocks a reserved tool before dispatch (116.901833ms)
✔ budget role file-journal: nested ordinary children use their own role session when the sponsor settles the tree (1633.737709ms)
✔ budget role file-journal: context compact and restore preserve the stored funding authority and usage (817.934625ms)
✔ budget role file-journal: route withdrawal inside authority lookup blocks a reserved tool before dispatch (526.152542ms)
✔ budget role sqlite: an authority lookup that ignores cancellation times out before adapter entry (155.774958ms)
✔ budget role sqlite: changing the authority adapter while it answers invalidates the old permit (95.162166ms)
✔ budget role file-journal: an authority lookup that ignores cancellation times out before adapter entry (386.823875ms)
✔ budget role file-journal: changing the authority adapter while it answers invalidates the old permit (443.077334ms)
✔ budget role sqlite: temporary authority failure holds an active allocation and resumes without regranting (178.614084ms)
✔ budget role file-journal: temporary authority failure holds an active allocation and resumes without regranting (1197.1165ms)
✔ budget exposure: own usage and reservations add each dimension without charging elapsed time or unknown counts as tokens (1.661125ms)
✔ budget exposure: active and draining escrow count once even when the same child usage has already been observed (0.304167ms)
✔ budget exposure: usage above allocation and outstanding reservations remain visible in independent dimensions (0.078542ms)
✔ budget exposure: settling replaces escrow with accounted plus reserved amounts and repeated reads cannot refund twice (0.089416ms)
✔ budget exposure: unknown and partially reported model usage keeps reserved tokens even on a settled summary (1.521417ms)
✔ budget exposure: a lower parent limit preserves actual costs and reports each excess without negative remaining values (0.152459ms)
✔ budget exposure: separate grants sum but duplicate IDs and duplicate child funding records are rejected (6.445084ms)
✔ budget exposure: zero-funded grants remain explicit and cannot hide a later reported expense (1.813875ms)
✔ budget exposure: max-safe totals are exact and overflow in local, grant, aggregate or combined arithmetic fails closed (1.508666ms)
✔ budget exposure: fractional, negative, nonfinite, unsafe and missing values never become zero (0.486583ms)
✔ budget exposure: grant schema keeps authority identity strict and requires a state revision for observed or settled accounting (2.222834ms)
✔ budget exposure: parent links preserve pending, active and draining as different stored phases without conferring allocation authority (3.619417ms)
✔ budget exposure: empty and absent grant lists are equivalent while malformed and over-cap lists are rejected (38.4615ms)
✔ budget exposure: projections and strict schema copies share no mutable vectors with the ledger (0.355ms)
✔ budget authority: strict mandate identity retains issuer, reference, rule and child goal revision (0.5785ms)
✔ budget authority: a second grant for one mandate remains duplicate even after its issuer revision changes (0.150709ms)
✔ CLI resumes across processes, keeps conversation/work identities and separates disconnect, pause and cancel (4111.455417ms)
✔ CLI human output is reception plus result, with no internal events or ANSI: documents-simple (959.932708ms)
✔ CLI human output is reception plus result, with no internal events or ANSI: observations-simple (970.799084ms)
✔ CLI goal changes require an explicit revision and failures have no success JSON on stdout (1124.720667ms)
✔ CLI checkpoint is a derived reference and an old resume file does not reverse a paused work (2399.040125ms)
✔ checkpoint v2: v1 retains its exact serialized shape and rejects v2 fields (5.212334ms)
✔ checkpoint v2: an initial head preserves historical refs before any fresh observation (2.1205ms)
✔ checkpoint v2: fresh observation and input intent each require their retained reservation (0.429083ms)
✔ checkpoint v2: root identity, lifetime and bounded counters cannot be reset or enlarged (0.627166ms)
✔ checkpoint v2: a child binds its own task and policy basis to the immutable claim (0.826917ms)
✔ checkpoint v2: child actions use local indexes and cannot prepend the parent prefix or skip intent accounting (0.322334ms)
✔ checkpoint v2: inherited conditions must be observed before a successor can issue an input (0.217167ms)
✔ checkpoint v2: only verification may get a fresh read deadline after the root input deadline (0.186709ms)
✔ checkpoint v2: completing a suffix requires every own input and every condition to be confirmed (0.4735ms)
✔ checkpoint v2: zero-input completion requires a fully applied parent and fresh inheritance verification (0.814792ms)
✔ checkpoint v2: strict parsing detaches the lineage and claim without silently accepting extra capabilities (0.245625ms)
✔ sqlite: source loss during the awaited knowledge check is caught by the second resolution before input (1586.316ms)
✔ sqlite: source-head changing inside final input authorization prevents the successor input (1720.270625ms)
✔ sqlite: reconciliation-proof changing inside final input authorization prevents the successor input (1785.455708ms)
✔ sqlite: pause changing inside final input authorization prevents the successor input (1513.467292ms)
✔ sqlite: goal changing inside final input authorization prevents the successor input (1677.550666ms)
✔ sqlite: losing a parent proof after a successful child result blocks adoption, proof consumption and compaction (2926.99825ms)
✔ sqlite: a child acquires a fresh epoch and rechecks conditions without replaying the old field input (2140.036ms)
✔ file-journal: source loss during the awaited knowledge check is caught by the second resolution before input (12508.344625ms)
✔ file-journal: source-head changing inside final input authorization prevents the successor input (8880.215083ms)
✔ file-journal: reconciliation-proof changing inside final input authorization prevents the successor input (18310.317917ms)
✔ file-journal: pause changing inside final input authorization prevents the successor input (7696.697625ms)
✔ file-journal: goal changing inside final input authorization prevents the successor input (8733.7705ms)
✔ file-journal: losing a parent proof after a successful child result blocks adoption, proof consumption and compaction (32850.992334ms)
✔ file-journal: a child acquires a fresh epoch and rechecks conditions without replaying the old field input (11165.163416ms)
✔ continuation context sqlite: contract-seeded claim and latest parent originals survive five compactions and reopen (1734.880959ms)
✔ continuation context sqlite: a final v2 child preserves historical, entry and inherited observations through compact and reopen (1732.202708ms)
✔ continuation context sqlite: missing v2 entry reference invalidates an unchanged final child (1337.221458ms)
✔ continuation context sqlite: missing v2 inherited reference invalidates an unchanged final child (1220.8495ms)
✔ continuation context sqlite: v2 child rejects a forged canonical claim, unrelated initial basis and foreign observation owner (1553.128083ms)
✔ continuation context sqlite: v2 inherited observation loss during model_context staging prevents return (1299.820292ms)
✔ continuation context sqlite: v2 inherited observation loss during runtime_resume staging prevents return (1239.529583ms)
✔ continuation context sqlite: late malformed parent receive cannot rewrite a claimed source (901.080083ms)
✔ continuation context sqlite: missing head fences an otherwise unchanged claim (1046.87175ms)
✔ continuation context sqlite: missing result fences an otherwise unchanged claim (951.697083ms)
✔ continuation context sqlite: missing observation fences an otherwise unchanged claim (977.126292ms)
✔ continuation context sqlite: corrupt parent data and invalid bounded decode never produce a resume (760.124958ms)
✔ continuation context sqlite: original loss during model_context storage is checked before return (970.91025ms)
✔ continuation context sqlite: original loss during runtime_resume storage is checked before return (979.111958ms)
✔ continuation context sqlite: visibility hides a claim while obligations remain and undeclared raw fields are discarded (942.100417ms)
✔ continuation context sqlite: unavailable continuation proof readers fail closed even without reconciliation records (875.178917ms)
✔ continuation context file-journal: contract-seeded claim and latest parent originals survive five compactions and reopen (5884.234792ms)
✔ continuation context file-journal: a final v2 child preserves historical, entry and inherited observations through compact and reopen (6415.917792ms)
✔ continuation context file-journal: missing v2 entry reference invalidates an unchanged final child (3856.984834ms)
✔ continuation context file-journal: missing v2 inherited reference invalidates an unchanged final child (4572.593917ms)
✔ continuation context file-journal: v2 child rejects a forged canonical claim, unrelated initial basis and foreign observation owner (3335.033125ms)
✔ continuation context file-journal: v2 inherited observation loss during model_context staging prevents return (2993.765416ms)
✔ continuation context file-journal: v2 inherited observation loss during runtime_resume staging prevents return (2770.194834ms)
✔ continuation context file-journal: late malformed parent receive cannot rewrite a claimed source (2339.134834ms)
✔ continuation context file-journal: missing head fences an otherwise unchanged claim (3424.836584ms)
✔ continuation context file-journal: missing result fences an otherwise unchanged claim (3037.108ms)
✔ continuation context file-journal: missing observation fences an otherwise unchanged claim (2467.728084ms)
✔ continuation context file-journal: corrupt parent data and invalid bounded decode never produce a resume (2779.000583ms)
✔ continuation context file-journal: original loss during model_context storage is checked before return (3262.428625ms)
✔ continuation context file-journal: original loss during runtime_resume storage is checked before return (3602.37075ms)
✔ continuation context file-journal: visibility hides a claim while obligations remain and undeclared raw fields are discarded (3644.270542ms)
✔ continuation context file-journal: unavailable continuation proof readers fail closed even without reconciliation records (2822.820125ms)
✔ computer continuation contract: optional fields leave legacy state, context and task digests unchanged (7.569292ms)
✔ computer continuation contract: control metadata cannot carry raw actions, offsets or two resume mechanisms (0.730291ms)
✔ computer continuation contract: counters, depth and mode cannot revive the action window or exceed inherited limits (12.763959ms)
✔ computer continuation planning: exact parent and proof participate in task identity, including historical plans (12.351667ms)
✔ computer continuation tools: proof metadata is mandatory and refresh cannot install an invalid or cacheable adapter (6.09075ms)
✔ computer continuation tools: resume is required exactly for marked tools and verify needs no write permission (3.300417ms)
✔ computer continuation transition: claim and a new reserved attempt plus budget must be committed together (0.629292ms)
✔ computer continuation transition: a claimed parent cannot be replaced, removed or assigned a second sibling (1.023875ms)
✔ computer continuation transition: source result, checkpoint and task identity stay immutable while the child progresses (0.518542ms)
✔ computer continuation transition: an unknown parent requires the exact settled proof and source basis (0.520167ms)
✔ computer continuation transition: a later generation inherits root limits and cannot reset counters, depth or the action deadline (0.880792ms)
✔ memory: continuation CAS admits one sibling, preserves its receipt on retry and rejects history edits atomically (5.052667ms)
✔ sqlite: continuation CAS admits one sibling, preserves its receipt on retry and rejects history edits atomically (85.984042ms)
✔ file-journal: continuation CAS admits one sibling, preserves its receipt on retry and rejects history edits atomically (494.97025ms)
✔ sqlite: SIGKILL after continuation reservation preserves one claim and executes only the existing child after restart (2107.554875ms)
✔ sqlite: SIGKILL after child observation reservation preserves spent lineage budget without replaying an unreceived observation (1411.852125ms)
✔ sqlite: SIGKILL after child Save reconciles its durable receipt and verifies depth two without repeating applied input (4296.802625ms)
✔ file-journal: SIGKILL after continuation reservation preserves one claim and executes only the existing child after restart (15853.721667ms)
✔ file-journal: SIGKILL after child observation reservation preserves spent lineage budget without replaying an unreceived observation (8433.740333ms)
✔ file-journal: SIGKILL after child Save reconciles its durable receipt and verifies depth two without repeating applied input (53439.770958ms)
✔ sqlite: an applied-unknown prefix is reconciled once and only the two remaining inputs run (2856.582667ms)
✔ sqlite: an unknown saved input is verified after the old action deadline without saving twice (2098.171458ms)
✔ sqlite: a known not-applied input may be retried once while its applied prefix remains immutable (1993.779959ms)
✔ sqlite: a later value supersedes the same field's earlier condition at the continuation frontier (2142.766375ms)
✔ sqlite: changed inherited conditions stop a successor without repeating or extending the applied prefix (1842.661458ms)
✔ sqlite: concurrent reservations create at most one successor and consume one work reservation (1776.158208ms)
✔ sqlite: lineage observation and input budgets stay spent across failed successors (2105.518667ms)
✔ sqlite: a new successor cannot reset the original action deadline (923.1805ms)
✔ file-journal: an applied-unknown prefix is reconciled once and only the two remaining inputs run (33988.4715ms)
✔ file-journal: an unknown saved input is verified after the old action deadline without saving twice (18120.051292ms)
✔ file-journal: a known not-applied input may be retried once while its applied prefix remains immutable (10300.948417ms)
✔ file-journal: a later value supersedes the same field's earlier condition at the continuation frontier (13089.734042ms)
✔ file-journal: changed inherited conditions stop a successor without repeating or extending the applied prefix (23149.247166ms)
✔ file-journal: concurrent reservations create at most one successor and consume one work reservation (15736.930583ms)
✔ file-journal: lineage observation and input budgets stay spent across failed successors (19598.730125ms)
✔ file-journal: a new successor cannot reset the original action deadline (4503.16475ms)
✔ sqlite: structurally valid continue and verify plans fail before acceptance or cost (110.926916ms)
✔ sqlite: a stored continuation plan cannot create a new attempt or budget reservation (113.288042ms)
✔ sqlite: a stored continuation reservation cannot dispatch or enter through execute (87.883916ms)
✔ sqlite: even an existing dispatch receipt cannot invoke a continuation adapter or its reuse hook (93.258875ms)
✔ file-journal: structurally valid continue and verify plans fail before acceptance or cost (129.795792ms)
✔ file-journal: a stored continuation plan cannot create a new attempt or budget reservation (468.917709ms)
✔ file-journal: a stored continuation reservation cannot dispatch or enter through execute (607.239875ms)
✔ file-journal: even an existing dispatch receipt cannot invoke a continuation adapter or its reuse hook (480.437041ms)
✔ sqlite: continuation prepare pins only the unperformed suffix and preserves canonical state and driver input (931.978375ms)
✔ sqlite: continuation prepare refuses legacy checkpoint counters without upgrading or resetting the original deadline (993.241625ms)
✔ sqlite: continuation preparation rechecks canonical state after original checkpoint I/O (886.21075ms)
✔ sqlite: continuation resolve authenticates the canonical reservation receipt and never inspects the child's checkpoint (970.088459ms)
✔ sqlite: invalid claim graph is rejected before recursive original reads and raw proof checks never call knowledge (742.741125ms)
✔ sqlite: missing originals install a durable blocking obligation, cancel reservations, and recover without rewriting claims (886.89375ms)
✔ file-journal: continuation prepare pins only the unperformed suffix and preserves canonical state and driver input (3079.156667ms)
✔ file-journal: continuation prepare refuses legacy checkpoint counters without upgrading or resetting the original deadline (3718.557833ms)
✔ file-journal: continuation preparation rechecks canonical state after original checkpoint I/O (3693.217458ms)
✔ file-journal: continuation resolve authenticates the canonical reservation receipt and never inspects the child's checkpoint (2771.745125ms)
✔ file-journal: invalid claim graph is rejected before recursive original reads and raw proof checks never call knowledge (2901.032834ms)
✔ file-journal: missing originals install a durable blocking obligation, cancel reservations, and recover without rewriting claims (2898.655959ms)
✔ computer input assurance: omission keeps the old tool shape without silently adding a default to its digest (5.24575ms)
✔ computer input assurance: renderer semantics are pinned for all four tools and cannot be changed through the original driver (1.847625ms)
✔ computer input assurance: unknown profiles and proof-free declarations are rejected before any adapter call (18.301958ms)
✔ computer input assurance: a profile declaration grants neither tool permission nor arbitrary browser commands (9.74475ms)
✔ sqlite: replacing input assurance after dispatch invalidates the pinned attempt before driver entry (170.914375ms)
✔ file-journal: replacing input assurance after dispatch invalidates the pinned attempt before driver entry (597.650458ms)
✔ computer operation contract: identity binds the requested input without copying the observed screen or mutable lease (1.645ms)
✔ computer operation contract: every routing and action component distinguishes an otherwise reused operation id (0.30925ms)
✔ computer operation contract: strict identity retains the bounded typed-action boundary (0.58175ms)
✔ computer operation contract: receipts record a decision and never treat an unknown response as a negative effect (0.788791ms)
✔ computer operation contract: lookup cannot claim found without a receipt or turn an absent proof into not_applied (1.028291ms)
✔ SIGKILL after durable Save permits exact original receipt lookup in a new epoch without replaying input (159.848416ms)
✔ SIGKILL before Save leaves an absent receipt unknown rather than inventing a not-applied receipt (133.427458ms)
✔ sqlite: lost receive ACK preserves the committed reconciliation response and settles without another lookup (1096.529458ms)
✔ sqlite: pause during an actual driver lookup fences its late receipt while retaining the read charge and effect obligation (893.776ms)
✔ sqlite: goal during an actual driver lookup fences its late receipt while retaining the read charge and effect obligation (825.096083ms)
✔ file-journal: lost receive ACK preserves the committed reconciliation response and settles without another lookup (4161.826083ms)
✔ file-journal: pause during an actual driver lookup fences its late receipt while retaining the read charge and effect obligation (3440.692709ms)
✔ file-journal: goal during an actual driver lookup fences its late receipt while retaining the read charge and effect obligation (3903.28275ms)
✔ reconciliation context sqlite: reserved metadata and original refs survive compaction and repository reopen (1306.363167ms)
✔ reconciliation context sqlite: settled metadata and original refs survive compaction and repository reopen (1933.624084ms)
✔ reconciliation context sqlite: missing proof rejects source reuse, compaction and restore (1200.925083ms)
✔ reconciliation context sqlite: corrupt proof rejects source reuse, compaction and restore (1138.144417ms)
✔ reconciliation context sqlite: proof loss during model_context staging is rejected before return (1175.212916ms)
✔ reconciliation context sqlite: proof loss during runtime_resume staging is rejected before return (1129.561125ms)
✔ reconciliation context sqlite: lifecycle and read permission changes hide the index and prevent resume without dropping the pending obligation (1231.062167ms)
✔ reconciliation context sqlite: a runtime without an effect proof reader rejects settled metadata (1139.7035ms)
✔ reconciliation context file-journal: reserved metadata and original refs survive compaction and repository reopen (3790.64425ms)
✔ reconciliation context file-journal: settled metadata and original refs survive compaction and repository reopen (11395.127917ms)
✔ reconciliation context file-journal: missing proof rejects source reuse, compaction and restore (5388.953542ms)
✔ reconciliation context file-journal: corrupt proof rejects source reuse, compaction and restore (4093.270375ms)
✔ reconciliation context file-journal: proof loss during model_context staging is rejected before return (4028.064959ms)
✔ reconciliation context file-journal: proof loss during runtime_resume staging is rejected before return (4782.766125ms)
✔ reconciliation context file-journal: lifecycle and read permission changes hide the index and prevent resume without dropping the pending obligation (5053.130583ms)
✔ reconciliation context file-journal: a runtime without an effect proof reader rejects settled metadata (4520.030959ms)
✔ computer reconciliation contract: optional index preserves legacy states and contexts without adding empty metadata (6.082125ms)
✔ computer reconciliation contract: metadata remains strict and bounded without accepting raw action or duplicate ids (17.010792ms)
✔ computer reconciliation contract: received and settled require different proof stages and a timed response (0.345792ms)
✔ computer reconciliation contract: lookup outcome does not erase an earlier applied prefix or invent a known absence (0.130417ms)
✔ computer reconciliation transition: intent identity and the first response, proof, and timestamps cannot be replaced (2.574792ms)
✔ computer reconciliation transition: new records cannot skip dispatch and existing records cannot disappear or restart (1.598833ms)
✔ computer reconciliation transition: known claims remain historical even when the proof is invalidated (0.6425ms)
✔ computer reconciliation transition: original task identity, result, and checkpoint remain fixed across late updates (1.136292ms)
✔ memory: reconciliation CAS retains original results, rejects rollback atomically, and preserves historical receipts (8.705834ms)
✔ sqlite: reconciliation CAS retains original results, rejects rollback atomically, and preserves historical receipts (123.646167ms)
✔ file-journal: reconciliation CAS retains original results, rejects rollback atomically, and preserves historical receipts (578.080583ms)
✔ sqlite: receipt identity and driver mismatches cannot close an effect and retain the measured read (1772.689958ms)
✔ sqlite: a lease acquisition that ignores abort cannot hold cancellation or enter lookup later (857.402583ms)
✔ sqlite: a reconciled expired input keeps its intent head and null result when the original runner returns late (671.861542ms)
✔ sqlite: revoking a parent grant refunds an unused query and prevents a fresh lookup allowance (893.807167ms)
✔ file-journal: receipt identity and driver mismatches cannot close an effect and retain the measured read (6648.721209ms)
✔ file-journal: a lease acquisition that ignores abort cannot hold cancellation or enter lookup later (2423.654084ms)
✔ file-journal: a reconciled expired input keeps its intent head and null result when the original runner returns late (3074.66475ms)
✔ file-journal: revoking a parent grant refunds an unused query and prevents a fresh lookup allowance (3843.823083ms)
✔ reconciliation outbox sqlite: current proof permits one result send and delivery obligation settlement (1456.065916ms)
✔ reconciliation outbox sqlite: narrowed tool authority preserves proof validation while channel restrictions still apply (2219.470583ms)
✔ reconciliation outbox sqlite: proof loss at the same revision prevents any result transport (1071.581667ms)
✔ reconciliation outbox sqlite: proof loss defers lookup of an already sent uncertain result (1285.270917ms)
✔ reconciliation outbox sqlite: proof loss after the send claim is checked before entering the sink (1097.165625ms)
✔ reconciliation outbox sqlite: proof loss in the pre-lookup artifact await prevents receipt lookup (1214.979625ms)
✔ reconciliation outbox sqlite: proof loss during send keeps the delivery unadopted without resending (1130.857583ms)
✔ reconciliation outbox sqlite: proof loss during receipt lookup cannot close the delivery obligation (1216.710916ms)
✔ reconciliation outbox sqlite: the commit guard rechecks proof after awaited artifact validation (1245.073916ms)
✔ reconciliation outbox file-journal: current proof permits one result send and delivery obligation settlement (5904.932875ms)
✔ reconciliation outbox file-journal: narrowed tool authority preserves proof validation while channel restrictions still apply (10666.504958ms)
✔ reconciliation outbox file-journal: proof loss at the same revision prevents any result transport (5366.818666ms)
✔ reconciliation outbox file-journal: proof loss defers lookup of an already sent uncertain result (6277.100958ms)
✔ reconciliation outbox file-journal: proof loss after the send claim is checked before entering the sink (7212.018833ms)
✔ reconciliation outbox file-journal: proof loss in the pre-lookup artifact await prevents receipt lookup (8011.881584ms)
✔ reconciliation outbox file-journal: proof loss during send keeps the delivery unadopted without resending (9087.010667ms)
✔ reconciliation outbox file-journal: proof loss during receipt lookup cannot close the delivery obligation (7871.822333ms)
✔ reconciliation outbox file-journal: the commit guard rechecks proof after awaited artifact validation (6425.4135ms)
✔ sqlite: first verified effect settlement clears the no-progress gate and permits a read-only verification without creating evidence itself (4836.501333ms)
✔ sqlite: duplicate settle and replay of the same reconciliation command add no progress, lookup or budget use (2059.346ms)
✔ sqlite: re-proving the same source operation after proof-read invalidation cannot earn a second progress credit (2267.024959ms)
✔ file-journal: first verified effect settlement clears the no-progress gate and permits a read-only verification without creating evidence itself (61657.619959ms)
✔ file-journal: duplicate settle and replay of the same reconciliation command add no progress, lookup or budget use (16813.114042ms)
✔ file-journal: re-proving the same source operation after proof-read invalidation cannot earn a second progress credit (25513.401208ms)
✔ sqlite: reserve command receipt is required to authenticate an otherwise intact reconciliation proof (1148.996709ms)
✔ sqlite: dispatch command receipt is required to authenticate an otherwise intact reconciliation proof (1045.546375ms)
✔ sqlite: receive command receipt is required to authenticate an otherwise intact reconciliation proof (1067.147542ms)
✔ sqlite: settle command receipt is required to authenticate an otherwise intact reconciliation proof (1027.906458ms)
✔ sqlite: concurrent identical reserve, execute, and settle calls retain one intent, one lookup charge, and one proof (912.855084ms)
✔ file-journal: reserve command receipt is required to authenticate an otherwise intact reconciliation proof (3497.210166ms)
✔ file-journal: dispatch command receipt is required to authenticate an otherwise intact reconciliation proof (3271.197708ms)
✔ file-journal: receive command receipt is required to authenticate an otherwise intact reconciliation proof (5368.88625ms)
✔ file-journal: settle command receipt is required to authenticate an otherwise intact reconciliation proof (5113.801125ms)
✔ file-journal: concurrent identical reserve, execute, and settle calls retain one intent, one lookup charge, and one proof (3511.724ms)
✔ sqlite: SIGKILL after reconciliation reservation preserves its owner and refunds only on expiry before an explicit new command (1273.792208ms)
✔ sqlite: SIGKILL during dispatched lookup retains unknown usage and never reissues that command across expiry (1385.65575ms)
✔ sqlite: SIGKILL after received reconciliation settles the stored timely response after lease expiry with no new lookup or input (1259.404458ms)
✔ sqlite: SIGKILL after settlement reopens a current separate proof and duplicate commands remain read-only (1323.5295ms)
✔ file-journal: SIGKILL after reconciliation reservation preserves its owner and refunds only on expiry before an explicit new command (5007.052708ms)
✔ file-journal: SIGKILL during dispatched lookup retains unknown usage and never reissues that command across expiry (4849.946833ms)
✔ file-journal: SIGKILL after received reconciliation settles the stored timely response after lease expiry with no new lookup or input (6079.971375ms)
✔ file-journal: SIGKILL after settlement reopens a current separate proof and duplicate commands remain read-only (6236.86725ms)
✔ sqlite: screen result depends on the live reconciliation proof even when the state revision and previous cursor are unchanged (1334.445166ms)
✔ sqlite: proof loss during diagnostics projection withholds an already prepared result before returning a cursor (1244.509458ms)
✔ sqlite: a reader without the effect verifier cannot treat stored settled metadata as current proof (1172.068083ms)
✔ file-journal: screen result depends on the live reconciliation proof even when the state revision and previous cursor are unchanged (6806.796ms)
✔ file-journal: proof loss during diagnostics projection withholds an already prepared result before returning a cursor (7928.847542ms)
✔ file-journal: a reader without the effect verifier cannot treat stored settled metadata as current proof (6689.790125ms)
✔ sqlite: explicit reconciliation records a read response and separate effect proof without adopting or changing the original input (1229.366667ms)
✔ sqlite: recorded not-applied receipts resolve only the unknown step and preserve a prior applied prefix (1916.942084ms)
✔ sqlite: a missing driver receipt remains unresolved and repeating the same request neither repeats input nor lookup (684.762459ms)
✔ sqlite: duplicate command and execution charge one lookup while changed payload conflicts (1063.514958ms)
✔ sqlite: exhausted lookup budget refuses reservation without a driver call or a stored intent (759.611666ms)
✔ sqlite: receipt lookup requires current read authority but does not require permission to issue another input (955.278708ms)
✔ sqlite: an expired unused reconciliation reservation is released and the same request never dispatches later (924.224333ms)
✔ sqlite: loss of a settled proof reopens the effect obligation while preserving the old receipt, claim, and original head (1056.443833ms)
✔ file-journal: explicit reconciliation records a read response and separate effect proof without adopting or changing the original input (4688.530375ms)
✔ file-journal: recorded not-applied receipts resolve only the unknown step and preserve a prior applied prefix (10642.554041ms)
✔ file-journal: a missing driver receipt remains unresolved and repeating the same request neither repeats input nor lookup (5481.697375ms)
✔ file-journal: duplicate command and execution charge one lookup while changed payload conflicts (4866.100208ms)
✔ file-journal: exhausted lookup budget refuses reservation without a driver call or a stored intent (3070.102958ms)
✔ file-journal: receipt lookup requires current read authority but does not require permission to issue another input (4052.528209ms)
✔ file-journal: an expired unused reconciliation reservation is released and the same request never dispatches later (3951.719834ms)
✔ file-journal: loss of a settled proof reopens the effect obligation while preserving the old receipt, claim, and original head (5931.089708ms)
✔ computer context sqlite: five compactions and restart preserve running input metadata (649.029875ms)
✔ computer context sqlite: five compactions and restart preserve unknown input metadata (619.539083ms)
✔ computer context file-journal: five compactions and restart preserve running input metadata (2246.313791ms)
✔ computer context file-journal: five compactions and restart preserve unknown input metadata (2033.322125ms)
✔ computer context sqlite: deleted head blocks compaction, source fence and restore (230.894708ms)
✔ computer context sqlite: modified head blocks compaction, source fence and restore (232.940542ms)
✔ computer context file-journal: deleted head blocks compaction, source fence and restore (635.3875ms)
✔ computer context file-journal: modified head blocks compaction, source fence and restore (389.480625ms)
✔ computer context sqlite: mandatory input metadata cannot be evicted, altered or reassigned to a later goal (183.38025ms)
✔ computer context file-journal: mandatory input metadata cannot be evicted, altered or reassigned to a later goal (361.540458ms)
✔ computer context sqlite: head loss during model_context staging is checked before return (201.461541ms)
✔ computer context sqlite: head loss during runtime_resume staging is checked before return (221.15575ms)
✔ computer context file-journal: head loss during model_context staging is checked before return (511.353542ms)
✔ computer context file-journal: head loss during runtime_resume staging is checked before return (393.978417ms)
✔ computer context sqlite: current knowledge, source lifecycle and read permissions still fence metadata (205.255583ms)
✔ computer context file-journal: current knowledge, source lifecycle and read permissions still fence metadata (431.777167ms)
✔ computer contracts: tool inputs cannot select a driver address, add hidden actions or exceed a short batch (22.633375ms)
✔ computer contracts: malformed observations cannot acquire trustworthy refs or silently omit their usage (1.865917ms)
✔ computer contracts: a name match is insufficient when another hidden target shares that name (0.191333ms)
✔ computer contracts: a truncated view cannot prove a unique target or element condition (0.159708ms)
✔ computer contracts: byte limits count UTF-8 bytes and successful validation detaches the source (0.259291ms)
✔ computer contracts: observations cannot move backwards or switch sessions behind the same task (0.208084ms)
✔ computer contracts: conditions require explicit own values and never use prototype facts or coercion (0.2595ms)
✔ computer contracts: intent, application and observation verification cannot be collapsed into complete (3.150875ms)
✔ sqlite: a failed observation artifact write retains the driver's measured call (206.272083ms)
✔ sqlite: intent persistence failure proves no driver entry and keeps the failed step diagnostic (470.646167ms)
✔ sqlite: cancellation before driver entry settles no-input and proof revoked=false fences adoption (589.929542ms)
✔ sqlite: cancellation before driver entry settles no-input and proof revoked=true fences adoption (534.106458ms)
✔ sqlite: a failure cannot downgrade the committed unknown effect or measured usage prefix (844.860167ms)
✔ sqlite: removing the proof provider at the receive commit fence cannot accept a no-effect result (588.817583ms)
✔ sqlite: provider removal between no-effect validation and adoption cannot skip the captured proof fence (507.817041ms)
✔ sqlite: completion must match the checkpoint and only explicitly confirmed facts become evidence (808.857ms)
✔ sqlite: losing the checkpoint original between receive and adopt prevents completion (837.372583ms)
✔ sqlite: losing the observation original between receive and adopt prevents completion (912.986375ms)
✔ sqlite: diagnostic reads recheck retained knowledge before and after original IO (937.611ms)
✔ file-journal: a failed observation artifact write retains the driver's measured call (655.901042ms)
✔ file-journal: intent persistence failure proves no driver entry and keeps the failed step diagnostic (2836.598291ms)
✔ file-journal: cancellation before driver entry settles no-input and proof revoked=false fences adoption (3051.427833ms)
✔ file-journal: cancellation before driver entry settles no-input and proof revoked=true fences adoption (3220.768125ms)
✔ file-journal: a failure cannot downgrade the committed unknown effect or measured usage prefix (2981.03575ms)
✔ file-journal: removing the proof provider at the receive commit fence cannot accept a no-effect result (1447.006583ms)
✔ file-journal: provider removal between no-effect validation and adoption cannot skip the captured proof fence (1718.83275ms)
✔ file-journal: completion must match the checkpoint and only explicitly confirmed facts become evidence (3073.203375ms)
✔ file-journal: losing the checkpoint original between receive and adopt prevents completion (2628.863709ms)
✔ file-journal: losing the observation original between receive and adopt prevents completion (3024.959125ms)
✔ file-journal: diagnostic reads recheck retained knowledge before and after original IO (3530.83975ms)
✔ sqlite: SIGKILL after Save leaves committed intent unknown across recovery, goal change and cancellation without replay (967.628084ms)
✔ sqlite: SIGKILL after received result permits one adoption and rejects an old-epoch observation for a new input (1266.484792ms)
✔ file-journal: SIGKILL after Save leaves committed intent unknown across recovery, goal change and cancellation without replay (4022.497583ms)
✔ file-journal: SIGKILL after received result permits one adoption and rejects an old-epoch observation for a new input (5662.169375ms)
✔ sqlite: registered computer tools observe, apply, prove and adopt a completed synthetic note (1016.247417ms)
✔ sqlite: rerendered or restarted observations stop before the first input (895.269833ms)
✔ sqlite: a copied observation from another work remains foreign even when its artifact bytes are present (508.225167ms)
✔ sqlite: ambiguous and partial observations cannot select a target for the batch (1044.669833ms)
✔ sqlite: step two not-applied preserves the confirmed first input without claiming batch completion (838.374458ms)
✔ sqlite: applied-unknown save creates a reconciliation block and neither execute replay nor replanning adds an input (880.993625ms)
✔ sqlite: goal, policy and cancellation changes across an awaited response prevent the next input (1721.989916ms)
✔ sqlite: late readiness is observed through bounded waits before subsequent note inputs (1382.598208ms)
✔ sqlite: another runtime revoking writes during the driver's own input delay prevents every input (620.101458ms)
✔ sqlite: false or too-late conditions consume one deadline and cannot reset time or continue to Save (1652.652458ms)
✔ sqlite: stored successful result can be read and adopted after reopening without replaying app input (1088.866625ms)
✔ sqlite: strict action contracts reject injected script fields while document text has no command authority (915.040917ms)
✔ file-journal: registered computer tools observe, apply, prove and adopt a completed synthetic note (2913.052292ms)
✔ file-journal: rerendered or restarted observations stop before the first input (2502.911042ms)
✔ file-journal: a copied observation from another work remains foreign even when its artifact bytes are present (1611.91375ms)
✔ file-journal: ambiguous and partial observations cannot select a target for the batch (3752.468041ms)
✔ file-journal: step two not-applied preserves the confirmed first input without claiming batch completion (2382.403584ms)
✔ file-journal: applied-unknown save creates a reconciliation block and neither execute replay nor replanning adds an input (3626.923ms)
✔ file-journal: goal, policy and cancellation changes across an awaited response prevent the next input (8808.602209ms)
✔ file-journal: late readiness is observed through bounded waits before subsequent note inputs (4771.921583ms)
✔ file-journal: another runtime revoking writes during the driver's own input delay prevents every input (3274.928083ms)
✔ file-journal: false or too-late conditions consume one deadline and cannot reset time or continue to Save (7635.380083ms)
✔ file-journal: stored successful result can be read and adopted after reopening without replaying app input (4713.5075ms)
✔ file-journal: strict action contracts reject injected script fields while document text has no command authority (4280.198792ms)
✔ context compiler sqlite/documents-complex: five published working sets retain counterevidence and rediscover an early original (1735.895833ms)
✔ context compiler sqlite/observations-complex: five published working sets retain counterevidence and rediscover an early original (1620.935ms)
✔ context compiler file-journal/documents-complex: five published working sets retain counterevidence and rediscover an early original (7358.660083ms)
✔ context compiler file-journal/observations-complex: five published working sets retain counterevidence and rediscover an early original (7409.494083ms)
✔ context compiler sqlite: five compactions preserve canonical unknown effect and timed response obligations (534.586167ms)
✔ context compiler file-journal: five compactions preserve canonical unknown effect and timed response obligations (2077.900917ms)
✔ context compiler sqlite: selected schemas reduce the actual structured transport request and preserve precise byte accounting (219.608375ms)
ℹ {"backend":"sqlite","baselinePacketBytes":4700,"baselineToolBytes":516593,"packetBytes":2471,"toolBytes":33733,"envelopeBytes":36282,"requestBytes":41589,"selectedToolCount":13,"catalogTotal":81}
✔ context compiler file-journal: selected schemas reduce the actual structured transport request and preserve precise byte accounting (288.667916ms)
ℹ {"backend":"file-journal","baselinePacketBytes":4700,"baselineToolBytes":516593,"packetBytes":2471,"toolBytes":33733,"envelopeBytes":36282,"requestBytes":41589,"selectedToolCount":13,"catalogTotal":81}
✔ context compiler sqlite: an oversized mandatory goal fails before candidate storage or transport (107.913333ms)
✔ context compiler file-journal: an oversized mandatory goal fails before candidate storage or transport (131.429333ms)
✔ context copy: a canonical two-level invocation copy cannot restore guidance body after its catalog version is replaced (67.683084ms)
✔ context copy: two nested call results stop exposing a tool body when original tool permission is revoked (27.817125ms)
✔ context dispatch sqlite: persisted reservation does not send removed registration (290.817875ms)
✔ context dispatch sqlite: persisted reservation does not send replacement version (238.000708ms)
✔ context dispatch sqlite: persisted reservation does not send changed input schema under the same ID and version (244.955958ms)
✔ context dispatch sqlite: persisted reservation does not send changed allowed labels under the same ID and version (302.592375ms)
✔ context dispatch sqlite: persisted reservation does not send changed allowed destination under the same ID and version (292.24675ms)
✔ context dispatch file-journal: persisted reservation does not send removed registration (809.700666ms)
✔ context dispatch file-journal: persisted reservation does not send replacement version (771.962625ms)
✔ context dispatch file-journal: persisted reservation does not send changed input schema under the same ID and version (688.872583ms)
✔ context dispatch file-journal: persisted reservation does not send changed allowed labels under the same ID and version (765.034042ms)
✔ context dispatch file-journal: persisted reservation does not send changed allowed destination under the same ID and version (923.672916ms)
✔ context dispatch sqlite: persisted guidance required-rules change is checked before transport (435.295792ms)
✔ context dispatch sqlite: persisted guidance version change is checked before transport (399.915958ms)
✔ context dispatch file-journal: persisted guidance required-rules change is checked before transport (1544.998167ms)
✔ context dispatch file-journal: persisted guidance version change is checked before transport (1124.539958ms)
✔ context dispatch sqlite: unchanged tool and trusted guidance contracts resume the stored request once (338.149917ms)
✔ context dispatch file-journal: unchanged tool and trusted guidance contracts resume the stored request once (1859.6645ms)
✔ context guidance: trusted required rules, exact version and hash survive published body eviction (50.757209ms)
✔ context guidance: a manifest without required rules keeps the full original and fails a smaller input budget (18.360917ms)
✔ context guidance: result-provided rules cannot replace an absent trusted manifest rule set (9.335ms)
✔ context guidance: current label revocation prevents a previously published original from reappearing (13.068833ms)
✔ context guidance: a missing original cannot be recovered from its copied tool result or prior frame (13.11675ms)
✔ context guidance: replacing the catalog version does not expose the superseded loaded body (14.874791ms)
✔ context guidance: replacing trusted bytes under the same version rejects the old manifest and body (8.355208ms)
✔ context guidance: a stored result with a mismatched attemptId is rejected (8.2115ms)
✔ context guidance: a stored result with a mismatched resultId is rejected (8.047375ms)
✔ context guidance: the actual dispatch receipt must match the adopted attempt task digest (8.770792ms)
✔ sqlite/model_call_reserved: publishing requires the derived blob, later loss permits commits and regeneration while original loss blocks both (260.932334ms)
✔ sqlite/context_compacted: publishing requires the derived blob, later loss permits commits and regeneration while original loss blocks both (218.335208ms)
✔ sqlite: publishing detects a context head reference conflict before committing (157.949417ms)
✔ sqlite: a blocked context candidate cannot be newly published even when its bytes remain (127.853125ms)
✔ sqlite/retract: lifecycle retires the context head and access removal also blocks its retained artifact (170.589625ms)
✔ sqlite/correct: lifecycle retires the context head and access removal also blocks its retained artifact (170.1785ms)
✔ sqlite/restrict: lifecycle retires the context head and access removal also blocks its retained artifact (141.863666ms)
✔ sqlite/delete: lifecycle retires the context head and access removal also blocks its retained artifact (168.024625ms)
✔ sqlite/dependency_changed: lifecycle retires the context head and access removal also blocks its retained artifact (188.997917ms)
✔ file-journal/model_call_reserved: publishing requires the derived blob, later loss permits commits and regeneration while original loss blocks both (546.366667ms)
✔ file-journal/context_compacted: publishing requires the derived blob, later loss permits commits and regeneration while original loss blocks both (488.276917ms)
✔ file-journal: publishing detects a context head reference conflict before committing (125.612542ms)
✔ file-journal: a blocked context candidate cannot be newly published even when its bytes remain (154.057833ms)
✔ file-journal/retract: lifecycle retires the context head and access removal also blocks its retained artifact (227.311708ms)
✔ file-journal/correct: lifecycle retires the context head and access removal also blocks its retained artifact (228.916959ms)
✔ file-journal/restrict: lifecycle retires the context head and access removal also blocks its retained artifact (221.014917ms)
✔ file-journal/delete: lifecycle retires the context head and access removal also blocks its retained artifact (171.800958ms)
✔ file-journal/dependency_changed: lifecycle retires the context head and access removal also blocks its retained artifact (169.0605ms)
✔ sqlite: source deletion during the context head exists check prevents reservation and head publication (513.198625ms)
✔ sqlite: source deletion inside repository commit retires the published head and cancels the model reservation before returning (435.867833ms)
✔ sqlite: losing the prior frame does not turn an old catalog request into a conflict with the current task version (452.153458ms)
✔ file-journal: source deletion during the context head exists check prevents reservation and head publication (4597.615083ms)
✔ file-journal: source deletion inside repository commit retires the published head and cancels the model reservation before returning (4870.271541ms)
✔ file-journal: losing the prior frame does not turn an old catalog request into a conflict with the current task version (2112.9215ms)
✔ required full and reference information survives optional content pressure (1.998583ms)
✔ a full value cheaper than its required reference satisfies the minimum without overflow (0.166ms)
✔ a required reference cap rejects contradictory bounds and never substitutes a cheaper full payload (0.308459ms)
✔ optional reference caps consume only reference bytes and remain omitted when that representation does not fit (0.184708ms)
✔ a reference cap overrides full residency and new use without counting references as full reloads (0.851542ms)
✔ high and low watermarks retain compact mode until the lower boundary is crossed (0.254167ms)
✔ mere inclusion is not actual use and an idle full value does not automatically reload (0.352917ms)
✔ a new actual use marker refreshes usage and reloads the same digest once (0.219542ms)
✔ minimum residency delays idle eviction for two cycles while the hard budget still wins (0.191583ms)
✔ five changing working sets preserve old counterevidence, pending and unknown references (0.834334ms)
✔ removed authority and changed digests cannot be revived by resident or use history (0.369333ms)
✔ decisions are stable by minimum, priority, real use, recency, residence and key (0.168917ms)
✔ recently evicted content waits through cooldown unless actual use or a minimum requires it (0.098625ms)
✔ memo storage is bounded and prioritizes selected residents without changing decisions (0.579791ms)
✔ inputs and previous memo stay immutable and byte sums match selected representations (0.114542ms)
✔ duplicate keys, malformed items, invalid budgets and inconsistent memo are rejected (0.6565ms)
✔ context store stages an immutable frame without publishing it and reads the installed basis N from revision N+1 (74.32875ms)
✔ context store sqlite: derived frame and installed head survive separate reopened instances (139.301791ms)
✔ context store file-journal: derived frame and installed head survive separate reopened instances (292.425459ms)
✔ context store regenerates a missing derived frame without editing the authoritative head (55.089875ms)
✔ context store regenerates a corrupt derived frame without editing the authoritative head (60.750041ms)
✔ context store regenerates a invalid-json derived frame without editing the authoritative head (91.927ms)
✔ context store regenerates a invalid-schema derived frame without editing the authoritative head (84.773625ms)
✔ context store excludes a foreign-work previous head or frame (86.733084ms)
✔ context store excludes a foreign-tenant previous head or frame (42.255291ms)
✔ context store excludes a cycle previous head or frame (47.223625ms)
✔ context store excludes a basis previous head or frame (62.476375ms)
✔ context store excludes a unpublished previous head or frame (50.982292ms)
✔ context store excludes a policy previous head or frame (50.101875ms)
✔ context store excludes a goal previous head or frame (56.063166ms)
✔ context store excludes a generation previous head or frame (35.59425ms)
✔ context store excludes a blocked previous head or frame (36.094667ms)
✔ context store excludes a underlabelled previous head or frame (80.718916ms)
✔ context store checks stale frame basis and forbidden packet policy before writing any candidate (4.133167ms)
✔ context store previous rejects goal changes during artifact I/O (64.127334ms)
✔ context store previous rejects policy changes during artifact I/O (49.885834ms)
✔ context store previous rejects generation changes during artifact I/O (63.808459ms)
✔ context store previous rejects source changes during artifact I/O (57.164125ms)
✔ context store put rejects goal changes during artifact I/O (73.793417ms)
✔ context store put rejects policy changes during artifact I/O (60.123042ms)
✔ context store put rejects generation changes during artifact I/O (73.908708ms)
✔ context store put rejects source changes during artifact I/O (51.851667ms)
✔ context store readback rejects goal changes during artifact I/O (62.7735ms)
✔ context store readback rejects policy changes during artifact I/O (65.953584ms)
✔ context store readback rejects generation changes during artifact I/O (54.953834ms)
✔ context store readback rejects source changes during artifact I/O (66.929333ms)
✔ context store never turns state or source failure during a missing-frame read into successful regeneration (54.808375ms)
✔ context store refuses unavailable knowledge even when there is no previous head (8.108417ms)
✔ context store leaves the previous head intact when candidate storage fails (68.106292ms)
✔ context store rejects a relabelled put receipt or altered readback bytes and never publishes a head (69.690375ms)
✔ context store applies byte limits before writing or loading a derived frame (57.0375ms)
✔ canonical state has explicit nulls, bounded revisions and no provider/SQL objects (2.456583ms)
✔ goal validation cannot silently drop unknown authorization fields or empty completion rules (0.111333ms)
✔ partial result is distinct from complete result and API errors are not evidence of absence (0.469792ms)
✔ plan and context explicitly bind state and goal revisions (0.53375ms)
✔ invalid provider content is not included in validation error text (0.101209ms)
✔ a late counterexample prevents a previously delivered answer from being displayed as the current result (616.665959ms)
✔ a public snapshot retries a goal change during artifact verification (542.417084ms)
✔ conversation view keeps message selection and public status on the same revision (553.468542ms)
✔ cancelled work displays its status rather than its historical delivered result (537.937541ms)
✔ request acceptance is atomic, duplicate input is stable and each conversation can bind several works (20.365625ms)
✔ failed acceptance commit creates neither a work nor a reception acknowledgment (63.188958ms)
✔ analysis, response preparation, delivery and completion are distinct; retransmission never collects evidence again (22.796875ms)
✔ analysis-only completion does not pretend that its result was prepared or delivered (7.422875ms)
✔ pending questions are grouped once and resolving a question cannot waive required result delivery (5.927875ms)
✔ independent dispatchers claim once and receipt reconciliation after restart does not send again (56.28225ms)
✔ ambiguous delivery with no idempotency stays unknown, including repeated and timed-out lookup (10.193084ms)
✔ idempotent absent receipt permits only a bounded later retry and permanent failure stays visible (4.507333ms)
✔ goal before delivery prevents an obsolete or unauthorized result from being sent (7.613833ms)
✔ cancel before delivery prevents an obsolete or unauthorized result from being sent (6.472833ms)
✔ labels before delivery prevents an obsolete or unauthorized result from being sent (6.549542ms)
✔ destination before delivery prevents an obsolete or unauthorized result from being sent (6.358833ms)
✔ pause preserves pending delivery and resume can complete it without another source call (6.843458ms)
✔ late confirmed delivery is historical and cannot satisfy a revised goal (6.230042ms)
✔ an uncertain old-goal delivery retains its uncertainty when superseded by a new goal (5.79075ms)
✔ SIGKILL between channel commit and outbox settlement recovers from two reopened databases without another send (259.161125ms)
✔ a never-dispatched response can be prepared after permission restoration, and large questions retain their full artifact (14.135625ms)
✔ sqlite/documents-simple: delete blocks derived copies and pending result; restart preserves tombstone and cancellation works after bytes are absent (480.644917ms)
✔ sqlite/observations-simple: delete blocks derived copies and pending result; restart preserves tombstone and cancellation works after bytes are absent (474.779209ms)
✔ file-journal/documents-simple: delete blocks derived copies and pending result; restart preserves tombstone and cancellation works after bytes are absent (1985.98275ms)
✔ file-journal/observations-simple: delete blocks derived copies and pending result; restart preserves tombstone and cancellation works after bytes are absent (1142.713208ms)
✔ sqlite: lifecycle ownership, concurrent generation and command identity are enforced (189.352583ms)
✔ sqlite: a question prepared before access removal is superseded without sending its text (274.681083ms)
✔ sqlite: data removal preserves an already dispatched write as an unresolved effect (227.551167ms)
✔ sqlite: tool reply is revalidated after lifecycle change during artifact storage (296.429167ms)
✔ sqlite: model reply is revalidated after lifecycle change during artifact storage (389.601042ms)
✔ sqlite: validity retraction allows labelled historical inspection and correction uses a new immutable evidence ID (243.006333ms)
✔ sqlite: a stored core.calls.get copy cannot expose deleted source content (284.940292ms)
✔ sqlite: evidence read rechecks a lifecycle change during artifact I/O (228.059791ms)
✔ sqlite: original read rechecks a lifecycle change during artifact I/O (248.595292ms)
✔ sqlite: result read rechecks a lifecycle change during artifact I/O (202.184458ms)
✔ sqlite: old dispatched tool reply after deletion is stored only as a sanitized failure (207.208667ms)
✔ sqlite: late model reply after deletion retains measured usage without retaining forbidden proposal text (379.013666ms)
✔ file-journal: lifecycle ownership, concurrent generation and command identity are enforced (1002.789375ms)
✔ file-journal: a question prepared before access removal is superseded without sending its text (1725.499083ms)
✔ file-journal: data removal preserves an already dispatched write as an unresolved effect (1315.03025ms)
✔ file-journal: tool reply is revalidated after lifecycle change during artifact storage (691.081625ms)
✔ file-journal: model reply is revalidated after lifecycle change during artifact storage (795.888959ms)
✔ file-journal: validity retraction allows labelled historical inspection and correction uses a new immutable evidence ID (1203.671209ms)
✔ file-journal: a stored core.calls.get copy cannot expose deleted source content (1799.233375ms)
✔ file-journal: evidence read rechecks a lifecycle change during artifact I/O (915.283ms)
✔ file-journal: original read rechecks a lifecycle change during artifact I/O (822.428792ms)
✔ file-journal: result read rechecks a lifecycle change during artifact I/O (827.071583ms)
✔ file-journal: old dispatched tool reply after deletion is stored only as a sanitized failure (851.141917ms)
✔ file-journal: late model reply after deletion retains measured usage without retaining forbidden proposal text (1450.031417ms)
✔ sqlite: restricted work reaches neither external estimator nor model even without an evidence body (81.142291ms)
✔ sqlite: authorized internal model retains the floor through a forced compact and stored request (120.845375ms)
✔ sqlite: disclosure revoked during source assembly stops the estimator before it receives prose (96.815666ms)
✔ sqlite: revoked model disclosure cancels a stored request before adapter entry (111.741583ms)
✔ sqlite: disclosure revoked during stored model input read stops the final transport (125.274709ms)
✔ sqlite: tool access labels cannot authorize restricted task inputs to an external tool (74.542333ms)
✔ sqlite: read permission narrowing does not relabel old task prose as public (79.014541ms)
✔ sqlite: authorized internal tool receives one invocation after current disclosure check (83.306375ms)
✔ sqlite: changed disclosure during asynchronous tool preflight stops adapter entry (104.966167ms)
✔ sqlite: denied channel cannot receive even a queued acknowledgement from restricted work (90.059916ms)
✔ sqlite: disclosure revocation preserves unknown delivery and prevents full-body lookup (99.765208ms)
✔ sqlite: still-authorized unknown delivery uses lookup without resending (140.586666ms)
✔ sqlite: policy changed during artifact check stops an unknown question lookup (257.098208ms)
✔ sqlite: child budget cannot omit or expand parent disclosure policy (68.004333ms)
✔ sqlite: child read-scope narrowing inherits the parent prose floor and blocks model export (97.037709ms)
✔ sqlite: legacy parent cannot classify copied work prose by creating a boundary-enabled child (64.642875ms)
✔ sqlite: floor and active policy cannot be removed by a direct state commit (72.260042ms)
✔ sqlite: classifying a preexisting legacy work requires explicit migration (96.848917ms)
✔ file-journal: restricted work reaches neither external estimator nor model even without an evidence body (88.754042ms)
✔ file-journal: authorized internal model retains the floor through a forced compact and stored request (304.232125ms)
✔ file-journal: disclosure revoked during source assembly stops the estimator before it receives prose (208.882208ms)
✔ file-journal: revoked model disclosure cancels a stored request before adapter entry (193.912958ms)
✔ file-journal: disclosure revoked during stored model input read stops the final transport (274.768792ms)
✔ file-journal: tool access labels cannot authorize restricted task inputs to an external tool (227.115667ms)
✔ file-journal: read permission narrowing does not relabel old task prose as public (264.020167ms)
✔ file-journal: authorized internal tool receives one invocation after current disclosure check (386.692167ms)
✔ file-journal: changed disclosure during asynchronous tool preflight stops adapter entry (560.050708ms)
✔ file-journal: denied channel cannot receive even a queued acknowledgement from restricted work (494.155375ms)
✔ file-journal: disclosure revocation preserves unknown delivery and prevents full-body lookup (715.523041ms)
✔ file-journal: still-authorized unknown delivery uses lookup without resending (759.993792ms)
✔ file-journal: policy changed during artifact check stops an unknown question lookup (1055.096084ms)
✔ file-journal: child budget cannot omit or expand parent disclosure policy (322.091875ms)
✔ file-journal: child read-scope narrowing inherits the parent prose floor and blocks model export (802.939375ms)
✔ file-journal: legacy parent cannot classify copied work prose by creating a boundary-enabled child (154.958625ms)
✔ file-journal: floor and active policy cannot be removed by a direct state commit (177.634334ms)
✔ file-journal: classifying a preexisting legacy work requires explicit migration (142.164833ms)
✔ memory state adapter applies the same floor transition guard as persistent adapters (0.581958ms)
✔ direct structured adapter denies estimation and transport using the retained context floor (1.095458ms)
✔ disclosure comparison: twelve A/B/C transport cases use two fixture families and reopened persistent stores (9350.201625ms)
✔ disclosure comparison: independent scoring rejects injected outbound originals even with rewritten measurement claims (189.419875ms)
✔ disclosure comparison: empty release, missing raw checks and advisory authority cannot become passing zero-leak samples (1431.67875ms)
✔ disclosure comparison: same-lineage and renamed copies retain root dependency while missing roots cannot independently complete (1.496542ms)
✔ disclosure comparison: tool and A2A data cannot add policy authority to a strict model proposal or mutate stored work (1.475417ms)
✔ destination rules combine read authority, destination, surface and labels (0.721291ms)
✔ duplicate destinations and rules with arbitrary output keys or ambiguous mappings are rejected (1.909875ms)
✔ child policies cannot remove destination restrictions or increase release budgets (0.090583ms)
✔ sqlite: release keeps only finite mapped facts and preserves immutable internal source proof (137.994833ms)
✔ sqlite: retry and reopen reuse the recorded release without resetting its budget (120.754542ms)
✔ sqlite: lineage aliases count repeated copies as the same source (114.892792ms)
✔ sqlite: release does not accept data-supplied policy, an unknown field value, or missing evidence (136.287334ms)
✔ sqlite: restrict invalidates a stored release and preserves prior disclosure usage (153.648583ms)
✔ sqlite: retract invalidates a stored release and preserves prior disclosure usage (127.944834ms)
✔ sqlite: supersede invalidates a stored release and preserves prior disclosure usage (140.941583ms)
✔ sqlite: delete invalidates a stored release and preserves prior disclosure usage (140.65425ms)
✔ sqlite: policy invalidates a stored release and preserves prior disclosure usage (131.006416ms)
✔ sqlite: goal invalidates a stored release and preserves prior disclosure usage (157.862334ms)
✔ sqlite: current read restrictions and wrong actor prevent release and later read (128.171083ms)
✔ sqlite: policy revocation during original read prevents publication (147.73025ms)
✔ sqlite: raw source gates cover every export surface without reclassifying the source (104.356416ms)
✔ sqlite: accumulated bytes and request identity remain binding (130.703ms)
✔ sqlite: concurrent release publication does not overspend a one-release budget (109.5605ms)
✔ sqlite: release proof and cumulative history cannot be deleted or rewritten (84.944416ms)
✔ file-journal: release keeps only finite mapped facts and preserves immutable internal source proof (404.230125ms)
✔ file-journal: retry and reopen reuse the recorded release without resetting its budget (1059.268375ms)
✔ file-journal: lineage aliases count repeated copies as the same source (462.941958ms)
✔ file-journal: release does not accept data-supplied policy, an unknown field value, or missing evidence (204.840666ms)
✔ file-journal: restrict invalidates a stored release and preserves prior disclosure usage (289.101083ms)
✔ file-journal: retract invalidates a stored release and preserves prior disclosure usage (284.536459ms)
✔ file-journal: supersede invalidates a stored release and preserves prior disclosure usage (271.9865ms)
✔ file-journal: delete invalidates a stored release and preserves prior disclosure usage (579.051333ms)
✔ file-journal: policy invalidates a stored release and preserves prior disclosure usage (514.835708ms)
✔ file-journal: goal invalidates a stored release and preserves prior disclosure usage (456.990042ms)
✔ file-journal: current read restrictions and wrong actor prevent release and later read (439.664458ms)
✔ file-journal: policy revocation during original read prevents publication (267.297042ms)
✔ file-journal: raw source gates cover every export surface without reclassifying the source (729.013ms)
✔ file-journal: accumulated bytes and request identity remain binding (502.950333ms)
✔ file-journal: concurrent release publication does not overspend a one-release budget (560.070667ms)
✔ file-journal: release proof and cumulative history cannot be deleted or rewritten (392.628875ms)
✔ sqlite: a generic artifact reference cannot bypass its connected evidence restriction (95.029167ms)
✔ sqlite: changed or unavailable memory dependencies stop release and raw views (125.962917ms)
✔ sqlite: a new lineage on derived evidence does not create a new independent root (129.984583ms)
✔ sqlite: a lost commit response cannot erase a disclosure or give its budget back (112.692375ms)
✔ sqlite: an unclassified new work cannot opt in with an empty label floor (106.757ms)
✔ file-journal: a generic artifact reference cannot bypass its connected evidence restriction (221.423ms)
✔ file-journal: changed or unavailable memory dependencies stop release and raw views (477.104541ms)
✔ file-journal: a new lineage on derived evidence does not create a new independent root (617.716916ms)
✔ file-journal: a lost commit response cannot erase a disclosure or give its budget back (570.783292ms)
✔ file-journal: an unclassified new work cannot opt in with an empty label floor (146.159625ms)
✔ sqlite: every released transport entry rechecks source authority and receiver binding (167.750375ms)
✔ sqlite: revocation during released source validation prevents receiver entry (170.468916ms)
✔ sqlite: a receiver exception is an unknown outcome with retained release usage and no source-bearing error (139.655125ms)
✔ file-journal: every released transport entry rechecks source authority and receiver binding (692.7455ms)
✔ file-journal: revocation during released source validation prevents receiver entry (556.448333ms)
✔ file-journal: a receiver exception is an unknown outcome with retained release usage and no source-bearing error (599.788ms)
✔ sqlite: initial model disclosure denial returns a durable blocked workflow and checkpoint (131.115875ms)
✔ sqlite: revoked reserved model is accounted as unused and resumes with one fresh call after reopen (345.482292ms)
✔ sqlite: disclosure changes inside dispatch preflight settle a known-unused reservation instead of escaping (131.702542ms)
✔ sqlite: required result channel denial persists blocked state and can resume delivery from checkpoint (226.00325ms)
✔ sqlite: completed analysis keeps its terminal state while unavailable channel yields an undelivered response (190.234708ms)
✔ sqlite: an unsuccessful resume under unchanged channel policy blocks again without becoming runnable (179.919333ms)
✔ sqlite: simultaneous cancel and disclosure revocation preserve user control and unused accounting (137.870083ms)
✔ sqlite: simultaneous pause and disclosure revocation preserve user control and unused accounting (151.631208ms)
✔ file-journal: initial model disclosure denial returns a durable blocked workflow and checkpoint (1184.935375ms)
✔ file-journal: revoked reserved model is accounted as unused and resumes with one fresh call after reopen (5696.960833ms)
✔ file-journal: disclosure changes inside dispatch preflight settle a known-unused reservation instead of escaping (1942.878541ms)
✔ file-journal: required result channel denial persists blocked state and can resume delivery from checkpoint (2524.180459ms)
✔ file-journal: completed analysis keeps its terminal state while unavailable channel yields an undelivered response (2317.429334ms)
✔ file-journal: an unsuccessful resume under unchanged channel policy blocks again without becoming runnable (1649.910417ms)
✔ file-journal: simultaneous cancel and disclosure revocation preserve user control and unused accounting (1401.322041ms)
✔ file-journal: simultaneous pause and disclosure revocation preserve user control and unused accounting (1868.420583ms)
✔ inject all local ports without a database or channel SDK: documents-simple (6.26725ms)
✔ inject all local ports without a database or channel SDK: observations-simple (1.634917ms)
✔ scripted planner honors cancellation and cannot mutate caller state (0.837917ms)
✔ fake sink exposes delivery uncertainty and deduplicates only matching content (0.280167ms)
✔ sqlite: injected invalid retained proof blocks every pending ack, question and failure before transport (199.883125ms)
✔ sqlite: retained failed proof blocks receipt lookup and settlement for uncertain ack, question and failure (128.239125ms)
✔ sqlite: settled-to-failed transition during send cannot adopt an already returned channel receipt (497.080334ms)
✔ sqlite: failed-only retained proof is checked again at the final delivery commit after an artifact await (433.145167ms)
✔ file-journal: injected invalid retained proof blocks every pending ack, question and failure before transport (1279.910334ms)
✔ file-journal: retained failed proof blocks receipt lookup and settlement for uncertain ack, question and failure (737.839584ms)
✔ file-journal: settled-to-failed transition during send cannot adopt an already returned channel receipt (2260.636083ms)
✔ file-journal: failed-only retained proof is checked again at the final delivery commit after an artifact await (2339.45825ms)
✔ effect proofs: a legacy work uses neither the optional checker nor any refresh mutation (18.093875ms)
✔ effect proofs: settled claims require a checker and checker failures stay unavailable (10.848708ms)
✔ effect proofs: missing checker reopens the original obligation and cancels ordinary reservations once without rewriting proof history (7.076333ms)
✔ effect proofs: expired reserved lookup releases only an undispatched reservation and preserves measured uncertainty (4.614875ms)
✔ effect proofs: expired running lookup releases only an undispatched reservation and preserves measured uncertainty (4.016541ms)
✔ effect proofs: lifecycle deletion reopens a settled effect and quarantines all linked references without changing received facts or timestamps (6.760375ms)
✔ effect proofs: a committed tool dispatch with missing proof authority cannot silently bypass the broker (7.432541ms)
✔ effect proofs: a committed tool dispatch with invalid proof authority cannot silently bypass the broker (5.044417ms)
✔ effect proofs: a committed tool dispatch with valid proof authority cannot silently bypass the broker (5.545ms)
✔ effect proofs: a reuse await that loses proof validity is checked before implementation entry (5.5525ms)
✔ effect proofs: invalid proof prevents new model reservation before compiling input (4.699708ms)
✔ effect proofs: losing proof during model input read prevents actual planner entry and still settles the dispatched call (9.563916ms)
✔ effect proofs: loss during adoption artifact checks rejects a stored model proposal while preserving usage (6.004792ms)
✔ effect proofs: a valid checker permits one model invocation and adoption with the historical proof unchanged (5.408041ms)
✔ effect proofs: proof loss during result body storage prevents response publication (5.580084ms)
✔ effect proofs: a same-revision snapshot suppresses an existing result when its proof becomes unavailable during the read (4.877041ms)
✔ sqlite: work resource bodies and metadata use canonical effect proof with a narrowed caller and fail without a checker (553.071583ms)
✔ sqlite: proof invalidation during original or stored result I/O cannot return the already read body (532.685125ms)
✔ sqlite: disclosure release, saved payload, raw read and receiver entry all retain current source effect proof (472.765625ms)
✔ sqlite: private, derived and cached shared memory cannot outlive the original work effect proof (540.934375ms)
✔ sqlite: source proof authentication does not recursively validate memory copied into that same work (1227.945917ms)
✔ sqlite: a failed historical effect proof stays required after refresh and reopen until the same source is explicitly proved again (1711.227791ms)
✔ file-journal: work resource bodies and metadata use canonical effect proof with a narrowed caller and fail without a checker (1538.44025ms)
✔ file-journal: proof invalidation during original or stored result I/O cannot return the already read body (1631.105583ms)
✔ file-journal: disclosure release, saved payload, raw read and receiver entry all retain current source effect proof (2007.635917ms)
✔ file-journal: private, derived and cached shared memory cannot outlive the original work effect proof (1884.432708ms)
✔ file-journal: source proof authentication does not recursively validate memory copied into that same work (9530.785916ms)
✔ file-journal: a failed historical effect proof stays required after refresh and reopen until the same source is explicitly proved again (12535.159ms)
✔ evaluation build: none checks source and executed output together (85.356666ms)
✔ evaluation build: source checks source and executed output together (97.028458ms)
✔ evaluation build: compiled checks source and executed output together (136.660042ms)
✔ evaluation build: missing checks source and executed output together (95.468291ms)
✔ evaluation build: runtime checks source and executed output together (92.200292ms)
✔ evaluation build: orphan checks source and executed output together (92.918ms)
✔ evaluation build: a source change during case selection cannot relabel older compiled execution (149.749709ms)
✔ sqlite: readonly evaluation replay authenticates full receipt history, old originals and the current resume packet after reopen (226.845375ms)
✔ sqlite: version, pins and independently recomputed score are required without writes (227.204416ms)
✔ sqlite: receipt omission, duplicates, absent receipts and changed stored states fail closed (224.018333ms)
✔ sqlite: altered oracle and expected outcome cannot be blessed by recomputing sample and score hashes (263.983958ms)
✔ sqlite: rehashing an altered or dropped intermediate completion cannot bypass receipt-state binding (251.043083ms)
✔ sqlite: repeated readonly observations and explicit status-only measurement preserve historical receipt validation (260.946916ms)
✔ sqlite: omitted historical artifacts and conflicting refs are detected independently of the supplied list (274.900542ms)
✔ sqlite: deleted original is unavailable even with intact state, score and resume blob (237.555375ms)
✔ sqlite: corrupt original is unavailable even with intact state, score and resume blob (206.1915ms)
✔ sqlite: historical_deleted original is unavailable even with intact state, score and resume blob (214.636583ms)
✔ sqlite: wrong owner and the current actor's narrower label policy cannot replay source bytes (221.089417ms)
✔ sqlite: a currently indexed original cannot override a durable lifecycle tombstone (257.065125ms)
✔ sqlite: foreign, body-altered and lost resume packets fail without regeneration (344.058541ms)
✔ sqlite: canonical changes during original I/O prevent a successful replay result (212.920334ms)
✔ sqlite: a receipt changed after initial validation is caught at the final read boundary (211.789167ms)
✔ sqlite: caller mutation cannot replace the in-flight sample and current actor revocation is detected (175.86725ms)
✔ file-journal: readonly evaluation replay authenticates full receipt history, old originals and the current resume packet after reopen (773.765666ms)
✔ file-journal: version, pins and independently recomputed score are required without writes (528.041292ms)
✔ file-journal: receipt omission, duplicates, absent receipts and changed stored states fail closed (781.55875ms)
✔ file-journal: altered oracle and expected outcome cannot be blessed by recomputing sample and score hashes (592.181625ms)
✔ file-journal: rehashing an altered or dropped intermediate completion cannot bypass receipt-state binding (978.970917ms)
✔ file-journal: repeated readonly observations and explicit status-only measurement preserve historical receipt validation (789.270625ms)
✔ file-journal: omitted historical artifacts and conflicting refs are detected independently of the supplied list (867.887833ms)
✔ file-journal: deleted original is unavailable even with intact state, score and resume blob (708.213792ms)
✔ file-journal: corrupt original is unavailable even with intact state, score and resume blob (715.629209ms)
✔ file-journal: historical_deleted original is unavailable even with intact state, score and resume blob (681.869833ms)
✔ file-journal: wrong owner and the current actor's narrower label policy cannot replay source bytes (745.314125ms)
✔ file-journal: a currently indexed original cannot override a durable lifecycle tombstone (804.959542ms)
✔ file-journal: foreign, body-altered and lost resume packets fail without regeneration (1374.767709ms)
✔ file-journal: canonical changes during original I/O prevent a successful replay result (783.131375ms)
✔ file-journal: a receipt changed after initial validation is caught at the final read boundary (715.957583ms)
✔ file-journal: caller mutation cannot replace the in-flight sample and current actor revocation is detected (792.936292ms)
✔ forgotten evidence is rediscovered by ID, source, locator or facts without returning fact bodies (24.727459ms)
✔ hidden, retracted, superseded and parent-retracted evidence never contributes cards or hasMore (11.040209ms)
✔ Korean NFC and NFD clues and English case variants find the same current evidence (7.720208ms)
✔ the evidence discovery tool preserves bounded current-card and partial-call semantics (6.159791ms)
✔ locator truncation preserves the exact evidence ID and reports partial coverage without inventing more matches (5.623166ms)
✔ different owners, tenants and narrower caller labels cannot inspect evidence discovery cards (6.482667ms)
✔ retained knowledge failure at validation 1 blocks cards before return (6.287167ms)
✔ retained knowledge failure at validation 2 blocks cards before return (5.275709ms)
✔ a work retaining knowledge cannot discover derived evidence without its current validator (4.657625ms)
✔ a goal change while the final source-state read waits prevents returning earlier-scope cards (5.948083ms)
✔ caller permission narrowing during the knowledge gate is detected even without a work revision change (4.530416ms)
✔ strict discovery arguments reject extra authority, excessive query length and invalid limits (4.551208ms)
✔ instructions in source facts remain data and discovery changes no facts, goal, plan or authority (5.23675ms)
✔ pre-aborted discovery uses the common read wrapper without reading the work (4.539458ms)
✔ current and historical views enforce own access, tenant, scope and artifact labels while omitted access stays available (1.351042ms)
✔ two generations of derived evidence lose current validity when an ancestor is retracted or superseded, while history stays readable (0.140333ms)
✔ ancestor restriction, deletion, missing reference or revoked labels blocks current and historical descendants (0.085334ms)
✔ a correction remains a monotonic supersession after retraction, restriction, deletion or permission loss (0.135042ms)
✔ supersession uses the full valid version chain and is independent of record ordering (0.06475ms)
✔ foreign tenant, scope, source, lineage and invalid time cannot suppress a valid original (0.084292ms)
✔ a replacement does not depend on a superseded body being current or present in a selected view (0.046291ms)
✔ cyclic, missing and ambiguous derived references fail closed without removing independent evidence (0.048125ms)
✔ deep derived chains are evaluated without recursive call-stack growth and do not become independent sources (8.452958ms)
✔ record intake accepts parents and descendants in either order and preserves caller objects (3.178416ms)
✔ record intake requires inherited labels on both derivation and replacement edges (0.848542ms)
✔ record intake requires artifact labels to cover the evidence and rejects artifacts outside policy (0.8515ms)
✔ new records inherit transitive dependency labels even if a legacy intermediate record was under-labelled (0.240375ms)
✔ shared ancestry across multiple parents is not mistaken for a cycle (0.091959ms)
✔ derived intake refuses historical or inaccessible ancestors and checks validity after the whole incoming batch (0.388958ms)
✔ replacement intake permits an accessible retracted target but never an inaccessible historical target (0.144917ms)
✔ record intake rejects missing references and invalid tenant, scope, source, lineage or time on replacements (0.292ms)
✔ record intake rejects self, indirect and mixed cycles before accepting partial lineage (0.164125ms)
✔ omitted and explicit available access are idempotently equivalent but content or access changes cannot overwrite an ID (0.544375ms)
✔ tool-result validation preserves effect, error and artifact guards while using the shared record intake (0.219792ms)
✔ evaluation: fixture truth distinguishes acknowledgement, first original, delivered useful answer and verified completion (4.2775ms)
✔ evaluation: a runtime completed flag cannot replace the fixed expected facts (0.622833ms)
✔ evaluation: absent expected facts do not count as verified evidence or a useful answer (0.249666ms)
✔ evaluation: early delivered answers remain false completion even if the final state later becomes correct (0.319417ms)
✔ evaluation: a correct result before a declared late-evidence release fails the fixed timeline oracle (0.249958ms)
✔ evaluation: wrong source identity cannot satisfy an original named by the fixture oracle (0.187125ms)
✔ evaluation: wrong lineage identity cannot satisfy an original named by the fixture oracle (0.17125ms)
✔ evaluation: wrong observation time cannot satisfy an original named by the fixture oracle (0.204125ms)
✔ evaluation: wrong tenant cannot satisfy an original named by the fixture oracle (0.323375ms)
✔ evaluation: wrong scope cannot satisfy an original named by the fixture oracle (0.220583ms)
✔ evaluation: restricted label cannot satisfy an original named by the fixture oracle (0.199667ms)
✔ evaluation: restricted access cannot satisfy an original named by the fixture oracle (0.157041ms)
✔ evaluation: retracted source cannot satisfy an original named by the fixture oracle (0.174125ms)
✔ evaluation: copied source cannot satisfy an original named by the fixture oracle (0.152166ms)
✔ evaluation: partial coverage cannot satisfy an original named by the fixture oracle (0.130416ms)
✔ evaluation: two required records from one lineage cannot satisfy a two-source criterion even with matching facts (0.189833ms)
✔ evaluation: duplicate source IDs, current forbidden evidence and unresolved counterevidence fail independently (0.444458ms)
✔ evaluation: a pinned replacement must remain readable, accepted, original and complete without resurrecting its withdrawn predecessor (0.813541ms)
✔ evaluation: hypothesis status and current original support are checked against the pinned final hypothesis (0.645042ms)
✔ evaluation: answer delivery requires authorized routing and explicit required evidence references (0.915375ms)
✔ evaluation: waiting with an unknown delivery reports no useful answer latency and preserves its delivery obligation (0.217167ms)
✔ evaluation: run errors and mismatched final control remain failures even for an expected blocked case (0.191583ms)
✔ evaluation: completed states with pending obligations or an undelivered required response are false completion (0.716625ms)
✔ evaluation: status-only observation of an existing completed work is not a new completion or answer (0.296875ms)
✔ evaluation: cumulative costs cannot disappear and unknown model usage cannot become fabricated zero after resume (0.337416ms)
✔ evaluation: a real late usage report may resolve unknown reservations while preserving known and additional charges (0.244583ms)
✔ evaluation: a gate failure before dispatch costs zero, while a dispatched call denied before invocation remains charged (0.491459ms)
✔ evaluation: observations and source queries can repeat without duplicating intervention or context accounting (0.468459ms)
✔ evaluation: context cost comes from unique persisted model calls and remains distinct from reported token usage (0.579083ms)
✔ evaluation summary: contract success, all-case completion and eligible completion use different explicit denominators (5.023125ms)
✔ evaluation summary: nearest-rank p50/p95 include answer samples only and report the sample count (0.832209ms)
✔ evaluation summary: supplied scores join by case ID and cannot silently replace missing or duplicate cases (0.598917ms)
✔ sqlite: two local callers join one real execution and preserve owner, lease, deadline and one budget charge (209.714792ms)
✔ sqlite: cancelling the initiating caller and another joined caller detaches only their waits (169.462334ms)
✔ sqlite: an already aborted caller cannot create an execution (120.122ms)
✔ sqlite: another facade observes durable running and settled states without claiming local promise ownership (184.875958ms)
✔ sqlite: a different owner and an expired reservation remain explicit waits without lease renewal or automatic recovery (115.939583ms)
✔ sqlite: reopening a dispatched write never replays it and explicit recovery retains the unknown effect obligation (110.896792ms)
✔ sqlite: reopening after a stored result reports received without executing or adopting it again (180.61675ms)
✔ sqlite: state changes during receipt lookup are reread before the facade decides to execute (97.932625ms)
✔ sqlite: a reporting read error after successful execution is shared as an error and retry only observes the durable result (171.565417ms)
✔ file-journal: two local callers join one real execution and preserve owner, lease, deadline and one budget charge (659.343375ms)
✔ file-journal: cancelling the initiating caller and another joined caller detaches only their waits (725.12325ms)
✔ file-journal: an already aborted caller cannot create an execution (357.323459ms)
✔ file-journal: another facade observes durable running and settled states without claiming local promise ownership (847.906083ms)
✔ file-journal: a different owner and an expired reservation remain explicit waits without lease renewal or automatic recovery (620.983792ms)
✔ file-journal: reopening a dispatched write never replays it and explicit recovery retains the unknown effect obligation (730.339958ms)
✔ file-journal: reopening after a stored result reports received without executing or adopting it again (600.337583ms)
✔ file-journal: state changes during receipt lookup are reread before the facade decides to execute (546.345667ms)
✔ file-journal: a reporting read error after successful execution is shared as an error and retry only observes the durable result (759.698708ms)
✔ execution mode CLI sqlite: fast reception survives process exit and repeated status is read-only (1135.715083ms)
✔ execution mode CLI sqlite: mode command is durable and idempotent while stale revisions do not change state (1381.67ms)
✔ execution mode CLI sqlite: a pending mode change is visible after exit and preserves the reserved attempt (1447.012333ms)
✔ execution mode CLI sqlite: enum, both revisions and an explicit nonblank reason are required (1275.38625ms)
✔ execution mode CLI sqlite: irrelevant mode options are rejected before opening a profile (641.314458ms)
✔ execution mode CLI sqlite documents-simple: changing mode preserves the goal, original source and completed work (1631.9015ms)
✔ execution mode CLI sqlite observations-simple: changing mode preserves the goal, original source and completed work (1582.649667ms)
✔ execution mode CLI file-journal: fast reception survives process exit and repeated status is read-only (2624.853583ms)
✔ execution mode CLI file-journal: mode command is durable and idempotent while stale revisions do not change state (2290.863834ms)
✔ execution mode CLI file-journal: a pending mode change is visible after exit and preserves the reserved attempt (2652.278833ms)
✔ execution mode CLI file-journal: enum, both revisions and an explicit nonblank reason are required (1734.926ms)
✔ execution mode CLI file-journal: irrelevant mode options are rejected before opening a profile (641.798458ms)
✔ execution mode CLI file-journal documents-simple: changing mode preserves the goal, original source and completed work (4628.159292ms)
✔ execution mode CLI file-journal observations-simple: changing mode preserves the goal, original source and completed work (3542.882875ms)
✔ sqlite/documents-simple/auto: one necessary plan and observation complete with no extra investigation (479.264875ms)
✔ sqlite/documents-simple/fast: one necessary plan and observation complete with no extra investigation (364.522375ms)
✔ sqlite/documents-simple/deep: one necessary plan and observation complete with no extra investigation (397.043833ms)
✔ sqlite/observations-simple/auto: one necessary plan and observation complete with no extra investigation (382.028458ms)
✔ sqlite/observations-simple/fast: one necessary plan and observation complete with no extra investigation (441.900083ms)
✔ sqlite/observations-simple/deep: one necessary plan and observation complete with no extra investigation (462.964208ms)
✔ sqlite/documents-complex/auto: complex scope is either validated for investigation or rejected without false completion (553.636292ms)
✔ sqlite/documents-complex/fast: complex scope is either validated for investigation or rejected without false completion (217.211459ms)
✔ sqlite/documents-complex/deep: complex scope is either validated for investigation or rejected without false completion (517.081208ms)
✔ sqlite/observations-complex/auto: complex scope is either validated for investigation or rejected without false completion (444.9165ms)
✔ sqlite/observations-complex/fast: complex scope is either validated for investigation or rejected without false completion (198.774417ms)
✔ sqlite/observations-complex/deep: complex scope is either validated for investigation or rejected without false completion (491.148792ms)
✔ sqlite: mode commands enforce owner and both revisions, remain idempotent, and preserve goal and costs (102.58025ms)
✔ sqlite: lowering to fast after two paid reads cannot reset usage or oversubscribe the next reservation (203.370166ms)
✔ sqlite: explicit model cap and fast cap include reservations and do not reopen paid capacity (684.735542ms)
✔ sqlite: a running model keeps its pending mode request and late reply accounting until the next safe boundary (413.986875ms)
✔ sqlite: a pending mode survives reserved model restart without invalidating its stored input (415.267584ms)
✔ sqlite: cancel overrides a pending mode without discarding late measured model costs (235.696917ms)
✔ sqlite: deep to fast retains original goal, completed tasks, checkpoint and result reuse after reopen (350.780208ms)
✔ sqlite: fast keeps mandatory review of existing hypotheses and cannot replace it with premature completion (449.87825ms)
✔ sqlite: legacy model reservations keep their version-one basis when a pending mode first materializes control (292.12725ms)
✔ sqlite: a newer mode wins a pending-mode boundary CAS race (199.219541ms)
✔ sqlite: a newer cancel wins a pending-mode boundary CAS race (182.885875ms)
✔ sqlite: cancellation during model backoff publication returns current control without failing the workflow (282.2425ms)
✔ sqlite: auto mode change and reopen preserve a partial collection's original goal and explicit resume chain (1037.41725ms)
✔ file-journal/documents-simple/auto: one necessary plan and observation complete with no extra investigation (3403.856666ms)
✔ file-journal/documents-simple/fast: one necessary plan and observation complete with no extra investigation (3237.793334ms)
✔ file-journal/documents-simple/deep: one necessary plan and observation complete with no extra investigation (3087.075375ms)
✔ file-journal/observations-simple/auto: one necessary plan and observation complete with no extra investigation (3632.810583ms)
✔ file-journal/observations-simple/fast: one necessary plan and observation complete with no extra investigation (2676.030833ms)
✔ file-journal/observations-simple/deep: one necessary plan and observation complete with no extra investigation (4607.763375ms)
✔ file-journal/documents-complex/auto: complex scope is either validated for investigation or rejected without false completion (5945.824417ms)
✔ file-journal/documents-complex/fast: complex scope is either validated for investigation or rejected without false completion (1186.221084ms)
✔ file-journal/documents-complex/deep: complex scope is either validated for investigation or rejected without false completion (5730.047625ms)
✔ file-journal/observations-complex/auto: complex scope is either validated for investigation or rejected without false completion (3395.463292ms)
✔ file-journal/observations-complex/fast: complex scope is either validated for investigation or rejected without false completion (633.03925ms)
✔ file-journal/observations-complex/deep: complex scope is either validated for investigation or rejected without false completion (2531.271875ms)
✔ file-journal: mode commands enforce owner and both revisions, remain idempotent, and preserve goal and costs (276.704458ms)
✔ file-journal: lowering to fast after two paid reads cannot reset usage or oversubscribe the next reservation (1385.975958ms)
✔ file-journal: explicit model cap and fast cap include reservations and do not reopen paid capacity (1391.047958ms)
✔ file-journal: a running model keeps its pending mode request and late reply accounting until the next safe boundary (1788.109583ms)
✔ file-journal: a pending mode survives reserved model restart without invalidating its stored input (1640.7745ms)
✔ file-journal: cancel overrides a pending mode without discarding late measured model costs (701.172375ms)
✔ file-journal: deep to fast retains original goal, completed tasks, checkpoint and result reuse after reopen (1289.775917ms)
✔ file-journal: fast keeps mandatory review of existing hypotheses and cannot replace it with premature completion (1780.894584ms)
✔ file-journal: legacy model reservations keep their version-one basis when a pending mode first materializes control (1162.867125ms)
✔ file-journal: a newer mode wins a pending-mode boundary CAS race (850.997083ms)
✔ file-journal: a newer cancel wins a pending-mode boundary CAS race (954.855667ms)
✔ file-journal: cancellation during model backoff publication returns current control without failing the workflow (933.646792ms)
✔ file-journal: auto mode change and reopen preserve a partial collection's original goal and explicit resume chain (3696.222541ms)
✔ local versioned defaults select direct auto/fast and investigate deep without allocating work (1.625625ms)
✔ new controls snapshot caller policy and never expose the default policy for mutation (0.057875ms)
✔ legacy goals supply initial mode while a saved control overrides it without mutating state (2.912625ms)
✔ effective fast limits are absolute work caps and retain token/time limits (0.211625ms)
✔ auto starts direct while retaining the user work limits before evidence or strategy expansion (0.308375ms)
✔ explicit work caps beat mode policy and mode changes cannot grant a fresh allowance (0.152416ms)
✔ investigate strategies retain explicit work limits and pending mode requests have no effect yet (0.118417ms)
✔ fast allows completed history plus one pending task and counts only current adopted successes (1.189667ms)
✔ fast rejects an oversized pending graph or hypotheses without mutating or silently escalating (0.20275ms)
✔ fast preserves and reviews existing hypotheses while rejecting new optional hypotheses (0.168042ms)
✔ policy-specific scope limits are used instead of hard coded local defaults (0.132458ms)
✔ auto expands only validated plan scope and preserves investigate strategy on smaller subsequent plans (0.167291ms)
✔ deep permits a simple or empty plan without manufacturing tasks or hypotheses (0.075084ms)
✔ automatic expansion requires available relevant new evidence and an unmet criterion (0.201542ms)
✔ irrelevant, inaccessible, retracted and another-scope facts cannot justify expansion (0.269166ms)
✔ current counterevidence justifies investigation even if it has already been assessed (0.076209ms)
✔ current hypotheses allow review but sufficiently assessed completed goals do not expand (0.098709ms)
✔ permission failure, empty responses and exhausted budgets are not independent escalation evidence (0.069667ms)
✔ pending obligations, active calls, terminal states and explicit modes suppress automatic expansion (0.232125ms)
✔ delivery waiting does not manufacture completion or suppress investigation of unmet criteria (0.068542ms)
✔ a reserved, running or received model prevents expansion until its existing call is settled (0.16ms)
✔ policy contracts reject unknown fields, unsafe counts and blank versions while allowing explicit zero caps (0.704166ms)
✔ control contracts enforce current mode strategy and preserve distinct pending requests (0.363084ms)
✔ documents-simple: validated plan executes to verified completion without additional planner calls (26.148542ms)
✔ observations-simple: validated plan executes to verified completion without additional planner calls (13.11375ms)
✔ invalid plans fail before budget or execution: stale, cyclic, missing deps, schema, effects, permission and IDs (5.805834ms)
✔ plan commands deduplicate after later state changes; task IDs cannot hide changed inputs (5.0145ms)
✔ discarded unexecuted task ID still cannot acquire a different contract (4.564916ms)
✔ scripted planner proposal enters the real validator and executor only when control requests a plan (6.962292ms)
✔ dependencies execute in order; partial observations require another source, not false completion (8.7455ms)
✔ empty queue is replan; wake conditions, tool budget, deadline and cancellation produce distinct controls (5.848834ms)
✔ only authorized current-goal commands mutate state; duplicate cancellation is stable (3.88475ms)
✔ competing executors cannot both reserve or replay dispatch (4.140542ms)
✔ late tool result after cancel is recorded without adopting or reversing the command (5.268959ms)
✔ late tool result after goal is recorded without adopting or reversing the command (5.310334ms)
✔ expired dispatched read has bounded retry or explicit unknown effect (3.862916ms)
✔ expired dispatched write has bounded retry or explicit unknown effect (3.538084ms)
✔ invalid result identity, labels, references and output cannot become accepted evidence (27.72175ms)
✔ stored received result resumes in reopened SQLite and artifact stores without invoking tool again (190.157583ms)
✔ tool JSON schema validation compiles once, rejects unsupported schema and preserves inputs (2.603834ms)
✔ successful dependency chain follows DAG order even when task array is reversed (6.110166ms)
✔ pause before dispatch releases reservation; resume and repeated old pause do not cancel new execution (5.615125ms)
✔ tool failures retry only within attempt budget and repeated empty replans exhaust their own budget (6.827333ms)
✔ unconfirmed write is unknown and cannot satisfy the goal or be retried by a renamed task (4.321ms)
✔ lease timeout yields even for a tool that ignores cancellation; late result cannot finish the goal (25.394792ms)
✔ permission revocation after reservation is rechecked before dispatch and durably blocks execution (3.277709ms)
✔ memory: waiting execution wakes only for expired lease or received result (8.264208ms)
✔ sqlite: waiting execution wakes only for expired lease or received result (96.76325ms)
✔ baseline documents-complex (3.176667ms)
✔ baseline documents-simple (0.256334ms)
✔ baseline observations-complex (0.302541ms)
✔ baseline observations-simple (0.137792ms)
✔ both domains use the same schema and include simple/complex baselines (0.336209ms)
✔ fixture oracle rejects missing references and duplicated evidence IDs (0.68175ms)
✔ repetition and permutation cannot create independent sources (0.134ms)
✔ completed facts do not discharge an unrelated pending obligation (0.062625ms)
✔ sqlite: goal change rejects a mode changed by another channel without modifying goal, control or receipts (221.861542ms)
✔ sqlite: goal control is rechecked after a commit CAS conflict and cannot overwrite the winning mode (203.946458ms)
✔ sqlite: unrelated commit contention retries the same goal request while incrementing control exactly once (272.647084ms)
✔ sqlite: successful goal replay remains idempotent after a later mode change and restart (250.110917ms)
✔ sqlite: goal mutation requires a positive safe control revision and strict fields before any receipt or state change (265.867166ms)
✔ sqlite: a legacy goal without stored execution control still requires its explicit initial revision (268.741209ms)
✔ sqlite: CLI goal changes require both explicit revisions, reject stale control and replay the saved receipt (1341.181ms)
✔ sqlite: Web strict goal input carries control revision through HTTP and rejects a newer channel mode (298.723208ms)
✔ file-journal: goal change rejects a mode changed by another channel without modifying goal, control or receipts (979.909208ms)
✔ file-journal: goal control is rechecked after a commit CAS conflict and cannot overwrite the winning mode (1015.171625ms)
✔ file-journal: unrelated commit contention retries the same goal request while incrementing control exactly once (853.376708ms)
✔ file-journal: successful goal replay remains idempotent after a later mode change and restart (1139.319125ms)
✔ file-journal: goal mutation requires a positive safe control revision and strict fields before any receipt or state change (689.018666ms)
✔ file-journal: a legacy goal without stored execution control still requires its explicit initial revision (366.499416ms)
✔ file-journal: CLI goal changes require both explicit revisions, reject stale control and replay the saved receipt (2048.99725ms)
✔ file-journal: Web strict goal input carries control revision through HTTP and rejects a newer channel mode (1661.527417ms)
✔ Web goal schema accepts only an explicit positive safe numeric control revision (0.425333ms)
✔ sqlite: valid original guidance remains readable through two historical copies and records actual file probe bytes (539.913708ms)
✔ sqlite: body-edited without refresh invalidates original guidance history and two stored copies (414.474792ms)
✔ sqlite: body-deleted without refresh invalidates original guidance history and two stored copies (400.516791ms)
✔ sqlite: catalog-rules-changed without refresh invalidates original guidance history and two stored copies (378.278166ms)
✔ file-journal: valid original guidance remains readable through two historical copies and records actual file probe bytes (3506.976584ms)
✔ file-journal: body-edited without refresh invalidates original guidance history and two stored copies (2568.695459ms)
✔ file-journal: body-deleted without refresh invalidates original guidance history and two stored copies (2624.292416ms)
✔ file-journal: catalog-rules-changed without refresh invalidates original guidance history and two stored copies (2097.888375ms)
✔ guidance refresh stages every provider page and only then replaces the complete snapshot (14.321875ms)
✔ guidance failure listing leaves the previous snapshot usable (0.849916ms)
✔ guidance mixed listing leaves the previous snapshot usable (0.574541ms)
✔ guidance duplicate listing leaves the previous snapshot usable (0.93975ms)
✔ guidance cycle listing leaves the previous snapshot usable (0.417792ms)
✔ guidance page-bound listing leaves the previous snapshot usable (0.283208ms)
✔ guidance entry-bound listing leaves the previous snapshot usable (0.275ms)
✔ guidance byte-bound listing leaves the previous snapshot usable (0.237875ms)
✔ guidance abort and late completion cannot replace a published listing (0.488292ms)
✔ guidance concurrent refresh rejects an earlier listing and a complete empty snapshot retires entries (0.489208ms)
✔ legacy list/load remains compatible and missing source validation disables body reuse (2.930584ms)
✔ guidance pages reach beyond 20 and preserve item and whole UTF-8 page bounds (10.121375ms)
✔ guidance cursor binds kind, owner, permission and snapshot and hides unauthorized counts (3.136625ms)
✔ hot guidance reuses only body/artifact while rules, selection reason and method are current (0.7645ms)
✔ guidance body cache cannot bypass current tenant, label or work-kind restrictions (0.57ms)
✔ guidance cache obeys entry/byte bounds, evicts unused bodies and isolates artifact stores (0.615125ms)
✔ a body larger than the cache byte budget is read and decoded on every load (0.896ms)
✔ a pending hot load cannot exceed cache bounds when another body evicts its old entry (0.605791ms)
✔ a cold legacy-source load rechecks its manifest after artifact persistence (0.350417ms)
✔ source changes during an artifact check are caught by the final probe (0.343875ms)
✔ manifest refresh during final validation rejects a hot result from the previous rules (0.321875ms)
✔ load cancellation cannot publish a cache entry after an ignored-signal provider returns (0.27775ms)
✔ file guidance reports actual cold/hot original I/O separately from put/decode reuse (29.635792ms)
ℹ {"coldOriginalReads":2,"hotOriginalReads":1,"coldOriginalBytes":48,"hotOriginalBytes":24,"source":{"catalogReads":7,"catalogBytes":2702,"bodyReads":3,"bodyBytes":72,"readCalls":1,"validateCalls":2},"catalog":{"sourceReadCalls":1,"sourceReadBytes":24,"sourceValidateCalls":2,"artifactPutCalls":1,"artifactCheckCalls":1,"bodyDecodes":1,"cacheHits":1,"cacheMisses":1,"cachedBodies":1,"cachedBytes":24},"artifactPuts":1,"artifactChecks":1}
✔ file guidance cache never bypasses a deleted original source (24.019709ms)
✔ file guidance cache never bypasses a modified original source (28.6725ms)
✔ file guidance cache never bypasses a manifest original source (39.013959ms)
✔ file guidance refresh observes a new catalog, preserves same-body cache and rejects invalid replacements (41.09725ms)
✔ guidance resources documents-simple: cold and hot runtime loads retain provenance and report original I/O separately (41.879667ms)
ℹ {"family":"documents-simple","coldOriginalBytes":58,"hotOriginalBytes":29,"coldMetrics":{"sourceReadCalls":1,"sourceReadBytes":29,"sourceValidateCalls":1,"artifactPutCalls":1,"artifactCheckCalls":0,"bodyDecodes":1,"cacheHits":0,"cacheMisses":1,"cachedBodies":1,"cachedBytes":29},"hotMetrics":{"sourceReadCalls":1,"sourceReadBytes":29,"sourceValidateCalls":2,"artifactPutCalls":1,"artifactCheckCalls":1,"bodyDecodes":1,"cacheHits":1,"cacheMisses":1,"cachedBodies":1,"cachedBytes":29}}
✔ guidance resources documents-simple: policy revocation during a hot validation suppresses the cached body (10.24275ms)
✔ guidance resources documents-simple: a goal change while the source read waits cannot return the previous selection (6.795459ms)
✔ guidance resources documents-simple: a refreshed version cannot be replaced by an in-flight older load (7.36775ms)
✔ guidance resources documents-simple: cancellation reaches a pending source and returns no late body (5.614542ms)
✔ guidance resources observations-simple: cold and hot runtime loads retain provenance and report original I/O separately (11.923458ms)
ℹ {"family":"observations-simple","coldOriginalBytes":58,"hotOriginalBytes":29,"coldMetrics":{"sourceReadCalls":1,"sourceReadBytes":29,"sourceValidateCalls":1,"artifactPutCalls":1,"artifactCheckCalls":0,"bodyDecodes":1,"cacheHits":0,"cacheMisses":1,"cachedBodies":1,"cachedBytes":29},"hotMetrics":{"sourceReadCalls":1,"sourceReadBytes":29,"sourceValidateCalls":2,"artifactPutCalls":1,"artifactCheckCalls":1,"bodyDecodes":1,"cacheHits":1,"cacheMisses":1,"cachedBodies":1,"cachedBytes":29}}
✔ guidance resources observations-simple: policy revocation during a hot validation suppresses the cached body (6.65525ms)
✔ guidance resources observations-simple: a goal change while the source read waits cannot return the previous selection (6.359417ms)
✔ guidance resources observations-simple: a refreshed version cannot be replaced by an in-flight older load (4.932083ms)
✔ guidance resources observations-simple: cancellation reaches a pending source and returns no late body (6.081667ms)
✔ guidance resources: paginated cards respect the complete output byte budget and never read guidance bodies (10.451875ms)
✔ guidance resources: cursors cannot cross kind, caller labels, owner or a refreshed listing (6.884875ms)
✔ guidance resources: legacy discovery keeps its original shape and current method in both work families (9.82ms)
✔ guidance resources: optional paging fields are strict and pre-aborted discovery performs no original reads (5.731292ms)
✔ legacy current validation reads original bytes and a fresh listing and accounts for each cost (4.294ms)
✔ legacy cold load compares a fresh manifest without duplicating the original read (0.698291ms)
✔ a cancelled current probe makes no original read and a failed fresh listing is not accepted (0.815ms)
✔ sqlite: context compilation refuses delete in an original guidance source (298.573459ms)
✔ sqlite: context compilation refuses modify in an original guidance source (321.328542ms)
✔ sqlite: context compilation refuses rules in an original guidance source (274.746542ms)
✔ sqlite: restarted stored model input cannot send a deleted original guide (442.048958ms)
✔ sqlite: restarted stored model input cannot send a modifyd original guide (452.476334ms)
✔ sqlite: policy during original-source validation stops transport and settles zero usage (406.113917ms)
✔ sqlite: goal during original-source validation stops transport and settles zero usage (400.016583ms)
✔ sqlite: cancel during original-source validation stops transport and settles zero usage (374.43225ms)
✔ sqlite: manifest refresh after the source probe is caught after final state lookup (389.964375ms)
✔ sqlite: an ignored-signal original probe is stopped by the remaining model lease (633.425125ms)
✔ sqlite: stored guidance loss during source probe blocks transport and prevents settlement until repair (431.376916ms)
✔ sqlite: unchanged original guidance sends the exact stored request once after restart (369.220334ms)
✔ file-journal: context compilation refuses delete in an original guidance source (716.001ms)
✔ file-journal: context compilation refuses modify in an original guidance source (678.979958ms)
✔ file-journal: context compilation refuses rules in an original guidance source (861.017709ms)
✔ file-journal: restarted stored model input cannot send a deleted original guide (1813.98275ms)
✔ file-journal: restarted stored model input cannot send a modifyd original guide (1197.842166ms)
✔ file-journal: policy during original-source validation stops transport and settles zero usage (1728.901792ms)
✔ file-journal: goal during original-source validation stops transport and settles zero usage (2175.972625ms)
✔ file-journal: cancel during original-source validation stops transport and settles zero usage (1606.763625ms)
✔ file-journal: manifest refresh after the source probe is caught after final state lookup (1310.707291ms)
✔ file-journal: an ignored-signal original probe is stopped by the remaining model lease (1361.337792ms)
✔ file-journal: stored guidance loss during source probe blocks transport and prevents settlement until repair (1866.81425ms)
✔ file-journal: unchanged original guidance sends the exact stored request once after restart (2184.070166ms)
✔ a diamond validates every edge, inspects a shared source once and guards every captured node (1.71925ms)
✔ a reference cycle is finite while an invalid member still rejects the whole closure (0.28425ms)
✔ a pin encountered after visiting a node is still checked (0.143916ms)
✔ conflicting pending pins fail before dispatch, including across duplicate roots (0.095667ms)
✔ captured source or authority changes during another read invalidate the result (0.227167ms)
✔ application invariants can reject a semantic cycle before guard I/O without changing generic cycle handling (0.092792ms)
✔ expiry of an earlier node during a later guard is checked again before return (0.409833ms)
✔ already expired nodes cannot be inputs (0.109792ms)
✔ node, edge and byte budgets stop excessive reads before dispatching the next node (0.1945ms)
✔ a long chain uses an iterative queue and visits every source exactly once (3.050375ms)
✔ pre-aborted validation never invokes a reader (0.1095ms)
✔ cancellation ends a blocked validation and contains a late reader rejection (3.446208ms)
✔ the elapsed deadline bounds a reader that ignores cancellation (21.030792ms)
✔ logical clock deadline changes and backwards clock readings cannot extend validation (0.324292ms)
✔ reader exceptions, unknown providers and malformed replies return fixed errors without source data (0.185375ms)
✔ registration captures the callback and rejects duplicate providers and invalid limits (0.2055ms)
✔ overlapping validations keep separate snapshots, queues and cancellation (0.150708ms)
✔ provider and key jointly identify a node (0.078166ms)
✔ web adapter: rejected current authority sends no browser input (2.817208ms)
✔ web adapter: cancellation while authority is awaited sends no input (0.170042ms)
✔ web adapter: loss after dispatch is unknown and duplicate operation never sends again (0.245916ms)
✔ web adapter: same operation id with changed action is unknown without another transport (0.4415ms)
✔ web adapter: concurrent duplicate joins the original operation (0.190708ms)
✔ web adapter: malformed or wrong operation response is uncertain (0.907875ms)
✔ web adapter: observation from another document cannot become a current view (0.700083ms)
✔ web adapter: observation bounds apply after the remote response (0.126583ms)
✔ web adapter: missing receipt remains unknown and lookup does not send act (0.348ms)
✔ web adapter: lookup rejects another work and altered receipt identity (0.487208ms)
✔ web adapter: navigation outside the registered loopback document is rejected before evaluation (0.153833ms)
✔ web transport: abort stops waiting but does not claim to retract a sent renderer command (1.932125ms)
✔ web adapter: caller mutations during authorization cannot change the pinned DOM command (0.210542ms)
✔ web adapter: read authorization cannot change the receipt identity or work being looked up (0.11ms)
✔ invocation copies: two real canonical copies expose the still-authorized original without executing it again (48.33625ms)
✔ invocation copies: retaining only calls.get permission does not restore a revoked source tool (17.387375ms)
✔ invocation copies: current guidance version replacement blocks the copied earlier guide (23.997166ms)
✔ invocation copies: same-version manifest replacement and new guidance labels also block nested bodies (14.569458ms)
✔ invocation copies: catalog target permission is rechecked through both copies (13.826167ms)
✔ invocation copies: catalog target version is rechecked through both copies (17.285458ms)
✔ invocation copies: catalog target definition is rechecked through both copies (17.406334ms)
✔ invocation copies: a missing canonical source receipt is rejected (10.322584ms)
✔ invocation copies: a foreign-owner canonical source receipt is rejected (11.304875ms)
✔ invocation copies: a foreign-tenant canonical source receipt is rejected (11.742458ms)
✔ invocation copies: a foreign-work canonical source receipt is rejected (11.85625ms)
✔ invocation copies: a input-digest canonical source receipt is rejected (11.754334ms)
✔ invocation copies: missing source artifacts invalidate copied bodies even when copy artifacts remain readable (13.935083ms)
✔ invocation copies: a modified copied body must still equal its canonical source result (10.937458ms)
✔ invocation copies: source knowledge is validated and propagated even if an older copy omitted its dependency metadata (13.286833ms)
✔ invocation copies: permission changes during a source receipt read prevent returning the already-read copy (12.972042ms)
✔ invocation copies: a canonical input cycle is rejected before following the same receipt twice (12.148959ms)
✔ invocation copies: the 64-node source boundary accepts 63 copies and rejects one further copy (745.659167ms)
✔ sqlite: two invocation copies recheck remove registry change after source artifact read (357.220875ms)
✔ sqlite: two invocation copies recheck labels registry change after source artifact read (381.379042ms)
✔ sqlite: two invocation copies recheck description registry change after source artifact read (314.99675ms)
✔ sqlite: two invocation copies recheck unrelated registry change after source artifact read (375.619666ms)
✔ sqlite: an executed third calls.get stores no private body when source is removed during its read (391.469875ms)
✔ sqlite: catalog target pin is rechecked after final asynchronous state validation (357.791667ms)
✔ sqlite: a same-version guidance manifest change cannot survive copied body verification (423.449209ms)
✔ file-journal: two invocation copies recheck remove registry change after source artifact read (1801.266084ms)
✔ file-journal: two invocation copies recheck labels registry change after source artifact read (3317.968792ms)
✔ file-journal: two invocation copies recheck description registry change after source artifact read (2159.977791ms)
✔ file-journal: two invocation copies recheck unrelated registry change after source artifact read (2157.7045ms)
✔ file-journal: an executed third calls.get stores no private body when source is removed during its read (3486.085083ms)
✔ file-journal: catalog target pin is rechecked after final asynchronous state validation (2899.581667ms)
✔ file-journal: a same-version guidance manifest change cannot survive copied body verification (2813.8215ms)
✔ file journal: exception at candidate_synced preserves the publication boundary and retry identity (92.260584ms)
✔ file journal: actual SIGKILL at candidate_synced reopens a whole commit or no commit (232.473292ms)
✔ file journal: exception at published preserves the publication boundary and retry identity (63.006ms)
✔ file journal: actual SIGKILL at published reopens a whole commit or no commit (206.8215ms)
✔ file journal: exception at directory_synced preserves the publication boundary and retry identity (53.07175ms)
✔ file journal: actual SIGKILL at directory_synced reopens a whole commit or no commit (202.462ms)
✔ file journal: a reader and duplicate retry observe a whole published record while its writer is pending (81.9785ms)
✔ file journal: directory sync failure prevents reads and duplicate acknowledgements without rolling back publication (73.358708ms)
✔ file journal: listing retries the first record when publication follows its initial ENOENT (73.73575ms)
✔ file journal: checksum corruption blocks reads and subsequent commits without overwriting the damaged record (49.135292ms)
✔ file journal: an intact record checksum does not hide a broken previous-hash link (53.080333ms)
✔ file journal: deleting a middle revision rejects the incomplete prefix (107.729833ms)
✔ file journal: changing store identity is rejected by an open instance and by replay after reopening (73.178583ms)
✔ file journal: a missing format header does not initialize a populated store as empty (40.947709ms)
✔ file journal: existing root, work and record symlinks are rejected without following their contents (166.857417ms)
✔ file journal: group or other permissions on the root and records are rejected (157.112083ms)
✔ file journal: an observed root or work directory replacement cannot reset the open repository (173.940667ms)
✔ file journal: record size limits reject both publication and oversized persisted input (173.909833ms)
✔ file journal: closed instances reject every repository operation while reopening retains data (168.334167ms)
✔ file journal: revision zero is invalid layout and cannot be silently ignored (84.690208ms)
✔ sqlite: a memory-only service rejects an unsupported retained input in a nested source work (196.43475ms)
✔ sqlite: a memory tool cancels a blocked custody read before the source responds (192.537917ms)
✔ sqlite: custody-free reads keep their original I/O path and a W to M to W custody cycle remains finite (158.311834ms)
✔ sqlite: external K revise blocks direct, derived and cached M before W is refreshed (233.992208ms)
✔ sqlite: external K retract blocks direct, derived and cached M before W is refreshed (187.380333ms)
✔ sqlite: external K expire blocks direct, derived and cached M before W is refreshed (145.350125ms)
✔ sqlite: external K generation blocks direct, derived and cached M before W is refreshed (144.294167ms)
✔ sqlite: a shared reader uses current M authority without impersonating its owner's private K actor (132.087125ms)
✔ sqlite: custody does not reconstruct an unconfirmed reviewer-only permission (154.888041ms)
✔ sqlite: custody entry and byte limits fail closed before reading unbounded knowledge records (1415.170083ms)
✔ sqlite: a derivedFrom cycle remains invalid even when its work custody graph is finite (148.768166ms)
✔ sqlite: external memory changed during closure collection cannot survive the stable snapshot (133.974125ms)
✔ file-journal: a memory-only service rejects an unsupported retained input in a nested source work (989.026417ms)
✔ file-journal: a memory tool cancels a blocked custody read before the source responds (402.591542ms)
✔ file-journal: custody-free reads keep their original I/O path and a W to M to W custody cycle remains finite (421.137334ms)
✔ file-journal: external K revise blocks direct, derived and cached M before W is refreshed (1101.191042ms)
✔ file-journal: external K retract blocks direct, derived and cached M before W is refreshed (941.921125ms)
✔ file-journal: external K expire blocks direct, derived and cached M before W is refreshed (1014.225875ms)
✔ file-journal: external K generation blocks direct, derived and cached M before W is refreshed (2029.5835ms)
✔ file-journal: a shared reader uses current M authority without impersonating its owner's private K actor (1530.7935ms)
✔ file-journal: custody does not reconstruct an unconfirmed reviewer-only permission (483.933ms)
✔ file-journal: custody entry and byte limits fail closed before reading unbounded knowledge records (623.824ms)
✔ file-journal: a derivedFrom cycle remains invalid even when its work custody graph is finite (830.615ms)
✔ file-journal: external memory changed during closure collection cannot survive the stable snapshot (793.374417ms)
✔ sqlite: same-work recall survives dispatch, receipt and unrelated revision bookkeeping (328.801084ms)
✔ sqlite: cross-work memory copy keeps custody across a goal change and blocks a prepared result after source deletion (692.286042ms)
✔ sqlite: source deletion after a cross-goal copied memory cancels a reserved effect before invocation (629.580958ms)
✔ sqlite: stored model input contains recalled bodies while hiding internal custody metadata (635.734ms)
✔ sqlite: reopening without a knowledge validator blocks retained originals and reserved effects (542.540167ms)
✔ sqlite: deleting another work's source while adopt commit waits quarantines the copied evidence before return (417.862875ms)
✔ file-journal: same-work recall survives dispatch, receipt and unrelated revision bookkeeping (2707.766125ms)
✔ file-journal: cross-work memory copy keeps custody across a goal change and blocks a prepared result after source deletion (11618.981667ms)
✔ file-journal: source deletion after a cross-goal copied memory cancels a reserved effect before invocation (7403.98275ms)
✔ file-journal: stored model input contains recalled bodies while hiding internal custody metadata (7074.080666ms)
✔ file-journal: reopening without a knowledge validator blocks retained originals and reserved effects (3319.824584ms)
✔ file-journal: deleting another work's source while adopt commit waits quarantines the copied evidence before return (2908.669416ms)
✔ memory tools expose read cards, internal dependencies and schema-valid results (sqlite) (174.441083ms)
✔ memory tool authority intersects destination, caller and fresh trusted identity (sqlite) (163.386292ms)
✔ memory reads constrain IDs and searches to the current goal scope (sqlite) (165.329708ms)
✔ memory tools expose read cards, internal dependencies and schema-valid results (file-journal) (1126.548334ms)
✔ memory tool authority intersects destination, caller and fresh trusted identity (file-journal) (328.054917ms)
✔ memory reads constrain IDs and searches to the current goal scope (file-journal) (497.875625ms)
✔ memory tools report bounded references without bodies, including multibyte oversized references (150.115584ms)
✔ memory search distinguishes result truncation and index errors from complete absence (165.85325ms)
✔ memory tools discard a copied card when trusted-owner changes during a repository wait (155.764208ms)
✔ memory tools discard a copied card when work-owner changes during a repository wait (136.525125ms)
✔ memory tools discard a copied card when caller-labels changes during a repository wait (124.562917ms)
✔ memory tools discard a copied card when work-labels changes during a repository wait (206.661292ms)
✔ memory tools discard a copied card when goal changes during a repository wait (149.237ms)
✔ memory tools discard a copied card when generation changes during a repository wait (146.602167ms)
✔ memory tools discard a copied card when cancel changes during a repository wait (139.818875ms)
✔ each fresh trusted actor lookup must match the work owner, including the final return check (137.909209ms)
✔ dependency validation uses current source, record and caller permissions without a stale service cache (132.596291ms)
✔ memory adapters do not mutate the caller policy and normalize invalid input and pre-abort (148.533458ms)
✔ knowledge exact lookup precedes index, Korean/English and conditional search use current sources (sqlite) (156.490417ms)
✔ knowledge exact lookup precedes index, Korean/English and conditional search use current sources (file-journal) (611.836833ms)
✔ private memory needs explicit submission and another reviewer of the exact content revision (212.517792ms)
✔ source retracted prevents direct, cached lexical and dependency reuse (156.590125ms)
✔ source restricted prevents direct, cached lexical and dependency reuse (161.94ms)
✔ source deleted prevents direct, cached lexical and dependency reuse (171.771709ms)
✔ source corrected prevents direct, cached lexical and dependency reuse (139.4165ms)
✔ source policy prevents direct, cached lexical and dependency reuse (149.127875ms)
✔ source generation prevents direct, cached lexical and dependency reuse (127.183833ms)
✔ ancestor changes and derived memories retain source identity without inflating independent provenance (169.582625ms)
✔ review CAS prevents a reviewed draft from being silently replaced or shared after editing (194.849708ms)
✔ source or actor changes while source reads wait cannot return stale memory content (146.17025ms)
✔ a delayed candidate cache fill rechecks namespace authority before returning cards or counts (144.765625ms)
✔ index errors remain distinct from absence and rebuild never resurrects deleted or expired content (131.283167ms)
✔ SQLite reopen retains memory, review, cursor and receipts; competing writers use revision CAS (158.82175ms)
✔ source and knowledge stores close and reopen with reviewed memory and index intact (218.920417ms)
✔ bounded results report truncation only after current visibility filtering (161.686834ms)
✔ deletion while a repeated source check waits is noticed before returning the memory card (106.942708ms)
✔ source deletion after the second source snapshot cannot return its old card (132.244875ms)
✔ batch dependency fences notice an earlier card source changing while a later card is checked (140.856791ms)
✔ retracted memory can subsequently be deleted while preserving the revision and idempotency rules (188.963291ms)
✔ a pruned limited search stays partial when an unread matching candidate remains (136.350542ms)
✔ unrelated work revisions preserve semantic dependencies while changed source content does not (147.273792ms)
✔ dependency contracts reject forged fields, unsafe revisions, malformed hashes and duplicate references (114.990167ms)
✔ continuously changing coherent-read revisions stop after a bounded number of fences (219.036708ms)
✔ local evaluation: 192 pinned cases retain two families, two stores, three modes and sixteen variants without duplicate IDs (13.9735ms)
✔ local evaluation sqlite/document_comparison: simple actual workflow and read-only replay preserve one model, one tool and one delivered answer (741.207042ms)
✔ local evaluation sqlite/observation_review: simple actual workflow and read-only replay preserve one model, one tool and one delivered answer (678.297916ms)
✔ local evaluation sqlite: complex original amendments change the hypothesis and require later model assessments (1502.545084ms)
✔ local evaluation sqlite: fast limits reject a complex plan without claiming goal completion or invoking its tool (800.187042ms)
✔ local evaluation sqlite: stored_model_resume actually crosses reopen with a received response and does not invoke it again (713.302333ms)
✔ local evaluation sqlite: stored_tool_resume actually crosses reopen with a received response and does not invoke it again (688.287542ms)
✔ local evaluation sqlite: forced compact is persisted before reopen and subsequent model calls assess later originals (1293.768792ms)
✔ local evaluation sqlite: next-day reply preserves a real wait interval with no model or tool entries (777.665792ms)
✔ local evaluation sqlite: status-only keeps its recorded state unchanged with no execution or transport (149.33675ms)
✔ local evaluation sqlite: source_missing reaches the intended failure boundary and stays incomplete (773.892042ms)
✔ local evaluation sqlite: partial_result reaches the intended failure boundary and stays incomplete (1380.989917ms)
✔ local evaluation sqlite: tool_errors reaches the intended failure boundary and stays incomplete (758.63525ms)
✔ local evaluation sqlite: model_errors reaches the intended failure boundary and stays incomplete (884.642375ms)
✔ local evaluation sqlite: permission_revoked reaches the intended failure boundary and stays incomplete (588.221833ms)
✔ local evaluation sqlite: cancellation occurs after model entry and preserves its reported usage without a tool or answer (485.182958ms)
✔ local evaluation sqlite: requested mode change is first pending during the entered call and later applied (645.467792ms)
✔ local evaluation sqlite: unknown result delivery produces lookup rather than a duplicate send or false completion (679.697708ms)
✔ local evaluation sqlite/document_comparison: late counterevidence is actually observed before final judgment (1516.625ms)
✔ local evaluation sqlite/observation_review: late counterevidence is actually observed before final judgment (1780.87ms)
✔ local evaluation file-journal/document_comparison: simple actual workflow and read-only replay preserve one model, one tool and one delivered answer (4076.195458ms)
✔ local evaluation file-journal/observation_review: simple actual workflow and read-only replay preserve one model, one tool and one delivered answer (3545.69575ms)
✔ local evaluation file-journal: complex original amendments change the hypothesis and require later model assessments (10031.346333ms)
✔ local evaluation file-journal: fast limits reject a complex plan without claiming goal completion or invoking its tool (5306.718875ms)
✔ local evaluation file-journal: stored_model_resume actually crosses reopen with a received response and does not invoke it again (3960.18125ms)
✔ local evaluation file-journal: stored_tool_resume actually crosses reopen with a received response and does not invoke it again (3688.177708ms)
✔ local evaluation file-journal: forced compact is persisted before reopen and subsequent model calls assess later originals (10746.341959ms)
✔ local evaluation file-journal: next-day reply preserves a real wait interval with no model or tool entries (5932.678916ms)
✔ local evaluation file-journal: status-only keeps its recorded state unchanged with no execution or transport (668.086333ms)
✔ local evaluation file-journal: source_missing reaches the intended failure boundary and stays incomplete (5753.967459ms)
✔ local evaluation file-journal: partial_result reaches the intended failure boundary and stays incomplete (9964.48125ms)
✔ local evaluation file-journal: tool_errors reaches the intended failure boundary and stays incomplete (6051.662125ms)
✔ local evaluation file-journal: model_errors reaches the intended failure boundary and stays incomplete (9880.38ms)
✔ local evaluation file-journal: permission_revoked reaches the intended failure boundary and stays incomplete (3971.060917ms)
✔ local evaluation file-journal: cancellation occurs after model entry and preserves its reported usage without a tool or answer (2941.0895ms)
✔ local evaluation file-journal: requested mode change is first pending during the entered call and later applied (4895.993542ms)
✔ local evaluation file-journal: unknown result delivery produces lookup rather than a duplicate send or false completion (6237.241083ms)
✔ local evaluation file-journal/document_comparison: late counterevidence is actually observed before final judgment (12170.201042ms)
✔ local evaluation file-journal/observation_review: late counterevidence is actually observed before final judgment (9826.4575ms)
✔ sqlite: local memory tools and workspace checkpoints remain usable after profile reopen (938.245ms)
✔ sqlite: workspace initialization failure closes state, channel and knowledge stores (163.009541ms)
✔ file-journal: local memory tools and workspace checkpoints remain usable after profile reopen (5961.691208ms)
✔ file-journal: workspace initialization failure closes state, channel and knowledge stores (225.933792ms)
✔ composition without optional memory or workspace keeps the prior tool configuration usable (227.245292ms)
✔ profile close still closes databases after a workspace close failure (233.482459ms)
✔ sqlite: accepted work, request replay, and queries stay separate from fixture execution (536.759416ms)
✔ sqlite: document question is atomic, actionable, and does not interpret reply text (673.535125ms)
✔ sqlite: current ownership, route, and disclosure gates apply to reads and mutations (278.217459ms)
✔ sqlite: web attachment observes an existing CLI primary without re-sending or changing it (459.623291ms)
✔ sqlite: goal and mode commands preserve optimistic revisions and durable idempotency (543.932667ms)
✔ sqlite: pause does not wait behind an active run and a replay cannot start another run (540.74725ms)
✔ sqlite: cancel does not wait behind an active run and a replay cannot start another run (288.679166ms)
✔ sqlite: an unfinished durable run is not repeated by the same request after restart (468.815333ms)
✔ sqlite: a goal changed while the old run intent is acknowledged never receives that run's plan (521.391791ms)
✔ sqlite: workflow entry rejects a stale pinned goal before recovery or execution (212.343709ms)
✔ sqlite: paged lists recheck every returned card and omit a card revoked while another is read (951.143042ms)
✔ sqlite: at most four distinct works execute concurrently and draining admits no new mutations (1198.318333ms)
✔ file-journal: accepted work, request replay, and queries stay separate from fixture execution (3966.629583ms)
✔ file-journal: document question is atomic, actionable, and does not interpret reply text (4555.567ms)
✔ file-journal: current ownership, route, and disclosure gates apply to reads and mutations (443.702375ms)
✔ file-journal: web attachment observes an existing CLI primary without re-sending or changing it (2180.969791ms)
✔ file-journal: goal and mode commands preserve optimistic revisions and durable idempotency (2582.079792ms)
✔ file-journal: pause does not wait behind an active run and a replay cannot start another run (2410.781ms)
✔ file-journal: cancel does not wait behind an active run and a replay cannot start another run (1090.839167ms)
✔ file-journal: an unfinished durable run is not repeated by the same request after restart (2058.985458ms)
✔ file-journal: a goal changed while the old run intent is acknowledged never receives that run's plan (2036.110833ms)
✔ file-journal: workflow entry rejects a stale pinned goal before recovery or execution (470.704042ms)
✔ file-journal: paged lists recheck every returned card and omit a card revoked while another is read (8469.0215ms)
✔ file-journal: at most four distinct works execute concurrently and draining admits no new mutations (6770.093041ms)
✔ sqlite: MCP collection SIGKILL at intent resumes with a new owner and preserves the committed budget and items (1539.046333ms)
✔ sqlite: MCP collection SIGKILL at partial resumes with a new owner and preserves the committed budget and items (1251.506584ms)
✔ sqlite: MCP collection SIGKILL at page resumes with a new owner and preserves the committed budget and items (1390.260917ms)
✔ file-journal: MCP collection SIGKILL at intent resumes with a new owner and preserves the committed budget and items (10680.379208ms)
✔ file-journal: MCP collection SIGKILL at partial resumes with a new owner and preserves the committed budget and items (6465.351709ms)
✔ file-journal: MCP collection SIGKILL at page resumes with a new owner and preserves the committed budget and items (6151.196666ms)
✔ sqlite: MCP collection documents preserves individual raw pages and verifies offline (626.796084ms)
✔ sqlite: MCP collection documents resumes only partial items with original success unchanged (1253.376166ms)
✔ sqlite: MCP collection observations preserves individual raw pages and verifies offline (953.052834ms)
✔ sqlite: MCP collection observations resumes only partial items with original success unchanged (1568.09925ms)
✔ sqlite: MCP empty page is preserved and losing its original rejects the result (1099.636208ms)
✔ sqlite: MCP collection rejects snapshot-change after keeping its first page (707.007666ms)
✔ sqlite: MCP collection rejects cursor-loop after keeping its first page (781.792ms)
✔ sqlite: MCP error does not become EOF or automatic retry (686.497708ms)
✔ sqlite: MCP rate-limit does not become EOF or automatic retry (674.805916ms)
✔ sqlite: MCP accepted raw response substitution blocks parent resume before sending (617.821708ms)
✔ sqlite: MCP changed query cannot reuse a partial parent (578.864292ms)
✔ sqlite: MCP authority change before-send prevents page acceptance (268.690583ms)
✔ sqlite: MCP authority change after-reply prevents page acceptance (311.009833ms)
✔ file-journal: MCP collection documents preserves individual raw pages and verifies offline (2306.019375ms)
✔ file-journal: MCP collection documents resumes only partial items with original success unchanged (6335.668875ms)
✔ file-journal: MCP collection observations preserves individual raw pages and verifies offline (3431.136917ms)
✔ file-journal: MCP collection observations resumes only partial items with original success unchanged (9452.237084ms)
✔ file-journal: MCP empty page is preserved and losing its original rejects the result (4350.89175ms)
✔ file-journal: MCP collection rejects snapshot-change after keeping its first page (3167.095916ms)
✔ file-journal: MCP collection rejects cursor-loop after keeping its first page (3753.740083ms)
✔ file-journal: MCP error does not become EOF or automatic retry (5106.91475ms)
✔ file-journal: MCP rate-limit does not become EOF or automatic retry (3292.040125ms)
✔ file-journal: MCP accepted raw response substitution blocks parent resume before sending (2873.9635ms)
✔ file-journal: MCP changed query cannot reuse a partial parent (2989.700125ms)
✔ file-journal: MCP authority change before-send prevents page acceptance (1021.074458ms)
✔ file-journal: MCP authority change after-reply prevents page acceptance (1023.857834ms)
✔ sqlite: full documents coverage gates partial facts and survives exact-manifest resume and restoration (1526.476042ms)
✔ sqlite: full observations coverage gates partial facts and survives exact-manifest resume and restoration (1818.812167ms)
✔ file-journal: full documents coverage gates partial facts and survives exact-manifest resume and restoration (9181.60475ms)
✔ file-journal: full observations coverage gates partial facts and survives exact-manifest resume and restoration (10210.006917ms)
✔ MCP coverage: successful EOF without an approved manifest cannot discharge the full-query condition (799.62125ms)
✔ MCP coverage: missing-raw invalidates completion, public result and delivery (590.146292ms)
✔ MCP coverage: wrong-summary invalidates completion, public result and delivery (626.898ms)
✔ sqlite: SIGKILL at raw-receipt-complete settles the original response offline before explicit continuation (1043.979ms)
✔ sqlite: SIGKILL at raw-receipt-nonfinal settles the original response offline before explicit continuation (1318.316958ms)
✔ sqlite: SIGKILL at raw-receipt-deferral settles the original response offline before explicit continuation (1351.553334ms)
✔ file-journal: SIGKILL at raw-receipt-complete settles the original response offline before explicit continuation (4902.581792ms)
✔ file-journal: SIGKILL at raw-receipt-nonfinal settles the original response offline before explicit continuation (6588.762292ms)
✔ file-journal: SIGKILL at raw-receipt-deferral settles the original response offline before explicit continuation (8777.130083ms)
✔ stored MCP response: missing-response cannot be silently treated as absent or retransmitted (620.099916ms)
✔ stored MCP response: changed-policy cannot be silently treated as absent or retransmitted (621.67875ms)
✔ stored MCP response: callback-replaced cannot be silently treated as absent or retransmitted (621.778708ms)
✔ stored MCP response: concurrent restorers commit one original-head settlement without additional budget (2427.154042ms)
✔ stored MCP response: next workflow step repairs a crash after expiration was committed (684.083958ms)
✔ sqlite: MCP family 0 stores an original, adopts facts and revalidates offline (322.299083ms)
✔ sqlite: MCP family 1 stores an original, adopts facts and revalidates offline (294.603708ms)
✔ sqlite: MCP partial records do not satisfy complete coverage (277.69075ms)
✔ sqlite: MCP error retains no result evidence (264.055417ms)
✔ sqlite: MCP invalid retains no result evidence (290.988667ms)
✔ sqlite: MCP changed projected facts and different attempt proof are rejected (309.0705ms)
✔ sqlite: MCP raw body corruption prevents adoption after restart (299.1ms)
✔ sqlite: MCP received result survives reopen and does not recall a stopped server (293.50075ms)
✔ sqlite: MCP request intent prevents a hidden second call for the same attempt (220.153542ms)
✔ sqlite: MCP repeated reads keep one independent source lineage (464.770083ms)
✔ sqlite: MCP pause during adapter wait blocks the wire call (149.906417ms)
✔ sqlite: MCP expand-labels during adapter wait blocks the wire call (163.981959ms)
✔ sqlite: MCP cancel after a real reply prevents raw publication and adoption (193.076792ms)
✔ sqlite: MCP restrict-labels after a real reply prevents raw publication and adoption (181.694583ms)
✔ file-journal: MCP family 0 stores an original, adopts facts and revalidates offline (966.026209ms)
✔ file-journal: MCP family 1 stores an original, adopts facts and revalidates offline (729.04925ms)
✔ file-journal: MCP partial records do not satisfy complete coverage (721.153167ms)
✔ file-journal: MCP error retains no result evidence (678.745709ms)
✔ file-journal: MCP invalid retains no result evidence (583.11025ms)
✔ file-journal: MCP changed projected facts and different attempt proof are rejected (837.815583ms)
✔ file-journal: MCP raw body corruption prevents adoption after restart (977.141958ms)
✔ file-journal: MCP received result survives reopen and does not recall a stopped server (703.78625ms)
✔ file-journal: MCP request intent prevents a hidden second call for the same attempt (661.972791ms)
✔ file-journal: MCP repeated reads keep one independent source lineage (1653.6465ms)
✔ file-journal: MCP pause during adapter wait blocks the wire call (544.197541ms)
✔ file-journal: MCP expand-labels during adapter wait blocks the wire call (475.851792ms)
✔ file-journal: MCP cancel after a real reply prevents raw publication and adoption (376.186875ms)
✔ file-journal: MCP restrict-labels after a real reply prevents raw publication and adoption (532.9335ms)
✔ sqlite: MCP whole wait survives SIGKILL and reopens without resetting its due time or consuming an early successor (1824.984792ms)
✔ sqlite: MCP item wait survives SIGKILL and reopens without resetting its due time or consuming an early successor (1697.230916ms)
✔ file-journal: MCP whole wait survives SIGKILL and reopens without resetting its due time or consuming an early successor (14579.226291ms)
✔ file-journal: MCP item wait survives SIGKILL and reopens without resetting its due time or consuming an early successor (14817.621709ms)
✔ sqlite: MCP wait documents normal records retain lineage and bind the stored-response recovery contract (608.603041ms)
✔ sqlite: MCP whole wait documents binds fixed origin and protects its original error proof (530.380542ms)
✔ sqlite: MCP item wait documents retries the unfinished item with original success unchanged (1069.271959ms)
✔ sqlite: MCP wait observations normal records retain lineage and bind the stored-response recovery contract (756.425667ms)
✔ sqlite: MCP whole wait observations binds fixed origin and protects its original error proof (512.616208ms)
✔ sqlite: MCP item wait observations retries the unfinished item with original success unchanged (1396.413708ms)
✔ file-journal: MCP wait documents normal records retain lineage and bind the stored-response recovery contract (1924.298792ms)
✔ file-journal: MCP whole wait documents binds fixed origin and protects its original error proof (3022.060375ms)
✔ file-journal: MCP item wait documents retries the unfinished item with original success unchanged (7996.628291ms)
✔ file-journal: MCP wait observations normal records retain lineage and bind the stored-response recovery contract (4332.993167ms)
✔ file-journal: MCP whole wait observations binds fixed origin and protects its original error proof (2281.967291ms)
✔ file-journal: MCP item wait observations retries the unfinished item with original success unchanged (10147.859ms)
✔ MCP wait rejects zero without inventing a retry barrier (574.826292ms)
✔ MCP wait rejects negative without inventing a retry barrier (586.358833ms)
✔ MCP wait rejects fraction without inventing a retry barrier (497.624666ms)
✔ MCP wait rejects string without inventing a retry barrier (494.008709ms)
✔ MCP wait rejects null without inventing a retry barrier (497.902041ms)
✔ MCP wait rejects over-limit without inventing a retry barrier (492.010625ms)
✔ MCP wait rejects unsafe without inventing a retry barrier (491.861792ms)
✔ MCP wait rejects missing without inventing a retry barrier (462.330209ms)
✔ MCP wait rejects wrong-request without inventing a retry barrier (470.68725ms)
✔ MCP wait rejects wrong-cursor without inventing a retry barrier (423.614167ms)
✔ MCP wait rejects false-error without inventing a retry barrier (395.130167ms)
✔ MCP wait rejects success-hint without inventing a retry barrier (448.093167ms)
✔ MCP wait rejects forbidden-hint without inventing a retry barrier (504.029084ms)
✔ MCP wait rejects a second conflicting metadata hint after preserving one actual response (445.794875ms)
✔ MCP wait enforces the approved host delay cap even when the remote schema permits the value (490.052375ms)
✔ MCP wait original checkpoint rejects completed-phase before a fresh same-query reservation (555.96225ms)
✔ MCP wait original checkpoint rejects fake-successor before a fresh same-query reservation (2556.049209ms)
✔ MCP wait original checkpoint rejects missing-item-clock-and-query before a fresh same-query reservation (2848.897667ms)
✔ MCP client: invalid host process configuration is rejected without starting a child (2.537042ms)
✔ MCP client: real pinned stdio discovery and repeated reads each make one fresh call (119.511542ms)
✔ MCP client: staged paginated listing is bounded and only the approved subset can be called (93.912375ms)
✔ MCP client: partial, mismatched and cycling listings never publish a callable session (522.181208ms)
✔ MCP client: list change during discovery rejects the mixed view; explicit discovery can recover (112.765458ms)
✔ MCP client: caller mutation and rejected authorization cannot change the registered request (101.950625ms)
✔ MCP client: cancellation while authorization is pending sends zero calls (97.682791ms)
✔ MCP client: active-call admission rejects overflow without invoking its authority callback (102.249916ms)
✔ MCP client: actual serialized request and oversized response are bounded (101.893375ms)
✔ MCP client: post-dispatch list change invalidates the result and never repeats the call (103.014583ms)
✔ MCP client: lost delayed response preserves sent uncertainty and releases the owned process (111.7375ms)
✔ MCP client: uncertain exit preserves a sent call and explicit concurrent close rechecks once (103.10025ms)
✔ MCP client: crashed peer requires explicit new discovery and old session is never revived (182.951208ms)
✔ MCP client: ambient default environment is blanked; only explicit host variables are forwarded (28.824333ms)
✔ cancel during input artifact read prevents transport invocation and releases the known unused token reservation (27.62625ms)
✔ goal during input artifact read prevents transport invocation and releases the known unused token reservation (8.7335ms)
✔ destination during input artifact read prevents transport invocation and releases the known unused token reservation (8.452334ms)
✔ labels during input artifact read prevents transport invocation and releases the known unused token reservation (6.732417ms)
✔ cancelling an active model sends its signal, yields promptly and settles late usage once without adopting the old plan (8.009292ms)
✔ input byte limit rejects before a durable reservation or transport call (4.900209ms)
✔ token budget rejects before a durable reservation or transport call (5.840458ms)
✔ model call budget rejects before a durable reservation or transport call (2.972625ms)
✔ model context capacity and destination policy reject input without invoking the planner (6.721792ms)
✔ concurrent reservations have one winner and duplicate execution performs one dispatch and one transport call (8.225084ms)
✔ a replacement owner waits for a reserved lease, then releases it and creates a fresh intent without repeating a transport call (8.588958ms)
✔ a recovered running lease retains uncertain cost and accepts only late accounting, never its expired plan (5.739125ms)
✔ a reply without usage keeps its reservation and prevents a further model call after rejection (6.51125ms)
✔ verified facts remain visible while hypothesis review prevents response readiness and preparation (29.905417ms)
✔ reserved, running and stored model replies cannot produce a result; accepted review resumes preparation (35.933625ms)
✔ pending model work suppresses question preparation while preserving existing obligation blockers (16.9455ms)
✔ an already prepared result is withheld during review and can be prepared again after accepted model assessment (16.962292ms)
✔ documents-simple: one model plan executes to completion with usage and no extra hypothesis call (59.5575ms)
✔ observations-simple: one model plan executes to completion with usage and no extra hypothesis call (15.804042ms)
✔ late counterevidence revises the hypothesis and only the changed graph consumes a replan (61.14ms)
✔ strict structured transport adapter feeds the same validator and execution loop without a provider SDK (9.806125ms)
✔ invalid or truncated responses cannot replace an executable plan or fabricate zero usage (6.758541ms)
✔ rejected model plans still charge exactly one call and preserve their raw response for an authorized read (7.799ms)
✔ bookkeeping changes do not stale a response but goal and evidence changes do (15.919458ms)
✔ received model result resumes after SQLite and artifact reopen with no additional model call (293.339375ms)
✔ a new scope archives the old hypothesis in prior events and permits a fresh plan (12.680333ms)
✔ unsupported hypotheses and erased counterevidence are rejected without changing the current assessment (7.606166ms)
✔ validator feedback reaches the next model proposal and invalid plans never dispatch their tools (13.487833ms)
✔ permission revocation during reply storage preserves usage but never downgrades the model body (6.415167ms)
✔ sqlite/documents-simple: same model/tool/evidence/conversation workflow resumes on persistent state without a new model call for the stored reply (619.784792ms)
✔ sqlite/documents-complex: same model/tool/evidence/conversation workflow resumes on persistent state without a new model call for the stored reply (1434.9495ms)
✔ sqlite/observations-simple: same model/tool/evidence/conversation workflow resumes on persistent state without a new model call for the stored reply (738.19525ms)
✔ sqlite/observations-complex: same model/tool/evidence/conversation workflow resumes on persistent state without a new model call for the stored reply (1222.805833ms)
✔ file-journal/documents-simple: same model/tool/evidence/conversation workflow resumes on persistent state without a new model call for the stored reply (4350.434542ms)
✔ file-journal/documents-complex: same model/tool/evidence/conversation workflow resumes on persistent state without a new model call for the stored reply (7734.432125ms)
✔ file-journal/observations-simple: same model/tool/evidence/conversation workflow resumes on persistent state without a new model call for the stored reply (2861.693834ms)
✔ file-journal/observations-complex: same model/tool/evidence/conversation workflow resumes on persistent state without a new model call for the stored reply (6999.28725ms)
✔ checkpoint record: empty paged root round-trips metadata once without raw reads (5.176833ms)
✔ checkpoint record: empty batch root round-trips metadata once without raw reads (1.127291ms)
✔ checkpoint record: multiple normal pages store references rather than repeating large bodies (11.731458ms)
✔ checkpoint record: partial batch resumes only unfinished items and preserves original successes (6.682458ms)
✔ checkpoint record: rejected source calls survive explicit resume and consume the operation call limit (1.260709ms)
✔ checkpoint record: a crashed intent becomes one unknown call and is never silently replayed (2.112959ms)
✔ checkpoint record: complete orphan resume performs no new page read or call (0.789709ms)
✔ read waits contract: only retryable unfinished items can advertise a bounded absolute barrier (0.67075ms)
✔ read waits record: deferral consumes a call but preserves the collection and requires its original response (2.41575ms)
✔ read waits record: parent claim and historical dispatch cannot move before the recorded barrier (3.593208ms)
✔ read waits record: item barriers use the maximum and a whole-call deferral cannot erase retained successes (2.074209ms)
✔ checkpoint record: explicit stop changes only stop metadata and appends its exact base reference (0.6595ms)
✔ checkpoint record: unchanged fields and inherited dependencies cannot be dropped from an intent (2.698083ms)
✔ checkpoint record: start rejects retained history, source artifacts, and non-root identity (0.31075ms)
✔ checkpoint record: intent, settlement, and resume reject invalid request identity or time transitions (0.972917ms)
✔ checkpoint record: wrong logical digest, wrong base, extra keys, and failed source reads are rejected (1.167584ms)
✔ checkpoint record: accepted encode defers new raw body, source-ref, and dependency authentication to decode (3.076375ms)
✔ checkpoint record: conflicting artifact metadata and dropped inherited references are never encoded (1.061875ms)
✔ checkpoint record: logical checkpoint and referenced response byte limits are enforced before source I/O (0.522416ms)
✔ checkpoint record: record schema rejects more than 16 MiB of otherwise bounded root metadata (51.687291ms)
✔ checkpoint store: real v2 start/intent/settle records load the logical v1 result and preserve original bytes (194.889833ms)
✔ checkpoint store: a legacy snapshot can anchor a v2 orphan resume without reissuing any raw page request (264.47525ms)
✔ checkpoint store: missing base is detected through the actual file adapter (198.667542ms)
✔ checkpoint store: tampered base is detected through the actual file adapter (175.588583ms)
✔ checkpoint store: missing raw is detected through the actual file adapter (168.272125ms)
✔ checkpoint store: tampered raw is detected through the actual file adapter (175.819833ms)
✔ checkpoint store: a base reference with tenant cannot use an otherwise readable head (284.736167ms)
✔ checkpoint store: a base reference with labels cannot use an otherwise readable head (296.180084ms)
✔ checkpoint store: a base reference with missing-index cannot use an otherwise readable head (202.561042ms)
✔ checkpoint store: a valid artifact hash cannot authenticate a forged logical digest (251.131834ms)
✔ checkpoint store: returned byte/page/checkpoint mutations cannot poison a reader cache (181.114459ms)
✔ checkpoint store: shared materialization rechecks every original and a new file instance decodes cold (218.823ms)
✔ checkpoint store: shared materialization cannot hide a revoked or unindexed original (188.532333ms)
✔ checkpoint store: shared materialization evicts at 64-heads (2642.2835ms)
✔ checkpoint store: shared materialization evicts at 16-MiB-logical-bytes (471.118583ms)
✔ checkpoint store: eviction during a shared materialization await preserves the logical byte budget (424.993ms)
✔ checkpoint store: an in-flight head mutation cannot seed a different artifact materialization (188.434583ms)
✔ checkpoint store: caller ref mutation cannot redirect cached-reference revalidation (147.153ms)
✔ checkpoint store: policy snapshots and exact index entries cannot be widened or aliased by callers (178.921708ms)
✔ checkpoint store: cached originals require real exists checks and new readers cannot inherit a deleted source (172.261417ms)
✔ checkpoint store: raw source cache stays within 16 MiB and evicted sources are fetched again (451.756416ms)
✔ checkpoint store: cycles and oversized records are rejected before decoding any logical history (0.835667ms)
✔ checkpoint store: a record chain stops at 10000 records before requesting the next dependency (195.884708ms)
✔ checkpoint store: a record chain stops at 64 MiB without caching the entire traversal (56.117541ms)
✔ checkpoint store: a materialized base retains its chain byte cost for the next event (69.979584ms)
✔ checkpoint store sqlite: a legacy committed root resumes through v2 records into an authenticated public result (542.234209ms)
✔ checkpoint store file-journal: a legacy committed root resumes through v2 records into an authenticated public result (1965.571042ms)
✔ read checkpoint sqlite: a complete checkpoint survives outer-result loss and resumes without another fetch (648.491667ms)
✔ read checkpoint sqlite: projection preserves original evidence and charges only the successor's raw response (970.829292ms)
✔ read checkpoint sqlite: missing proof and altered payload are denied while ordinary failures remain valid (704.83825ms)
✔ read checkpoint sqlite: an indexed forged merged page cannot replace its accepted raw response (721.764541ms)
✔ read checkpoint sqlite: an unchanged original body cannot authorize a changed request identity (675.414958ms)
✔ read checkpoint sqlite: losing raw-response blocks result history and copied history (814.917375ms)
✔ read checkpoint sqlite: losing source-artifact blocks result history and copied history (744.2785ms)
✔ read checkpoint sqlite: severing the parent's exclusive successor claim rejects the child (655.674708ms)
✔ read checkpoint file-journal: a complete checkpoint survives outer-result loss and resumes without another fetch (2531.745792ms)
✔ read checkpoint file-journal: projection preserves original evidence and charges only the successor's raw response (4826.184125ms)
✔ read checkpoint file-journal: missing proof and altered payload are denied while ordinary failures remain valid (3804.767875ms)
✔ read checkpoint file-journal: an indexed forged merged page cannot replace its accepted raw response (4997.904791ms)
✔ read checkpoint file-journal: an unchanged original body cannot authorize a changed request identity (4000.979042ms)
✔ read checkpoint file-journal: losing raw-response blocks result history and copied history (5341.3985ms)
✔ read checkpoint file-journal: losing source-artifact blocks result history and copied history (6118.63575ms)
✔ read checkpoint file-journal: severing the parent's exclusive successor claim rejects the child (3971.333041ms)
✔ read collection context: only visible current goal and scope tips survive; complete unadopted tips remain resumable (4.099958ms)
✔ read collection context: the common packet removes denied head metadata from both execution and resume projections (3.396ms)
✔ read collection context sqlite: five compactions and reopen retain partial resume metadata without page bodies (694.382292ms)
✔ read collection context sqlite: five compactions and reopen retain complete orphan resume metadata without page bodies (642.28925ms)
✔ read collection context file-journal: five compactions and reopen retain partial resume metadata without page bodies (2308.813625ms)
✔ read collection context file-journal: five compactions and reopen retain complete orphan resume metadata without page bodies (2048.879416ms)
✔ read collection context sqlite: lost derived frame regenerates while lost original raw response blocks context and recovery (315.019583ms)
✔ read collection context file-journal: lost derived frame regenerates while lost original raw response blocks context and recovery (991.757292ms)
✔ read collection context sqlite: source gate rejects omitted, altered, and canonically inconsistent resume metadata (188.69875ms)
✔ read collection context file-journal: source gate rejects omitted, altered, and canonically inconsistent resume metadata (694.061334ms)
✔ read collection context sqlite: resume metadata is mandatory input and cannot be evicted to satisfy a smaller byte budget (236.883ms)
✔ read collection context file-journal: resume metadata is mandatory input and cannot be evicted to satisfy a smaller byte budget (717.115417ms)
✔ read collection context sqlite: source lifecycle change during checkpoint read prevents staged frame publication (241.876958ms)
✔ read collection context file-journal: source lifecycle change during checkpoint read prevents staged frame publication (728.886834ms)
✔ read collection context sqlite: contract change during derived resume put is checked before return (287.056583ms)
✔ read collection context sqlite: original change during derived resume put is checked before return (206.827667ms)
✔ read collection context file-journal: contract change during derived resume put is checked before return (1192.102292ms)
✔ read collection context file-journal: original change during derived resume put is checked before return (963.992584ms)
✔ read collection context sqlite: completed adopted output retains original proof requirements after leaving the resume list (286.46725ms)
✔ read collection context file-journal: completed adopted output retains original proof requirements after leaving the resume list (1059.194292ms)
✔ read collection context sqlite: raw loss during frame staging suppresses completed adopted copies (260.885208ms)
✔ read collection context file-journal: raw loss during frame staging suppresses completed adopted copies (1241.262083ms)
✔ collection I/O sqlite documents-simple: 4 pages retain semantics across reads, copying and reopening (1219.185208ms)
ℹ {"adapter":"sqlite","family":"documents-simple","pages":4,"sourceCalls":4,"resultSignature":"ca3cbf4a810188e565397de9b01c666596d3bfd519841b869c91c2e4ca1eaa0c","stages":[{"name":"collect","get":114,"exists":202,"put":14,"returnedBodyBytes":171997,"stateReads":210,"receipts":30,"commits":14,"physicalBodyBytes":485558},{"name":"checkpointRead","get":13,"exists":12,"put":0,"returnedBodyBytes":18362,"stateReads":5,"receipts":1,"commits":0,"physicalBodyBytes":35757},{"name":"callsGet","get":41,"exists":96,"put":1,"returnedBodyBytes":84792,"stateReads":45,"receipts":10,"commits":5,"physicalBodyBytes":314778},{"name":"contextPrepare","get":70,"exists":50,"put":1,"returnedBodyBytes":188989,"stateReads":37,"receipts":7,"commits":0,"physicalBodyBytes":288275},{"name":"reopenAndPrepare","get":83,"exists":62,"put":1,"returnedBodyBytes":207351,"stateReads":42,"receipts":8,"commits":0,"physicalBodyBytes":324032}]}
✔ collection I/O sqlite documents-simple: 8 pages retain semantics across reads, copying and reopening (1938.930125ms)
ℹ {"adapter":"sqlite","family":"documents-simple","pages":8,"sourceCalls":8,"resultSignature":"c223661cc27ac8f18d90094013769634188fab210c6fa1531b423635c1ef5c84","stages":[{"name":"collect","get":318,"exists":590,"put":26,"returnedBodyBytes":470387,"stateReads":354,"receipts":46,"commits":22,"physicalBodyBytes":1357149},{"name":"checkpointRead","get":25,"exists":24,"put":0,"returnedBodyBytes":35235,"stateReads":5,"receipts":1,"commits":0,"physicalBodyBytes":69502},{"name":"callsGet","get":77,"exists":180,"put":1,"returnedBodyBytes":162709,"stateReads":45,"receipts":10,"commits":5,"physicalBodyBytes":606344},{"name":"contextPrepare","get":130,"exists":98,"put":1,"returnedBodyBytes":354351,"stateReads":37,"receipts":7,"commits":0,"physicalBodyBytes":548423},{"name":"reopenAndPrepare","get":155,"exists":122,"put":1,"returnedBodyBytes":389586,"stateReads":42,"receipts":8,"commits":0,"physicalBodyBytes":617925}]}
✔ collection I/O sqlite documents-simple: 16 pages retain semantics across reads, copying and reopening (3842.218542ms)
ℹ {"adapter":"sqlite","family":"documents-simple","pages":16,"sourceCalls":16,"resultSignature":"ab9d2af3b8ec8ae6983b1b42f01fae55eaa9771ae3f0271537f2a91d7e4ef676","stages":[{"name":"collect","get":1014,"exists":1942,"put":50,"returnedBodyBytes":1473478,"stateReads":642,"receipts":78,"commits":38,"physicalBodyBytes":4319151},{"name":"checkpointRead","get":49,"exists":48,"put":0,"returnedBodyBytes":69080,"stateReads":5,"receipts":1,"commits":0,"physicalBodyBytes":137191},{"name":"callsGet","get":149,"exists":348,"put":1,"returnedBodyBytes":318994,"stateReads":45,"receipts":10,"commits":5,"physicalBodyBytes":1191167},{"name":"contextPrepare","get":250,"exists":194,"put":1,"returnedBodyBytes":686038,"stateReads":37,"receipts":7,"commits":0,"physicalBodyBytes":1070236},{"name":"reopenAndPrepare","get":299,"exists":242,"put":1,"returnedBodyBytes":755118,"stateReads":42,"receipts":8,"commits":0,"physicalBodyBytes":1207427}]}
✔ collection I/O sqlite observations-simple: 4 pages retain semantics across reads, copying and reopening (1068.563292ms)
ℹ {"adapter":"sqlite","family":"observations-simple","pages":4,"sourceCalls":4,"resultSignature":"a6a1b857443999b7a5f4b1945b1768f00b1f58af8a2d1b7fce08ea4816c57ae5","stages":[{"name":"collect","get":114,"exists":202,"put":14,"returnedBodyBytes":172551,"stateReads":210,"receipts":30,"commits":14,"physicalBodyBytes":487152},{"name":"checkpointRead","get":13,"exists":12,"put":0,"returnedBodyBytes":18412,"stateReads":5,"receipts":1,"commits":0,"physicalBodyBytes":35857},{"name":"callsGet","get":41,"exists":96,"put":1,"returnedBodyBytes":85070,"stateReads":45,"receipts":10,"commits":5,"physicalBodyBytes":315854},{"name":"contextPrepare","get":70,"exists":50,"put":1,"returnedBodyBytes":189654,"stateReads":37,"receipts":7,"commits":0,"physicalBodyBytes":289268},{"name":"reopenAndPrepare","get":83,"exists":62,"put":1,"returnedBodyBytes":208066,"stateReads":42,"receipts":8,"commits":0,"physicalBodyBytes":325125}]}
✔ collection I/O sqlite observations-simple: 8 pages retain semantics across reads, copying and reopening (2157.871916ms)
ℹ {"adapter":"sqlite","family":"observations-simple","pages":8,"sourceCalls":8,"resultSignature":"3e066d9f43cd916245766040a04be753e4d813303fafe0d6c5edfead4c0113c9","stages":[{"name":"collect","get":318,"exists":590,"put":26,"returnedBodyBytes":471661,"stateReads":354,"receipts":46,"commits":22,"physicalBodyBytes":1360871},{"name":"checkpointRead","get":25,"exists":24,"put":0,"returnedBodyBytes":35317,"stateReads":5,"receipts":1,"commits":0,"physicalBodyBytes":69666},{"name":"callsGet","get":77,"exists":180,"put":1,"returnedBodyBytes":163211,"stateReads":45,"receipts":10,"commits":5,"physicalBodyBytes":608316},{"name":"contextPrepare","get":130,"exists":98,"put":1,"returnedBodyBytes":355572,"stateReads":37,"receipts":7,"commits":0,"physicalBodyBytes":550228},{"name":"reopenAndPrepare","get":155,"exists":122,"put":1,"returnedBodyBytes":390889,"stateReads":42,"receipts":8,"commits":0,"physicalBodyBytes":619894}]}
✔ collection I/O sqlite observations-simple: 16 pages retain semantics across reads, copying and reopening (3995.858125ms)
ℹ {"adapter":"sqlite","family":"observations-simple","pages":16,"sourceCalls":16,"resultSignature":"efdaf769faccd802339a9b0a1fb7bb1c170d5d2cfcd84df6499f8eceb676f508","stages":[{"name":"collect","get":1014,"exists":1942,"put":50,"returnedBodyBytes":1476960,"stateReads":642,"receipts":78,"commits":38,"physicalBodyBytes":4329433},{"name":"checkpointRead","get":49,"exists":48,"put":0,"returnedBodyBytes":69226,"stateReads":5,"receipts":1,"commits":0,"physicalBodyBytes":137483},{"name":"callsGet","get":149,"exists":348,"put":1,"returnedBodyBytes":319944,"stateReads":45,"receipts":10,"commits":5,"physicalBodyBytes":1194931},{"name":"contextPrepare","get":250,"exists":194,"put":1,"returnedBodyBytes":688371,"stateReads":37,"receipts":7,"commits":0,"physicalBodyBytes":1073665},{"name":"reopenAndPrepare","get":299,"exists":242,"put":1,"returnedBodyBytes":757597,"stateReads":42,"receipts":8,"commits":0,"physicalBodyBytes":1211148}]}
✔ collection I/O file-journal documents-simple: 4 pages retain semantics across reads, copying and reopening (5145.128542ms)
ℹ {"adapter":"file-journal","family":"documents-simple","pages":4,"sourceCalls":4,"resultSignature":"ca3cbf4a810188e565397de9b01c666596d3bfd519841b869c91c2e4ca1eaa0c","stages":[{"name":"collect","get":114,"exists":202,"put":14,"returnedBodyBytes":171997,"stateReads":210,"receipts":30,"commits":14,"physicalBodyBytes":485558},{"name":"checkpointRead","get":13,"exists":12,"put":0,"returnedBodyBytes":18362,"stateReads":5,"receipts":1,"commits":0,"physicalBodyBytes":35757},{"name":"callsGet","get":41,"exists":96,"put":1,"returnedBodyBytes":84792,"stateReads":45,"receipts":10,"commits":5,"physicalBodyBytes":314778},{"name":"contextPrepare","get":70,"exists":50,"put":1,"returnedBodyBytes":188989,"stateReads":37,"receipts":7,"commits":0,"physicalBodyBytes":288275},{"name":"reopenAndPrepare","get":83,"exists":62,"put":1,"returnedBodyBytes":207351,"stateReads":42,"receipts":8,"commits":0,"physicalBodyBytes":324032}]}
✔ collection I/O file-journal documents-simple: 8 pages retain semantics across reads, copying and reopening (9798.180375ms)
ℹ {"adapter":"file-journal","family":"documents-simple","pages":8,"sourceCalls":8,"resultSignature":"c223661cc27ac8f18d90094013769634188fab210c6fa1531b423635c1ef5c84","stages":[{"name":"collect","get":318,"exists":590,"put":26,"returnedBodyBytes":470387,"stateReads":354,"receipts":46,"commits":22,"physicalBodyBytes":1357149},{"name":"checkpointRead","get":25,"exists":24,"put":0,"returnedBodyBytes":35235,"stateReads":5,"receipts":1,"commits":0,"physicalBodyBytes":69502},{"name":"callsGet","get":77,"exists":180,"put":1,"returnedBodyBytes":162709,"stateReads":45,"receipts":10,"commits":5,"physicalBodyBytes":606344},{"name":"contextPrepare","get":130,"exists":98,"put":1,"returnedBodyBytes":354351,"stateReads":37,"receipts":7,"commits":0,"physicalBodyBytes":548423},{"name":"reopenAndPrepare","get":155,"exists":122,"put":1,"returnedBodyBytes":389586,"stateReads":42,"receipts":8,"commits":0,"physicalBodyBytes":617925}]}
✔ collection I/O file-journal documents-simple: 16 pages retain semantics across reads, copying and reopening (14053.812708ms)
ℹ {"adapter":"file-journal","family":"documents-simple","pages":16,"sourceCalls":16,"resultSignature":"ab9d2af3b8ec8ae6983b1b42f01fae55eaa9771ae3f0271537f2a91d7e4ef676","stages":[{"name":"collect","get":1014,"exists":1942,"put":50,"returnedBodyBytes":1473478,"stateReads":642,"receipts":78,"commits":38,"physicalBodyBytes":4319151},{"name":"checkpointRead","get":49,"exists":48,"put":0,"returnedBodyBytes":69080,"stateReads":5,"receipts":1,"commits":0,"physicalBodyBytes":137191},{"name":"callsGet","get":149,"exists":348,"put":1,"returnedBodyBytes":318994,"stateReads":45,"receipts":10,"commits":5,"physicalBodyBytes":1191167},{"name":"contextPrepare","get":250,"exists":194,"put":1,"returnedBodyBytes":686038,"stateReads":37,"receipts":7,"commits":0,"physicalBodyBytes":1070236},{"name":"reopenAndPrepare","get":299,"exists":242,"put":1,"returnedBodyBytes":755118,"stateReads":42,"receipts":8,"commits":0,"physicalBodyBytes":1207427}]}
✔ collection I/O file-journal observations-simple: 4 pages retain semantics across reads, copying and reopening (6301.791167ms)
ℹ {"adapter":"file-journal","family":"observations-simple","pages":4,"sourceCalls":4,"resultSignature":"a6a1b857443999b7a5f4b1945b1768f00b1f58af8a2d1b7fce08ea4816c57ae5","stages":[{"name":"collect","get":114,"exists":202,"put":14,"returnedBodyBytes":172551,"stateReads":210,"receipts":30,"commits":14,"physicalBodyBytes":487152},{"name":"checkpointRead","get":13,"exists":12,"put":0,"returnedBodyBytes":18412,"stateReads":5,"receipts":1,"commits":0,"physicalBodyBytes":35857},{"name":"callsGet","get":41,"exists":96,"put":1,"returnedBodyBytes":85070,"stateReads":45,"receipts":10,"commits":5,"physicalBodyBytes":315854},{"name":"contextPrepare","get":70,"exists":50,"put":1,"returnedBodyBytes":189654,"stateReads":37,"receipts":7,"commits":0,"physicalBodyBytes":289268},{"name":"reopenAndPrepare","get":83,"exists":62,"put":1,"returnedBodyBytes":208066,"stateReads":42,"receipts":8,"commits":0,"physicalBodyBytes":325125}]}
✔ collection I/O file-journal observations-simple: 8 pages retain semantics across reads, copying and reopening (8076.396084ms)
ℹ {"adapter":"file-journal","family":"observations-simple","pages":8,"sourceCalls":8,"resultSignature":"3e066d9f43cd916245766040a04be753e4d813303fafe0d6c5edfead4c0113c9","stages":[{"name":"collect","get":318,"exists":590,"put":26,"returnedBodyBytes":471661,"stateReads":354,"receipts":46,"commits":22,"physicalBodyBytes":1360871},{"name":"checkpointRead","get":25,"exists":24,"put":0,"returnedBodyBytes":35317,"stateReads":5,"receipts":1,"commits":0,"physicalBodyBytes":69666},{"name":"callsGet","get":77,"exists":180,"put":1,"returnedBodyBytes":163211,"stateReads":45,"receipts":10,"commits":5,"physicalBodyBytes":608316},{"name":"contextPrepare","get":130,"exists":98,"put":1,"returnedBodyBytes":355572,"stateReads":37,"receipts":7,"commits":0,"physicalBodyBytes":550228},{"name":"reopenAndPrepare","get":155,"exists":122,"put":1,"returnedBodyBytes":390889,"stateReads":42,"receipts":8,"commits":0,"physicalBodyBytes":619894}]}
✔ collection I/O file-journal observations-simple: 16 pages retain semantics across reads, copying and reopening (11805.63325ms)
ℹ {"adapter":"file-journal","family":"observations-simple","pages":16,"sourceCalls":16,"resultSignature":"efdaf769faccd802339a9b0a1fb7bb1c170d5d2cfcd84df6499f8eceb676f508","stages":[{"name":"collect","get":1014,"exists":1942,"put":50,"returnedBodyBytes":1476960,"stateReads":642,"receipts":78,"commits":38,"physicalBodyBytes":4329433},{"name":"checkpointRead","get":49,"exists":48,"put":0,"returnedBodyBytes":69226,"stateReads":5,"receipts":1,"commits":0,"physicalBodyBytes":137483},{"name":"callsGet","get":149,"exists":348,"put":1,"returnedBodyBytes":319944,"stateReads":45,"receipts":10,"commits":5,"physicalBodyBytes":1194931},{"name":"contextPrepare","get":250,"exists":194,"put":1,"returnedBodyBytes":688371,"stateReads":37,"receipts":7,"commits":0,"physicalBodyBytes":1073665},{"name":"reopenAndPrepare","get":299,"exists":242,"put":1,"returnedBodyBytes":757597,"stateReads":42,"receipts":8,"commits":0,"physicalBodyBytes":1211148}]}
✔ read collection: bounded batch keeps original observations and input objects independent (4.737792ms)
✔ read collection: explicit retries request every unfinished key and advance only when the original page is complete (2.232666ms)
✔ read collection: extra cannot satisfy a trusted batch manifest (0.323833ms)
✔ read collection: missing cannot satisfy a trusted batch manifest (0.099417ms)
✔ read collection: wrong-digest cannot satisfy a trusted batch manifest (0.139875ms)
✔ read collection: duplicate-expected cannot satisfy a trusted batch manifest (0.109ms)
✔ read collection: duplicate-item cannot satisfy a trusted batch manifest (0.105292ms)
✔ read collection: retry rejects successful-item instead of overwriting successful observations (0.408584ms)
✔ read collection: retry rejects missing-unfinished instead of overwriting successful observations (0.333875ms)
✔ read collection: retry rejects changed-digest instead of overwriting successful observations (0.519459ms)
✔ read collection: pending retry binds snapshot to its original source page (0.391416ms)
✔ read collection: pending retry binds cursor to its original source page (0.351708ms)
✔ read collection: pending retry binds nextCursor to its original source page (0.271875ms)
✔ read collection: pending retry binds totalItems to its original source page (0.211375ms)
✔ read collection: pending retry binds exhausted to its original source page (0.2385ms)
✔ read collection: pending retry binds requestId to its original source page (0.213708ms)
✔ read collection: an explicit retry cannot omit a key in the request or reuse the last request identity (0.230208ms)
✔ read collection: accepted request history survives replaced pending IDs and is checked on restore (0.438917ms)
✔ read collection: a nonretryable error preserves the pending observations but forbids resume (0.232541ms)
✔ read collection: retries consume the operation call limit without advancing page count (0.33475ms)
✔ read collection: declared totals count unique logical items and may become known on the final page (0.245583ms)
✔ read collection: a known total stays binding when a later response omits it (0.257209ms)
✔ read collection: repeated IDs cannot create another item even with a different digest (0.145709ms)
✔ read collection: cursor loops and snapshot changes are rejected across finalized pages (0.319583ms)
✔ read collection: empty pages may progress with new cursors and a complete empty collection is valid (0.147667ms)
✔ read collection: page, item and batch bounds stop further requests without truncation (0.42375ms)
✔ read collection: response and checkpoint limits use exact UTF-8 byte lengths (0.254583ms)
✔ read collection: each raw retry is byte-bounded while the merged logical page uses the checkpoint bound (0.193625ms)
✔ read collection: restored projection corruption is rejected before producing a request (0.167666ms)
✔ read collection: restored cursor-chain corruption is rejected before producing a request (0.118875ms)
✔ read collection: restored calls corruption is rejected before producing a request (0.113208ms)
✔ read collection: restored completed-pending corruption is rejected before producing a request (0.118625ms)
✔ read collection: restored manifest corruption is rejected before producing a request (0.129417ms)
✔ read collection: strict schemas reject false completion, fabricated not-run output and invalid budgets (0.5565ms)
✔ read collection: usage overflow and dependency overflow fail without dropping earlier accounting or custody (1.716291ms)
✔ durable collections sqlite: a process crash after intent becomes an unknown call on explicit resume (777.202167ms)
✔ durable collections sqlite: a batch retries only unfinished manifest items after reopening (749.571291ms)
✔ durable collections sqlite: source failures consume the persisted call budget across explicit retries (897.482834ms)
✔ durable collections sqlite: a source that answers after cancellation cannot commit its late page (291.53225ms)
✔ durable collections sqlite: policy revocation while the source waits suppresses the response (273.0045ms)
✔ durable collections file-journal: a process crash after intent becomes an unknown call on explicit resume (3047.537959ms)
✔ durable collections file-journal: a batch retries only unfinished manifest items after reopening (5004.805958ms)
✔ durable collections file-journal: source failures consume the persisted call budget across explicit retries (6288.076167ms)
✔ durable collections file-journal: a source that answers after cancellation cannot commit its late page (883.227125ms)
✔ durable collections file-journal: policy revocation while the source waits suppresses the response (1110.876125ms)
✔ durable collections: query cannot resume a checkpoint under a changed contract (510.073708ms)
✔ durable collections: fresh cannot resume a checkpoint under a changed contract (410.905417ms)
✔ durable collections: same-task-id cannot resume a checkpoint under a changed contract (361.424458ms)
✔ durable collections: policy cannot resume a checkpoint under a changed contract (415.563167ms)
✔ durable collections: goal cannot resume a checkpoint under a changed contract (558.7295ms)
✔ durable collections: generation cannot resume a checkpoint under a changed contract (477.39175ms)
✔ durable collections sqlite documents-simple: complete pages advance automatically and survive reopening (784.379959ms)
✔ durable collections sqlite documents-simple: partial stops until a new task explicitly resumes after reopening (1192.002916ms)
✔ durable collections sqlite observations-simple: complete pages advance automatically and survive reopening (723.429292ms)
✔ durable collections sqlite observations-simple: partial stops until a new task explicitly resumes after reopening (1144.817583ms)
✔ durable collections file-journal documents-simple: complete pages advance automatically and survive reopening (3528.949209ms)
✔ durable collections file-journal documents-simple: partial stops until a new task explicitly resumes after reopening (6050.638375ms)
✔ durable collections file-journal observations-simple: complete pages advance automatically and survive reopening (3322.606333ms)
✔ durable collections file-journal observations-simple: partial stops until a new task explicitly resumes after reopening (6182.32225ms)
✔ collection coverage: an individually complete fact does not prove the required full query (3.705083ms)
✔ collection coverage: complete query is an additional gate and adds no independent evidence (0.210417ms)
✔ collection coverage: query mismatch cannot satisfy the requirement (0.152667ms)
✔ collection coverage: snapshot mismatch cannot satisfy the requirement (0.118083ms)
✔ collection coverage: goal mismatch cannot satisfy the requirement (0.125792ms)
✔ collection coverage: permission mismatch cannot satisfy the requirement (0.109208ms)
✔ collection coverage: unadopted mismatch cannot satisfy the requirement (0.10275ms)
✔ collection coverage: an earlier unknown read retains its history without negating a complete later manifest (0.107709ms)
✔ collection coverage: empty enumeration does not invent a business fact (0.136542ms)
✔ collection coverage: manifest validation rejects duplicates, mismatched keys and premature EOF even without a remote total (0.408041ms)
✔ read deferral proof: a pinned marker rejects callback removal without replacing the active provider (13.990958ms)
✔ read deferral proof: callback capture and detached authority inputs prevent adapter mutation from changing validation (6.965542ms)
✔ read deferral proof: same-definition replacement during async verification invalidates the in-flight claim (3.824375ms)
✔ read page proof: marker makes callback removal an atomic rejected provider refresh (17.564916ms)
✔ read page proof: source callback is captured and receives detached original task, request and page (8.010417ms)
✔ read page proof: same-version replacement during async validation invalidates its result (3.505417ms)
✔ read page proof: legacy serialization is unchanged and a marked source cannot omit its original (6.403875ms)
✔ read page proof sqlite: explicit resume verifies individual responses and keeps the earlier successful original (1000.847667ms)
✔ read page proof sqlite: a zero-item page retains its raw ref and raw loss blocks pending adoption (467.088833ms)
✔ read page proof sqlite: missing parent original prevents any resumed source request (498.03975ms)
✔ read page proof sqlite: authority after a source wait prevents input when work is paused (245.949375ms)
✔ read page proof sqlite: replacing the provider during the post-Broker checkpoint read blocks the old source (278.420875ms)
✔ read page proof sqlite: first-read originals stay in the final fence and loss after a callback is rejected (463.103667ms)
✔ read page proof file-journal: explicit resume verifies individual responses and keeps the earlier successful original (5850.964792ms)
✔ read page proof file-journal: a zero-item page retains its raw ref and raw loss blocks pending adoption (1408.805459ms)
✔ read page proof file-journal: missing parent original prevents any resumed source request (2037.009208ms)
✔ read page proof file-journal: authority after a source wait prevents input when work is paused (1253.578708ms)
✔ read page proof file-journal: replacing the provider during the post-Broker checkpoint read blocks the old source (1817.8315ms)
✔ read page proof file-journal: first-read originals stay in the final fence and loss after a callback is rejected (2536.617375ms)
✔ read wait: an explicit successor stays queued before due and becomes eligible exactly at due (4.590125ms)
✔ read wait: a renamed fresh task cannot bypass the same work/query cooldown (0.255166ms)
✔ read wait: an independent query runs while the first task is waiting (0.21175ms)
✔ read wait: waiting prevents replanning even when no successor has been proposed (0.18625ms)
✔ read wait: clearing the wake projection or pausing does not reset the original retry time (0.185708ms)
✔ read wait: the work deadline wakes earlier than the retry time and then blocks input (0.168ms)
✔ read wait: cancelled work stays cancelled and a new goal does not inherit old query waits (0.15775ms)
✔ read wait: a depleted collection call allowance never creates another early call (0.121875ms)
✔ state-based packet retains counterevidence, obligations and original references without raw history or a state mutation (35.082958ms)
✔ old and forged packets cannot reverse a goal change, cancellation or budget (10.067375ms)
✔ separate SQLite/artifact instances reconstruct packets and regenerate missing or corrupt derived blobs (245.917958ms)
✔ missing original is reported by id and cannot be hidden by a valid prior packet (4.905333ms)
✔ reconstruction rechecks a goal change committed while the packet is being saved (4.599375ms)
✔ snapshot retries mixed state/event/outbox revisions and rejects broken event history (4.933375ms)
✔ untrusted packet dimensions, tool revision changes and a foreign work packet never authorize reuse (9.3795ms)
✔ resume requires the work owner and full runtime view; revoked history is never relabelled (4.662917ms)
✔ packet size limit refuses the whole projection without dropping obligations or writing a partial packet (3.809334ms)
✔ model context restores task attempts and budget but excludes model ledger and delivery bodies (7.558917ms)
✔ model context cannot relabel a revoked attempt result reference under the current policy (10.623208ms)
✔ model context refuses assessment references whose evidence metadata is no longer permitted (3.476542ms)
✔ sqlite: text originals use one verified body read and no cross-call availability cache (293.769458ms)
ℹ {"adapter":"sqlite","operation":"original","name":"original","elapsedMs":0.9654580000000124,"artifactApi":{"get":{"calls":1,"requestedBodyBytes":1733,"returnedBodyBytes":1733,"failures":0},"exists":{"calls":0,"referencedBodyBytes":0,"available":0,"unavailable":0},"put":{"calls":0,"inputBodyBytes":0,"returnedReferenceBodyBytes":0,"failures":0}},"stateApi":{"get":4,"receipt":0,"commit":0,"events":0,"recentEventMetadata":0,"deliveries":0,"workIdsForConversation":0,"conversationWorkPage":0,"runnable":0,"close":0},"physical":{"getCalls":1,"existsCalls":0,"putCalls":0,"metadataReadOperations":1,"metadataReadBytes":237,"bodyReadOperations":1,"bodyReadBytes":1733,"hashCalls":1,"hashBytes":1733,"fileWrites":0,"metadataWriteBytes":0,"bodyWriteBytes":0,"readFailures":0,"verificationFailures":0,"deniedReads":0,"writeFailures":0}}
✔ sqlite: one result materialization deduplicates repeated originals and preserves a final real verification (229.820958ms)
ℹ {"adapter":"sqlite","operation":"result","name":"result","elapsedMs":2.788958999999977,"artifactApi":{"get":{"calls":2,"requestedBodyBytes":6315,"returnedBodyBytes":6315,"failures":0},"exists":{"calls":1,"referencedBodyBytes":1733,"available":1,"unavailable":0},"put":{"calls":0,"inputBodyBytes":0,"returnedReferenceBodyBytes":0,"failures":0}},"stateApi":{"get":10,"receipt":1,"commit":0,"events":0,"recentEventMetadata":0,"deliveries":0,"workIdsForConversation":0,"conversationWorkPage":0,"runnable":0,"close":0},"physical":{"getCalls":2,"existsCalls":1,"putCalls":0,"metadataReadOperations":3,"metadataReadBytes":717,"bodyReadOperations":3,"bodyReadBytes":8048,"hashCalls":3,"hashBytes":8048,"fileWrites":0,"metadataWriteBytes":0,"bodyWriteBytes":0,"readFailures":0,"verificationFailures":0,"deniedReads":0,"writeFailures":0}}
✔ sqlite: a two-copy chain decodes and reads each dispatch once per materialization (490.996292ms)
ℹ {"adapter":"sqlite","operation":"copy-chain","name":"copy-chain","elapsedMs":3.627917000000025,"artifactApi":{"get":{"calls":4,"requestedBodyBytes":16962,"returnedBodyBytes":16962,"failures":0},"exists":{"calls":1,"referencedBodyBytes":1733,"available":1,"unavailable":0},"put":{"calls":0,"inputBodyBytes":0,"returnedReferenceBodyBytes":0,"failures":0}},"stateApi":{"get":10,"receipt":3,"commit":0,"events":0,"recentEventMetadata":0,"deliveries":0,"workIdsForConversation":0,"conversationWorkPage":0,"runnable":0,"close":0},"physical":{"getCalls":4,"existsCalls":1,"putCalls":0,"metadataReadOperations":5,"metadataReadBytes":1203,"bodyReadOperations":5,"bodyReadBytes":18695,"hashCalls":5,"hashBytes":18695,"fileWrites":0,"metadataWriteBytes":0,"bodyWriteBytes":0,"readFailures":0,"verificationFailures":0,"deniedReads":0,"writeFailures":0}}
✔ sqlite: context uses verified copy materialization without rereading its dispatch pair (468.250792ms)
ℹ {"adapter":"sqlite","operation":"context","name":"context","elapsedMs":58.28833400000008,"artifactApi":{"get":{"calls":9,"requestedBodyBytes":70896,"returnedBodyBytes":70896,"failures":0},"exists":{"calls":6,"referencedBodyBytes":20428,"available":6,"unavailable":0},"put":{"calls":1,"inputBodyBytes":37961,"returnedReferenceBodyBytes":37961,"failures":0}},"stateApi":{"get":34,"receipt":6,"commit":0,"events":1,"recentEventMetadata":0,"deliveries":0,"workIdsForConversation":0,"conversationWorkPage":0,"runnable":0,"close":0},"physical":{"getCalls":9,"existsCalls":7,"putCalls":1,"metadataReadOperations":15,"metadataReadBytes":3616,"bodyReadOperations":15,"bodyReadBytes":91324,"hashCalls":17,"hashBytes":129436,"fileWrites":2,"metadataWriteBytes":244,"bodyWriteBytes":37961,"readFailures":1,"verificationFailures":1,"deniedReads":0,"writeFailures":0}}
✔ sqlite: adapter argument mutation and returned metadata cannot change private reference snapshots (358.684833ms)
✔ sqlite: cached original is rejected if deleted during a later state read (222.053708ms)
✔ sqlite: cached original is rejected if corrupted during a later state read (227.705125ms)
✔ sqlite: context rechecks metadata-reused originals after its staging await (337.214334ms)
✔ sqlite: context rechecks ordinary cached originals after staging without a calls.get copy (288.584917ms)
✔ sqlite: final cached-source check retains contract authority handling (159.840417ms)
✔ sqlite: final cached-source check retains policy authority handling (211.16775ms)
✔ sqlite: final cached-source check retains unrelated authority handling (202.868583ms)
✔ file-journal: text originals use one verified body read and no cross-call availability cache (858.633292ms)
ℹ {"adapter":"file-journal","operation":"original","name":"original","elapsedMs":52.16516700000011,"artifactApi":{"get":{"calls":1,"requestedBodyBytes":1733,"returnedBodyBytes":1733,"failures":0},"exists":{"calls":0,"referencedBodyBytes":0,"available":0,"unavailable":0},"put":{"calls":0,"inputBodyBytes":0,"returnedReferenceBodyBytes":0,"failures":0}},"stateApi":{"get":4,"receipt":0,"commit":0,"events":0,"recentEventMetadata":0,"deliveries":0,"workIdsForConversation":0,"conversationWorkPage":0,"runnable":0,"close":0},"physical":{"getCalls":1,"existsCalls":0,"putCalls":0,"metadataReadOperations":1,"metadataReadBytes":237,"bodyReadOperations":1,"bodyReadBytes":1733,"hashCalls":1,"hashBytes":1733,"fileWrites":0,"metadataWriteBytes":0,"bodyWriteBytes":0,"readFailures":0,"verificationFailures":0,"deniedReads":0,"writeFailures":0}}
✔ file-journal: one result materialization deduplicates repeated originals and preserves a final real verification (758.308166ms)
ℹ {"adapter":"file-journal","operation":"result","name":"result","elapsedMs":100.230458,"artifactApi":{"get":{"calls":2,"requestedBodyBytes":6315,"returnedBodyBytes":6315,"failures":0},"exists":{"calls":1,"referencedBodyBytes":1733,"available":1,"unavailable":0},"put":{"calls":0,"inputBodyBytes":0,"returnedReferenceBodyBytes":0,"failures":0}},"stateApi":{"get":10,"receipt":1,"commit":0,"events":0,"recentEventMetadata":0,"deliveries":0,"workIdsForConversation":0,"conversationWorkPage":0,"runnable":0,"close":0},"physical":{"getCalls":2,"existsCalls":1,"putCalls":0,"metadataReadOperations":3,"metadataReadBytes":717,"bodyReadOperations":3,"bodyReadBytes":8048,"hashCalls":3,"hashBytes":8048,"fileWrites":0,"metadataWriteBytes":0,"bodyWriteBytes":0,"readFailures":0,"verificationFailures":0,"deniedReads":0,"writeFailures":0}}
✔ file-journal: a two-copy chain decodes and reads each dispatch once per materialization (2133.0315ms)
ℹ {"adapter":"file-journal","operation":"copy-chain","name":"copy-chain","elapsedMs":83.93804099999943,"artifactApi":{"get":{"calls":4,"requestedBodyBytes":16962,"returnedBodyBytes":16962,"failures":0},"exists":{"calls":1,"referencedBodyBytes":1733,"available":1,"unavailable":0},"put":{"calls":0,"inputBodyBytes":0,"returnedReferenceBodyBytes":0,"failures":0}},"stateApi":{"get":10,"receipt":3,"commit":0,"events":0,"recentEventMetadata":0,"deliveries":0,"workIdsForConversation":0,"conversationWorkPage":0,"runnable":0,"close":0},"physical":{"getCalls":4,"existsCalls":1,"putCalls":0,"metadataReadOperations":5,"metadataReadBytes":1203,"bodyReadOperations":5,"bodyReadBytes":18695,"hashCalls":5,"hashBytes":18695,"fileWrites":0,"metadataWriteBytes":0,"bodyWriteBytes":0,"readFailures":0,"verificationFailures":0,"deniedReads":0,"writeFailures":0}}
✔ file-journal: context uses verified copy materialization without rereading its dispatch pair (2151.69ms)
ℹ {"adapter":"file-journal","operation":"context","name":"context","elapsedMs":334.2325000000001,"artifactApi":{"get":{"calls":9,"requestedBodyBytes":70896,"returnedBodyBytes":70896,"failures":0},"exists":{"calls":6,"referencedBodyBytes":20428,"available":6,"unavailable":0},"put":{"calls":1,"inputBodyBytes":37961,"returnedReferenceBodyBytes":37961,"failures":0}},"stateApi":{"get":34,"receipt":6,"commit":0,"events":1,"recentEventMetadata":0,"deliveries":0,"workIdsForConversation":0,"conversationWorkPage":0,"runnable":0,"close":0},"physical":{"getCalls":9,"existsCalls":7,"putCalls":1,"metadataReadOperations":15,"metadataReadBytes":3616,"bodyReadOperations":15,"bodyReadBytes":91324,"hashCalls":17,"hashBytes":129436,"fileWrites":2,"metadataWriteBytes":244,"bodyWriteBytes":37961,"readFailures":1,"verificationFailures":1,"deniedReads":0,"writeFailures":0}}
✔ file-journal: adapter argument mutation and returned metadata cannot change private reference snapshots (1577.263083ms)
✔ file-journal: cached original is rejected if deleted during a later state read (611.840542ms)
✔ file-journal: cached original is rejected if corrupted during a later state read (828.785083ms)
✔ file-journal: context rechecks metadata-reused originals after its staging await (2339.041541ms)
✔ file-journal: context rechecks ordinary cached originals after staging without a calls.get copy (1311.915834ms)
✔ file-journal: final cached-source check retains contract authority handling (792.129959ms)
✔ file-journal: final cached-source check retains policy authority handling (1069.83975ms)
✔ file-journal: final cached-source check retains unrelated authority handling (960.386416ms)
✔ resource progress: legacy and paged catalog cards share a stable preparation key independent of query and cursor metadata (4.569125ms)
✔ resource progress: exact schema loading earns a distinct credit and also records discovery so reverse-order searches add none (1.364125ms)
✔ resource progress: forged, mismatched or denied tool metadata and too-large responses do not earn preparation credit (0.9935ms)
✔ resource progress: guidance listing metadata does not reset progress and exact body loading subsumes the card (2.669542ms)
✔ resource progress: guidance body credit requires permitted manifest, matching indexed original and canonical selection identity (0.875125ms)
✔ resource progress: empty results, history/evidence reads and arbitrary new artifacts cannot fabricate preparation (0.166083ms)
✔ resource progress: replayed, reused and unadopted resource results cannot earn a new preparation key (0.346333ms)
✔ resource progress sqlite/documents-simple: default no-progress policy allows discovery, schemas and guidance before the real source (645.874292ms)
✔ resource progress sqlite/observations-simple: default no-progress policy allows discovery, schemas and guidance before the real source (620.558ms)
✔ resource progress sqlite: repeated identical catalog preparation stops after the first credit and three empty steps (562.242042ms)
✔ resource progress sqlite: repeated identical guidance preparation stops after the first credit and three empty steps (533.56475ms)
✔ resource progress sqlite: empty searches with different query and task IDs stop at the default limit (350.108666ms)
✔ resource progress file-journal/documents-simple: default no-progress policy allows discovery, schemas and guidance before the real source (3493.408958ms)
✔ resource progress file-journal/observations-simple: default no-progress policy allows discovery, schemas and guidance before the real source (2975.098416ms)
✔ resource progress file-journal: repeated identical catalog preparation stops after the first credit and three empty steps (2155.8015ms)
✔ resource progress file-journal: repeated identical guidance preparation stops after the first credit and three empty steps (3008.95325ms)
✔ resource progress file-journal: empty searches with different query and task IDs stop at the default limit (2125.628208ms)
✔ catalog filters before ranking, bounds cards, separates providers and loads only an exact schema (27.532375ms)
✔ registration snapshots reject namespace/duplicates and cannot be mutated through adapters or catalog results (5.612708ms)
✔ documents-simple: discovery and selected guidance share the execution ledger without adding evidence or permissions (43.389958ms)
✔ observations-simple: discovery and selected guidance share the execution ledger without adding evidence or permissions (22.766791ms)
✔ simple direct lookup does not load optional guidance or run a hypothesis review (8.829042ms)
✔ method selection follows contradiction, independence and response needs without model calls (6.114ms)
✔ guidance metadata/limits do not read bodies and wrong version, tenant or applicability are rejected (6.302167ms)
✔ evidence readers distinguish protected/missing, superseded and retracted records; limits preserve provenance (5.944667ms)
✔ call result lookup stays historical after retraction and does not restore it to current evidence (8.670167ms)
✔ broker rejects calls without a committed dispatch or with another owner before reaching a tool (5.831166ms)
✔ in-flight output is not downgraded to a less restricted artifact when labels are revoked (8.282667ms)
✔ revocation after result storage settles without reading protected bytes or repeatedly getting stuck (6.020041ms)
✔ stored guidance and invocation results can be read after SQLite/artifact/source restart without source execution (354.366625ms)
✔ guidance source rejects altered content, path escape and symlink replacement (57.831042ms)
✔ model-facing evidence and call readers use the common budget without reexecuting a source or completing a changed goal (19.97675ms)
✔ sqlite: one commit and reopen retain state, all ordered events, deliveries and historical receipts (114.165084ms)
✔ sqlite: duplicate and idempotency conflict precede revision conflict and preserve the first receipt (78.777ms)
✔ sqlite: malformed commits leave all four collections unchanged, even on duplicate commands (73.617333ms)
✔ sqlite: caller mutations and mutable returned snapshots cannot rewrite persisted history (65.770208ms)
✔ sqlite: work, tenant, principal, channel and conversation identifiers remain separate (117.30125ms)
✔ sqlite: event cursors are exclusive and sequence numbers are local to each work (71.842292ms)
✔ sqlite: runnable respects exact deadline, obligation, tool and model recovery boundaries after reopen (334.962666ms)
✔ sqlite: two separate processes race on revision with exactly one atomic winning commit (138.007ms)
✔ sqlite: two separate processes race on same-command with exactly one atomic winning commit (151.820625ms)
✔ sqlite: two separate processes race on different-digest with exactly one atomic winning commit (142.82075ms)
✔ sqlite: acknowledged commit survives SIGKILL without close and reopening replays its receipt without duplicate records (251.921958ms)
✔ file-journal: one commit and reopen retain state, all ordered events, deliveries and historical receipts (294.436875ms)
✔ file-journal: duplicate and idempotency conflict precede revision conflict and preserve the first receipt (322.695209ms)
✔ file-journal: malformed commits leave all four collections unchanged, even on duplicate commands (346.026791ms)
✔ file-journal: caller mutations and mutable returned snapshots cannot rewrite persisted history (134.546ms)
✔ file-journal: work, tenant, principal, channel and conversation identifiers remain separate (811.48025ms)
✔ file-journal: event cursors are exclusive and sequence numbers are local to each work (149.286458ms)
✔ file-journal: runnable respects exact deadline, obligation, tool and model recovery boundaries after reopen (2020.163875ms)
✔ file-journal: two separate processes race on revision with exactly one atomic winning commit (259.806416ms)
✔ file-journal: two separate processes race on same-command with exactly one atomic winning commit (213.908834ms)
✔ file-journal: two separate processes race on different-digest with exactly one atomic winning commit (228.056958ms)
✔ file-journal: acknowledged commit survives SIGKILL without close and reopening replays its receipt without duplicate records (459.125ms)
✔ sqlite: profile closes the opened state repository when channel initialization fails (73.912708ms)
✔ file-journal: profile closes the opened state repository when channel initialization fails (53.718292ms)
✔ sqlite/documents-simple: CLI persists backend choice across processes and prevents an accidental switch (1294.012375ms)
✔ sqlite/observations-simple: CLI persists backend choice across processes and prevents an accidental switch (1382.968625ms)
✔ file-journal/documents-simple: CLI persists backend choice across processes and prevents an accidental switch (3493.734208ms)
✔ file-journal/observations-simple: CLI persists backend choice across processes and prevents an accidental switch (3869.188166ms)
✔ legacy SQLite profile acquires metadata without losing its work or accepting a backend switch (523.70175ms)
✔ two processes choosing different backends create only one accepted profile (729.909458ms)
✔ invalid or linked profile metadata is rejected without opening a new backend (28.172042ms)
✔ memory: recent metadata is bounded at the requested revision and omits payloads without changing state (13.009167ms)
✔ memory: pages progress once per matching work across Unicode IDs and isolate the complete binding scope (5.36075ms)
✔ memory: query limits, malformed cursors and empty repositories have a defined result (13.870459ms)
✔ sqlite: recent metadata is bounded at the requested revision and omits payloads without changing state (261.88275ms)
✔ sqlite: pages progress once per matching work across Unicode IDs and isolate the complete binding scope (209.738292ms)
✔ sqlite: query limits, malformed cursors and empty repositories have a defined result (40.057041ms)
✔ file-journal: recent metadata is bounded at the requested revision and omits payloads without changing state (502.276167ms)
✔ file-journal: pages progress once per matching work across Unicode IDs and isolate the complete binding scope (991.453875ms)
✔ file-journal: query limits, malformed cursors and empty repositories have a defined result (41.424042ms)
✔ journal: each page inspects only its directory budget and a foreign-only page still advances (522.954333ms)
✔ journal: cold, warm and external append distinguish body hashing from parsed and replayed records (509.683708ms)
✔ journal: a warm query rejects same-length after caching the complete history (151.090625ms)
✔ journal: a warm query rejects middle-delete after caching the complete history (156.826334ms)
✔ journal: a warm query rejects tail-delete after caching the complete history (140.094083ms)
✔ journal: a warm query rejects replacement after caching the complete history (128.600458ms)
✔ journal: a warm query rejects symlink after caching the complete history (119.452958ms)
✔ journal: a warm query rejects mode after caching the complete history (108.769833ms)
✔ journal: a warm query rejects header after caching the complete history (132.7725ms)
✔ journal: a warm read still fails when the directory durability fence fails (93.340625ms)
✔ journal: a normal pending-link cleanup during a warm read retries the entire record once (134.391208ms)
✔ journal: repeated record changes exhaust the bounded read retry and fail closed (78.247459ms)
✔ journal: cache accounting includes historical receipt snapshots and eviction releases record identities (168.731584ms)
✔ journal: a delayed older commit acknowledgement cannot lower a newer observed head with caching disabled (104.99ms)
✔ sqlite: transactional migration backfills query indexes and an already open legacy writer keeps them current (112.003291ms)
✔ sqlite: migration failure rolls back schema and leaves the legacy records unchanged (140.314583ms)
✔ sqlite: reopening an intermediate v2 store rebuilds stale indexes and replaces old triggers transactionally (88.835042ms)
✔ sqlite: a failed index write rolls back canonical state, events, receipt and binding changes together (37.32525ms)
✔ sqlite: bounded query SQL selects metadata and IDs without loading event or work bodies (40.382125ms)
✔ one atomic commit stores state, events, outbox and idempotency receipt (48.509791ms)
✔ injected failure between state and event writes rolls back every record (64.86825ms)
✔ waiting state and wake obligation survive process termination after commit (186.005375ms)
✔ two independent processes cannot commit from the same stale revision (168.476208ms)
✔ structured planner accepts one strict JSON proposal and forwards identity, options and source-boundary instructions once (2.439542ms)
✔ configuration and request snapshots cannot be rewritten by caller or transport mutation (0.505167ms)
✔ input estimation includes the exact transport request and schema without invoking the transport or claiming measured usage (0.43725ms)
✔ input estimation uses the same policy and size gates as transport requests (0.567375ms)
✔ finish reasons remain distinct and never expose provider failure content or run hidden retries (0.824208ms)
✔ invalid JSON, schema, response fields and missing proposal fail without repair calls (0.962833ms)
✔ usage omission is unknown rather than zero; only independently valid safe integer fields survive invalid envelopes (1.206291ms)
✔ provider and model identity mismatch cannot masquerade as the configured adapter (0.406666ms)
✔ missing options, denied destinations and unauthorized tool schemas never reach the transport (0.422959ms)
✔ request and response limits use UTF-8 bytes and preserve valid usage on oversized responses (0.282542ms)
✔ transport exceptions become fixed errors with unknown usage and no implicit retry (0.189583ms)
✔ pre-call cancellation has no transport effect; late cancellation preserves returned usage without accepting a proposal (0.186417ms)
✔ abort-related transport rejection is cancellation with unmeasured usage (0.124125ms)
✔ invalid configurations fail with a fixed message before transport registration (0.121583ms)
✔ structured transport rejects incomplete observation pairs and reference bodies before invocation (1.599834ms)
✔ synthetic document inputs produce independently observed app facts and separate session/call usage (4.486042ms)
✔ every lease identity dimension is checked at input and a forged grant applies no input (0.901041ms)
✔ stale observation identity and focus are rejected with zero input (0.997959ms)
✔ current target uniqueness, ref, role, name, visibility and enabled state gate the actual target (0.792209ms)
✔ an expired delayed input cannot reach a new owner and old release cannot release the new lease (0.567792ms)
✔ human handoff interrupts pending input, invalidates old views and remains owned after agent release (0.32575ms)
✔ cancellation and shared deadline are rechecked after a driver delay without injecting late input (0.347ms)
✔ wait observes late readiness using virtual condition changes and a single remaining deadline (0.63625ms)
✔ applied-but-unknown save retains its effect and exact operation replay never saves twice (0.281042ms)
✔ concurrent identical operations join while timeout injection and hook failure apply zero input (0.298459ms)
✔ bounded partial observations never expose omitted targets for action or silently exceed bytes (0.150667ms)
✔ durable synthetic contents and input counts survive reconstruction while leases and observations do not (151.599375ms)
✔ authority is required after delay and host hook, and focus is rechecked after asynchronous authorization (0.646666ms)
✔ synthetic fill accepts the shared 8192-character limit and rejects an oversized value before input (0.47675ms)
✔ synthetic receipts: applied and explicitly not-applied records are durable before response and lookup changes no app bytes (85.1465ms)
✔ synthetic receipts: applied-unknown and negative receipts remain queryable by their original epoch after restart (92.240667ms)
✔ synthetic receipts: missing identities and changed action, target, view or focus never inherit another receipt (1.006833ms)
✔ synthetic receipts: another work cannot read an original receipt even with a valid current session grant (0.407875ms)
✔ synthetic receipts: denied or missing read authority, cancelled signals and expired grants disclose no receipt (0.795584ms)
✔ synthetic receipts: cancellation, expiry and owner replacement during read authorization are checked again (0.590125ms)
✔ synthetic receipts: a pending input lookup returns unknown without joining or executing the action (0.380542ms)
✔ synthetic receipts: legacy app contents migrate without inventing operation proofs from saved values or counts (29.720084ms)
✔ synthetic receipts: a full bounded ledger rejects new input, keeps old proofs and remains full after reopen (80.032584ms)
✔ synthetic receipts: a reopened full ledger cannot relabel an old applied command as not-applied (64.633208ms)
✔ synthetic receipts: hundreds of distinct refused operations keep diagnostics bounded and preserve the original proof (51.064666ms)
✔ synthetic receipts: pending operation memory caps authorization waits and retains the first response without duplicate input (127.826375ms)
✔ synthetic receipts: delayed concurrent operations cannot overfill a one-record ledger (45.89325ms)
✔ synthetic receipts: malformed, duplicate and oversized persisted receipt sets fail before replacing the file (111.797ms)
✔ synthetic receipts: an older instance cannot overwrite the newer epoch or its existing receipt file (71.204417ms)
✔ synthetic receipts: mutable lookup inputs and returned receipts cannot change the pinned identity or cached proof (0.483083ms)
✔ synthetic computer storage: reopening prevents the stale owner from publishing its old app as a fresh observation (56.246167ms)
✔ synthetic computer storage: stale delayed search interrupts waiters without throwing or overwriting the reopened file (75.786834ms)
✔ synthetic computer storage: lost directory-sync acknowledgement preserves an applied receipt while blocking new inputs (69.752625ms)
✔ sqlite: broker rechecks source knowledge after a real reuse lookup misses (162.713291ms)
✔ sqlite: legacy attempt rejects a destination replacement during beforeInvoke (95.363709ms)
✔ sqlite: legacy attempt rejects a labels replacement during beforeInvoke (85.504042ms)
✔ sqlite: legacy attempt rejects a effect replacement during beforeInvoke (97.350917ms)
✔ sqlite: legacy attempt rejects a destination replacement during reuse (100.992625ms)
✔ sqlite: legacy attempt rejects a labels replacement during reuse (75.31225ms)
✔ sqlite: legacy attempt rejects a effect replacement during reuse (86.746416ms)
✔ sqlite: an unchanged legacy attempt invokes once after asynchronous guards and a reuse miss (75.88225ms)
✔ file-journal: broker rechecks source knowledge after a real reuse lookup misses (593.883458ms)
✔ file-journal: legacy attempt rejects a destination replacement during beforeInvoke (524.061042ms)
✔ file-journal: legacy attempt rejects a labels replacement during beforeInvoke (543.949916ms)
✔ file-journal: legacy attempt rejects a effect replacement during beforeInvoke (375.908458ms)
✔ file-journal: legacy attempt rejects a destination replacement during reuse (453.719292ms)
✔ file-journal: legacy attempt rejects a labels replacement during reuse (377.291375ms)
✔ file-journal: legacy attempt rejects a effect replacement during reuse (506.768709ms)
✔ file-journal: an unchanged legacy attempt invokes once after asynchronous guards and a reuse miss (466.095667ms)
✔ provider pages become visible in one publication and keep unrelated providers (13.450375ms)
✔ only a complete empty provider listing retires that provider (5.40675ms)
✔ provider partial transport failure preserves the previously published snapshot (3.939541ms)
✔ provider mixed provider revisions preserves the previously published snapshot (3.091209ms)
✔ provider cross-page duplicate preserves the previously published snapshot (2.739458ms)
✔ provider pagination cycle preserves the previously published snapshot (3.512959ms)
✔ provider wrong provider namespace preserves the previously published snapshot (2.773208ms)
✔ provider invalid namespace definition preserves the previously published snapshot (3.191458ms)
✔ provider invalid JSON schema preserves the previously published snapshot (3.13725ms)
✔ provider missing completeness cursor preserves the previously published snapshot (2.438875ms)
✔ provider undeclared partial flag preserves the previously published snapshot (2.871416ms)
✔ provider page bound preserves the previously published snapshot (2.615959ms)
✔ provider tool bound preserves the previously published snapshot (3.319125ms)
✔ provider definition byte bound preserves the previously published snapshot (2.141125ms)
✔ provider pre-cancellation makes no listing call (2.641833ms)
✔ provider abort ends an ignored-signal wait and late listing cannot publish (5.005708ms)
✔ provider abort during schema compilation still prevents publication (2.961042ms)
✔ concurrent same-provider refresh refuses an older listing after a newer publication (2.565125ms)
✔ concurrent unrelated provider refreshes both publish without reverting each other (3.179375ms)
✔ provider staging snapshots metadata and callbacks before awaiting another page (3.457083ms)
✔ catalog cursor pages reach every permitted result after 20 without duplicate or missing cards (16.724209ms)
✔ catalog cursor replay returns the same cards while allowing a smaller per-page item limit (8.430458ms)
✔ catalog cursor is bound to current query (10.179792ms)
✔ catalog cursor is bound to current tenant (9.582166ms)
✔ catalog cursor is bound to current principal (7.322167ms)
✔ catalog cursor is bound to current tools (11.451ms)
✔ catalog cursor is bound to current labels (6.988209ms)
✔ catalog cursor is bound to current destinations (7.765375ms)
✔ catalog cursor is bound to current writes (7.742209ms)
✔ catalog cursor rejects unpublished, stale, and restarted lookup state (11.42975ms)
✔ catalog cursor expires by injected clock and bounded index eviction requires a fresh search (7.480542ms)
✔ catalog applies permissions before rank, total page size, and hasMore (9.286583ms)
✔ catalog page budgets count Unicode and the entire response envelope (4.47675ms)
✔ catalog rejects invalid bounds and keeps punctuation-only search bounded and empty (4.917333ms)
✔ catalog reuses immutable definition digests across cursor pages and refreshes after registry replacement (14.128917ms)
✔ sqlite/documents-simple: durable reuse keeps evidence identity and charges source costs once after reopen (413.22025ms)
✔ sqlite/observations-simple: durable reuse keeps evidence identity and charges source costs once after reopen (324.407833ms)
✔ file-journal/documents-simple: durable reuse keeps evidence identity and charges source costs once after reopen (3206.076584ms)
✔ file-journal/observations-simple: durable reuse keeps evidence identity and charges source costs once after reopen (3859.95125ms)
✔ sqlite: default deny and fresh request perform actual reads, unreported adapter costs stay unknown (447.17275ms)
✔ sqlite: TTL boundary makes a new read and adoption after expiry rejects an already-stored hit (444.786708ms)
✔ sqlite: a changed principal cannot reuse a result obtained under the old policy (240.909792ms)
✔ sqlite: contract changes before dispatch fail without invoking; unrelated registry changes keep a selected contract usable (164.034417ms)
✔ sqlite: a reuse clone cannot survive source custody removal in history, copies, or context (232.722416ms)
✔ sqlite: original artifact is rechecked at the adoption commit boundary (247.923917ms)
✔ sqlite: a dispatched call without a received measurement remains unknown after reopen (98.579709ms)
✔ sqlite: unsent cancellation and legacy reservation expiry do not create unknown execution costs (69.292333ms)
✔ sqlite: emitted observation source contracts are checked even when that tool schema is not selected (261.113541ms)
✔ sqlite: registry removal while a context frame is staged prevents returning the prepared input (183.35325ms)
✔ file-journal: default deny and fresh request perform actual reads, unreported adapter costs stay unknown (1847.219958ms)
✔ file-journal: TTL boundary makes a new read and adoption after expiry rejects an already-stored hit (2455.074917ms)
✔ file-journal: a changed principal cannot reuse a result obtained under the old policy (1141.913209ms)
✔ file-journal: contract changes before dispatch fail without invoking; unrelated registry changes keep a selected contract usable (851.671958ms)
✔ file-journal: a reuse clone cannot survive source custody removal in history, copies, or context (1776.979417ms)
✔ file-journal: original artifact is rechecked at the adoption commit boundary (1850.223583ms)
✔ file-journal: a dispatched call without a received measurement remains unknown after reopen (470.825333ms)
✔ file-journal: unsent cancellation and legacy reservation expiry do not create unknown execution costs (355.811208ms)
✔ file-journal: emitted observation source contracts are checked even when that tool schema is not selected (2540.296792ms)
✔ file-journal: registry removal while a context frame is staged prevents returning the prepared input (963.190834ms)
✔ adapter-supplied reuse metadata cannot claim an invocation was avoided (138.831625ms)
✔ a write tool cannot declare reuse and changing freshness changes the immutable task digest (0.592666ms)
✔ tool reuse: trusted immutable defaults reuse across task IDs while preserving exact original evidence, timing and nullable usage (45.419291ms)
✔ tool reuse: untrusted-default always misses (13.869416ms)
✔ tool reuse: untrusted-request always misses (9.195584ms)
✔ tool reuse: fresh always misses (8.709375ms)
✔ tool reuse: TTL begins at original start, expires at the exact boundary, and is rechecked before adoption (10.544916ms)
✔ tool reuse: retracted source evidence is never reused (13.024667ms)
✔ tool reuse: deleted source evidence is never reused (9.683958ms)
✔ tool reuse: restricted source evidence is never reused (9.896958ms)
✔ tool reuse: corrected source evidence is never reused (10.200792ms)
✔ tool reuse: superseded source evidence is never reused (11.687375ms)
✔ tool reuse: missing source evidence is never reused (8.79ms)
✔ tool reuse: contract-stamp original attempt cannot establish a cache hit (7.608333ms)
✔ tool reuse: execution-proof original attempt cannot establish a cache hit (7.837958ms)
✔ tool reuse: reused original attempt cannot establish a cache hit (8.098042ms)
✔ tool reuse: not-invoked original attempt cannot establish a cache hit (7.986125ms)
✔ tool reuse: partial original attempt cannot establish a cache hit (6.491416ms)
✔ tool reuse: unknown original attempt cannot establish a cache hit (6.980333ms)
✔ tool reuse: unadopted original attempt cannot establish a cache hit (6.531167ms)
✔ tool reuse: future original attempt cannot establish a cache hit (6.683542ms)
✔ tool reuse: full goal context changes invalidate the old key (7.182583ms)
✔ tool reuse: full goal-revision context changes invalidate the old key (6.346083ms)
✔ tool reuse: full scope context changes invalidate the old key (6.243042ms)
✔ tool reuse: full owner context changes invalidate the old key (6.4815ms)
✔ tool reuse: full labels context changes invalidate the old key (7.353542ms)
✔ tool reuse: full permission context changes invalidate the old key (7.769583ms)
✔ tool reuse: changed immutable sourceVersion or schema under the same tool version invalidates pinned contracts (12.377625ms)
✔ tool reuse: a different canonical input under the same trusted definition is a cache miss (7.457458ms)
✔ tool reuse: parent retraction invalidates an unchanged derived evidence payload (9.119375ms)
✔ tool reuse: missing or damaged original bytes and oversized results are conservative misses (15.229667ms)
✔ tool reuse: a partial canonical result is not an original complete observation (9.054625ms)
✔ tool reuse: a cursor canonical result is not an original complete observation (8.588958ms)
✔ tool reuse: a reused canonical result is not an original complete observation (8.418583ms)
✔ tool reuse: a identity canonical result is not an original complete observation (8.038541ms)
✔ tool reuse: forged payloads, evidence timing, consumer identity, source stamps and accounting reports fail validation (11.956334ms)
✔ tool reuse: current source knowledge must validate and travels with the reused result (9.343792ms)
✔ tool reuse: source authority changes while canonical receipt lookup waits prevent a stale hit (7.330458ms)
✔ tool reuse: find-remove during the final state read invalidates the registry pin (8.335583ms)
✔ tool reuse: validate-source-version during the final state read invalidates the registry pin (8.492417ms)
✔ tool reuse: validate-labels during the final state read invalidates the registry pin (7.826ms)
✔ tool result validation: proof requirement is part of the contract and missing callbacks reject registration atomically (13.241917ms)
✔ tool result validation: assigning new fields or callback on the original adapter cannot alter a registered proof (7.6615ms)
✔ tool result validation: provider callback receives detached state and result values (3.804875ms)
✔ tool result validation: same-version replacement while awaiting a proof invalidates the pending answer (3.475042ms)
✔ tool result validation: removal or unrelated provider refresh has the correct registration scope (5.99925ms)
✔ tool result validation: legacy tools retain optional validation and rejected or malformed proofs fail closed (13.075167ms)
✔ Web HTTP → stored workflow → restart is readonly (sqlite) (882.925708ms)
✔ Web HTTP → stored workflow → restart is readonly (file-journal) (6062.715958ms)
✔ web session is one-time, per-instance, HttpOnly; reload and static reads never execute (35.344875ms)
✔ web Host, Origin, Fetch Metadata, CSRF and strict JSON reject before controller entry (12.704709ms)
✔ web exact assets, methods and cursor options do not expose files or internal errors (13.639209ms)
✔ web session expiry during body blocks mutation entry, logout blocks late view payload (25.033167ms)
✔ web bootstrap expires and authenticated request rate has a finite window (330.44675ms)
✔ web SSE emits projection changes at same revision, reconnect is readonly, denial closes (3036.951292ms)
✔ web SSE session revocation, stream cap and lifetime release resources (37.613334ms)
✔ closed SSE keeps physical read slots until completion; reconnect cannot create unbounded reads (370.147625ms)
✔ web pending run permits independent cancel and disconnect does not call cancel (16.37975ms)
✔ browser view: same-revision source invalidation replaces a result without sorting opaque cursors (0.642042ms)
✔ browser view: unavailable invalidates pending details and unchanged cannot resurrect revoked content (0.197542ms)
✔ browser view: an accepted conversation refresh invalidates an older in-flight detail response (0.173ms)
✔ browser view: work identity, level, revision and goal version cannot be mixed or reversed (0.099667ms)
✔ browser view: repeated message identities update in place while new goal versions have distinct identities (0.109416ms)
✔ browser view: snapshots clone data and invalidate other levels without mutating the previous view (0.093542ms)
✔ browser view: state and cursors remain isolated across two selected works (0.070458ms)
✔ browser view: history readers are not treated as pinned to the end of a scroll region (0.041042ms)
✔ browser reads: serialization starts the next request only after the prior read completes (0.14725ms)
✔ browser reads: unavailability discards already-queued old reads and a new selection has its own queue epoch (0.116125ms)
✔ browser reads: a failed read does not permanently block later explicit reads (0.208125ms)
✔ browser stream: unchanged events make no reads and a burst of changes has at most one follow-up read (0.104541ms)
✔ browser stream: an invalidated stream cannot start its queued follow-up refresh (0.378333ms)
✔ browser stream: delayed change notifications only read the current same-revision source state (0.071875ms)
✔ browser acceptance: a lost response keeps the same receipt identity for an explicit retry (0.077833ms)
✔ browser acceptance: the same receipt after a lost response produces one work in a receipt-based fake receiver (0.038083ms)
✔ browser status: stored completion is distinct from a currently invalidated result (0.025583ms)
✔ browser goal editing: changing only the description preserves the current fast mode over the original goal mode (0.093ms)
✔ browser goal editing: a pending requested mode is preserved and its control revision is pinned (0.032458ms)
✔ browser goal editing: a control, goal or work change rejects submission without changing the input draft (0.095458ms)
✔ browser goal editing: an explicit refreshed basis retains user edits and adopts the latest requested mode (0.051916ms)
✔ progress runtime sqlite: renamed tasks share failure history and backoff survives workflow runs and reopening (381.238875ms)
✔ progress runtime sqlite: replanning cannot extend the first semantic request retry deadline (327.276334ms)
✔ progress runtime sqlite: successful empty results still stall and mode, compact, resume and reopening cannot erase that state (449.728417ms)
✔ progress runtime sqlite: a stored tool result settles atomically before allocation gates and verified completion still wins (188.928209ms)
✔ progress runtime sqlite: a stored model reply settles after reopening even when new allocations are blocked (203.644916ms)
✔ progress runtime sqlite: repeated invalid model proposals preserve one failure key and persist model backoff (569.344791ms)
✔ progress runtime sqlite: a new goal starts a new streak while preserving usage, processed history and failure deadlines (137.081917ms)
✔ progress runtime sqlite: an unknown synthetic write remains an obligation ahead of a no-progress allocation stop (215.680084ms)
✔ progress runtime file-journal: renamed tasks share failure history and backoff survives workflow runs and reopening (3528.836375ms)
✔ progress runtime file-journal: replanning cannot extend the first semantic request retry deadline (2186.371042ms)
✔ progress runtime file-journal: successful empty results still stall and mode, compact, resume and reopening cannot erase that state (2591.673709ms)
✔ progress runtime file-journal: a stored tool result settles atomically before allocation gates and verified completion still wins (1193.912167ms)
✔ progress runtime file-journal: a stored model reply settles after reopening even when new allocations are blocked (1087.255583ms)
✔ progress runtime file-journal: repeated invalid model proposals preserve one failure key and persist model backoff (3615.150167ms)
✔ progress runtime file-journal: a new goal starts a new streak while preserving usage, processed history and failure deadlines (820.499625ms)
✔ progress runtime file-journal: an unknown synthetic write remains an obligation ahead of a no-progress allocation stop (1268.991ms)
✔ progress: a unique committed operation contributes once and returned state has no mutable aliases (0.772792ms)
✔ progress: permutations, repeated known keys and new operation IDs cannot fabricate productive steps (1.276917ms)
✔ progress: explicit goal epochs reset only the current streak and preserve deduplication and the original retry window (0.263542ms)
✔ progress: processed capacity saturates without evicting prior records or resetting on a new goal (0.135167ms)
✔ progress: knownKeys capacity saturates without evicting prior records or resetting on a new goal (0.091542ms)
✔ progress: repeated failures retain their first deadline and use the current backoff without extending the retry window (0.405041ms)
✔ progress: retry gate respects the work deadline and specific repeated-failure limits (0.167209ms)
✔ progress: policies remain pinned and invalid counters, times, keys or schema fields fail closed (0.50075ms)
✔ capture: a new negative observation is productive while aliases, timestamps and duplicate originals are not (3.627875ms)
✔ capture: changed facts, coverage and an authenticated original version can each carry new information (0.428667ms)
✔ capture: derived copies do not add progress or independent completion credit (0.250708ms)
✔ capture: tenant evidence cannot earn progress (0.1305ms)
✔ capture: scope evidence cannot earn progress (0.108834ms)
✔ capture: labels evidence cannot earn progress (0.103792ms)
✔ capture: retracted evidence cannot earn progress (0.100625ms)
✔ capture: deleted evidence cannot earn progress (0.093ms)
✔ capture: blocked-artifact evidence cannot earn progress (0.123ms)
✔ capture: a hypothesis assessment is credited once per semantic evidence basis, not per hypothesis text or evidence ID (0.633042ms)
✔ capture: no evidence or a stale hypothesis assessment earns a fresh reasoning credit (0.154625ms)
✔ capture: only satisfied obligations contribute and identity or explanation rewrites cannot repeat the credit (0.139583ms)
✔ capture: plan, task, revision, mode, usage and replay changes cannot reset a stalled work (0.141209ms)
✔ capture: trusted explicit item progress and returned state copies follow the same deduplication contract (0.079625ms)
✔ progress sqlite: reopen and duplicate commit preserve settlement counts and the first retry deadline (66.903042ms)
✔ progress file-journal: reopen and duplicate commit preserve settlement counts and the first retry deadline (156.312792ms)
✔ sqlite: page options cannot replace the trusted actor or conversation route (251.425333ms)
✔ sqlite: diagnostics uses metadata through the current revision and never requests full event payloads (316.371959ms)
✔ sqlite: a denied-only list page stops after one candidate page and continues after a detached anchor (1428.766834ms)
✔ sqlite: list cursor handles expire, stay instance scoped, and are evicted without resolving all IDs (165.203125ms)
✔ file-journal: page options cannot replace the trusted actor or conversation route (391.996125ms)
✔ file-journal: diagnostics uses metadata through the current revision and never requests full event payloads (921.836084ms)
✔ file-journal: a denied-only list page stops after one candidate page and continues after a detached anchor (18428.718375ms)
✔ file-journal: list cursor handles expire, stay instance scoped, and are evicted without resolving all IDs (159.932208ms)
✔ sqlite: public CLI cursor survives process reconnect without executing or changing the work (2028.798083ms)
✔ sqlite: public CLI binds reconnect to the registered conversation and keeps the primary reply route (2199.684708ms)
✔ sqlite: delivered results disappear from the current CLI view after a goal change and explicit cancel (1981.753875ms)
✔ file-journal: public CLI cursor survives process reconnect without executing or changing the work (2639.252792ms)
✔ file-journal: public CLI binds reconnect to the registered conversation and keeps the primary reply route (3065.6545ms)
✔ file-journal: delivered results disappear from the current CLI view after a goal change and explicit cancel (5028.1345ms)
✔ public CLI rejects ambiguous view flags without printing a success response (568.588583ms)
✔ human work view labels prepared outputs and never turns unknown delivery into delivered or read (0.599291ms)
✔ human work view keeps stored completion separate from a currently invalid result (0.080167ms)
✔ human work view strips terminal controls and gives a bounded status reason without replaying diagnostics (0.0995ms)
✔ human work view makes observing another reply route explicit and keeps unchanged output quiet (0.363542ms)
✔ sqlite: empty accepted work reads and reopens without executing, writing, or sending (66.634916ms)
✔ sqlite: ownership, exact route, current read restriction, and diagnostics are distinct checks (84.409208ms)
✔ sqlite: legacy read labels also protect retained text (65.11925ms)
✔ sqlite: cursors bind level, route, actor rights, and work without moving the primary reply (75.911792ms)
✔ sqlite: verified prepared results remain distinct from pending and unknown delivery (206.018167ms)
✔ sqlite: missing source and corrupt response withhold a same-revision result before cursor matching (58.71775ms)
✔ sqlite: originals, goals, cancellation, and hypothesis review invalidate historical replies (104.115916ms)
✔ sqlite: only the current pending question is displayed and resolved questions disappear (88.076625ms)
✔ sqlite: losing a separate hypothesis basis withholds the result consistently at every view level (86.684792ms)
✔ sqlite: a derived evidence card requires every original ancestor to remain available (74.313083ms)
✔ sqlite: knowledge changes reject current and repeated reads without refreshing state (55.845458ms)
✔ sqlite: revocation during artifact reads or final state checks prevents unchanged and snapshots (90.939ms)
✔ sqlite: a disappearing original during projection is revalidated before returning a cached cursor (66.191208ms)
✔ sqlite: detail and diagnostic cards are bounded and omit raw inputs, outputs, event payloads, and controls (89.709708ms)
✔ file-journal: empty accepted work reads and reopens without executing, writing, or sending (315.021208ms)
✔ file-journal: ownership, exact route, current read restriction, and diagnostics are distinct checks (426.762334ms)
✔ file-journal: legacy read labels also protect retained text (168.99ms)
✔ file-journal: cursors bind level, route, actor rights, and work without moving the primary reply (515.957417ms)
✔ file-journal: verified prepared results remain distinct from pending and unknown delivery (1508.366208ms)
✔ file-journal: missing source and corrupt response withhold a same-revision result before cursor matching (427.586875ms)
✔ file-journal: originals, goals, cancellation, and hypothesis review invalidate historical replies (582.888834ms)
✔ file-journal: only the current pending question is displayed and resolved questions disappear (386.933458ms)
✔ file-journal: losing a separate hypothesis basis withholds the result consistently at every view level (542.844708ms)
✔ file-journal: a derived evidence card requires every original ancestor to remain available (400.365708ms)
✔ file-journal: knowledge changes reject current and repeated reads without refreshing state (286.955333ms)
✔ file-journal: revocation during artifact reads or final state checks prevents unchanged and snapshots (508.241375ms)
✔ file-journal: a disappearing original during projection is revalidated before returning a cached cursor (345.437041ms)
✔ file-journal: detail and diagnostic cards are bounded and omit raw inputs, outputs, event payloads, and controls (342.9625ms)
✔ sqlite/documents-simple: SIGKILL at before-execution resumes from reopened stores with 1 source call(s) and one result send (889.472709ms)
✔ sqlite/documents-simple: SIGKILL at response-before-store resumes from reopened stores with 2 source call(s) and one result send (904.716334ms)
✔ sqlite/documents-simple: SIGKILL at response-stored resumes from reopened stores with 1 source call(s) and one result send (827.235333ms)
✔ sqlite/documents-simple: SIGKILL at receiver-committed resumes from reopened stores with 1 source call(s) and one result send (872.799042ms)
✔ sqlite/observations-simple: SIGKILL at before-execution resumes from reopened stores with 1 source call(s) and one result send (873.771167ms)
✔ sqlite/observations-simple: SIGKILL at response-before-store resumes from reopened stores with 2 source call(s) and one result send (977.257291ms)
✔ sqlite/observations-simple: SIGKILL at response-stored resumes from reopened stores with 1 source call(s) and one result send (987.916125ms)
✔ sqlite/observations-simple: SIGKILL at receiver-committed resumes from reopened stores with 1 source call(s) and one result send (960.494292ms)
✔ sqlite: SIGKILL after a synthetic write effect but before response storage preserves unknown and never repeats the write or claims completion (802.12025ms)
✔ file-journal/documents-simple: SIGKILL at before-execution resumes from reopened stores with 1 source call(s) and one result send (3504.205084ms)
✔ file-journal/documents-simple: SIGKILL at response-before-store resumes from reopened stores with 2 source call(s) and one result send (1750.551083ms)
✔ file-journal/documents-simple: SIGKILL at response-stored resumes from reopened stores with 1 source call(s) and one result send (1290.169375ms)
✔ file-journal/documents-simple: SIGKILL at receiver-committed resumes from reopened stores with 1 source call(s) and one result send (1408.457625ms)
✔ file-journal/observations-simple: SIGKILL at before-execution resumes from reopened stores with 1 source call(s) and one result send (1217.513333ms)
✔ file-journal/observations-simple: SIGKILL at response-before-store resumes from reopened stores with 2 source call(s) and one result send (918.003042ms)
✔ file-journal/observations-simple: SIGKILL at response-stored resumes from reopened stores with 1 source call(s) and one result send (804.975625ms)
✔ file-journal/observations-simple: SIGKILL at receiver-committed resumes from reopened stores with 1 source call(s) and one result send (892.992708ms)
✔ file-journal: SIGKILL after a synthetic write effect but before response storage preserves unknown and never repeats the write or claims completion (906.32775ms)
✔ documents-simple: restarted workflow adopts a stored model response and reaches delivered completion without another planner call (58.949791ms)
✔ observations-simple: restarted workflow adopts a stored model response and reaches delivered completion without another planner call (22.206917ms)
✔ an unknown result delivery causes bounded waiting and only one receipt lookup on the next explicit run (16.938708ms)
✔ a workflow without a planner returns a planning requirement and does not create an inferred plan (4.859083ms)
✔ workflow entry requires the full persisted execution policy rather than a narrower read-only view (4.046042ms)
✔ user cancellation between workflow steps preserves terminal state and cancels an unsent model reservation (7.087166ms)
✔ scoped actors cannot enter execution even when their current limits equal the work policy (3.474833ms)
✔ final checkpoint cannot report old completion when a goal change arrives during checkpoint storage (15.825416ms)
✔ workspace: missing or denying memory validators block file operations before workspace I/O (198.924ms)
✔ workspace: stage rechecks memory custody after its asynchronous I/O (179.346416ms)
✔ workspace: read rechecks memory custody after its asynchronous I/O (167.090792ms)
✔ workspace: checkpoint rechecks memory custody after its asynchronous I/O (198.969917ms)
✔ workspace: restore rechecks memory custody after its asynchronous I/O (166.684666ms)
✔ workspace: cleanup rechecks memory custody after its asynchronous I/O (250.13025ms)
✔ workspace: sqlite checkpoint and byte-for-byte restore survive new state, artifact and workspace instances (395.087083ms)
✔ workspace: file-journal checkpoint and byte-for-byte restore survive new state, artifact and workspace instances (838.818709ms)
✔ workspace: identical paths are isolated by both work and attempt and ownership is checked before file access (240.96025ms)
✔ workspace: traversal, absolute, ambiguous and platform-specific paths cannot be staged (30.148459ms)
✔ workspace: repeated identical staging is idempotent and different content cannot overwrite it (109.900583ms)
✔ workspace: caller mutations after starting stage cannot change the bytes being staged (96.98875ms)
✔ workspace: two processes cannot overwrite the same staged path with different bytes (132.698083ms)
✔ workspace: artifact saved during a state change remains uncommitted and cannot replace the authoritative revision (129.663ms)
✔ workspace: narrower actor grants never replace the stored work policy during checkpoint commit (133.511042ms)
✔ workspace: policy change during file read prevents returning previously read bytes (108.543542ms)
✔ workspace: generation change during file read prevents returning previously read bytes (103.120208ms)
✔ workspace: policy change during staging prevents a successful stale response and preserves the local file (105.891209ms)
✔ workspace: generation change during staging prevents a successful stale response and preserves the local file (50.934667ms)
✔ workspace: generation changes block even source-free checkpoints and preserve their staged files (122.6ms)
✔ workspace: restricted is checked when restoring a checkpoint even without a generation change (222.495333ms)
✔ workspace: deleted is checked when restoring a checkpoint even without a generation change (184.703708ms)
✔ workspace: labels is checked when restoring a checkpoint even without a generation change (163.929583ms)
✔ workspace: artifact is checked when restoring a checkpoint even without a generation change (144.228875ms)
✔ workspace: lifecycle changes during artifact restore prevent files from being staged (152.961208ms)
✔ workspace: cleanup preserves files while active (121.619667ms)
✔ workspace: cleanup preserves files while unknown (275.112792ms)
✔ workspace: cleanup preserves files while obligation (114.7005ms)
✔ workspace: cleanup preserves files while uncheckpointed (70.34775ms)
✔ workspace: a file staged after cleanup inspection causes manifest conflict and remains preserved (133.04475ms)
✔ workspace: missing checkpoint content prevents cleanup of the surviving staged file (134.867167ms)
✔ workspace: a remaining lock is never stolen by staging or cleanup (98.693334ms)
✔ workspace: symlink files and replaced roots are rejected instead of reading or overwriting them (107.525667ms)
✔ workspace: content corruption and configured byte or file capacity limits fail without silent truncation (215.901791ms)
ℹ tests 2416
ℹ suites 0
ℹ pass 2416
ℹ fail 0
ℹ cancelled 0
ℹ skipped 0
ℹ todo 0
ℹ duration_ms 385168.136875

> long-horizon-runtime@0.1.0 typecheck:core
> tsc -p tsconfig.core.json


> long-horizon-runtime@0.1.0 check:architecture
> node scripts/check-architecture.mjs

{"inspected":123,"failures":[]}

> long-horizon-runtime@0.1.0 fixtures
> node dist/presentation/fixtures.js

{
  "createdAt": "2026-09-06T10:13:12.838Z",
  "node": "v24.20.0",
  "evaluation": "deterministic_contract_baseline",
  "passed": true,
  "scenarios": 4,
  "checkpoints": 22,
  "elapsedMs": 11.148459000000003,
  "actualModelCalls": 0,
  "actualToolCalls": 0,
  "actualTokenUsage": null,
  "results": [
    {
      "id": "documents-complex",
      "checks": 9,
      "passed": true
    },
    {
      "id": "documents-simple",
      "checks": 3,
      "passed": true
    },
    {
      "id": "observations-complex",
      "checks": 7,
      "passed": true
    },
    {
      "id": "observations-simple",
      "checks": 3,
      "passed": true
    }
  ]
}
