
> long-horizon-runtime@0.1.0 verify
> npm test && npm run typecheck:core && npm run check:architecture && npm run fixtures


> long-horizon-runtime@0.1.0 test
> npm run build && node --test dist/tests/*.test.js


> long-horizon-runtime@0.1.0 build
> tsc -p tsconfig.json && node scripts/record-build.mjs

✔ artifact I/O: metrics snapshots are independent and reset does not modify stored artifacts (55.434292ms)
✔ artifact I/O: first put counts its missing existence probe, exact UTF-8 hashes, and two atomic file writes (21.963917ms)
✔ artifact I/O: duplicate put verifies the existing body and performs no file writes (26.022708ms)
✔ artifact I/O: put repairs a corrupt existing object after counting the failed verification (94.406875ms)
✔ artifact I/O: get and exists each perform independent metadata, body, and integrity work under concurrent reads (64.39ms)
✔ artifact I/O: tenant and label denials count API calls without opening or hashing files (32.739667ms)
✔ artifact I/O: missing json counts failed opens without claiming unread body bytes (41.386625ms)
✔ artifact I/O: missing blob counts failed opens without claiming unread body bytes (59.557833ms)
✔ artifact I/O: invalid metadata is a verification failure after a successful metadata read (62.099083ms)
✔ artifact I/O: a metadata reference mismatch stops before body read or hashing (44.259208ms)
✔ artifact I/O: same-size tampering hashes the read body (57.670375ms)
✔ artifact I/O: length mismatch preserves the existing hash short circuit (40.456875ms)
✔ artifact I/O: a body symlink remains unreadable and contributes no target bytes (61.533625ms)
✔ content, metadata and permissions survive artifact store restart (56.762375ms)
✔ same bytes under different tenant/labels never share an accessible reference (106.208167ms)
✔ corrupt bytes, missing originals, path traversal and symlink substitution are rejected (85.650667ms)
✔ artifact stored before failed state commit is reused after reopening, without dangling references (103.815792ms)
✔ execution intent and unadopted result persist independently of evidence acceptance (155.328083ms)
✔ sqlite/documents: runtime board read retains custody through history, compact and reopen (1058.8565ms)
✔ sqlite/observations: runtime board read retains custody through history, compact and reopen (1102.514292ms)
✔ sqlite: mutual work references terminate and a revoked member invalidates the whole closure (711.658ms)
✔ sqlite: private memory custody crosses a shared post without exposing the memory body (684.958167ms)
✔ sqlite: page content and consumer identity cannot be substituted in a result (622.022292ms)
✔ sqlite: memory and authenticated collection inputs share the board closure without recursive full validation (1752.695792ms)
✔ sqlite: cancellation ends a board-tool wait before an unavailable repository responds (377.197083ms)
✔ sqlite: a later goal retains original input custody until copied data is quarantined (663.746542ms)
✔ sqlite: changed post blocks retained board context and quarantines copied state (406.995ms)
✔ sqlite: changed source blocks retained board context and quarantines copied state (526.818583ms)
✔ sqlite: changed raw blocks retained board context and quarantines copied state (673.122667ms)
✔ sqlite: changed receipt blocks retained board context and quarantines copied state (690.71375ms)
✔ sqlite: changed role blocks retained board context and quarantines copied state (604.034291ms)
✔ sqlite: changed authority blocks retained board context and quarantines copied state (636.081833ms)
✔ sqlite: changed labels blocks retained board context and quarantines copied state (578.172667ms)
✔ sqlite: changed generation blocks retained board context and quarantines copied state (549.769375ms)
✔ sqlite: changed validator blocks retained board context and quarantines copied state (579.844167ms)
✔ file-journal/documents: runtime board read retains custody through history, compact and reopen (13961.695458ms)
✔ file-journal/observations: runtime board read retains custody through history, compact and reopen (10255.159541ms)
✔ file-journal: mutual work references terminate and a revoked member invalidates the whole closure (6240.025041ms)
✔ file-journal: private memory custody crosses a shared post without exposing the memory body (7046.732458ms)
✔ file-journal: page content and consumer identity cannot be substituted in a result (3146.02675ms)
✔ file-journal: memory and authenticated collection inputs share the board closure without recursive full validation (18715.166583ms)
✔ file-journal: cancellation ends a board-tool wait before an unavailable repository responds (341.588208ms)
✔ file-journal: a later goal retains original input custody until copied data is quarantined (2132.240042ms)
✔ file-journal: changed post blocks retained board context and quarantines copied state (2561.7575ms)
✔ file-journal: changed source blocks retained board context and quarantines copied state (1914.779ms)
✔ file-journal: changed raw blocks retained board context and quarantines copied state (2045.991791ms)
✔ file-journal: changed receipt blocks retained board context and quarantines copied state (1780.722584ms)
✔ file-journal: changed role blocks retained board context and quarantines copied state (1770.827708ms)
✔ file-journal: changed authority blocks retained board context and quarantines copied state (2478.378708ms)
✔ file-journal: changed labels blocks retained board context and quarantines copied state (1992.170041ms)
✔ file-journal: changed generation blocks retained board context and quarantines copied state (1600.767458ms)
✔ file-journal: changed validator blocks retained board context and quarantines copied state (1780.013167ms)
✔ sqlite/documents: bounded discussion pages resume after reopening with no new evidence (212.323459ms)
✔ sqlite/observations: bounded discussion pages resume after reopening with no new evidence (286.971459ms)
✔ sqlite: uncited hypotheses persist as unverified and never supply independent facts or request answers (138.182ms)
✔ sqlite: quoted coverage remains partial or unknown instead of becoming complete (327.411042ms)
✔ sqlite: UTF-8 output limits retain complete posts and require a larger page for an oversized item (309.904375ms)
✔ sqlite: pages exclude other entity details and reject stale, foreign, and unavailable cursor positions (227.219208ms)
✔ sqlite: page authority includes the consuming work and rejects invalid limits before reading (187.346583ms)
✔ sqlite: a bounded first page reuses source reads and stops before unrelated later sources (335.484542ms)
✔ sqlite: a consuming work change during a page read prevents returning the stale page (140.185792ms)
✔ sqlite: removing citations does not bypass the author's retained memory dependencies (246.159667ms)
✔ file-journal/documents: bounded discussion pages resume after reopening with no new evidence (775.535166ms)
✔ file-journal/observations: bounded discussion pages resume after reopening with no new evidence (723.341584ms)
✔ file-journal: uncited hypotheses persist as unverified and never supply independent facts or request answers (708.603291ms)
✔ file-journal: quoted coverage remains partial or unknown instead of becoming complete (875.464458ms)
✔ file-journal: UTF-8 output limits retain complete posts and require a larger page for an oversized item (614.599334ms)
✔ file-journal: pages exclude other entity details and reject stale, foreign, and unavailable cursor positions (876.270083ms)
✔ file-journal: page authority includes the consuming work and rejects invalid limits before reading (430.465666ms)
✔ file-journal: a bounded first page reuses source reads and stops before unrelated later sources (905.685042ms)
✔ file-journal: a consuming work change during a page read prevents returning the stale page (517.754125ms)
✔ file-journal: removing citations does not bypass the author's retained memory dependencies (1057.081208ms)
✔ sqlite/documents: two persistent roles share citations without publishing private memory or inflating sources (347.240417ms)
✔ sqlite/observations: two persistent roles share citations without publishing private memory or inflating sources (498.663166ms)
✔ sqlite: direct source sharing requires source ownership; quotes require a currently visible post (335.84175ms)
✔ sqlite: retract-post removes the claim and its quoted descendants from current views (318.195958ms)
✔ sqlite: restrict-source removes the claim and its quoted descendants from current views (294.200167ms)
✔ sqlite: change-goal removes the claim and its quoted descendants from current views (324.9775ms)
✔ sqlite: delete-original removes the claim and its quoted descendants from current views (258.8125ms)
✔ sqlite: expire removes the claim and its quoted descendants from current views (305.657084ms)
✔ sqlite: an entity with the same key in a different time scope stays separate (205.321417ms)
✔ sqlite: publishing a question does not assign it; acceptance, response and requester confirmation remain distinct (459.230083ms)
✔ sqlite: repeated replies and explicit cyclic waits are bounded; deadlines do not reset on reopen (586.794875ms)
✔ sqlite: exact command retry survives a lost reply; reused IDs with changed content and concurrent edits fail (326.843209ms)
✔ sqlite: authority changing during a source read cannot publish or return the delayed content (279.12175ms)
✔ sqlite: a derived claim retains ancestry without becoming another independent fact source (286.752333ms)
✔ sqlite: repeated quotes share one source read within a view and a later view revalidates it (327.225125ms)
✔ sqlite: unlabelled prose inherits the author's work labels and current exchange policy (314.758708ms)
✔ sqlite: a fulfilled dependency remains attached and its later retraction invalidates dependent confirmation (380.930542ms)
✔ sqlite: reply depth, total posts, total requests and repeated causes have separate limits (358.772833ms)
✔ sqlite: an advancing clock permits ordinary writes and blocks a post expiring during the final boundary check (295.051583ms)
✔ sqlite: a paused assignee cannot have its submitted answer confirmed (278.101291ms)
✔ sqlite: an actual worker SIGKILL after durable publication preserves one post and one command receipt (366.800542ms)
✔ file-journal/documents: two persistent roles share citations without publishing private memory or inflating sources (965.299542ms)
✔ file-journal/observations: two persistent roles share citations without publishing private memory or inflating sources (994.753083ms)
✔ file-journal: direct source sharing requires source ownership; quotes require a currently visible post (454.784583ms)
✔ file-journal: retract-post removes the claim and its quoted descendants from current views (496.092416ms)
✔ file-journal: restrict-source removes the claim and its quoted descendants from current views (598.980459ms)
✔ file-journal: change-goal removes the claim and its quoted descendants from current views (573.008041ms)
✔ file-journal: delete-original removes the claim and its quoted descendants from current views (433.485375ms)
✔ file-journal: expire removes the claim and its quoted descendants from current views (424.869166ms)
✔ file-journal: an entity with the same key in a different time scope stays separate (267.183625ms)
✔ file-journal: publishing a question does not assign it; acceptance, response and requester confirmation remain distinct (742.059292ms)
✔ file-journal: repeated replies and explicit cyclic waits are bounded; deadlines do not reset on reopen (849.237875ms)
✔ file-journal: exact command retry survives a lost reply; reused IDs with changed content and concurrent edits fail (276.532541ms)
✔ file-journal: authority changing during a source read cannot publish or return the delayed content (317.037459ms)
✔ file-journal: a derived claim retains ancestry without becoming another independent fact source (338.599458ms)
✔ file-journal: repeated quotes share one source read within a view and a later view revalidates it (426.376542ms)
✔ file-journal: unlabelled prose inherits the author's work labels and current exchange policy (307.988125ms)
✔ file-journal: a fulfilled dependency remains attached and its later retraction invalidates dependent confirmation (921.958833ms)
✔ file-journal: reply depth, total posts, total requests and repeated causes have separate limits (381.975084ms)
✔ file-journal: an advancing clock permits ordinary writes and blocks a post expiring during the final boundary check (362.875709ms)
✔ file-journal: a paused assignee cannot have its submitted answer confirmed (553.672375ms)
✔ file-journal: an actual worker SIGKILL after durable publication preserves one post and one command receipt (387.097ms)
✔ file board journal detects missing revisions and changed content instead of returning a partial history (280.034166ms)
✔ budget crash sqlite: SIGKILL after durable child-genesis resumes one grant without Tool or Planner entry (583.981042ms)
✔ budget crash sqlite: SIGKILL after durable parent-grant resumes one grant without Tool or Planner entry (558.232167ms)
✔ budget crash sqlite: SIGKILL after durable child-activation resumes one grant without Tool or Planner entry (558.431ms)
✔ budget crash sqlite: SIGKILL after parent-draining retains consumed usage and cancels unsent tool once (1139.253416ms)
✔ budget crash sqlite: SIGKILL after child-fence retains consumed usage and cancels unsent tool once (979.91225ms)
✔ budget crash sqlite: SIGKILL after parent-settlement retains consumed usage and cancels unsent tool once (1160.252792ms)
✔ budget crash sqlite: SIGKILL after parent-draining retains consumed usage and cancels unsent model once (1254.021875ms)
✔ budget crash sqlite: SIGKILL after child-fence retains consumed usage and cancels unsent model once (1263.544375ms)
✔ budget crash sqlite: SIGKILL after parent-settlement retains consumed usage and cancels unsent model once (1234.5815ms)
✔ budget crash file-journal: SIGKILL after durable child-genesis resumes one grant without Tool or Planner entry (1386.815667ms)
✔ budget crash file-journal: SIGKILL after durable parent-grant resumes one grant without Tool or Planner entry (1731.017833ms)
✔ budget crash file-journal: SIGKILL after durable child-activation resumes one grant without Tool or Planner entry (1244.461625ms)
✔ budget crash file-journal: SIGKILL after parent-draining retains consumed usage and cancels unsent tool once (6392.341917ms)
✔ budget crash file-journal: SIGKILL after child-fence retains consumed usage and cancels unsent tool once (5347.439542ms)
✔ budget crash file-journal: SIGKILL after parent-settlement retains consumed usage and cancels unsent tool once (4394.145792ms)
✔ budget crash file-journal: SIGKILL after parent-draining retains consumed usage and cancels unsent model once (4477.905916ms)
✔ budget crash file-journal: SIGKILL after child-fence retains consumed usage and cancels unsent model once (3610.996333ms)
✔ budget crash file-journal: SIGKILL after parent-settlement retains consumed usage and cancels unsent model once (3833.101292ms)
✔ budget runtime sqlite: child execution settles once across duplicate creation, reconciliation and reopen without copying evidence (247.178208ms)
✔ budget runtime sqlite: parent remaining calls execute while escrow prevents parent and sibling over-allocation (298.531583ms)
✔ budget runtime sqlite: concurrent sibling grants cannot oversubscribe one parent's remaining budget (75.415875ms)
✔ budget runtime sqlite: a child's last logical tool call is consumed by an actual dispatch and cannot be minted by a new task ID (272.024792ms)
✔ budget runtime sqlite: actual model dispatch and reported tokens remain charged when its plan is rejected (400.887458ms)
✔ budget runtime sqlite: a child token cap below the estimated reservation prevents durable model allocation and transport (181.374959ms)
✔ budget runtime sqlite: revoking an unsent tool reservation fences the child and returns only unused escrow (124.622042ms)
✔ budget runtime sqlite: revoking an unsent model reservation fences the child and returns only unused escrow (255.735333ms)
✔ budget runtime sqlite: revoke retains an active model's unknown usage, then late accounting settles once without adopting its plan (352.284916ms)
✔ budget runtime sqlite: unknown write effects keep the grant outstanding after revoke and restart (298.650959ms)
✔ budget runtime sqlite: reported model overage is charged to the parent without clamping and prevents further funding (438.917667ms)
✔ budget runtime sqlite: reducing limits preserves committed charges and child deadlines while blocking new grants (292.234333ms)
✔ budget runtime sqlite: pending genesis cannot execute before funding (268.792833ms)
✔ budget runtime sqlite: pending genesis cannot execute before funding and parent cancellation wins activation (49.636625ms)
✔ budget runtime sqlite: child funding rejects broader authority, altered duplicate commands and work ID reattachment (32.584ms)
✔ budget runtime sqlite: grant commit ACK loss resumes the same grant and child without another allocation (119.3705ms)
✔ budget runtime sqlite: activation commit ACK loss resumes the same grant and child without another allocation (122.307292ms)
✔ budget runtime sqlite: revocation during child activation installs a fence that the stale activation cannot overwrite (122.491833ms)
✔ budget runtime sqlite: revoke after tool dispatch and before entry prevents transport while keeping the logical dispatch charge (408.671708ms)
✔ budget runtime sqlite: revoke after model dispatch and before entry prevents transport while keeping the logical dispatch charge (465.437583ms)
✔ budget runtime sqlite: actual replan adoption spends the child's delegated replan allowance once (384.987459ms)
✔ budget runtime sqlite: nested child execution reconciles through both grants without double charging or copying originals (546.550625ms)
✔ budget runtime sqlite: an unfunded pending child cannot turn resume or a new goal into execution authority (191.287792ms)
✔ budget runtime sqlite: a parent goal change fences a child's previously reserved tool before entry (313.671375ms)
✔ budget runtime sqlite: a parent policy change fences a child's previously reserved tool before entry (194.068458ms)
✔ budget runtime sqlite: a parent deadline change fences a child's previously reserved tool before entry (262.340958ms)
✔ budget runtime sqlite: a partially reported model response retains known tokens and unknown reservation after revoke and reopen (385.521333ms)
✔ budget runtime sqlite: sibling overage received during a tool dispatch ACK delay prevents its actual entry despite stale parent accounting (464.339ms)
✔ budget runtime sqlite: sibling overage received during a model dispatch ACK delay prevents its actual entry despite stale parent accounting (643.361167ms)
✔ budget runtime file-journal: child execution settles once across duplicate creation, reconciliation and reopen without copying evidence (3220.912042ms)
✔ budget runtime file-journal: parent remaining calls execute while escrow prevents parent and sibling over-allocation (2766.256083ms)
✔ budget runtime file-journal: concurrent sibling grants cannot oversubscribe one parent's remaining budget (802.894833ms)
✔ budget runtime file-journal: a child's last logical tool call is consumed by an actual dispatch and cannot be minted by a new task ID (3499.991125ms)
✔ budget runtime file-journal: actual model dispatch and reported tokens remain charged when its plan is rejected (2359.83125ms)
✔ budget runtime file-journal: a child token cap below the estimated reservation prevents durable model allocation and transport (946.650583ms)
✔ budget runtime file-journal: revoking an unsent tool reservation fences the child and returns only unused escrow (1489.394541ms)
✔ budget runtime file-journal: revoking an unsent model reservation fences the child and returns only unused escrow (1155.948542ms)
✔ budget runtime file-journal: revoke retains an active model's unknown usage, then late accounting settles once without adopting its plan (1737.140833ms)
✔ budget runtime file-journal: unknown write effects keep the grant outstanding after revoke and restart (2072.725625ms)
✔ budget runtime file-journal: reported model overage is charged to the parent without clamping and prevents further funding (1500.835083ms)
✔ budget runtime file-journal: reducing limits preserves committed charges and child deadlines while blocking new grants (1903.050458ms)
✔ budget runtime file-journal: pending genesis cannot execute before funding (1647.275209ms)
✔ budget runtime file-journal: pending genesis cannot execute before funding and parent cancellation wins activation (202.56625ms)
✔ budget runtime file-journal: child funding rejects broader authority, altered duplicate commands and work ID reattachment (266.839792ms)
✔ budget runtime file-journal: grant commit ACK loss resumes the same grant and child without another allocation (367.934541ms)
✔ budget runtime file-journal: activation commit ACK loss resumes the same grant and child without another allocation (293.965167ms)
✔ budget runtime file-journal: revocation during child activation installs a fence that the stale activation cannot overwrite (545.151084ms)
✔ budget runtime file-journal: revoke after tool dispatch and before entry prevents transport while keeping the logical dispatch charge (924.877292ms)
✔ budget runtime file-journal: revoke after model dispatch and before entry prevents transport while keeping the logical dispatch charge (1283.725042ms)
✔ budget runtime file-journal: actual replan adoption spends the child's delegated replan allowance once (2679.314375ms)
✔ budget runtime file-journal: nested child execution reconciles through both grants without double charging or copying originals (2738.884666ms)
✔ budget runtime file-journal: an unfunded pending child cannot turn resume or a new goal into execution authority (560.461708ms)
✔ budget runtime file-journal: a parent goal change fences a child's previously reserved tool before entry (1228.188209ms)
✔ budget runtime file-journal: a parent policy change fences a child's previously reserved tool before entry (1818.272875ms)
✔ budget runtime file-journal: a parent deadline change fences a child's previously reserved tool before entry (1975.64325ms)
✔ budget runtime file-journal: a partially reported model response retains known tokens and unknown reservation after revoke and reopen (2488.992417ms)
✔ budget runtime file-journal: sibling overage received during a tool dispatch ACK delay prevents its actual entry despite stale parent accounting (3663.075958ms)
✔ budget runtime file-journal: sibling overage received during a model dispatch ACK delay prevents its actual entry despite stale parent accounting (3137.65ms)
✔ budget exposure: own usage and reservations add each dimension without charging elapsed time or unknown counts as tokens (1.753667ms)
✔ budget exposure: active and draining escrow count once even when the same child usage has already been observed (1.05625ms)
✔ budget exposure: usage above allocation and outstanding reservations remain visible in independent dimensions (0.089875ms)
✔ budget exposure: settling replaces escrow with accounted plus reserved amounts and repeated reads cannot refund twice (0.104917ms)
✔ budget exposure: unknown and partially reported model usage keeps reserved tokens even on a settled summary (1.420917ms)
✔ budget exposure: a lower parent limit preserves actual costs and reports each excess without negative remaining values (0.154584ms)
✔ budget exposure: separate grants sum but duplicate IDs and duplicate child funding records are rejected (0.700667ms)
✔ budget exposure: zero-funded grants remain explicit and cannot hide a later reported expense (0.413541ms)
✔ budget exposure: max-safe totals are exact and overflow in local, grant, aggregate or combined arithmetic fails closed (0.321916ms)
✔ budget exposure: fractional, negative, nonfinite, unsafe and missing values never become zero (0.457417ms)
✔ budget exposure: grant schema keeps authority identity strict and requires a state revision for observed or settled accounting (0.423125ms)
✔ budget exposure: parent links preserve pending, active and draining as different stored phases without conferring allocation authority (2.477917ms)
✔ budget exposure: empty and absent grant lists are equivalent while malformed and over-cap lists are rejected (61.711042ms)
✔ budget exposure: projections and strict schema copies share no mutable vectors with the ledger (0.159125ms)
✔ CLI resumes across processes, keeps conversation/work identities and separates disconnect, pause and cancel (4400.909334ms)
✔ CLI human output is reception plus result, with no internal events or ANSI: documents-simple (1045.648542ms)
✔ CLI human output is reception plus result, with no internal events or ANSI: observations-simple (1172.176084ms)
✔ CLI goal changes require an explicit revision and failures have no success JSON on stdout (1264.283459ms)
✔ CLI checkpoint is a derived reference and an old resume file does not reverse a paused work (3184.2575ms)
✔ checkpoint v2: v1 retains its exact serialized shape and rejects v2 fields (10.933292ms)
✔ checkpoint v2: an initial head preserves historical refs before any fresh observation (4.67325ms)
✔ checkpoint v2: fresh observation and input intent each require their retained reservation (0.785625ms)
✔ checkpoint v2: root identity, lifetime and bounded counters cannot be reset or enlarged (0.364791ms)
✔ checkpoint v2: a child binds its own task and policy basis to the immutable claim (1.701291ms)
✔ checkpoint v2: child actions use local indexes and cannot prepend the parent prefix or skip intent accounting (0.894167ms)
✔ checkpoint v2: inherited conditions must be observed before a successor can issue an input (0.578709ms)
✔ checkpoint v2: only verification may get a fresh read deadline after the root input deadline (0.235ms)
✔ checkpoint v2: completing a suffix requires every own input and every condition to be confirmed (1.082542ms)
✔ checkpoint v2: zero-input completion requires a fully applied parent and fresh inheritance verification (4.414791ms)
✔ checkpoint v2: strict parsing detaches the lineage and claim without silently accepting extra capabilities (0.261209ms)
✔ sqlite: source loss during the awaited knowledge check is caught by the second resolution before input (1921.837625ms)
✔ sqlite: source-head changing inside final input authorization prevents the successor input (1716.034459ms)
✔ sqlite: reconciliation-proof changing inside final input authorization prevents the successor input (2260.939833ms)
✔ sqlite: pause changing inside final input authorization prevents the successor input (1886.90475ms)
✔ sqlite: goal changing inside final input authorization prevents the successor input (1959.792584ms)
✔ sqlite: losing a parent proof after a successful child result blocks adoption, proof consumption and compaction (2914.162541ms)
✔ sqlite: a child acquires a fresh epoch and rechecks conditions without replaying the old field input (2192.055375ms)
✔ file-journal: source loss during the awaited knowledge check is caught by the second resolution before input (12159.888625ms)
✔ file-journal: source-head changing inside final input authorization prevents the successor input (9416.7775ms)
✔ file-journal: reconciliation-proof changing inside final input authorization prevents the successor input (19544.827792ms)
✔ file-journal: pause changing inside final input authorization prevents the successor input (9575.657833ms)
✔ file-journal: goal changing inside final input authorization prevents the successor input (9243.583667ms)
✔ file-journal: losing a parent proof after a successful child result blocks adoption, proof consumption and compaction (34034.444042ms)
✔ file-journal: a child acquires a fresh epoch and rechecks conditions without replaying the old field input (16945.492542ms)
✔ continuation context sqlite: contract-seeded claim and latest parent originals survive five compactions and reopen (1984.02425ms)
✔ continuation context sqlite: a final v2 child preserves historical, entry and inherited observations through compact and reopen (1731.671333ms)
✔ continuation context sqlite: missing v2 entry reference invalidates an unchanged final child (1397.004791ms)
✔ continuation context sqlite: missing v2 inherited reference invalidates an unchanged final child (1505.216916ms)
✔ continuation context sqlite: v2 child rejects a forged canonical claim, unrelated initial basis and foreign observation owner (1500.415583ms)
✔ continuation context sqlite: v2 inherited observation loss during model_context staging prevents return (1469.59575ms)
✔ continuation context sqlite: v2 inherited observation loss during runtime_resume staging prevents return (1406.288ms)
✔ continuation context sqlite: late malformed parent receive cannot rewrite a claimed source (1041.877291ms)
✔ continuation context sqlite: missing head fences an otherwise unchanged claim (1132.063458ms)
✔ continuation context sqlite: missing result fences an otherwise unchanged claim (1211.772041ms)
✔ continuation context sqlite: missing observation fences an otherwise unchanged claim (1128.139084ms)
✔ continuation context sqlite: corrupt parent data and invalid bounded decode never produce a resume (1039.358541ms)
✔ continuation context sqlite: original loss during model_context storage is checked before return (1126.192958ms)
✔ continuation context sqlite: original loss during runtime_resume storage is checked before return (1122.032959ms)
✔ continuation context sqlite: visibility hides a claim while obligations remain and undeclared raw fields are discarded (1135.122708ms)
✔ continuation context sqlite: unavailable continuation proof readers fail closed even without reconciliation records (1191.306666ms)
✔ continuation context file-journal: contract-seeded claim and latest parent originals survive five compactions and reopen (7707.433125ms)
✔ continuation context file-journal: a final v2 child preserves historical, entry and inherited observations through compact and reopen (5743.888542ms)
✔ continuation context file-journal: missing v2 entry reference invalidates an unchanged final child (3423.677375ms)
✔ continuation context file-journal: missing v2 inherited reference invalidates an unchanged final child (3758.948291ms)
✔ continuation context file-journal: v2 child rejects a forged canonical claim, unrelated initial basis and foreign observation owner (4088.022167ms)
✔ continuation context file-journal: v2 inherited observation loss during model_context staging prevents return (5255.353083ms)
✔ continuation context file-journal: v2 inherited observation loss during runtime_resume staging prevents return (4175.905084ms)
✔ continuation context file-journal: late malformed parent receive cannot rewrite a claimed source (3965.875125ms)
✔ continuation context file-journal: missing head fences an otherwise unchanged claim (3297.138791ms)
✔ continuation context file-journal: missing result fences an otherwise unchanged claim (2716.971583ms)
✔ continuation context file-journal: missing observation fences an otherwise unchanged claim (2769.773417ms)
✔ continuation context file-journal: corrupt parent data and invalid bounded decode never produce a resume (2737.782084ms)
✔ continuation context file-journal: original loss during model_context storage is checked before return (3412.239833ms)
✔ continuation context file-journal: original loss during runtime_resume storage is checked before return (3070.643375ms)
✔ continuation context file-journal: visibility hides a claim while obligations remain and undeclared raw fields are discarded (2142.156666ms)
✔ continuation context file-journal: unavailable continuation proof readers fail closed even without reconciliation records (3119.131416ms)
✔ computer continuation contract: optional fields leave legacy state, context and task digests unchanged (8.581459ms)
✔ computer continuation contract: control metadata cannot carry raw actions, offsets or two resume mechanisms (0.86475ms)
✔ computer continuation contract: counters, depth and mode cannot revive the action window or exceed inherited limits (13.416167ms)
✔ computer continuation planning: exact parent and proof participate in task identity, including historical plans (17.2585ms)
✔ computer continuation tools: proof metadata is mandatory and refresh cannot install an invalid or cacheable adapter (8.094625ms)
✔ computer continuation tools: resume is required exactly for marked tools and verify needs no write permission (3.890625ms)
✔ computer continuation transition: claim and a new reserved attempt plus budget must be committed together (1.0425ms)
✔ computer continuation transition: a claimed parent cannot be replaced, removed or assigned a second sibling (1.089416ms)
✔ computer continuation transition: source result, checkpoint and task identity stay immutable while the child progresses (1.972042ms)
✔ computer continuation transition: an unknown parent requires the exact settled proof and source basis (0.508792ms)
✔ computer continuation transition: a later generation inherits root limits and cannot reset counters, depth or the action deadline (0.51175ms)
✔ memory: continuation CAS admits one sibling, preserves its receipt on retry and rejects history edits atomically (7.971292ms)
✔ sqlite: continuation CAS admits one sibling, preserves its receipt on retry and rejects history edits atomically (54.820125ms)
✔ file-journal: continuation CAS admits one sibling, preserves its receipt on retry and rejects history edits atomically (691.09925ms)
✔ sqlite: SIGKILL after continuation reservation preserves one claim and executes only the existing child after restart (2692.831375ms)
✔ sqlite: SIGKILL after child observation reservation preserves spent lineage budget without replaying an unreceived observation (1758.466417ms)
✔ sqlite: SIGKILL after child Save reconciles its durable receipt and verifies depth two without repeating applied input (5389.5295ms)
✔ file-journal: SIGKILL after continuation reservation preserves one claim and executes only the existing child after restart (19420.721083ms)
✔ file-journal: SIGKILL after child observation reservation preserves spent lineage budget without replaying an unreceived observation (8295.451833ms)
✔ file-journal: SIGKILL after child Save reconciles its durable receipt and verifies depth two without repeating applied input (58668.73675ms)
✔ sqlite: an applied-unknown prefix is reconciled once and only the two remaining inputs run (3539.8755ms)
✔ sqlite: an unknown saved input is verified after the old action deadline without saving twice (2799.335ms)
✔ sqlite: a known not-applied input may be retried once while its applied prefix remains immutable (2398.783667ms)
✔ sqlite: a later value supersedes the same field's earlier condition at the continuation frontier (2598.093708ms)
✔ sqlite: changed inherited conditions stop a successor without repeating or extending the applied prefix (2253.16325ms)
✔ sqlite: concurrent reservations create at most one successor and consume one work reservation (1968.230666ms)
✔ sqlite: lineage observation and input budgets stay spent across failed successors (2662.278042ms)
✔ sqlite: a new successor cannot reset the original action deadline (1078.960083ms)
✔ file-journal: an applied-unknown prefix is reconciled once and only the two remaining inputs run (39631.091167ms)
✔ file-journal: an unknown saved input is verified after the old action deadline without saving twice (18097.946208ms)
✔ file-journal: a known not-applied input may be retried once while its applied prefix remains immutable (12219.96825ms)
✔ file-journal: a later value supersedes the same field's earlier condition at the continuation frontier (15374.972208ms)
✔ file-journal: changed inherited conditions stop a successor without repeating or extending the applied prefix (25895.922625ms)
✔ file-journal: concurrent reservations create at most one successor and consume one work reservation (19918.568625ms)
✔ file-journal: lineage observation and input budgets stay spent across failed successors (22949.02125ms)
✔ file-journal: a new successor cannot reset the original action deadline (3851.190125ms)
✔ sqlite: structurally valid continue and verify plans fail before acceptance or cost (218.926667ms)
✔ sqlite: a stored continuation plan cannot create a new attempt or budget reservation (194.759625ms)
✔ sqlite: a stored continuation reservation cannot dispatch or enter through execute (148.18625ms)
✔ sqlite: even an existing dispatch receipt cannot invoke a continuation adapter or its reuse hook (222.907ms)
✔ file-journal: structurally valid continue and verify plans fail before acceptance or cost (697.051875ms)
✔ file-journal: a stored continuation plan cannot create a new attempt or budget reservation (997.996792ms)
✔ file-journal: a stored continuation reservation cannot dispatch or enter through execute (994.950417ms)
✔ file-journal: even an existing dispatch receipt cannot invoke a continuation adapter or its reuse hook (769.934792ms)
✔ sqlite: continuation prepare pins only the unperformed suffix and preserves canonical state and driver input (1098.3475ms)
✔ sqlite: continuation prepare refuses legacy checkpoint counters without upgrading or resetting the original deadline (1058.639583ms)
✔ sqlite: continuation preparation rechecks canonical state after original checkpoint I/O (1063.094667ms)
✔ sqlite: continuation resolve authenticates the canonical reservation receipt and never inspects the child's checkpoint (1045.623666ms)
✔ sqlite: invalid claim graph is rejected before recursive original reads and raw proof checks never call knowledge (1141.946542ms)
✔ sqlite: missing originals install a durable blocking obligation, cancel reservations, and recover without rewriting claims (1042.570958ms)
✔ file-journal: continuation prepare pins only the unperformed suffix and preserves canonical state and driver input (3721.10875ms)
✔ file-journal: continuation prepare refuses legacy checkpoint counters without upgrading or resetting the original deadline (3443.976792ms)
✔ file-journal: continuation preparation rechecks canonical state after original checkpoint I/O (3755.673ms)
✔ file-journal: continuation resolve authenticates the canonical reservation receipt and never inspects the child's checkpoint (3190.184625ms)
✔ file-journal: invalid claim graph is rejected before recursive original reads and raw proof checks never call knowledge (3314.252ms)
✔ file-journal: missing originals install a durable blocking obligation, cancel reservations, and recover without rewriting claims (4243.223708ms)
✔ computer input assurance: omission keeps the old tool shape without silently adding a default to its digest (5.057ms)
✔ computer input assurance: renderer semantics are pinned for all four tools and cannot be changed through the original driver (0.516292ms)
✔ computer input assurance: unknown profiles and proof-free declarations are rejected before any adapter call (15.398625ms)
✔ computer input assurance: a profile declaration grants neither tool permission nor arbitrary browser commands (10.828833ms)
✔ sqlite: replacing input assurance after dispatch invalidates the pinned attempt before driver entry (192.112458ms)
✔ file-journal: replacing input assurance after dispatch invalidates the pinned attempt before driver entry (935.128542ms)
✔ computer operation contract: identity binds the requested input without copying the observed screen or mutable lease (2.396458ms)
✔ computer operation contract: every routing and action component distinguishes an otherwise reused operation id (0.304667ms)
✔ computer operation contract: strict identity retains the bounded typed-action boundary (0.541542ms)
✔ computer operation contract: receipts record a decision and never treat an unknown response as a negative effect (0.610375ms)
✔ computer operation contract: lookup cannot claim found without a receipt or turn an absent proof into not_applied (0.613ms)
✔ SIGKILL after durable Save permits exact original receipt lookup in a new epoch without replaying input (161.94625ms)
✔ SIGKILL before Save leaves an absent receipt unknown rather than inventing a not-applied receipt (128.597208ms)
✔ sqlite: lost receive ACK preserves the committed reconciliation response and settles without another lookup (1116.798833ms)
✔ sqlite: pause during an actual driver lookup fences its late receipt while retaining the read charge and effect obligation (856.627834ms)
✔ sqlite: goal during an actual driver lookup fences its late receipt while retaining the read charge and effect obligation (898.876166ms)
✔ file-journal: lost receive ACK preserves the committed reconciliation response and settles without another lookup (4938.730708ms)
✔ file-journal: pause during an actual driver lookup fences its late receipt while retaining the read charge and effect obligation (3962.106334ms)
✔ file-journal: goal during an actual driver lookup fences its late receipt while retaining the read charge and effect obligation (4775.149209ms)
✔ reconciliation context sqlite: reserved metadata and original refs survive compaction and repository reopen (1233.814334ms)
✔ reconciliation context sqlite: settled metadata and original refs survive compaction and repository reopen (1844.492042ms)
✔ reconciliation context sqlite: missing proof rejects source reuse, compaction and restore (1238.907667ms)
✔ reconciliation context sqlite: corrupt proof rejects source reuse, compaction and restore (1301.623167ms)
✔ reconciliation context sqlite: proof loss during model_context staging is rejected before return (1232.78275ms)
✔ reconciliation context sqlite: proof loss during runtime_resume staging is rejected before return (1251.538125ms)
✔ reconciliation context sqlite: lifecycle and read permission changes hide the index and prevent resume without dropping the pending obligation (1328.597292ms)
✔ reconciliation context sqlite: a runtime without an effect proof reader rejects settled metadata (1334.327291ms)
✔ reconciliation context file-journal: reserved metadata and original refs survive compaction and repository reopen (5426.728875ms)
✔ reconciliation context file-journal: settled metadata and original refs survive compaction and repository reopen (11573.8945ms)
✔ reconciliation context file-journal: missing proof rejects source reuse, compaction and restore (6619.169833ms)
✔ reconciliation context file-journal: corrupt proof rejects source reuse, compaction and restore (5726.611166ms)
✔ reconciliation context file-journal: proof loss during model_context staging is rejected before return (4657.0445ms)
✔ reconciliation context file-journal: proof loss during runtime_resume staging is rejected before return (4437.691083ms)
✔ reconciliation context file-journal: lifecycle and read permission changes hide the index and prevent resume without dropping the pending obligation (5363.165917ms)
✔ reconciliation context file-journal: a runtime without an effect proof reader rejects settled metadata (5886.735833ms)
✔ computer reconciliation contract: optional index preserves legacy states and contexts without adding empty metadata (6.008583ms)
✔ computer reconciliation contract: metadata remains strict and bounded without accepting raw action or duplicate ids (16.394083ms)
✔ computer reconciliation contract: received and settled require different proof stages and a timed response (0.311458ms)
✔ computer reconciliation contract: lookup outcome does not erase an earlier applied prefix or invent a known absence (0.1215ms)
✔ computer reconciliation transition: intent identity and the first response, proof, and timestamps cannot be replaced (2.5985ms)
✔ computer reconciliation transition: new records cannot skip dispatch and existing records cannot disappear or restart (0.635583ms)
✔ computer reconciliation transition: known claims remain historical even when the proof is invalidated (0.523ms)
✔ computer reconciliation transition: original task identity, result, and checkpoint remain fixed across late updates (1.071042ms)
✔ memory: reconciliation CAS retains original results, rejects rollback atomically, and preserves historical receipts (9.398875ms)
✔ sqlite: reconciliation CAS retains original results, rejects rollback atomically, and preserves historical receipts (98.928667ms)
✔ file-journal: reconciliation CAS retains original results, rejects rollback atomically, and preserves historical receipts (856.946416ms)
✔ sqlite: receipt identity and driver mismatches cannot close an effect and retain the measured read (1937.87425ms)
✔ sqlite: a lease acquisition that ignores abort cannot hold cancellation or enter lookup later (919.611375ms)
✔ sqlite: a reconciled expired input keeps its intent head and null result when the original runner returns late (684.001875ms)
✔ sqlite: revoking a parent grant refunds an unused query and prevents a fresh lookup allowance (1094.462833ms)
✔ file-journal: receipt identity and driver mismatches cannot close an effect and retain the measured read (9646.455209ms)
✔ file-journal: a lease acquisition that ignores abort cannot hold cancellation or enter lookup later (3170.673292ms)
✔ file-journal: a reconciled expired input keeps its intent head and null result when the original runner returns late (2891.157958ms)
✔ file-journal: revoking a parent grant refunds an unused query and prevents a fresh lookup allowance (3811.146875ms)
✔ reconciliation outbox sqlite: current proof permits one result send and delivery obligation settlement (1496.701625ms)
✔ reconciliation outbox sqlite: narrowed tool authority preserves proof validation while channel restrictions still apply (2787.548042ms)
✔ reconciliation outbox sqlite: proof loss at the same revision prevents any result transport (1351.881292ms)
✔ reconciliation outbox sqlite: proof loss defers lookup of an already sent uncertain result (1335.96975ms)
✔ reconciliation outbox sqlite: proof loss after the send claim is checked before entering the sink (1222.64825ms)
✔ reconciliation outbox sqlite: proof loss in the pre-lookup artifact await prevents receipt lookup (1282.061542ms)
✔ reconciliation outbox sqlite: proof loss during send keeps the delivery unadopted without resending (1246.98ms)
✔ reconciliation outbox sqlite: proof loss during receipt lookup cannot close the delivery obligation (1402.176292ms)
✔ reconciliation outbox sqlite: the commit guard rechecks proof after awaited artifact validation (1217.418292ms)
✔ reconciliation outbox file-journal: current proof permits one result send and delivery obligation settlement (6238.3095ms)
✔ reconciliation outbox file-journal: narrowed tool authority preserves proof validation while channel restrictions still apply (13562.888875ms)
✔ reconciliation outbox file-journal: proof loss at the same revision prevents any result transport (5280.605083ms)
✔ reconciliation outbox file-journal: proof loss defers lookup of an already sent uncertain result (6399.21425ms)
✔ reconciliation outbox file-journal: proof loss after the send claim is checked before entering the sink (6191.227583ms)
✔ reconciliation outbox file-journal: proof loss in the pre-lookup artifact await prevents receipt lookup (9424.079291ms)
✔ reconciliation outbox file-journal: proof loss during send keeps the delivery unadopted without resending (7685.619167ms)
✔ reconciliation outbox file-journal: proof loss during receipt lookup cannot close the delivery obligation (10119.122833ms)
✔ reconciliation outbox file-journal: the commit guard rechecks proof after awaited artifact validation (8903.939042ms)
✔ sqlite: first verified effect settlement clears the no-progress gate and permits a read-only verification without creating evidence itself (4663.1375ms)
✔ sqlite: duplicate settle and replay of the same reconciliation command add no progress, lookup or budget use (2001.238083ms)
✔ sqlite: re-proving the same source operation after proof-read invalidation cannot earn a second progress credit (2161.047792ms)
✔ file-journal: first verified effect settlement clears the no-progress gate and permits a read-only verification without creating evidence itself (66928.576625ms)
✔ file-journal: duplicate settle and replay of the same reconciliation command add no progress, lookup or budget use (21824.469042ms)
✔ file-journal: re-proving the same source operation after proof-read invalidation cannot earn a second progress credit (25853.520541ms)
✔ sqlite: reserve command receipt is required to authenticate an otherwise intact reconciliation proof (1138.528875ms)
✔ sqlite: dispatch command receipt is required to authenticate an otherwise intact reconciliation proof (1083.701584ms)
✔ sqlite: receive command receipt is required to authenticate an otherwise intact reconciliation proof (1150.66075ms)
✔ sqlite: settle command receipt is required to authenticate an otherwise intact reconciliation proof (1019.187541ms)
✔ sqlite: concurrent identical reserve, execute, and settle calls retain one intent, one lookup charge, and one proof (1036.929417ms)
✔ file-journal: reserve command receipt is required to authenticate an otherwise intact reconciliation proof (4832.944042ms)
✔ file-journal: dispatch command receipt is required to authenticate an otherwise intact reconciliation proof (4609.828709ms)
✔ file-journal: receive command receipt is required to authenticate an otherwise intact reconciliation proof (5058.756042ms)
✔ file-journal: settle command receipt is required to authenticate an otherwise intact reconciliation proof (4656.242417ms)
✔ file-journal: concurrent identical reserve, execute, and settle calls retain one intent, one lookup charge, and one proof (4621.040459ms)
✔ sqlite: SIGKILL after reconciliation reservation preserves its owner and refunds only on expiry before an explicit new command (1298.439541ms)
✔ sqlite: SIGKILL during dispatched lookup retains unknown usage and never reissues that command across expiry (1252.852084ms)
✔ sqlite: SIGKILL after received reconciliation settles the stored timely response after lease expiry with no new lookup or input (1273.506792ms)
✔ sqlite: SIGKILL after settlement reopens a current separate proof and duplicate commands remain read-only (1328.069667ms)
✔ file-journal: SIGKILL after reconciliation reservation preserves its owner and refunds only on expiry before an explicit new command (4817.590958ms)
✔ file-journal: SIGKILL during dispatched lookup retains unknown usage and never reissues that command across expiry (6566.049375ms)
✔ file-journal: SIGKILL after received reconciliation settles the stored timely response after lease expiry with no new lookup or input (7023.79125ms)
✔ file-journal: SIGKILL after settlement reopens a current separate proof and duplicate commands remain read-only (7458.178292ms)
✔ sqlite: screen result depends on the live reconciliation proof even when the state revision and previous cursor are unchanged (1411.088583ms)
✔ sqlite: proof loss during diagnostics projection withholds an already prepared result before returning a cursor (1219.023334ms)
✔ sqlite: a reader without the effect verifier cannot treat stored settled metadata as current proof (1142.466208ms)
✔ file-journal: screen result depends on the live reconciliation proof even when the state revision and previous cursor are unchanged (10009.481541ms)
✔ file-journal: proof loss during diagnostics projection withholds an already prepared result before returning a cursor (8059.604ms)
✔ file-journal: a reader without the effect verifier cannot treat stored settled metadata as current proof (7764.405959ms)
✔ sqlite: explicit reconciliation records a read response and separate effect proof without adopting or changing the original input (1133.121708ms)
✔ sqlite: recorded not-applied receipts resolve only the unknown step and preserve a prior applied prefix (1855.867875ms)
✔ sqlite: a missing driver receipt remains unresolved and repeating the same request neither repeats input nor lookup (738.630125ms)
✔ sqlite: duplicate command and execution charge one lookup while changed payload conflicts (1075.891291ms)
✔ sqlite: exhausted lookup budget refuses reservation without a driver call or a stored intent (843.246917ms)
✔ sqlite: receipt lookup requires current read authority but does not require permission to issue another input (1069.607041ms)
✔ sqlite: an expired unused reconciliation reservation is released and the same request never dispatches later (921.151125ms)
✔ sqlite: loss of a settled proof reopens the effect obligation while preserving the old receipt, claim, and original head (1154.8345ms)
✔ file-journal: explicit reconciliation records a read response and separate effect proof without adopting or changing the original input (6533.961708ms)
✔ file-journal: recorded not-applied receipts resolve only the unknown step and preserve a prior applied prefix (9691.033708ms)
✔ file-journal: a missing driver receipt remains unresolved and repeating the same request neither repeats input nor lookup (5675.056875ms)
✔ file-journal: duplicate command and execution charge one lookup while changed payload conflicts (7257.82925ms)
✔ file-journal: exhausted lookup budget refuses reservation without a driver call or a stored intent (4671.078125ms)
✔ file-journal: receipt lookup requires current read authority but does not require permission to issue another input (6389.547791ms)
✔ file-journal: an expired unused reconciliation reservation is released and the same request never dispatches later (5230.304917ms)
✔ file-journal: loss of a settled proof reopens the effect obligation while preserving the old receipt, claim, and original head (5774.415083ms)
✔ computer context sqlite: five compactions and restart preserve running input metadata (578.15175ms)
✔ computer context sqlite: five compactions and restart preserve unknown input metadata (606.567625ms)
✔ computer context file-journal: five compactions and restart preserve running input metadata (2224.750125ms)
✔ computer context file-journal: five compactions and restart preserve unknown input metadata (2886.879042ms)
✔ computer context sqlite: deleted head blocks compaction, source fence and restore (222.424833ms)
✔ computer context sqlite: modified head blocks compaction, source fence and restore (257.601083ms)
✔ computer context file-journal: deleted head blocks compaction, source fence and restore (971.698583ms)
✔ computer context file-journal: modified head blocks compaction, source fence and restore (998.635208ms)
✔ computer context sqlite: mandatory input metadata cannot be evicted, altered or reassigned to a later goal (233.465042ms)
✔ computer context file-journal: mandatory input metadata cannot be evicted, altered or reassigned to a later goal (1043.75325ms)
✔ computer context sqlite: head loss during model_context staging is checked before return (312.841542ms)
✔ computer context sqlite: head loss during runtime_resume staging is checked before return (300.247833ms)
✔ computer context file-journal: head loss during model_context staging is checked before return (884.914458ms)
✔ computer context file-journal: head loss during runtime_resume staging is checked before return (627.921708ms)
✔ computer context sqlite: current knowledge, source lifecycle and read permissions still fence metadata (227.6025ms)
✔ computer context file-journal: current knowledge, source lifecycle and read permissions still fence metadata (646.238542ms)
✔ computer contracts: tool inputs cannot select a driver address, add hidden actions or exceed a short batch (17.251875ms)
✔ computer contracts: malformed observations cannot acquire trustworthy refs or silently omit their usage (1.994333ms)
✔ computer contracts: a name match is insufficient when another hidden target shares that name (0.188666ms)
✔ computer contracts: a truncated view cannot prove a unique target or element condition (0.529791ms)
✔ computer contracts: byte limits count UTF-8 bytes and successful validation detaches the source (0.262834ms)
✔ computer contracts: observations cannot move backwards or switch sessions behind the same task (0.235458ms)
✔ computer contracts: conditions require explicit own values and never use prototype facts or coercion (0.079542ms)
✔ computer contracts: intent, application and observation verification cannot be collapsed into complete (2.322958ms)
✔ sqlite: a failed observation artifact write retains the driver's measured call (213.202125ms)
✔ sqlite: intent persistence failure proves no driver entry and keeps the failed step diagnostic (571.582792ms)
✔ sqlite: cancellation before driver entry settles no-input and proof revoked=false fences adoption (636.086666ms)
✔ sqlite: cancellation before driver entry settles no-input and proof revoked=true fences adoption (553.988166ms)
✔ sqlite: a failure cannot downgrade the committed unknown effect or measured usage prefix (834.978ms)
✔ sqlite: removing the proof provider at the receive commit fence cannot accept a no-effect result (660.750708ms)
✔ sqlite: provider removal between no-effect validation and adoption cannot skip the captured proof fence (581.032958ms)
✔ sqlite: completion must match the checkpoint and only explicitly confirmed facts become evidence (955.982042ms)
✔ sqlite: losing the checkpoint original between receive and adopt prevents completion (982.737417ms)
✔ sqlite: losing the observation original between receive and adopt prevents completion (1115.441125ms)
✔ sqlite: diagnostic reads recheck retained knowledge before and after original IO (1100.722792ms)
✔ file-journal: a failed observation artifact write retains the driver's measured call (693.854625ms)
✔ file-journal: intent persistence failure proves no driver entry and keeps the failed step diagnostic (1746.43275ms)
✔ file-journal: cancellation before driver entry settles no-input and proof revoked=false fences adoption (2038.154584ms)
✔ file-journal: cancellation before driver entry settles no-input and proof revoked=true fences adoption (2773.352083ms)
✔ file-journal: a failure cannot downgrade the committed unknown effect or measured usage prefix (3920.059583ms)
✔ file-journal: removing the proof provider at the receive commit fence cannot accept a no-effect result (2521.55475ms)
✔ file-journal: provider removal between no-effect validation and adoption cannot skip the captured proof fence (3150.072042ms)
✔ file-journal: completion must match the checkpoint and only explicitly confirmed facts become evidence (4319.715167ms)
✔ file-journal: losing the checkpoint original between receive and adopt prevents completion (3743.185459ms)
✔ file-journal: losing the observation original between receive and adopt prevents completion (4751.500333ms)
✔ file-journal: diagnostic reads recheck retained knowledge before and after original IO (3824.075209ms)
✔ sqlite: SIGKILL after Save leaves committed intent unknown across recovery, goal change and cancellation without replay (928.925292ms)
✔ sqlite: SIGKILL after received result permits one adoption and rejects an old-epoch observation for a new input (1131.995375ms)
✔ file-journal: SIGKILL after Save leaves committed intent unknown across recovery, goal change and cancellation without replay (3935.119542ms)
✔ file-journal: SIGKILL after received result permits one adoption and rejects an old-epoch observation for a new input (5352.348416ms)
✔ sqlite: registered computer tools observe, apply, prove and adopt a completed synthetic note (977.050834ms)
✔ sqlite: rerendered or restarted observations stop before the first input (853.985417ms)
✔ sqlite: a copied observation from another work remains foreign even when its artifact bytes are present (478.460875ms)
✔ sqlite: ambiguous and partial observations cannot select a target for the batch (1061.264417ms)
✔ sqlite: step two not-applied preserves the confirmed first input without claiming batch completion (821.632791ms)
✔ sqlite: applied-unknown save creates a reconciliation block and neither execute replay nor replanning adds an input (797.51925ms)
✔ sqlite: goal, policy and cancellation changes across an awaited response prevent the next input (1594.941416ms)
✔ sqlite: late readiness is observed through bounded waits before subsequent note inputs (1202.083834ms)
✔ sqlite: another runtime revoking writes during the driver's own input delay prevents every input (532.548334ms)
✔ sqlite: false or too-late conditions consume one deadline and cannot reset time or continue to Save (1735.002334ms)
✔ sqlite: stored successful result can be read and adopted after reopening without replaying app input (1085.22975ms)
✔ sqlite: strict action contracts reject injected script fields while document text has no command authority (934.613416ms)
✔ file-journal: registered computer tools observe, apply, prove and adopt a completed synthetic note (4475.874625ms)
✔ file-journal: rerendered or restarted observations stop before the first input (4143.155042ms)
✔ file-journal: a copied observation from another work remains foreign even when its artifact bytes are present (2538.948292ms)
✔ file-journal: ambiguous and partial observations cannot select a target for the batch (5639.110958ms)
✔ file-journal: step two not-applied preserves the confirmed first input without claiming batch completion (4405.940667ms)
✔ file-journal: applied-unknown save creates a reconciliation block and neither execute replay nor replanning adds an input (4470.824291ms)
✔ file-journal: goal, policy and cancellation changes across an awaited response prevent the next input (8994.6305ms)
✔ file-journal: late readiness is observed through bounded waits before subsequent note inputs (6096.049125ms)
✔ file-journal: another runtime revoking writes during the driver's own input delay prevents every input (3364.580583ms)
✔ file-journal: false or too-late conditions consume one deadline and cannot reset time or continue to Save (7056.4435ms)
✔ file-journal: stored successful result can be read and adopted after reopening without replaying app input (4472.401625ms)
✔ file-journal: strict action contracts reject injected script fields while document text has no command authority (5106.162375ms)
✔ context compiler sqlite/documents-complex: five published working sets retain counterevidence and rediscover an early original (1626.854792ms)
✔ context compiler sqlite/observations-complex: five published working sets retain counterevidence and rediscover an early original (1655.294458ms)
✔ context compiler file-journal/documents-complex: five published working sets retain counterevidence and rediscover an early original (9992.6125ms)
✔ context compiler file-journal/observations-complex: five published working sets retain counterevidence and rediscover an early original (10661.049375ms)
✔ context compiler sqlite: five compactions preserve canonical unknown effect and timed response obligations (607.984084ms)
✔ context compiler file-journal: five compactions preserve canonical unknown effect and timed response obligations (2632.726709ms)
✔ context compiler sqlite: selected schemas reduce the actual structured transport request and preserve precise byte accounting (187.980583ms)
ℹ {"backend":"sqlite","baselinePacketBytes":4700,"baselineToolBytes":516593,"packetBytes":2471,"toolBytes":33733,"envelopeBytes":36282,"requestBytes":41589,"selectedToolCount":13,"catalogTotal":81}
✔ context compiler file-journal: selected schemas reduce the actual structured transport request and preserve precise byte accounting (440.726708ms)
ℹ {"backend":"file-journal","baselinePacketBytes":4700,"baselineToolBytes":516593,"packetBytes":2471,"toolBytes":33733,"envelopeBytes":36282,"requestBytes":41589,"selectedToolCount":13,"catalogTotal":81}
✔ context compiler sqlite: an oversized mandatory goal fails before candidate storage or transport (157.300083ms)
✔ context compiler file-journal: an oversized mandatory goal fails before candidate storage or transport (235.692042ms)
✔ context copy: a canonical two-level invocation copy cannot restore guidance body after its catalog version is replaced (65.079ms)
✔ context copy: two nested call results stop exposing a tool body when original tool permission is revoked (29.820959ms)
✔ context dispatch sqlite: persisted reservation does not send removed registration (348.9285ms)
✔ context dispatch sqlite: persisted reservation does not send replacement version (342.146458ms)
✔ context dispatch sqlite: persisted reservation does not send changed input schema under the same ID and version (268.823083ms)
✔ context dispatch sqlite: persisted reservation does not send changed allowed labels under the same ID and version (296.822959ms)
✔ context dispatch sqlite: persisted reservation does not send changed allowed destination under the same ID and version (318.003333ms)
✔ context dispatch file-journal: persisted reservation does not send removed registration (1004.546625ms)
✔ context dispatch file-journal: persisted reservation does not send replacement version (793.380292ms)
✔ context dispatch file-journal: persisted reservation does not send changed input schema under the same ID and version (1009.871208ms)
✔ context dispatch file-journal: persisted reservation does not send changed allowed labels under the same ID and version (1088.065916ms)
✔ context dispatch file-journal: persisted reservation does not send changed allowed destination under the same ID and version (930.568791ms)
✔ context dispatch sqlite: persisted guidance required-rules change is checked before transport (442.433ms)
✔ context dispatch sqlite: persisted guidance version change is checked before transport (451.900042ms)
✔ context dispatch file-journal: persisted guidance required-rules change is checked before transport (1598.803375ms)
✔ context dispatch file-journal: persisted guidance version change is checked before transport (1337.099125ms)
✔ context dispatch sqlite: unchanged tool and trusted guidance contracts resume the stored request once (402.830375ms)
✔ context dispatch file-journal: unchanged tool and trusted guidance contracts resume the stored request once (2010.184125ms)
✔ context guidance: trusted required rules, exact version and hash survive published body eviction (53.340458ms)
✔ context guidance: a manifest without required rules keeps the full original and fails a smaller input budget (18.703875ms)
✔ context guidance: result-provided rules cannot replace an absent trusted manifest rule set (9.7605ms)
✔ context guidance: current label revocation prevents a previously published original from reappearing (14.395ms)
✔ context guidance: a missing original cannot be recovered from its copied tool result or prior frame (13.614292ms)
✔ context guidance: replacing the catalog version does not expose the superseded loaded body (17.427708ms)
✔ context guidance: replacing trusted bytes under the same version rejects the old manifest and body (8.641666ms)
✔ context guidance: a stored result with a mismatched attemptId is rejected (8.192708ms)
✔ context guidance: a stored result with a mismatched resultId is rejected (8.075917ms)
✔ context guidance: the actual dispatch receipt must match the adopted attempt task digest (9.704125ms)
✔ sqlite/model_call_reserved: publishing requires the derived blob, later loss permits commits and regeneration while original loss blocks both (210.74375ms)
✔ sqlite/context_compacted: publishing requires the derived blob, later loss permits commits and regeneration while original loss blocks both (193.503292ms)
✔ sqlite: publishing detects a context head reference conflict before committing (147.071834ms)
✔ sqlite: a blocked context candidate cannot be newly published even when its bytes remain (160.023ms)
✔ sqlite/retract: lifecycle retires the context head and access removal also blocks its retained artifact (150.729375ms)
✔ sqlite/correct: lifecycle retires the context head and access removal also blocks its retained artifact (124.838667ms)
✔ sqlite/restrict: lifecycle retires the context head and access removal also blocks its retained artifact (157.034584ms)
✔ sqlite/delete: lifecycle retires the context head and access removal also blocks its retained artifact (180.008917ms)
✔ sqlite/dependency_changed: lifecycle retires the context head and access removal also blocks its retained artifact (196.043417ms)
✔ file-journal/model_call_reserved: publishing requires the derived blob, later loss permits commits and regeneration while original loss blocks both (549.014125ms)
✔ file-journal/context_compacted: publishing requires the derived blob, later loss permits commits and regeneration while original loss blocks both (556.8165ms)
✔ file-journal: publishing detects a context head reference conflict before committing (214.499542ms)
✔ file-journal: a blocked context candidate cannot be newly published even when its bytes remain (156.407709ms)
✔ file-journal/retract: lifecycle retires the context head and access removal also blocks its retained artifact (237.931167ms)
✔ file-journal/correct: lifecycle retires the context head and access removal also blocks its retained artifact (385.046375ms)
✔ file-journal/restrict: lifecycle retires the context head and access removal also blocks its retained artifact (390.2885ms)
✔ file-journal/delete: lifecycle retires the context head and access removal also blocks its retained artifact (326.614166ms)
✔ file-journal/dependency_changed: lifecycle retires the context head and access removal also blocks its retained artifact (226.715833ms)
✔ sqlite: source deletion during the context head exists check prevents reservation and head publication (476.955458ms)
✔ sqlite: source deletion inside repository commit retires the published head and cancels the model reservation before returning (430.992125ms)
✔ sqlite: losing the prior frame does not turn an old catalog request into a conflict with the current task version (443.922875ms)
✔ file-journal: source deletion during the context head exists check prevents reservation and head publication (5484.675917ms)
✔ file-journal: source deletion inside repository commit retires the published head and cancels the model reservation before returning (5792.057083ms)
✔ file-journal: losing the prior frame does not turn an old catalog request into a conflict with the current task version (2179.709833ms)
✔ required full and reference information survives optional content pressure (2.202958ms)
✔ a full value cheaper than its required reference satisfies the minimum without overflow (0.205625ms)
✔ a required reference cap rejects contradictory bounds and never substitutes a cheaper full payload (0.336333ms)
✔ optional reference caps consume only reference bytes and remain omitted when that representation does not fit (0.199333ms)
✔ a reference cap overrides full residency and new use without counting references as full reloads (0.540917ms)
✔ high and low watermarks retain compact mode until the lower boundary is crossed (0.13225ms)
✔ mere inclusion is not actual use and an idle full value does not automatically reload (0.282875ms)
✔ a new actual use marker refreshes usage and reloads the same digest once (0.215083ms)
✔ minimum residency delays idle eviction for two cycles while the hard budget still wins (0.172208ms)
✔ five changing working sets preserve old counterevidence, pending and unknown references (0.593208ms)
✔ removed authority and changed digests cannot be revived by resident or use history (0.362ms)
✔ decisions are stable by minimum, priority, real use, recency, residence and key (0.197583ms)
✔ recently evicted content waits through cooldown unless actual use or a minimum requires it (0.116084ms)
✔ memo storage is bounded and prioritizes selected residents without changing decisions (0.581958ms)
✔ inputs and previous memo stay immutable and byte sums match selected representations (0.14075ms)
✔ duplicate keys, malformed items, invalid budgets and inconsistent memo are rejected (0.655625ms)
✔ context store stages an immutable frame without publishing it and reads the installed basis N from revision N+1 (57.177834ms)
✔ context store sqlite: derived frame and installed head survive separate reopened instances (146.894125ms)
✔ context store file-journal: derived frame and installed head survive separate reopened instances (294.810125ms)
✔ context store regenerates a missing derived frame without editing the authoritative head (62.41575ms)
✔ context store regenerates a corrupt derived frame without editing the authoritative head (64.17925ms)
✔ context store regenerates a invalid-json derived frame without editing the authoritative head (111.231166ms)
✔ context store regenerates a invalid-schema derived frame without editing the authoritative head (105.068917ms)
✔ context store excludes a foreign-work previous head or frame (115.037ms)
✔ context store excludes a foreign-tenant previous head or frame (55.591292ms)
✔ context store excludes a cycle previous head or frame (83.038208ms)
✔ context store excludes a basis previous head or frame (49.960417ms)
✔ context store excludes a unpublished previous head or frame (46.656708ms)
✔ context store excludes a policy previous head or frame (85.947292ms)
✔ context store excludes a goal previous head or frame (71.841084ms)
✔ context store excludes a generation previous head or frame (78.243458ms)
✔ context store excludes a blocked previous head or frame (84.0575ms)
✔ context store excludes a underlabelled previous head or frame (119.766667ms)
✔ context store checks stale frame basis and forbidden packet policy before writing any candidate (6.712708ms)
✔ context store previous rejects goal changes during artifact I/O (52.676208ms)
✔ context store previous rejects policy changes during artifact I/O (58.141708ms)
✔ context store previous rejects generation changes during artifact I/O (63.222375ms)
✔ context store previous rejects source changes during artifact I/O (72.903167ms)
✔ context store put rejects goal changes during artifact I/O (72.825625ms)
✔ context store put rejects policy changes during artifact I/O (62.347167ms)
✔ context store put rejects generation changes during artifact I/O (61.957959ms)
✔ context store put rejects source changes during artifact I/O (68.610833ms)
✔ context store readback rejects goal changes during artifact I/O (70.676583ms)
✔ context store readback rejects policy changes during artifact I/O (57.4015ms)
✔ context store readback rejects generation changes during artifact I/O (59.450125ms)
✔ context store readback rejects source changes during artifact I/O (71.469666ms)
✔ context store never turns state or source failure during a missing-frame read into successful regeneration (74.667667ms)
✔ context store refuses unavailable knowledge even when there is no previous head (11.046ms)
✔ context store leaves the previous head intact when candidate storage fails (73.14825ms)
✔ context store rejects a relabelled put receipt or altered readback bytes and never publishes a head (58.935167ms)
✔ context store applies byte limits before writing or loading a derived frame (72.906ms)
✔ canonical state has explicit nulls, bounded revisions and no provider/SQL objects (2.498209ms)
✔ goal validation cannot silently drop unknown authorization fields or empty completion rules (0.12025ms)
✔ partial result is distinct from complete result and API errors are not evidence of absence (0.494542ms)
✔ plan and context explicitly bind state and goal revisions (0.656166ms)
✔ invalid provider content is not included in validation error text (0.124416ms)
✔ a late counterexample prevents a previously delivered answer from being displayed as the current result (717.008583ms)
✔ a public snapshot retries a goal change during artifact verification (634.256542ms)
✔ conversation view keeps message selection and public status on the same revision (567.900292ms)
✔ cancelled work displays its status rather than its historical delivered result (693.119791ms)
✔ request acceptance is atomic, duplicate input is stable and each conversation can bind several works (17.076042ms)
✔ failed acceptance commit creates neither a work nor a reception acknowledgment (47.332875ms)
✔ analysis, response preparation, delivery and completion are distinct; retransmission never collects evidence again (20.901125ms)
✔ analysis-only completion does not pretend that its result was prepared or delivered (6.751542ms)
✔ pending questions are grouped once and resolving a question cannot waive required result delivery (5.834125ms)
✔ independent dispatchers claim once and receipt reconciliation after restart does not send again (103.097916ms)
✔ ambiguous delivery with no idempotency stays unknown, including repeated and timed-out lookup (10.878583ms)
✔ idempotent absent receipt permits only a bounded later retry and permanent failure stays visible (5.431958ms)
✔ goal before delivery prevents an obsolete or unauthorized result from being sent (6.827833ms)
✔ cancel before delivery prevents an obsolete or unauthorized result from being sent (6.33925ms)
✔ labels before delivery prevents an obsolete or unauthorized result from being sent (6.370584ms)
✔ destination before delivery prevents an obsolete or unauthorized result from being sent (5.55125ms)
✔ pause preserves pending delivery and resume can complete it without another source call (7.290625ms)
✔ late confirmed delivery is historical and cannot satisfy a revised goal (5.889667ms)
✔ an uncertain old-goal delivery retains its uncertainty when superseded by a new goal (6.143ms)
✔ SIGKILL between channel commit and outbox settlement recovers from two reopened databases without another send (254.443541ms)
✔ a never-dispatched response can be prepared after permission restoration, and large questions retain their full artifact (14.3885ms)
✔ sqlite/documents-simple: delete blocks derived copies and pending result; restart preserves tombstone and cancellation works after bytes are absent (522.944958ms)
✔ sqlite/observations-simple: delete blocks derived copies and pending result; restart preserves tombstone and cancellation works after bytes are absent (513.854917ms)
✔ file-journal/documents-simple: delete blocks derived copies and pending result; restart preserves tombstone and cancellation works after bytes are absent (2218.71775ms)
✔ file-journal/observations-simple: delete blocks derived copies and pending result; restart preserves tombstone and cancellation works after bytes are absent (1698.657791ms)
✔ sqlite: lifecycle ownership, concurrent generation and command identity are enforced (198.097708ms)
✔ sqlite: a question prepared before access removal is superseded without sending its text (301.672708ms)
✔ sqlite: data removal preserves an already dispatched write as an unresolved effect (240.128417ms)
✔ sqlite: tool reply is revalidated after lifecycle change during artifact storage (285.183333ms)
✔ sqlite: model reply is revalidated after lifecycle change during artifact storage (323.790334ms)
✔ sqlite: validity retraction allows labelled historical inspection and correction uses a new immutable evidence ID (267.721291ms)
✔ sqlite: a stored core.calls.get copy cannot expose deleted source content (393.059625ms)
✔ sqlite: evidence read rechecks a lifecycle change during artifact I/O (243.64875ms)
✔ sqlite: original read rechecks a lifecycle change during artifact I/O (229.032208ms)
✔ sqlite: result read rechecks a lifecycle change during artifact I/O (223.016834ms)
✔ sqlite: old dispatched tool reply after deletion is stored only as a sanitized failure (229.448125ms)
✔ sqlite: late model reply after deletion retains measured usage without retaining forbidden proposal text (332.2445ms)
✔ file-journal: lifecycle ownership, concurrent generation and command identity are enforced (1317.8625ms)
✔ file-journal: a question prepared before access removal is superseded without sending its text (1630.25725ms)
✔ file-journal: data removal preserves an already dispatched write as an unresolved effect (1163.610583ms)
✔ file-journal: tool reply is revalidated after lifecycle change during artifact storage (1218.061417ms)
✔ file-journal: model reply is revalidated after lifecycle change during artifact storage (976.185083ms)
✔ file-journal: validity retraction allows labelled historical inspection and correction uses a new immutable evidence ID (924.482333ms)
✔ file-journal: a stored core.calls.get copy cannot expose deleted source content (1534.277917ms)
✔ file-journal: evidence read rechecks a lifecycle change during artifact I/O (648.08925ms)
✔ file-journal: original read rechecks a lifecycle change during artifact I/O (999.212458ms)
✔ file-journal: result read rechecks a lifecycle change during artifact I/O (892.483583ms)
✔ file-journal: old dispatched tool reply after deletion is stored only as a sanitized failure (1076.735417ms)
✔ file-journal: late model reply after deletion retains measured usage without retaining forbidden proposal text (1469.077208ms)
✔ sqlite: restricted work reaches neither external estimator nor model even without an evidence body (94.30625ms)
✔ sqlite: authorized internal model retains the floor through a forced compact and stored request (116.717792ms)
✔ sqlite: disclosure revoked during source assembly stops the estimator before it receives prose (87.778583ms)
✔ sqlite: revoked model disclosure cancels a stored request before adapter entry (70.344583ms)
✔ sqlite: disclosure revoked during stored model input read stops the final transport (107.567ms)
✔ sqlite: tool access labels cannot authorize restricted task inputs to an external tool (101.146583ms)
✔ sqlite: read permission narrowing does not relabel old task prose as public (150.836625ms)
✔ sqlite: authorized internal tool receives one invocation after current disclosure check (104.05275ms)
✔ sqlite: changed disclosure during asynchronous tool preflight stops adapter entry (97.478959ms)
✔ sqlite: denied channel cannot receive even a queued acknowledgement from restricted work (77.454292ms)
✔ sqlite: disclosure revocation preserves unknown delivery and prevents full-body lookup (116.6535ms)
✔ sqlite: still-authorized unknown delivery uses lookup without resending (113.936958ms)
✔ sqlite: policy changed during artifact check stops an unknown question lookup (154.018916ms)
✔ sqlite: child budget cannot omit or expand parent disclosure policy (58.90425ms)
✔ sqlite: child read-scope narrowing inherits the parent prose floor and blocks model export (91.932208ms)
✔ sqlite: legacy parent cannot classify copied work prose by creating a boundary-enabled child (80.018042ms)
✔ sqlite: floor and active policy cannot be removed by a direct state commit (77.123ms)
✔ sqlite: classifying a preexisting legacy work requires explicit migration (63.671125ms)
✔ file-journal: restricted work reaches neither external estimator nor model even without an evidence body (180.978792ms)
✔ file-journal: authorized internal model retains the floor through a forced compact and stored request (578.038042ms)
✔ file-journal: disclosure revoked during source assembly stops the estimator before it receives prose (199.972084ms)
✔ file-journal: revoked model disclosure cancels a stored request before adapter entry (435.532084ms)
✔ file-journal: disclosure revoked during stored model input read stops the final transport (468.134125ms)
✔ file-journal: tool access labels cannot authorize restricted task inputs to an external tool (318.201666ms)
✔ file-journal: read permission narrowing does not relabel old task prose as public (643.420583ms)
✔ file-journal: authorized internal tool receives one invocation after current disclosure check (563.214333ms)
✔ file-journal: changed disclosure during asynchronous tool preflight stops adapter entry (656.308083ms)
✔ file-journal: denied channel cannot receive even a queued acknowledgement from restricted work (430.384042ms)
✔ file-journal: disclosure revocation preserves unknown delivery and prevents full-body lookup (738.214125ms)
✔ file-journal: still-authorized unknown delivery uses lookup without resending (876.897125ms)
✔ file-journal: policy changed during artifact check stops an unknown question lookup (1226.225709ms)
✔ file-journal: child budget cannot omit or expand parent disclosure policy (340.912458ms)
✔ file-journal: child read-scope narrowing inherits the parent prose floor and blocks model export (490.707708ms)
✔ file-journal: legacy parent cannot classify copied work prose by creating a boundary-enabled child (144.112958ms)
✔ file-journal: floor and active policy cannot be removed by a direct state commit (140.521084ms)
✔ file-journal: classifying a preexisting legacy work requires explicit migration (132.345667ms)
✔ memory state adapter applies the same floor transition guard as persistent adapters (0.800084ms)
✔ direct structured adapter denies estimation and transport using the retained context floor (1.461542ms)
✔ disclosure comparison: twelve A/B/C transport cases use two fixture families and reopened persistent stores (10810.54825ms)
✔ disclosure comparison: independent scoring rejects injected outbound originals even with rewritten measurement claims (190.564875ms)
✔ disclosure comparison: empty release, missing raw checks and advisory authority cannot become passing zero-leak samples (1467.463541ms)
✔ disclosure comparison: same-lineage and renamed copies retain root dependency while missing roots cannot independently complete (1.430042ms)
✔ disclosure comparison: tool and A2A data cannot add policy authority to a strict model proposal or mutate stored work (1.825542ms)
✔ destination rules combine read authority, destination, surface and labels (0.758208ms)
✔ duplicate destinations and rules with arbitrary output keys or ambiguous mappings are rejected (2.263084ms)
✔ child policies cannot remove destination restrictions or increase release budgets (0.104208ms)
✔ sqlite: release keeps only finite mapped facts and preserves immutable internal source proof (130.373625ms)
✔ sqlite: retry and reopen reuse the recorded release without resetting its budget (191.653125ms)
✔ sqlite: lineage aliases count repeated copies as the same source (137.84375ms)
✔ sqlite: release does not accept data-supplied policy, an unknown field value, or missing evidence (145.262209ms)
✔ sqlite: restrict invalidates a stored release and preserves prior disclosure usage (150.965208ms)
✔ sqlite: retract invalidates a stored release and preserves prior disclosure usage (133.7405ms)
✔ sqlite: supersede invalidates a stored release and preserves prior disclosure usage (119.6955ms)
✔ sqlite: delete invalidates a stored release and preserves prior disclosure usage (125.754291ms)
✔ sqlite: policy invalidates a stored release and preserves prior disclosure usage (117.381459ms)
✔ sqlite: goal invalidates a stored release and preserves prior disclosure usage (156.122083ms)
✔ sqlite: current read restrictions and wrong actor prevent release and later read (121.9665ms)
✔ sqlite: policy revocation during original read prevents publication (114.216166ms)
✔ sqlite: raw source gates cover every export surface without reclassifying the source (103.980208ms)
✔ sqlite: accumulated bytes and request identity remain binding (142.040041ms)
✔ sqlite: concurrent release publication does not overspend a one-release budget (132.201334ms)
✔ sqlite: release proof and cumulative history cannot be deleted or rewritten (183.909334ms)
✔ file-journal: release keeps only finite mapped facts and preserves immutable internal source proof (367.00975ms)
✔ file-journal: retry and reopen reuse the recorded release without resetting its budget (756.685083ms)
✔ file-journal: lineage aliases count repeated copies as the same source (521.227458ms)
✔ file-journal: release does not accept data-supplied policy, an unknown field value, or missing evidence (316.734917ms)
✔ file-journal: restrict invalidates a stored release and preserves prior disclosure usage (555.005917ms)
✔ file-journal: retract invalidates a stored release and preserves prior disclosure usage (675.812125ms)
✔ file-journal: supersede invalidates a stored release and preserves prior disclosure usage (370.927292ms)
✔ file-journal: delete invalidates a stored release and preserves prior disclosure usage (467.948917ms)
✔ file-journal: policy invalidates a stored release and preserves prior disclosure usage (437.024208ms)
✔ file-journal: goal invalidates a stored release and preserves prior disclosure usage (384.8005ms)
✔ file-journal: current read restrictions and wrong actor prevent release and later read (355.284833ms)
✔ file-journal: policy revocation during original read prevents publication (271.881166ms)
✔ file-journal: raw source gates cover every export surface without reclassifying the source (623.626834ms)
✔ file-journal: accumulated bytes and request identity remain binding (390.80525ms)
✔ file-journal: concurrent release publication does not overspend a one-release budget (426.175625ms)
✔ file-journal: release proof and cumulative history cannot be deleted or rewritten (226.682041ms)
✔ sqlite: a generic artifact reference cannot bypass its connected evidence restriction (158.290417ms)
✔ sqlite: changed or unavailable memory dependencies stop release and raw views (133.050042ms)
✔ sqlite: a new lineage on derived evidence does not create a new independent root (140.523916ms)
✔ sqlite: a lost commit response cannot erase a disclosure or give its budget back (128.213875ms)
✔ sqlite: an unclassified new work cannot opt in with an empty label floor (98.001625ms)
✔ file-journal: a generic artifact reference cannot bypass its connected evidence restriction (191.946125ms)
✔ file-journal: changed or unavailable memory dependencies stop release and raw views (509.921667ms)
✔ file-journal: a new lineage on derived evidence does not create a new independent root (688.933709ms)
✔ file-journal: a lost commit response cannot erase a disclosure or give its budget back (667.726333ms)
✔ file-journal: an unclassified new work cannot opt in with an empty label floor (146.006416ms)
✔ sqlite: every released transport entry rechecks source authority and receiver binding (125.732042ms)
✔ sqlite: revocation during released source validation prevents receiver entry (169.281834ms)
✔ sqlite: a receiver exception is an unknown outcome with retained release usage and no source-bearing error (134.948125ms)
✔ file-journal: every released transport entry rechecks source authority and receiver binding (881.17875ms)
✔ file-journal: revocation during released source validation prevents receiver entry (640.975875ms)
✔ file-journal: a receiver exception is an unknown outcome with retained release usage and no source-bearing error (593.015ms)
✔ sqlite: initial model disclosure denial returns a durable blocked workflow and checkpoint (203.62ms)
✔ sqlite: revoked reserved model is accounted as unused and resumes with one fresh call after reopen (364.153125ms)
✔ sqlite: disclosure changes inside dispatch preflight settle a known-unused reservation instead of escaping (202.444917ms)
✔ sqlite: required result channel denial persists blocked state and can resume delivery from checkpoint (257.435667ms)
✔ sqlite: completed analysis keeps its terminal state while unavailable channel yields an undelivered response (133.310792ms)
✔ sqlite: an unsuccessful resume under unchanged channel policy blocks again without becoming runnable (111.766166ms)
✔ sqlite: simultaneous cancel and disclosure revocation preserve user control and unused accounting (135.470291ms)
✔ sqlite: simultaneous pause and disclosure revocation preserve user control and unused accounting (150.734167ms)
✔ file-journal: initial model disclosure denial returns a durable blocked workflow and checkpoint (1721.4875ms)
✔ file-journal: revoked reserved model is accounted as unused and resumes with one fresh call after reopen (5161.893834ms)
✔ file-journal: disclosure changes inside dispatch preflight settle a known-unused reservation instead of escaping (2189.273958ms)
✔ file-journal: required result channel denial persists blocked state and can resume delivery from checkpoint (2705.979292ms)
✔ file-journal: completed analysis keeps its terminal state while unavailable channel yields an undelivered response (2565.480542ms)
✔ file-journal: an unsuccessful resume under unchanged channel policy blocks again without becoming runnable (1494.198833ms)
✔ file-journal: simultaneous cancel and disclosure revocation preserve user control and unused accounting (1774.879875ms)
✔ file-journal: simultaneous pause and disclosure revocation preserve user control and unused accounting (1755.378667ms)
✔ inject all local ports without a database or channel SDK: documents-simple (6.04025ms)
✔ inject all local ports without a database or channel SDK: observations-simple (1.036375ms)
✔ scripted planner honors cancellation and cannot mutate caller state (0.373333ms)
✔ fake sink exposes delivery uncertainty and deduplicates only matching content (0.110042ms)
✔ sqlite: injected invalid retained proof blocks every pending ack, question and failure before transport (192.655958ms)
✔ sqlite: retained failed proof blocks receipt lookup and settlement for uncertain ack, question and failure (116.56975ms)
✔ sqlite: settled-to-failed transition during send cannot adopt an already returned channel receipt (450.853167ms)
✔ sqlite: failed-only retained proof is checked again at the final delivery commit after an artifact await (428.13575ms)
✔ file-journal: injected invalid retained proof blocks every pending ack, question and failure before transport (1490.034125ms)
✔ file-journal: retained failed proof blocks receipt lookup and settlement for uncertain ack, question and failure (543.171625ms)
✔ file-journal: settled-to-failed transition during send cannot adopt an already returned channel receipt (1753.594583ms)
✔ file-journal: failed-only retained proof is checked again at the final delivery commit after an artifact await (2656.712792ms)
✔ effect proofs: a legacy work uses neither the optional checker nor any refresh mutation (17.658417ms)
✔ effect proofs: settled claims require a checker and checker failures stay unavailable (9.089292ms)
✔ effect proofs: missing checker reopens the original obligation and cancels ordinary reservations once without rewriting proof history (7.22525ms)
✔ effect proofs: expired reserved lookup releases only an undispatched reservation and preserves measured uncertainty (5.264167ms)
✔ effect proofs: expired running lookup releases only an undispatched reservation and preserves measured uncertainty (4.739083ms)
✔ effect proofs: lifecycle deletion reopens a settled effect and quarantines all linked references without changing received facts or timestamps (7.020833ms)
✔ effect proofs: a committed tool dispatch with missing proof authority cannot silently bypass the broker (7.623167ms)
✔ effect proofs: a committed tool dispatch with invalid proof authority cannot silently bypass the broker (5.924833ms)
✔ effect proofs: a committed tool dispatch with valid proof authority cannot silently bypass the broker (5.143291ms)
✔ effect proofs: a reuse await that loses proof validity is checked before implementation entry (4.808625ms)
✔ effect proofs: invalid proof prevents new model reservation before compiling input (4.841167ms)
✔ effect proofs: losing proof during model input read prevents actual planner entry and still settles the dispatched call (9.57875ms)
✔ effect proofs: loss during adoption artifact checks rejects a stored model proposal while preserving usage (7.194917ms)
✔ effect proofs: a valid checker permits one model invocation and adoption with the historical proof unchanged (5.803ms)
✔ effect proofs: proof loss during result body storage prevents response publication (6.604667ms)
✔ effect proofs: a same-revision snapshot suppresses an existing result when its proof becomes unavailable during the read (4.786ms)
✔ sqlite: work resource bodies and metadata use canonical effect proof with a narrowed caller and fail without a checker (466.708083ms)
✔ sqlite: proof invalidation during original or stored result I/O cannot return the already read body (526.922375ms)
✔ sqlite: disclosure release, saved payload, raw read and receiver entry all retain current source effect proof (543.890209ms)
✔ sqlite: private, derived and cached shared memory cannot outlive the original work effect proof (572.954625ms)
✔ sqlite: source proof authentication does not recursively validate memory copied into that same work (1443.844334ms)
✔ sqlite: a failed historical effect proof stays required after refresh and reopen until the same source is explicitly proved again (1858.979458ms)
✔ file-journal: work resource bodies and metadata use canonical effect proof with a narrowed caller and fail without a checker (1762.918792ms)
✔ file-journal: proof invalidation during original or stored result I/O cannot return the already read body (1434.945833ms)
✔ file-journal: disclosure release, saved payload, raw read and receiver entry all retain current source effect proof (1746.8825ms)
✔ file-journal: private, derived and cached shared memory cannot outlive the original work effect proof (2395.850417ms)
✔ file-journal: source proof authentication does not recursively validate memory copied into that same work (8436.680542ms)
✔ file-journal: a failed historical effect proof stays required after refresh and reopen until the same source is explicitly proved again (14900.301584ms)
✔ evaluation build: none checks source and executed output together (153.045917ms)
✔ evaluation build: source checks source and executed output together (74.94975ms)
✔ evaluation build: compiled checks source and executed output together (83.347333ms)
✔ evaluation build: missing checks source and executed output together (97.156917ms)
✔ evaluation build: runtime checks source and executed output together (94.042625ms)
✔ evaluation build: orphan checks source and executed output together (119.693709ms)
✔ evaluation build: a source change during case selection cannot relabel older compiled execution (171.334625ms)
✔ sqlite: readonly evaluation replay authenticates full receipt history, old originals and the current resume packet after reopen (237.154917ms)
✔ sqlite: version, pins and independently recomputed score are required without writes (234.442416ms)
✔ sqlite: receipt omission, duplicates, absent receipts and changed stored states fail closed (237.742625ms)
✔ sqlite: altered oracle and expected outcome cannot be blessed by recomputing sample and score hashes (275.597416ms)
✔ sqlite: rehashing an altered or dropped intermediate completion cannot bypass receipt-state binding (258.894ms)
✔ sqlite: repeated readonly observations and explicit status-only measurement preserve historical receipt validation (254.776125ms)
✔ sqlite: omitted historical artifacts and conflicting refs are detected independently of the supplied list (231.887959ms)
✔ sqlite: deleted original is unavailable even with intact state, score and resume blob (232.9225ms)
✔ sqlite: corrupt original is unavailable even with intact state, score and resume blob (242.239583ms)
✔ sqlite: historical_deleted original is unavailable even with intact state, score and resume blob (209.60675ms)
✔ sqlite: wrong owner and the current actor's narrower label policy cannot replay source bytes (247.025208ms)
✔ sqlite: a currently indexed original cannot override a durable lifecycle tombstone (285.95325ms)
✔ sqlite: foreign, body-altered and lost resume packets fail without regeneration (378.70925ms)
✔ sqlite: canonical changes during original I/O prevent a successful replay result (241.811667ms)
✔ sqlite: a receipt changed after initial validation is caught at the final read boundary (214.408041ms)
✔ sqlite: caller mutation cannot replace the in-flight sample and current actor revocation is detected (221.593333ms)
✔ file-journal: readonly evaluation replay authenticates full receipt history, old originals and the current resume packet after reopen (975.859875ms)
✔ file-journal: version, pins and independently recomputed score are required without writes (562.326084ms)
✔ file-journal: receipt omission, duplicates, absent receipts and changed stored states fail closed (726.815875ms)
✔ file-journal: altered oracle and expected outcome cannot be blessed by recomputing sample and score hashes (636.866542ms)
✔ file-journal: rehashing an altered or dropped intermediate completion cannot bypass receipt-state binding (856.80775ms)
✔ file-journal: repeated readonly observations and explicit status-only measurement preserve historical receipt validation (951.77625ms)
✔ file-journal: omitted historical artifacts and conflicting refs are detected independently of the supplied list (942.349916ms)
✔ file-journal: deleted original is unavailable even with intact state, score and resume blob (726.711125ms)
✔ file-journal: corrupt original is unavailable even with intact state, score and resume blob (756.709083ms)
✔ file-journal: historical_deleted original is unavailable even with intact state, score and resume blob (611.254333ms)
✔ file-journal: wrong owner and the current actor's narrower label policy cannot replay source bytes (589.023459ms)
✔ file-journal: a currently indexed original cannot override a durable lifecycle tombstone (727.751416ms)
✔ file-journal: foreign, body-altered and lost resume packets fail without regeneration (1254.108958ms)
✔ file-journal: canonical changes during original I/O prevent a successful replay result (530.895375ms)
✔ file-journal: a receipt changed after initial validation is caught at the final read boundary (517.008667ms)
✔ file-journal: caller mutation cannot replace the in-flight sample and current actor revocation is detected (497.220167ms)
✔ forgotten evidence is rediscovered by ID, source, locator or facts without returning fact bodies (24.975083ms)
✔ hidden, retracted, superseded and parent-retracted evidence never contributes cards or hasMore (9.560792ms)
✔ Korean NFC and NFD clues and English case variants find the same current evidence (9.121125ms)
✔ the evidence discovery tool preserves bounded current-card and partial-call semantics (6.579792ms)
✔ locator truncation preserves the exact evidence ID and reports partial coverage without inventing more matches (6.073666ms)
✔ different owners, tenants and narrower caller labels cannot inspect evidence discovery cards (6.287292ms)
✔ retained knowledge failure at validation 1 blocks cards before return (7.034292ms)
✔ retained knowledge failure at validation 2 blocks cards before return (6.34125ms)
✔ a work retaining knowledge cannot discover derived evidence without its current validator (4.967459ms)
✔ a goal change while the final source-state read waits prevents returning earlier-scope cards (5.646167ms)
✔ caller permission narrowing during the knowledge gate is detected even without a work revision change (5.337292ms)
✔ strict discovery arguments reject extra authority, excessive query length and invalid limits (5.390834ms)
✔ instructions in source facts remain data and discovery changes no facts, goal, plan or authority (5.221125ms)
✔ pre-aborted discovery uses the common read wrapper without reading the work (4.894041ms)
✔ current and historical views enforce own access, tenant, scope and artifact labels while omitted access stays available (0.951167ms)
✔ two generations of derived evidence lose current validity when an ancestor is retracted or superseded, while history stays readable (0.143791ms)
✔ ancestor restriction, deletion, missing reference or revoked labels blocks current and historical descendants (0.1015ms)
✔ a correction remains a monotonic supersession after retraction, restriction, deletion or permission loss (0.804209ms)
✔ supersession uses the full valid version chain and is independent of record ordering (0.082334ms)
✔ foreign tenant, scope, source, lineage and invalid time cannot suppress a valid original (0.0935ms)
✔ a replacement does not depend on a superseded body being current or present in a selected view (0.090959ms)
✔ cyclic, missing and ambiguous derived references fail closed without removing independent evidence (0.069ms)
✔ deep derived chains are evaluated without recursive call-stack growth and do not become independent sources (8.010875ms)
✔ record intake accepts parents and descendants in either order and preserves caller objects (3.83525ms)
✔ record intake requires inherited labels on both derivation and replacement edges (0.66925ms)
✔ record intake requires artifact labels to cover the evidence and rejects artifacts outside policy (0.444625ms)
✔ new records inherit transitive dependency labels even if a legacy intermediate record was under-labelled (0.200375ms)
✔ shared ancestry across multiple parents is not mistaken for a cycle (0.082417ms)
✔ derived intake refuses historical or inaccessible ancestors and checks validity after the whole incoming batch (0.344125ms)
✔ replacement intake permits an accessible retracted target but never an inaccessible historical target (0.166542ms)
✔ record intake rejects missing references and invalid tenant, scope, source, lineage or time on replacements (0.264125ms)
✔ record intake rejects self, indirect and mixed cycles before accepting partial lineage (0.12375ms)
✔ omitted and explicit available access are idempotently equivalent but content or access changes cannot overwrite an ID (0.642958ms)
✔ tool-result validation preserves effect, error and artifact guards while using the shared record intake (0.221916ms)
✔ evaluation: fixture truth distinguishes acknowledgement, first original, delivered useful answer and verified completion (4.106917ms)
✔ evaluation: a runtime completed flag cannot replace the fixed expected facts (0.507291ms)
✔ evaluation: absent expected facts do not count as verified evidence or a useful answer (0.244583ms)
✔ evaluation: early delivered answers remain false completion even if the final state later becomes correct (0.3195ms)
✔ evaluation: a correct result before a declared late-evidence release fails the fixed timeline oracle (0.251584ms)
✔ evaluation: wrong source identity cannot satisfy an original named by the fixture oracle (0.18225ms)
✔ evaluation: wrong lineage identity cannot satisfy an original named by the fixture oracle (0.241292ms)
✔ evaluation: wrong observation time cannot satisfy an original named by the fixture oracle (0.306ms)
✔ evaluation: wrong tenant cannot satisfy an original named by the fixture oracle (0.296917ms)
✔ evaluation: wrong scope cannot satisfy an original named by the fixture oracle (0.213ms)
✔ evaluation: restricted label cannot satisfy an original named by the fixture oracle (0.185875ms)
✔ evaluation: restricted access cannot satisfy an original named by the fixture oracle (0.162666ms)
✔ evaluation: retracted source cannot satisfy an original named by the fixture oracle (0.154916ms)
✔ evaluation: copied source cannot satisfy an original named by the fixture oracle (0.15575ms)
✔ evaluation: partial coverage cannot satisfy an original named by the fixture oracle (0.143833ms)
✔ evaluation: two required records from one lineage cannot satisfy a two-source criterion even with matching facts (0.182583ms)
✔ evaluation: duplicate source IDs, current forbidden evidence and unresolved counterevidence fail independently (0.43575ms)
✔ evaluation: a pinned replacement must remain readable, accepted, original and complete without resurrecting its withdrawn predecessor (0.80925ms)
✔ evaluation: hypothesis status and current original support are checked against the pinned final hypothesis (0.241541ms)
✔ evaluation: answer delivery requires authorized routing and explicit required evidence references (0.784625ms)
✔ evaluation: waiting with an unknown delivery reports no useful answer latency and preserves its delivery obligation (0.16925ms)
✔ evaluation: run errors and mismatched final control remain failures even for an expected blocked case (0.203417ms)
✔ evaluation: completed states with pending obligations or an undelivered required response are false completion (0.580167ms)
✔ evaluation: status-only observation of an existing completed work is not a new completion or answer (0.318292ms)
✔ evaluation: cumulative costs cannot disappear and unknown model usage cannot become fabricated zero after resume (0.337584ms)
✔ evaluation: a real late usage report may resolve unknown reservations while preserving known and additional charges (0.244291ms)
✔ evaluation: a gate failure before dispatch costs zero, while a dispatched call denied before invocation remains charged (0.4695ms)
✔ evaluation: observations and source queries can repeat without duplicating intervention or context accounting (0.377208ms)
✔ evaluation: context cost comes from unique persisted model calls and remains distinct from reported token usage (0.481291ms)
✔ evaluation summary: contract success, all-case completion and eligible completion use different explicit denominators (5.288084ms)
✔ evaluation summary: nearest-rank p50/p95 include answer samples only and report the sample count (0.687416ms)
✔ evaluation summary: supplied scores join by case ID and cannot silently replace missing or duplicate cases (0.740791ms)
✔ sqlite: two local callers join one real execution and preserve owner, lease, deadline and one budget charge (216.503125ms)
✔ sqlite: cancelling the initiating caller and another joined caller detaches only their waits (237.572709ms)
✔ sqlite: an already aborted caller cannot create an execution (123.189708ms)
✔ sqlite: another facade observes durable running and settled states without claiming local promise ownership (243.6765ms)
✔ sqlite: a different owner and an expired reservation remain explicit waits without lease renewal or automatic recovery (125.09975ms)
✔ sqlite: reopening a dispatched write never replays it and explicit recovery retains the unknown effect obligation (171.647833ms)
✔ sqlite: reopening after a stored result reports received without executing or adopting it again (156.611ms)
✔ sqlite: state changes during receipt lookup are reread before the facade decides to execute (132.385208ms)
✔ sqlite: a reporting read error after successful execution is shared as an error and retry only observes the durable result (180.948583ms)
✔ file-journal: two local callers join one real execution and preserve owner, lease, deadline and one budget charge (960.975542ms)
✔ file-journal: cancelling the initiating caller and another joined caller detaches only their waits (893.947875ms)
✔ file-journal: an already aborted caller cannot create an execution (409.768167ms)
✔ file-journal: another facade observes durable running and settled states without claiming local promise ownership (867.775083ms)
✔ file-journal: a different owner and an expired reservation remain explicit waits without lease renewal or automatic recovery (529.186792ms)
✔ file-journal: reopening a dispatched write never replays it and explicit recovery retains the unknown effect obligation (656.975ms)
✔ file-journal: reopening after a stored result reports received without executing or adopting it again (885.539166ms)
✔ file-journal: state changes during receipt lookup are reread before the facade decides to execute (416.227208ms)
✔ file-journal: a reporting read error after successful execution is shared as an error and retry only observes the durable result (748.792041ms)
✔ execution mode CLI sqlite: fast reception survives process exit and repeated status is read-only (1363.80275ms)
✔ execution mode CLI sqlite: mode command is durable and idempotent while stale revisions do not change state (1529.793042ms)
✔ execution mode CLI sqlite: a pending mode change is visible after exit and preserves the reserved attempt (1483.798209ms)
✔ execution mode CLI sqlite: enum, both revisions and an explicit nonblank reason are required (1403.954417ms)
✔ execution mode CLI sqlite: irrelevant mode options are rejected before opening a profile (623.0395ms)
✔ execution mode CLI sqlite documents-simple: changing mode preserves the goal, original source and completed work (1696.010792ms)
✔ execution mode CLI sqlite observations-simple: changing mode preserves the goal, original source and completed work (1634.894417ms)
✔ execution mode CLI file-journal: fast reception survives process exit and repeated status is read-only (2513.016125ms)
✔ execution mode CLI file-journal: mode command is durable and idempotent while stale revisions do not change state (2072.680708ms)
✔ execution mode CLI file-journal: a pending mode change is visible after exit and preserves the reserved attempt (2723.208083ms)
✔ execution mode CLI file-journal: enum, both revisions and an explicit nonblank reason are required (1810.610667ms)
✔ execution mode CLI file-journal: irrelevant mode options are rejected before opening a profile (637.699333ms)
✔ execution mode CLI file-journal documents-simple: changing mode preserves the goal, original source and completed work (4850.476375ms)
✔ execution mode CLI file-journal observations-simple: changing mode preserves the goal, original source and completed work (4606.727208ms)
✔ sqlite/documents-simple/auto: one necessary plan and observation complete with no extra investigation (541.992875ms)
✔ sqlite/documents-simple/fast: one necessary plan and observation complete with no extra investigation (495.24425ms)
✔ sqlite/documents-simple/deep: one necessary plan and observation complete with no extra investigation (443.686458ms)
✔ sqlite/observations-simple/auto: one necessary plan and observation complete with no extra investigation (380.734708ms)
✔ sqlite/observations-simple/fast: one necessary plan and observation complete with no extra investigation (489.25275ms)
✔ sqlite/observations-simple/deep: one necessary plan and observation complete with no extra investigation (399.073583ms)
✔ sqlite/documents-complex/auto: complex scope is either validated for investigation or rejected without false completion (568.872583ms)
✔ sqlite/documents-complex/fast: complex scope is either validated for investigation or rejected without false completion (231.01675ms)
✔ sqlite/documents-complex/deep: complex scope is either validated for investigation or rejected without false completion (649.150916ms)
✔ sqlite/observations-complex/auto: complex scope is either validated for investigation or rejected without false completion (488.46625ms)
✔ sqlite/observations-complex/fast: complex scope is either validated for investigation or rejected without false completion (202.089708ms)
✔ sqlite/observations-complex/deep: complex scope is either validated for investigation or rejected without false completion (480.807541ms)
✔ sqlite: mode commands enforce owner and both revisions, remain idempotent, and preserve goal and costs (97.668875ms)
✔ sqlite: lowering to fast after two paid reads cannot reset usage or oversubscribe the next reservation (216.121ms)
✔ sqlite: explicit model cap and fast cap include reservations and do not reopen paid capacity (630.086833ms)
✔ sqlite: a running model keeps its pending mode request and late reply accounting until the next safe boundary (399.953083ms)
✔ sqlite: a pending mode survives reserved model restart without invalidating its stored input (502.08ms)
✔ sqlite: cancel overrides a pending mode without discarding late measured model costs (251.999708ms)
✔ sqlite: deep to fast retains original goal, completed tasks, checkpoint and result reuse after reopen (392.956125ms)
✔ sqlite: fast keeps mandatory review of existing hypotheses and cannot replace it with premature completion (461.16125ms)
✔ sqlite: legacy model reservations keep their version-one basis when a pending mode first materializes control (303.778375ms)
✔ sqlite: a newer mode wins a pending-mode boundary CAS race (118.600042ms)
✔ sqlite: a newer cancel wins a pending-mode boundary CAS race (150.805791ms)
✔ sqlite: cancellation during model backoff publication returns current control without failing the workflow (228.164333ms)
✔ sqlite: auto mode change and reopen preserve a partial collection's original goal and explicit resume chain (962.2265ms)
✔ file-journal/documents-simple/auto: one necessary plan and observation complete with no extra investigation (3218.778ms)
✔ file-journal/documents-simple/fast: one necessary plan and observation complete with no extra investigation (3676.791625ms)
✔ file-journal/documents-simple/deep: one necessary plan and observation complete with no extra investigation (3658.2725ms)
✔ file-journal/observations-simple/auto: one necessary plan and observation complete with no extra investigation (4606.009292ms)
✔ file-journal/observations-simple/fast: one necessary plan and observation complete with no extra investigation (4381.013167ms)
✔ file-journal/observations-simple/deep: one necessary plan and observation complete with no extra investigation (4462.275458ms)
✔ file-journal/documents-complex/auto: complex scope is either validated for investigation or rejected without false completion (6238.040167ms)
✔ file-journal/documents-complex/fast: complex scope is either validated for investigation or rejected without false completion (1217.33025ms)
✔ file-journal/documents-complex/deep: complex scope is either validated for investigation or rejected without false completion (5922.706167ms)
✔ file-journal/observations-complex/auto: complex scope is either validated for investigation or rejected without false completion (2903.928958ms)
✔ file-journal/observations-complex/fast: complex scope is either validated for investigation or rejected without false completion (629.015958ms)
✔ file-journal/observations-complex/deep: complex scope is either validated for investigation or rejected without false completion (2499.208375ms)
✔ file-journal: mode commands enforce owner and both revisions, remain idempotent, and preserve goal and costs (202.724167ms)
✔ file-journal: lowering to fast after two paid reads cannot reset usage or oversubscribe the next reservation (888.886875ms)
✔ file-journal: explicit model cap and fast cap include reservations and do not reopen paid capacity (2046.041875ms)
✔ file-journal: a running model keeps its pending mode request and late reply accounting until the next safe boundary (1769.223041ms)
✔ file-journal: a pending mode survives reserved model restart without invalidating its stored input (2106.621709ms)
✔ file-journal: cancel overrides a pending mode without discarding late measured model costs (825.640667ms)
✔ file-journal: deep to fast retains original goal, completed tasks, checkpoint and result reuse after reopen (2144.446416ms)
✔ file-journal: fast keeps mandatory review of existing hypotheses and cannot replace it with premature completion (2885.717625ms)
✔ file-journal: legacy model reservations keep their version-one basis when a pending mode first materializes control (1623.8875ms)
✔ file-journal: a newer mode wins a pending-mode boundary CAS race (1320.30825ms)
✔ file-journal: a newer cancel wins a pending-mode boundary CAS race (1195.690708ms)
✔ file-journal: cancellation during model backoff publication returns current control without failing the workflow (1159.965708ms)
✔ file-journal: auto mode change and reopen preserve a partial collection's original goal and explicit resume chain (6015.5255ms)
✔ local versioned defaults select direct auto/fast and investigate deep without allocating work (1.696ms)
✔ new controls snapshot caller policy and never expose the default policy for mutation (0.061083ms)
✔ legacy goals supply initial mode while a saved control overrides it without mutating state (3.054375ms)
✔ effective fast limits are absolute work caps and retain token/time limits (0.249792ms)
✔ auto starts direct while retaining the user work limits before evidence or strategy expansion (0.387625ms)
✔ explicit work caps beat mode policy and mode changes cannot grant a fresh allowance (0.185542ms)
✔ investigate strategies retain explicit work limits and pending mode requests have no effect yet (0.128792ms)
✔ fast allows completed history plus one pending task and counts only current adopted successes (1.179208ms)
✔ fast rejects an oversized pending graph or hypotheses without mutating or silently escalating (0.202958ms)
✔ fast preserves and reviews existing hypotheses while rejecting new optional hypotheses (0.165542ms)
✔ policy-specific scope limits are used instead of hard coded local defaults (0.151083ms)
✔ auto expands only validated plan scope and preserves investigate strategy on smaller subsequent plans (0.388791ms)
✔ deep permits a simple or empty plan without manufacturing tasks or hypotheses (0.272958ms)
✔ automatic expansion requires available relevant new evidence and an unmet criterion (0.364667ms)
✔ irrelevant, inaccessible, retracted and another-scope facts cannot justify expansion (0.672083ms)
✔ current counterevidence justifies investigation even if it has already been assessed (0.173875ms)
✔ current hypotheses allow review but sufficiently assessed completed goals do not expand (0.11ms)
✔ permission failure, empty responses and exhausted budgets are not independent escalation evidence (0.073625ms)
✔ pending obligations, active calls, terminal states and explicit modes suppress automatic expansion (0.228167ms)
✔ delivery waiting does not manufacture completion or suppress investigation of unmet criteria (0.062417ms)
✔ a reserved, running or received model prevents expansion until its existing call is settled (0.175083ms)
✔ policy contracts reject unknown fields, unsafe counts and blank versions while allowing explicit zero caps (0.749333ms)
✔ control contracts enforce current mode strategy and preserve distinct pending requests (0.357958ms)
✔ documents-simple: validated plan executes to verified completion without additional planner calls (25.047375ms)
✔ observations-simple: validated plan executes to verified completion without additional planner calls (11.137583ms)
✔ invalid plans fail before budget or execution: stale, cyclic, missing deps, schema, effects, permission and IDs (5.571709ms)
✔ plan commands deduplicate after later state changes; task IDs cannot hide changed inputs (5.402375ms)
✔ discarded unexecuted task ID still cannot acquire a different contract (3.657875ms)
✔ scripted planner proposal enters the real validator and executor only when control requests a plan (6.472458ms)
✔ dependencies execute in order; partial observations require another source, not false completion (7.817166ms)
✔ empty queue is replan; wake conditions, tool budget, deadline and cancellation produce distinct controls (5.884959ms)
✔ only authorized current-goal commands mutate state; duplicate cancellation is stable (4.325041ms)
✔ competing executors cannot both reserve or replay dispatch (4.676417ms)
✔ late tool result after cancel is recorded without adopting or reversing the command (5.440334ms)
✔ late tool result after goal is recorded without adopting or reversing the command (5.521667ms)
✔ expired dispatched read has bounded retry or explicit unknown effect (3.937708ms)
✔ expired dispatched write has bounded retry or explicit unknown effect (4.820375ms)
✔ invalid result identity, labels, references and output cannot become accepted evidence (32.292083ms)
✔ stored received result resumes in reopened SQLite and artifact stores without invoking tool again (266.45125ms)
✔ tool JSON schema validation compiles once, rejects unsupported schema and preserves inputs (3.112208ms)
✔ successful dependency chain follows DAG order even when task array is reversed (7.662625ms)
✔ pause before dispatch releases reservation; resume and repeated old pause do not cancel new execution (5.856333ms)
✔ tool failures retry only within attempt budget and repeated empty replans exhaust their own budget (8.042792ms)
✔ unconfirmed write is unknown and cannot satisfy the goal or be retried by a renamed task (5.208792ms)
✔ lease timeout yields even for a tool that ignores cancellation; late result cannot finish the goal (27.440208ms)
✔ permission revocation after reservation is rechecked before dispatch and durably blocks execution (3.929459ms)
✔ memory: waiting execution wakes only for expired lease or received result (11.962ms)
✔ sqlite: waiting execution wakes only for expired lease or received result (142.08425ms)
✔ baseline documents-complex (3.938166ms)
✔ baseline documents-simple (0.255958ms)
✔ baseline observations-complex (0.256792ms)
✔ baseline observations-simple (0.146583ms)
✔ both domains use the same schema and include simple/complex baselines (0.431583ms)
✔ fixture oracle rejects missing references and duplicated evidence IDs (0.714125ms)
✔ repetition and permutation cannot create independent sources (0.143458ms)
✔ completed facts do not discharge an unrelated pending obligation (0.064292ms)
✔ sqlite: goal change rejects a mode changed by another channel without modifying goal, control or receipts (267.115958ms)
✔ sqlite: goal control is rechecked after a commit CAS conflict and cannot overwrite the winning mode (287.573375ms)
✔ sqlite: unrelated commit contention retries the same goal request while incrementing control exactly once (257.217917ms)
✔ sqlite: successful goal replay remains idempotent after a later mode change and restart (309.866583ms)
✔ sqlite: goal mutation requires a positive safe control revision and strict fields before any receipt or state change (295.968208ms)
✔ sqlite: a legacy goal without stored execution control still requires its explicit initial revision (232.806667ms)
✔ sqlite: CLI goal changes require both explicit revisions, reject stale control and replay the saved receipt (1377.818708ms)
✔ sqlite: Web strict goal input carries control revision through HTTP and rejects a newer channel mode (301.158541ms)
✔ file-journal: goal change rejects a mode changed by another channel without modifying goal, control or receipts (861.011333ms)
✔ file-journal: goal control is rechecked after a commit CAS conflict and cannot overwrite the winning mode (806.7945ms)
✔ file-journal: unrelated commit contention retries the same goal request while incrementing control exactly once (601.979917ms)
✔ file-journal: successful goal replay remains idempotent after a later mode change and restart (580.73025ms)
✔ file-journal: goal mutation requires a positive safe control revision and strict fields before any receipt or state change (383.887083ms)
✔ file-journal: a legacy goal without stored execution control still requires its explicit initial revision (485.44025ms)
✔ file-journal: CLI goal changes require both explicit revisions, reject stale control and replay the saved receipt (2169.178125ms)
✔ file-journal: Web strict goal input carries control revision through HTTP and rejects a newer channel mode (1555.401042ms)
✔ Web goal schema accepts only an explicit positive safe numeric control revision (0.308291ms)
✔ sqlite: valid original guidance remains readable through two historical copies and records actual file probe bytes (463.8065ms)
✔ sqlite: body-edited without refresh invalidates original guidance history and two stored copies (412.947666ms)
✔ sqlite: body-deleted without refresh invalidates original guidance history and two stored copies (451.648209ms)
✔ sqlite: catalog-rules-changed without refresh invalidates original guidance history and two stored copies (477.679666ms)
✔ file-journal: valid original guidance remains readable through two historical copies and records actual file probe bytes (2324.336709ms)
✔ file-journal: body-edited without refresh invalidates original guidance history and two stored copies (2659.902292ms)
✔ file-journal: body-deleted without refresh invalidates original guidance history and two stored copies (2748.915125ms)
✔ file-journal: catalog-rules-changed without refresh invalidates original guidance history and two stored copies (3456.257ms)
✔ guidance refresh stages every provider page and only then replaces the complete snapshot (11.0585ms)
✔ guidance failure listing leaves the previous snapshot usable (0.7675ms)
✔ guidance mixed listing leaves the previous snapshot usable (0.468ms)
✔ guidance duplicate listing leaves the previous snapshot usable (0.461667ms)
✔ guidance cycle listing leaves the previous snapshot usable (0.353291ms)
✔ guidance page-bound listing leaves the previous snapshot usable (0.258416ms)
✔ guidance entry-bound listing leaves the previous snapshot usable (0.337625ms)
✔ guidance byte-bound listing leaves the previous snapshot usable (0.31175ms)
✔ guidance abort and late completion cannot replace a published listing (0.740584ms)
✔ guidance concurrent refresh rejects an earlier listing and a complete empty snapshot retires entries (0.464875ms)
✔ legacy list/load remains compatible and missing source validation disables body reuse (1.433292ms)
✔ guidance pages reach beyond 20 and preserve item and whole UTF-8 page bounds (6.583209ms)
✔ guidance cursor binds kind, owner, permission and snapshot and hides unauthorized counts (1.658125ms)
✔ hot guidance reuses only body/artifact while rules, selection reason and method are current (0.693917ms)
✔ guidance body cache cannot bypass current tenant, label or work-kind restrictions (0.433916ms)
✔ guidance cache obeys entry/byte bounds, evicts unused bodies and isolates artifact stores (0.571541ms)
✔ a body larger than the cache byte budget is read and decoded on every load (0.373209ms)
✔ a pending hot load cannot exceed cache bounds when another body evicts its old entry (0.39125ms)
✔ a cold legacy-source load rechecks its manifest after artifact persistence (0.255292ms)
✔ source changes during an artifact check are caught by the final probe (0.27525ms)
✔ manifest refresh during final validation rejects a hot result from the previous rules (0.991834ms)
✔ load cancellation cannot publish a cache entry after an ignored-signal provider returns (0.561459ms)
✔ file guidance reports actual cold/hot original I/O separately from put/decode reuse (21.719916ms)
ℹ {"coldOriginalReads":2,"hotOriginalReads":1,"coldOriginalBytes":48,"hotOriginalBytes":24,"source":{"catalogReads":7,"catalogBytes":2702,"bodyReads":3,"bodyBytes":72,"readCalls":1,"validateCalls":2},"catalog":{"sourceReadCalls":1,"sourceReadBytes":24,"sourceValidateCalls":2,"artifactPutCalls":1,"artifactCheckCalls":1,"bodyDecodes":1,"cacheHits":1,"cacheMisses":1,"cachedBodies":1,"cachedBytes":24},"artifactPuts":1,"artifactChecks":1}
✔ file guidance cache never bypasses a deleted original source (23.216541ms)
✔ file guidance cache never bypasses a modified original source (18.828375ms)
✔ file guidance cache never bypasses a manifest original source (38.240667ms)
✔ file guidance refresh observes a new catalog, preserves same-body cache and rejects invalid replacements (50.739ms)
✔ guidance resources documents-simple: cold and hot runtime loads retain provenance and report original I/O separately (38.484458ms)
ℹ {"family":"documents-simple","coldOriginalBytes":58,"hotOriginalBytes":29,"coldMetrics":{"sourceReadCalls":1,"sourceReadBytes":29,"sourceValidateCalls":1,"artifactPutCalls":1,"artifactCheckCalls":0,"bodyDecodes":1,"cacheHits":0,"cacheMisses":1,"cachedBodies":1,"cachedBytes":29},"hotMetrics":{"sourceReadCalls":1,"sourceReadBytes":29,"sourceValidateCalls":2,"artifactPutCalls":1,"artifactCheckCalls":1,"bodyDecodes":1,"cacheHits":1,"cacheMisses":1,"cachedBodies":1,"cachedBytes":29}}
✔ guidance resources documents-simple: policy revocation during a hot validation suppresses the cached body (9.575333ms)
✔ guidance resources documents-simple: a goal change while the source read waits cannot return the previous selection (6.773833ms)
✔ guidance resources documents-simple: a refreshed version cannot be replaced by an in-flight older load (6.125958ms)
✔ guidance resources documents-simple: cancellation reaches a pending source and returns no late body (5.953125ms)
✔ guidance resources observations-simple: cold and hot runtime loads retain provenance and report original I/O separately (10.881791ms)
ℹ {"family":"observations-simple","coldOriginalBytes":58,"hotOriginalBytes":29,"coldMetrics":{"sourceReadCalls":1,"sourceReadBytes":29,"sourceValidateCalls":1,"artifactPutCalls":1,"artifactCheckCalls":0,"bodyDecodes":1,"cacheHits":0,"cacheMisses":1,"cachedBodies":1,"cachedBytes":29},"hotMetrics":{"sourceReadCalls":1,"sourceReadBytes":29,"sourceValidateCalls":2,"artifactPutCalls":1,"artifactCheckCalls":1,"bodyDecodes":1,"cacheHits":1,"cacheMisses":1,"cachedBodies":1,"cachedBytes":29}}
✔ guidance resources observations-simple: policy revocation during a hot validation suppresses the cached body (6.484833ms)
✔ guidance resources observations-simple: a goal change while the source read waits cannot return the previous selection (4.980125ms)
✔ guidance resources observations-simple: a refreshed version cannot be replaced by an in-flight older load (5.124875ms)
✔ guidance resources observations-simple: cancellation reaches a pending source and returns no late body (4.505917ms)
✔ guidance resources: paginated cards respect the complete output byte budget and never read guidance bodies (10.375333ms)
✔ guidance resources: cursors cannot cross kind, caller labels, owner or a refreshed listing (4.952208ms)
✔ guidance resources: legacy discovery keeps its original shape and current method in both work families (9.086917ms)
✔ guidance resources: optional paging fields are strict and pre-aborted discovery performs no original reads (5.261ms)
✔ legacy current validation reads original bytes and a fresh listing and accounts for each cost (4.71475ms)
✔ legacy cold load compares a fresh manifest without duplicating the original read (1.095458ms)
✔ a cancelled current probe makes no original read and a failed fresh listing is not accepted (0.481125ms)
✔ sqlite: context compilation refuses delete in an original guidance source (275.796667ms)
✔ sqlite: context compilation refuses modify in an original guidance source (273.10975ms)
✔ sqlite: context compilation refuses rules in an original guidance source (232.186666ms)
✔ sqlite: restarted stored model input cannot send a deleted original guide (323.766709ms)
✔ sqlite: restarted stored model input cannot send a modifyd original guide (356.629958ms)
✔ sqlite: policy during original-source validation stops transport and settles zero usage (335.149916ms)
✔ sqlite: goal during original-source validation stops transport and settles zero usage (345.085333ms)
✔ sqlite: cancel during original-source validation stops transport and settles zero usage (384.130792ms)
✔ sqlite: manifest refresh after the source probe is caught after final state lookup (369.712791ms)
✔ sqlite: an ignored-signal original probe is stopped by the remaining model lease (594.870208ms)
✔ sqlite: stored guidance loss during source probe blocks transport and prevents settlement until repair (348.910708ms)
✔ sqlite: unchanged original guidance sends the exact stored request once after restart (331.068917ms)
✔ file-journal: context compilation refuses delete in an original guidance source (914.635375ms)
✔ file-journal: context compilation refuses modify in an original guidance source (1213.744625ms)
✔ file-journal: context compilation refuses rules in an original guidance source (1250.850584ms)
✔ file-journal: restarted stored model input cannot send a deleted original guide (2254.62075ms)
✔ file-journal: restarted stored model input cannot send a modifyd original guide (1995.960084ms)
✔ file-journal: policy during original-source validation stops transport and settles zero usage (2028.939125ms)
✔ file-journal: goal during original-source validation stops transport and settles zero usage (2228.828709ms)
✔ file-journal: cancel during original-source validation stops transport and settles zero usage (2136.998ms)
✔ file-journal: manifest refresh after the source probe is caught after final state lookup (1980.167125ms)
✔ file-journal: an ignored-signal original probe is stopped by the remaining model lease (2259.970584ms)
✔ file-journal: stored guidance loss during source probe blocks transport and prevents settlement until repair (2174.513208ms)
✔ file-journal: unchanged original guidance sends the exact stored request once after restart (2032.164042ms)
✔ a diamond validates every edge, inspects a shared source once and guards every captured node (1.314792ms)
✔ a reference cycle is finite while an invalid member still rejects the whole closure (0.274792ms)
✔ a pin encountered after visiting a node is still checked (0.129333ms)
✔ conflicting pending pins fail before dispatch, including across duplicate roots (0.163333ms)
✔ captured source or authority changes during another read invalidate the result (0.278583ms)
✔ application invariants can reject a semantic cycle before guard I/O without changing generic cycle handling (0.094375ms)
✔ expiry of an earlier node during a later guard is checked again before return (0.133875ms)
✔ already expired nodes cannot be inputs (0.078ms)
✔ node, edge and byte budgets stop excessive reads before dispatching the next node (0.169417ms)
✔ a long chain uses an iterative queue and visits every source exactly once (3.038083ms)
✔ pre-aborted validation never invokes a reader (0.103875ms)
✔ cancellation ends a blocked validation and contains a late reader rejection (3.71575ms)
✔ the elapsed deadline bounds a reader that ignores cancellation (21.298709ms)
✔ logical clock deadline changes and backwards clock readings cannot extend validation (0.232083ms)
✔ reader exceptions, unknown providers and malformed replies return fixed errors without source data (0.186625ms)
✔ registration captures the callback and rejects duplicate providers and invalid limits (0.202917ms)
✔ overlapping validations keep separate snapshots, queues and cancellation (0.142708ms)
✔ provider and key jointly identify a node (0.077833ms)
✔ web adapter: rejected current authority sends no browser input (2.87325ms)
✔ web adapter: cancellation while authority is awaited sends no input (0.199958ms)
✔ web adapter: loss after dispatch is unknown and duplicate operation never sends again (0.251334ms)
✔ web adapter: same operation id with changed action is unknown without another transport (0.439125ms)
✔ web adapter: concurrent duplicate joins the original operation (0.186833ms)
✔ web adapter: malformed or wrong operation response is uncertain (0.634ms)
✔ web adapter: observation from another document cannot become a current view (0.449833ms)
✔ web adapter: observation bounds apply after the remote response (0.146792ms)
✔ web adapter: missing receipt remains unknown and lookup does not send act (0.372083ms)
✔ web adapter: lookup rejects another work and altered receipt identity (0.483333ms)
✔ web adapter: navigation outside the registered loopback document is rejected before evaluation (0.154042ms)
✔ web transport: abort stops waiting but does not claim to retract a sent renderer command (1.835625ms)
✔ web adapter: caller mutations during authorization cannot change the pinned DOM command (0.184167ms)
✔ web adapter: read authorization cannot change the receipt identity or work being looked up (0.12225ms)
✔ invocation copies: two real canonical copies expose the still-authorized original without executing it again (44.378333ms)
✔ invocation copies: retaining only calls.get permission does not restore a revoked source tool (17.812792ms)
✔ invocation copies: current guidance version replacement blocks the copied earlier guide (23.346167ms)
✔ invocation copies: same-version manifest replacement and new guidance labels also block nested bodies (14.607667ms)
✔ invocation copies: catalog target permission is rechecked through both copies (12.867042ms)
✔ invocation copies: catalog target version is rechecked through both copies (18.399708ms)
✔ invocation copies: catalog target definition is rechecked through both copies (17.594875ms)
✔ invocation copies: a missing canonical source receipt is rejected (13.014584ms)
✔ invocation copies: a foreign-owner canonical source receipt is rejected (11.210375ms)
✔ invocation copies: a foreign-tenant canonical source receipt is rejected (12.259292ms)
✔ invocation copies: a foreign-work canonical source receipt is rejected (11.534542ms)
✔ invocation copies: a input-digest canonical source receipt is rejected (11.081709ms)
✔ invocation copies: missing source artifacts invalidate copied bodies even when copy artifacts remain readable (9.783958ms)
✔ invocation copies: a modified copied body must still equal its canonical source result (11.217292ms)
✔ invocation copies: source knowledge is validated and propagated even if an older copy omitted its dependency metadata (14.117333ms)
✔ invocation copies: permission changes during a source receipt read prevent returning the already-read copy (11.099208ms)
✔ invocation copies: a canonical input cycle is rejected before following the same receipt twice (15.822458ms)
✔ invocation copies: the 64-node source boundary accepts 63 copies and rejects one further copy (736.907667ms)
✔ sqlite: two invocation copies recheck remove registry change after source artifact read (353.829084ms)
✔ sqlite: two invocation copies recheck labels registry change after source artifact read (352.661542ms)
✔ sqlite: two invocation copies recheck description registry change after source artifact read (399.907834ms)
✔ sqlite: two invocation copies recheck unrelated registry change after source artifact read (380.745917ms)
✔ sqlite: an executed third calls.get stores no private body when source is removed during its read (458.151041ms)
✔ sqlite: catalog target pin is rechecked after final asynchronous state validation (357.740583ms)
✔ sqlite: a same-version guidance manifest change cannot survive copied body verification (529.679583ms)
✔ file-journal: two invocation copies recheck remove registry change after source artifact read (3339.29475ms)
✔ file-journal: two invocation copies recheck labels registry change after source artifact read (2968.910042ms)
✔ file-journal: two invocation copies recheck description registry change after source artifact read (3286.108667ms)
✔ file-journal: two invocation copies recheck unrelated registry change after source artifact read (3100.802083ms)
✔ file-journal: an executed third calls.get stores no private body when source is removed during its read (3795.9195ms)
✔ file-journal: catalog target pin is rechecked after final asynchronous state validation (2898.738333ms)
✔ file-journal: a same-version guidance manifest change cannot survive copied body verification (3024.240375ms)
✔ file journal: exception at candidate_synced preserves the publication boundary and retry identity (265.265167ms)
✔ file journal: actual SIGKILL at candidate_synced reopens a whole commit or no commit (293.612542ms)
✔ file journal: exception at published preserves the publication boundary and retry identity (193.771834ms)
✔ file journal: actual SIGKILL at published reopens a whole commit or no commit (281.912791ms)
✔ file journal: exception at directory_synced preserves the publication boundary and retry identity (200.255125ms)
✔ file journal: actual SIGKILL at directory_synced reopens a whole commit or no commit (227.856125ms)
✔ file journal: a reader and duplicate retry observe a whole published record while its writer is pending (192.984834ms)
✔ file journal: directory sync failure prevents reads and duplicate acknowledgements without rolling back publication (150.694916ms)
✔ file journal: listing retries the first record when publication follows its initial ENOENT (180.320083ms)
✔ file journal: checksum corruption blocks reads and subsequent commits without overwriting the damaged record (84.8415ms)
✔ file journal: an intact record checksum does not hide a broken previous-hash link (145.55975ms)
✔ file journal: deleting a middle revision rejects the incomplete prefix (187.47925ms)
✔ file journal: changing store identity is rejected by an open instance and by replay after reopening (109.294042ms)
✔ file journal: a missing format header does not initialize a populated store as empty (80.436917ms)
✔ file journal: existing root, work and record symlinks are rejected without following their contents (317.910042ms)
✔ file journal: group or other permissions on the root and records are rejected (216.49525ms)
✔ file journal: an observed root or work directory replacement cannot reset the open repository (202.168458ms)
✔ file journal: record size limits reject both publication and oversized persisted input (169.125ms)
✔ file journal: closed instances reject every repository operation while reopening retains data (172.824708ms)
✔ file journal: revision zero is invalid layout and cannot be silently ignored (99.940958ms)
✔ sqlite: a memory-only service rejects an unsupported retained input in a nested source work (235.907667ms)
✔ sqlite: a memory tool cancels a blocked custody read before the source responds (203.81625ms)
✔ sqlite: custody-free reads keep their original I/O path and a W to M to W custody cycle remains finite (221.33875ms)
✔ sqlite: external K revise blocks direct, derived and cached M before W is refreshed (226.273833ms)
✔ sqlite: external K retract blocks direct, derived and cached M before W is refreshed (289.017875ms)
✔ sqlite: external K expire blocks direct, derived and cached M before W is refreshed (226.055041ms)
✔ sqlite: external K generation blocks direct, derived and cached M before W is refreshed (234.749583ms)
✔ sqlite: a shared reader uses current M authority without impersonating its owner's private K actor (201.792ms)
✔ sqlite: custody does not reconstruct an unconfirmed reviewer-only permission (233.709ms)
✔ sqlite: custody entry and byte limits fail closed before reading unbounded knowledge records (1245.850834ms)
✔ sqlite: a derivedFrom cycle remains invalid even when its work custody graph is finite (170.257875ms)
✔ sqlite: external memory changed during closure collection cannot survive the stable snapshot (160.933792ms)
✔ file-journal: a memory-only service rejects an unsupported retained input in a nested source work (1111.65575ms)
✔ file-journal: a memory tool cancels a blocked custody read before the source responds (802.170375ms)
✔ file-journal: custody-free reads keep their original I/O path and a W to M to W custody cycle remains finite (673.821958ms)
✔ file-journal: external K revise blocks direct, derived and cached M before W is refreshed (1866.835875ms)
✔ file-journal: external K retract blocks direct, derived and cached M before W is refreshed (1939.022417ms)
✔ file-journal: external K expire blocks direct, derived and cached M before W is refreshed (1672.139292ms)
✔ file-journal: external K generation blocks direct, derived and cached M before W is refreshed (1997.782333ms)
✔ file-journal: a shared reader uses current M authority without impersonating its owner's private K actor (1458.744666ms)
✔ file-journal: custody does not reconstruct an unconfirmed reviewer-only permission (498.674417ms)
✔ file-journal: custody entry and byte limits fail closed before reading unbounded knowledge records (657.652542ms)
✔ file-journal: a derivedFrom cycle remains invalid even when its work custody graph is finite (956.488916ms)
✔ file-journal: external memory changed during closure collection cannot survive the stable snapshot (793.976625ms)
✔ sqlite: same-work recall survives dispatch, receipt and unrelated revision bookkeeping (385.13375ms)
✔ sqlite: cross-work memory copy keeps custody across a goal change and blocks a prepared result after source deletion (828.570167ms)
✔ sqlite: source deletion after a cross-goal copied memory cancels a reserved effect before invocation (486.494875ms)
✔ sqlite: stored model input contains recalled bodies while hiding internal custody metadata (581.275083ms)
✔ sqlite: reopening without a knowledge validator blocks retained originals and reserved effects (608.021166ms)
✔ sqlite: deleting another work's source while adopt commit waits quarantines the copied evidence before return (520.8885ms)
✔ file-journal: same-work recall survives dispatch, receipt and unrelated revision bookkeeping (4398.965292ms)
✔ file-journal: cross-work memory copy keeps custody across a goal change and blocks a prepared result after source deletion (12415.966875ms)
✔ file-journal: source deletion after a cross-goal copied memory cancels a reserved effect before invocation (6282.6505ms)
✔ file-journal: stored model input contains recalled bodies while hiding internal custody metadata (6359.0605ms)
✔ file-journal: reopening without a knowledge validator blocks retained originals and reserved effects (3886.651375ms)
✔ file-journal: deleting another work's source while adopt commit waits quarantines the copied evidence before return (3539.070334ms)
✔ memory tools expose read cards, internal dependencies and schema-valid results (sqlite) (227.344291ms)
✔ memory tool authority intersects destination, caller and fresh trusted identity (sqlite) (173.165917ms)
✔ memory reads constrain IDs and searches to the current goal scope (sqlite) (196.315834ms)
✔ memory tools expose read cards, internal dependencies and schema-valid results (file-journal) (1813.273583ms)
✔ memory tool authority intersects destination, caller and fresh trusted identity (file-journal) (607.433667ms)
✔ memory reads constrain IDs and searches to the current goal scope (file-journal) (728.717209ms)
✔ memory tools report bounded references without bodies, including multibyte oversized references (171.584708ms)
✔ memory search distinguishes result truncation and index errors from complete absence (203.863167ms)
✔ memory tools discard a copied card when trusted-owner changes during a repository wait (183.163416ms)
✔ memory tools discard a copied card when work-owner changes during a repository wait (158.493333ms)
✔ memory tools discard a copied card when caller-labels changes during a repository wait (102.4555ms)
✔ memory tools discard a copied card when work-labels changes during a repository wait (157.600541ms)
✔ memory tools discard a copied card when goal changes during a repository wait (134.02825ms)
✔ memory tools discard a copied card when generation changes during a repository wait (158.135666ms)
✔ memory tools discard a copied card when cancel changes during a repository wait (101.791667ms)
✔ each fresh trusted actor lookup must match the work owner, including the final return check (114.06825ms)
✔ dependency validation uses current source, record and caller permissions without a stale service cache (168.535792ms)
✔ memory adapters do not mutate the caller policy and normalize invalid input and pre-abort (109.511791ms)
✔ knowledge exact lookup precedes index, Korean/English and conditional search use current sources (sqlite) (184.0785ms)
✔ knowledge exact lookup precedes index, Korean/English and conditional search use current sources (file-journal) (598.955834ms)
✔ private memory needs explicit submission and another reviewer of the exact content revision (153.6565ms)
✔ source retracted prevents direct, cached lexical and dependency reuse (99.809333ms)
✔ source restricted prevents direct, cached lexical and dependency reuse (131.974208ms)
✔ source deleted prevents direct, cached lexical and dependency reuse (129.862208ms)
✔ source corrected prevents direct, cached lexical and dependency reuse (165.097125ms)
✔ source policy prevents direct, cached lexical and dependency reuse (126.520208ms)
✔ source generation prevents direct, cached lexical and dependency reuse (121.412166ms)
✔ ancestor changes and derived memories retain source identity without inflating independent provenance (185.685333ms)
✔ review CAS prevents a reviewed draft from being silently replaced or shared after editing (109.924ms)
✔ source or actor changes while source reads wait cannot return stale memory content (141.24325ms)
✔ a delayed candidate cache fill rechecks namespace authority before returning cards or counts (133.810334ms)
✔ index errors remain distinct from absence and rebuild never resurrects deleted or expired content (168.724792ms)
✔ SQLite reopen retains memory, review, cursor and receipts; competing writers use revision CAS (171.841958ms)
✔ source and knowledge stores close and reopen with reviewed memory and index intact (196.001417ms)
✔ bounded results report truncation only after current visibility filtering (169.083833ms)
✔ deletion while a repeated source check waits is noticed before returning the memory card (144.366958ms)
✔ source deletion after the second source snapshot cannot return its old card (117.10225ms)
✔ batch dependency fences notice an earlier card source changing while a later card is checked (163.449333ms)
✔ retracted memory can subsequently be deleted while preserving the revision and idempotency rules (169.677209ms)
✔ a pruned limited search stays partial when an unread matching candidate remains (182.927125ms)
✔ unrelated work revisions preserve semantic dependencies while changed source content does not (155.081875ms)
✔ dependency contracts reject forged fields, unsafe revisions, malformed hashes and duplicate references (158.711209ms)
✔ continuously changing coherent-read revisions stop after a bounded number of fences (205.939166ms)
✔ local evaluation: 192 pinned cases retain two families, two stores, three modes and sixteen variants without duplicate IDs (14.084875ms)
✔ local evaluation sqlite/document_comparison: simple actual workflow and read-only replay preserve one model, one tool and one delivered answer (735.961334ms)
✔ local evaluation sqlite/observation_review: simple actual workflow and read-only replay preserve one model, one tool and one delivered answer (727.4745ms)
✔ local evaluation sqlite: complex original amendments change the hypothesis and require later model assessments (1591.24525ms)
✔ local evaluation sqlite: fast limits reject a complex plan without claiming goal completion or invoking its tool (914.259041ms)
✔ local evaluation sqlite: stored_model_resume actually crosses reopen with a received response and does not invoke it again (785.677417ms)
✔ local evaluation sqlite: stored_tool_resume actually crosses reopen with a received response and does not invoke it again (723.2485ms)
✔ local evaluation sqlite: forced compact is persisted before reopen and subsequent model calls assess later originals (1433.314166ms)
✔ local evaluation sqlite: next-day reply preserves a real wait interval with no model or tool entries (912.061666ms)
✔ local evaluation sqlite: status-only keeps its recorded state unchanged with no execution or transport (168.38975ms)
✔ local evaluation sqlite: source_missing reaches the intended failure boundary and stays incomplete (894.539333ms)
✔ local evaluation sqlite: partial_result reaches the intended failure boundary and stays incomplete (1387.835083ms)
✔ local evaluation sqlite: tool_errors reaches the intended failure boundary and stays incomplete (701.943209ms)
✔ local evaluation sqlite: model_errors reaches the intended failure boundary and stays incomplete (953.124917ms)
✔ local evaluation sqlite: permission_revoked reaches the intended failure boundary and stays incomplete (729.735167ms)
✔ local evaluation sqlite: cancellation occurs after model entry and preserves its reported usage without a tool or answer (566.982167ms)
✔ local evaluation sqlite: requested mode change is first pending during the entered call and later applied (709.311833ms)
✔ local evaluation sqlite: unknown result delivery produces lookup rather than a duplicate send or false completion (845.429292ms)
✔ local evaluation sqlite/document_comparison: late counterevidence is actually observed before final judgment (1521.779583ms)
✔ local evaluation sqlite/observation_review: late counterevidence is actually observed before final judgment (1859.448958ms)
✔ local evaluation file-journal/document_comparison: simple actual workflow and read-only replay preserve one model, one tool and one delivered answer (4412.797959ms)
✔ local evaluation file-journal/observation_review: simple actual workflow and read-only replay preserve one model, one tool and one delivered answer (3416.123958ms)
✔ local evaluation file-journal: complex original amendments change the hypothesis and require later model assessments (11484.812292ms)
✔ local evaluation file-journal: fast limits reject a complex plan without claiming goal completion or invoking its tool (8907.05575ms)
✔ local evaluation file-journal: stored_model_resume actually crosses reopen with a received response and does not invoke it again (6014.490708ms)
✔ local evaluation file-journal: stored_tool_resume actually crosses reopen with a received response and does not invoke it again (4902.837167ms)
✔ local evaluation file-journal: forced compact is persisted before reopen and subsequent model calls assess later originals (10672.662ms)
✔ local evaluation file-journal: next-day reply preserves a real wait interval with no model or tool entries (8484.736416ms)
✔ local evaluation file-journal: status-only keeps its recorded state unchanged with no execution or transport (980.576958ms)
✔ local evaluation file-journal: source_missing reaches the intended failure boundary and stays incomplete (8135.52875ms)
✔ local evaluation file-journal: partial_result reaches the intended failure boundary and stays incomplete (11355.947708ms)
✔ local evaluation file-journal: tool_errors reaches the intended failure boundary and stays incomplete (7364.635667ms)
✔ local evaluation file-journal: model_errors reaches the intended failure boundary and stays incomplete (8768.406833ms)
✔ local evaluation file-journal: permission_revoked reaches the intended failure boundary and stays incomplete (2632.312208ms)
✔ local evaluation file-journal: cancellation occurs after model entry and preserves its reported usage without a tool or answer (810.160041ms)
✔ local evaluation file-journal: requested mode change is first pending during the entered call and later applied (1244.57825ms)
✔ local evaluation file-journal: unknown result delivery produces lookup rather than a duplicate send or false completion (1257.025917ms)
✔ local evaluation file-journal/document_comparison: late counterevidence is actually observed before final judgment (2869.775917ms)
✔ local evaluation file-journal/observation_review: late counterevidence is actually observed before final judgment (2555.493125ms)
✔ sqlite: local memory tools and workspace checkpoints remain usable after profile reopen (1019.192125ms)
✔ sqlite: workspace initialization failure closes state, channel and knowledge stores (161.16075ms)
✔ file-journal: local memory tools and workspace checkpoints remain usable after profile reopen (6325.436042ms)
✔ file-journal: workspace initialization failure closes state, channel and knowledge stores (170.193791ms)
✔ composition without optional memory or workspace keeps the prior tool configuration usable (184.333583ms)
✔ profile close still closes databases after a workspace close failure (234.102459ms)
✔ sqlite: accepted work, request replay, and queries stay separate from fixture execution (594.541625ms)
✔ sqlite: document question is atomic, actionable, and does not interpret reply text (741.504542ms)
✔ sqlite: current ownership, route, and disclosure gates apply to reads and mutations (201.044375ms)
✔ sqlite: web attachment observes an existing CLI primary without re-sending or changing it (611.588459ms)
✔ sqlite: goal and mode commands preserve optimistic revisions and durable idempotency (527.308ms)
✔ sqlite: pause does not wait behind an active run and a replay cannot start another run (543.795958ms)
✔ sqlite: cancel does not wait behind an active run and a replay cannot start another run (345.862833ms)
✔ sqlite: an unfinished durable run is not repeated by the same request after restart (642.981875ms)
✔ sqlite: a goal changed while the old run intent is acknowledged never receives that run's plan (477.805625ms)
✔ sqlite: workflow entry rejects a stale pinned goal before recovery or execution (336.272833ms)
✔ sqlite: paged lists recheck every returned card and omit a card revoked while another is read (1099.679833ms)
✔ sqlite: at most four distinct works execute concurrently and draining admits no new mutations (1228.220125ms)
✔ file-journal: accepted work, request replay, and queries stay separate from fixture execution (4247.755833ms)
✔ file-journal: document question is atomic, actionable, and does not interpret reply text (5117.933875ms)
✔ file-journal: current ownership, route, and disclosure gates apply to reads and mutations (710.996084ms)
✔ file-journal: web attachment observes an existing CLI primary without re-sending or changing it (2065.028417ms)
✔ file-journal: goal and mode commands preserve optimistic revisions and durable idempotency (2581.669208ms)
✔ file-journal: pause does not wait behind an active run and a replay cannot start another run (2582.998958ms)
✔ file-journal: cancel does not wait behind an active run and a replay cannot start another run (1254.094542ms)
✔ file-journal: an unfinished durable run is not repeated by the same request after restart (2219.468625ms)
✔ file-journal: a goal changed while the old run intent is acknowledged never receives that run's plan (2380.212625ms)
✔ file-journal: workflow entry rejects a stale pinned goal before recovery or execution (541.288583ms)
✔ file-journal: paged lists recheck every returned card and omit a card revoked while another is read (14856.810833ms)
✔ file-journal: at most four distinct works execute concurrently and draining admits no new mutations (9412.065167ms)
✔ sqlite: MCP collection SIGKILL at intent resumes with a new owner and preserves the committed budget and items (1612.805041ms)
✔ sqlite: MCP collection SIGKILL at partial resumes with a new owner and preserves the committed budget and items (1392.945083ms)
✔ sqlite: MCP collection SIGKILL at page resumes with a new owner and preserves the committed budget and items (1441.555292ms)
✔ file-journal: MCP collection SIGKILL at intent resumes with a new owner and preserves the committed budget and items (11797.240292ms)
✔ file-journal: MCP collection SIGKILL at partial resumes with a new owner and preserves the committed budget and items (6229.706917ms)
✔ file-journal: MCP collection SIGKILL at page resumes with a new owner and preserves the committed budget and items (6743.365041ms)
✔ sqlite: MCP collection documents preserves individual raw pages and verifies offline (632.520209ms)
✔ sqlite: MCP collection documents resumes only partial items with original success unchanged (1340.520333ms)
✔ sqlite: MCP collection observations preserves individual raw pages and verifies offline (812.112042ms)
✔ sqlite: MCP collection observations resumes only partial items with original success unchanged (1684.967416ms)
✔ sqlite: MCP empty page is preserved and losing its original rejects the result (1257.942125ms)
✔ sqlite: MCP collection rejects snapshot-change after keeping its first page (806.863333ms)
✔ sqlite: MCP collection rejects cursor-loop after keeping its first page (737.044ms)
✔ sqlite: MCP error does not become EOF or automatic retry (723.182708ms)
✔ sqlite: MCP rate-limit does not become EOF or automatic retry (781.653041ms)
✔ sqlite: MCP accepted raw response substitution blocks parent resume before sending (589.085292ms)
✔ sqlite: MCP changed query cannot reuse a partial parent (565.587458ms)
✔ sqlite: MCP authority change before-send prevents page acceptance (298.228042ms)
✔ sqlite: MCP authority change after-reply prevents page acceptance (331.687625ms)
✔ file-journal: MCP collection documents preserves individual raw pages and verifies offline (2553.674875ms)
✔ file-journal: MCP collection documents resumes only partial items with original success unchanged (6249.2335ms)
✔ file-journal: MCP collection observations preserves individual raw pages and verifies offline (3624.837833ms)
✔ file-journal: MCP collection observations resumes only partial items with original success unchanged (12107.0515ms)
✔ file-journal: MCP empty page is preserved and losing its original rejects the result (6901.98525ms)
✔ file-journal: MCP collection rejects snapshot-change after keeping its first page (4095.165083ms)
✔ file-journal: MCP collection rejects cursor-loop after keeping its first page (4019.781208ms)
✔ file-journal: MCP error does not become EOF or automatic retry (5146.052ms)
✔ file-journal: MCP rate-limit does not become EOF or automatic retry (3609.745125ms)
✔ file-journal: MCP accepted raw response substitution blocks parent resume before sending (3319.048542ms)
✔ file-journal: MCP changed query cannot reuse a partial parent (4459.067375ms)
✔ file-journal: MCP authority change before-send prevents page acceptance (1486.0195ms)
✔ file-journal: MCP authority change after-reply prevents page acceptance (1674.791542ms)
✔ sqlite: full documents coverage gates partial facts and survives exact-manifest resume and restoration (1566.44275ms)
✔ sqlite: full observations coverage gates partial facts and survives exact-manifest resume and restoration (2000.989916ms)
✔ file-journal: full documents coverage gates partial facts and survives exact-manifest resume and restoration (9638.904291ms)
✔ file-journal: full observations coverage gates partial facts and survives exact-manifest resume and restoration (10931.286417ms)
✔ MCP coverage: successful EOF without an approved manifest cannot discharge the full-query condition (810.455875ms)
✔ MCP coverage: missing-raw invalidates completion, public result and delivery (673.885917ms)
✔ MCP coverage: wrong-summary invalidates completion, public result and delivery (620.597625ms)
✔ sqlite: SIGKILL at raw-receipt-complete settles the original response offline before explicit continuation (1096.409167ms)
✔ sqlite: SIGKILL at raw-receipt-nonfinal settles the original response offline before explicit continuation (1473.414458ms)
✔ sqlite: SIGKILL at raw-receipt-deferral settles the original response offline before explicit continuation (1489.212375ms)
✔ file-journal: SIGKILL at raw-receipt-complete settles the original response offline before explicit continuation (5257.074791ms)
✔ file-journal: SIGKILL at raw-receipt-nonfinal settles the original response offline before explicit continuation (6733.8835ms)
✔ file-journal: SIGKILL at raw-receipt-deferral settles the original response offline before explicit continuation (8220.784542ms)
✔ stored MCP response: missing-response cannot be silently treated as absent or retransmitted (572.099625ms)
✔ stored MCP response: changed-policy cannot be silently treated as absent or retransmitted (678.811ms)
✔ stored MCP response: callback-replaced cannot be silently treated as absent or retransmitted (685.604708ms)
✔ stored MCP response: concurrent restorers commit one original-head settlement without additional budget (4551.39675ms)
✔ stored MCP response: next workflow step repairs a crash after expiration was committed (766.858875ms)
✔ sqlite: MCP family 0 stores an original, adopts facts and revalidates offline (341.919333ms)
✔ sqlite: MCP family 1 stores an original, adopts facts and revalidates offline (372.512125ms)
✔ sqlite: MCP partial records do not satisfy complete coverage (300.154ms)
✔ sqlite: MCP error retains no result evidence (383.951416ms)
✔ sqlite: MCP invalid retains no result evidence (350.8345ms)
✔ sqlite: MCP changed projected facts and different attempt proof are rejected (382.926917ms)
✔ sqlite: MCP raw body corruption prevents adoption after restart (348.948125ms)
✔ sqlite: MCP received result survives reopen and does not recall a stopped server (325.0885ms)
✔ sqlite: MCP request intent prevents a hidden second call for the same attempt (226.715292ms)
✔ sqlite: MCP repeated reads keep one independent source lineage (455.79075ms)
✔ sqlite: MCP pause during adapter wait blocks the wire call (179.8375ms)
✔ sqlite: MCP expand-labels during adapter wait blocks the wire call (195.118916ms)
✔ sqlite: MCP cancel after a real reply prevents raw publication and adoption (217.654125ms)
✔ sqlite: MCP restrict-labels after a real reply prevents raw publication and adoption (204.190875ms)
✔ file-journal: MCP family 0 stores an original, adopts facts and revalidates offline (862.150667ms)
✔ file-journal: MCP family 1 stores an original, adopts facts and revalidates offline (966.720709ms)
✔ file-journal: MCP partial records do not satisfy complete coverage (1003.161417ms)
✔ file-journal: MCP error retains no result evidence (876.550292ms)
✔ file-journal: MCP invalid retains no result evidence (805.437334ms)
✔ file-journal: MCP changed projected facts and different attempt proof are rejected (801.883167ms)
✔ file-journal: MCP raw body corruption prevents adoption after restart (654.026416ms)
✔ file-journal: MCP received result survives reopen and does not recall a stopped server (749.624959ms)
✔ file-journal: MCP request intent prevents a hidden second call for the same attempt (632.225459ms)
✔ file-journal: MCP repeated reads keep one independent source lineage (1868.707541ms)
✔ file-journal: MCP pause during adapter wait blocks the wire call (566.180791ms)
✔ file-journal: MCP expand-labels during adapter wait blocks the wire call (587.79225ms)
✔ file-journal: MCP cancel after a real reply prevents raw publication and adoption (455.731334ms)
✔ file-journal: MCP restrict-labels after a real reply prevents raw publication and adoption (617.134834ms)
✔ sqlite: MCP whole wait survives SIGKILL and reopens without resetting its due time or consuming an early successor (1819.636458ms)
✔ sqlite: MCP item wait survives SIGKILL and reopens without resetting its due time or consuming an early successor (1877.412166ms)
✔ file-journal: MCP whole wait survives SIGKILL and reopens without resetting its due time or consuming an early successor (18953.847ms)
✔ file-journal: MCP item wait survives SIGKILL and reopens without resetting its due time or consuming an early successor (17263.079583ms)
✔ sqlite: MCP wait documents normal records retain lineage and bind the stored-response recovery contract (637.084042ms)
✔ sqlite: MCP whole wait documents binds fixed origin and protects its original error proof (505.753583ms)
✔ sqlite: MCP item wait documents retries the unfinished item with original success unchanged (1167.639291ms)
✔ sqlite: MCP wait observations normal records retain lineage and bind the stored-response recovery contract (832.092958ms)
✔ sqlite: MCP whole wait observations binds fixed origin and protects its original error proof (514.876541ms)
✔ sqlite: MCP item wait observations retries the unfinished item with original success unchanged (1638.031667ms)
✔ file-journal: MCP wait documents normal records retain lineage and bind the stored-response recovery contract (3903.020125ms)
✔ file-journal: MCP whole wait documents binds fixed origin and protects its original error proof (3531.219833ms)
✔ file-journal: MCP item wait documents retries the unfinished item with original success unchanged (8208.186458ms)
✔ file-journal: MCP wait observations normal records retain lineage and bind the stored-response recovery contract (4423.18725ms)
✔ file-journal: MCP whole wait observations binds fixed origin and protects its original error proof (3776.117875ms)
✔ file-journal: MCP item wait observations retries the unfinished item with original success unchanged (11370.146916ms)
✔ MCP wait rejects zero without inventing a retry barrier (488.955625ms)
✔ MCP wait rejects negative without inventing a retry barrier (518.508291ms)
✔ MCP wait rejects fraction without inventing a retry barrier (500.086167ms)
✔ MCP wait rejects string without inventing a retry barrier (476.999458ms)
✔ MCP wait rejects null without inventing a retry barrier (496.921167ms)
✔ MCP wait rejects over-limit without inventing a retry barrier (494.947667ms)
✔ MCP wait rejects unsafe without inventing a retry barrier (532.2945ms)
✔ MCP wait rejects missing without inventing a retry barrier (503.698375ms)
✔ MCP wait rejects wrong-request without inventing a retry barrier (467.416167ms)
✔ MCP wait rejects wrong-cursor without inventing a retry barrier (493.717291ms)
✔ MCP wait rejects false-error without inventing a retry barrier (492.642292ms)
✔ MCP wait rejects success-hint without inventing a retry barrier (518.824667ms)
✔ MCP wait rejects forbidden-hint without inventing a retry barrier (522.502333ms)
✔ MCP wait rejects a second conflicting metadata hint after preserving one actual response (514.297958ms)
✔ MCP wait enforces the approved host delay cap even when the remote schema permits the value (552.127167ms)
✔ MCP wait original checkpoint rejects completed-phase before a fresh same-query reservation (616.146041ms)
✔ MCP wait original checkpoint rejects fake-successor before a fresh same-query reservation (3999.518166ms)
✔ MCP wait original checkpoint rejects missing-item-clock-and-query before a fresh same-query reservation (3254.308208ms)
✔ MCP client: invalid host process configuration is rejected without starting a child (2.060875ms)
✔ MCP client: real pinned stdio discovery and repeated reads each make one fresh call (123.533542ms)
✔ MCP client: staged paginated listing is bounded and only the approved subset can be called (92.328542ms)
✔ MCP client: partial, mismatched and cycling listings never publish a callable session (480.183209ms)
✔ MCP client: list change during discovery rejects the mixed view; explicit discovery can recover (114.979375ms)
✔ MCP client: caller mutation and rejected authorization cannot change the registered request (114.877958ms)
✔ MCP client: cancellation while authorization is pending sends zero calls (96.050583ms)
✔ MCP client: active-call admission rejects overflow without invoking its authority callback (121.041041ms)
✔ MCP client: actual serialized request and oversized response are bounded (108.175375ms)
✔ MCP client: post-dispatch list change invalidates the result and never repeats the call (108.966333ms)
✔ MCP client: lost delayed response preserves sent uncertainty and releases the owned process (112.455792ms)
✔ MCP client: uncertain exit preserves a sent call and explicit concurrent close rechecks once (105.796209ms)
✔ MCP client: crashed peer requires explicit new discovery and old session is never revived (175.270417ms)
✔ MCP client: ambient default environment is blanked; only explicit host variables are forwarded (39.648792ms)
✔ cancel during input artifact read prevents transport invocation and releases the known unused token reservation (27.988417ms)
✔ goal during input artifact read prevents transport invocation and releases the known unused token reservation (9.465291ms)
✔ destination during input artifact read prevents transport invocation and releases the known unused token reservation (7.808792ms)
✔ labels during input artifact read prevents transport invocation and releases the known unused token reservation (6.248167ms)
✔ cancelling an active model sends its signal, yields promptly and settles late usage once without adopting the old plan (7.342375ms)
✔ input byte limit rejects before a durable reservation or transport call (3.79275ms)
✔ token budget rejects before a durable reservation or transport call (4.823083ms)
✔ model call budget rejects before a durable reservation or transport call (3.261875ms)
✔ model context capacity and destination policy reject input without invoking the planner (6.669334ms)
✔ concurrent reservations have one winner and duplicate execution performs one dispatch and one transport call (8.990333ms)
✔ a replacement owner waits for a reserved lease, then releases it and creates a fresh intent without repeating a transport call (9.8605ms)
✔ a recovered running lease retains uncertain cost and accepts only late accounting, never its expired plan (5.659292ms)
✔ a reply without usage keeps its reservation and prevents a further model call after rejection (5.906083ms)
✔ verified facts remain visible while hypothesis review prevents response readiness and preparation (29.618208ms)
✔ reserved, running and stored model replies cannot produce a result; accepted review resumes preparation (34.568625ms)
✔ pending model work suppresses question preparation while preserving existing obligation blockers (12.338708ms)
✔ an already prepared result is withheld during review and can be prepared again after accepted model assessment (20.191917ms)
✔ documents-simple: one model plan executes to completion with usage and no extra hypothesis call (41.716167ms)
✔ observations-simple: one model plan executes to completion with usage and no extra hypothesis call (12.566416ms)
✔ late counterevidence revises the hypothesis and only the changed graph consumes a replan (52.621417ms)
✔ strict structured transport adapter feeds the same validator and execution loop without a provider SDK (10.074542ms)
✔ invalid or truncated responses cannot replace an executable plan or fabricate zero usage (6.532042ms)
✔ rejected model plans still charge exactly one call and preserve their raw response for an authorized read (6.272667ms)
✔ bookkeeping changes do not stale a response but goal and evidence changes do (10.521ms)
✔ received model result resumes after SQLite and artifact reopen with no additional model call (370.35025ms)
✔ a new scope archives the old hypothesis in prior events and permits a fresh plan (11.772833ms)
✔ unsupported hypotheses and erased counterevidence are rejected without changing the current assessment (8.319041ms)
✔ validator feedback reaches the next model proposal and invalid plans never dispatch their tools (13.100833ms)
✔ permission revocation during reply storage preserves usage but never downgrades the model body (5.165ms)
✔ sqlite/documents-simple: same model/tool/evidence/conversation workflow resumes on persistent state without a new model call for the stored reply (821.982667ms)
✔ sqlite/documents-complex: same model/tool/evidence/conversation workflow resumes on persistent state without a new model call for the stored reply (1764.730416ms)
✔ sqlite/observations-simple: same model/tool/evidence/conversation workflow resumes on persistent state without a new model call for the stored reply (798.042291ms)
✔ sqlite/observations-complex: same model/tool/evidence/conversation workflow resumes on persistent state without a new model call for the stored reply (1423.059417ms)
✔ file-journal/documents-simple: same model/tool/evidence/conversation workflow resumes on persistent state without a new model call for the stored reply (4526.762208ms)
✔ file-journal/documents-complex: same model/tool/evidence/conversation workflow resumes on persistent state without a new model call for the stored reply (10176.202125ms)
✔ file-journal/observations-simple: same model/tool/evidence/conversation workflow resumes on persistent state without a new model call for the stored reply (4157.960042ms)
✔ file-journal/observations-complex: same model/tool/evidence/conversation workflow resumes on persistent state without a new model call for the stored reply (6765.171042ms)
✔ checkpoint record: empty paged root round-trips metadata once without raw reads (5.401875ms)
✔ checkpoint record: empty batch root round-trips metadata once without raw reads (1.044208ms)
✔ checkpoint record: multiple normal pages store references rather than repeating large bodies (10.616334ms)
✔ checkpoint record: partial batch resumes only unfinished items and preserves original successes (7.162083ms)
✔ checkpoint record: rejected source calls survive explicit resume and consume the operation call limit (1.553083ms)
✔ checkpoint record: a crashed intent becomes one unknown call and is never silently replayed (2.283542ms)
✔ checkpoint record: complete orphan resume performs no new page read or call (0.842959ms)
✔ read waits contract: only retryable unfinished items can advertise a bounded absolute barrier (0.717208ms)
✔ read waits record: deferral consumes a call but preserves the collection and requires its original response (1.836833ms)
✔ read waits record: parent claim and historical dispatch cannot move before the recorded barrier (3.482417ms)
✔ read waits record: item barriers use the maximum and a whole-call deferral cannot erase retained successes (2.293875ms)
✔ checkpoint record: explicit stop changes only stop metadata and appends its exact base reference (0.672417ms)
✔ checkpoint record: unchanged fields and inherited dependencies cannot be dropped from an intent (2.915ms)
✔ checkpoint record: start rejects retained history, source artifacts, and non-root identity (0.317459ms)
✔ checkpoint record: intent, settlement, and resume reject invalid request identity or time transitions (1.119917ms)
✔ checkpoint record: wrong logical digest, wrong base, extra keys, and failed source reads are rejected (0.981458ms)
✔ checkpoint record: accepted encode defers new raw body, source-ref, and dependency authentication to decode (3.358625ms)
✔ checkpoint record: conflicting artifact metadata and dropped inherited references are never encoded (0.910333ms)
✔ checkpoint record: logical checkpoint and referenced response byte limits are enforced before source I/O (0.50225ms)
✔ checkpoint record: record schema rejects more than 16 MiB of otherwise bounded root metadata (54.377833ms)
✔ checkpoint store: real v2 start/intent/settle records load the logical v1 result and preserve original bytes (218.104666ms)
✔ checkpoint store: a legacy snapshot can anchor a v2 orphan resume without reissuing any raw page request (295.516959ms)
✔ checkpoint store: missing base is detected through the actual file adapter (212.721167ms)
✔ checkpoint store: tampered base is detected through the actual file adapter (188.015417ms)
✔ checkpoint store: missing raw is detected through the actual file adapter (195.059708ms)
✔ checkpoint store: tampered raw is detected through the actual file adapter (241.815ms)
✔ checkpoint store: a base reference with tenant cannot use an otherwise readable head (300.901792ms)
✔ checkpoint store: a base reference with labels cannot use an otherwise readable head (300.025792ms)
✔ checkpoint store: a base reference with missing-index cannot use an otherwise readable head (191.836833ms)
✔ checkpoint store: a valid artifact hash cannot authenticate a forged logical digest (271.079125ms)
✔ checkpoint store: returned byte/page/checkpoint mutations cannot poison a reader cache (179.698583ms)
✔ checkpoint store: shared materialization rechecks every original and a new file instance decodes cold (199.618917ms)
✔ checkpoint store: shared materialization cannot hide a revoked or unindexed original (240.019292ms)
✔ checkpoint store: shared materialization evicts at 64-heads (3012.464208ms)
✔ checkpoint store: shared materialization evicts at 16-MiB-logical-bytes (402.483ms)
✔ checkpoint store: eviction during a shared materialization await preserves the logical byte budget (493.959834ms)
✔ checkpoint store: an in-flight head mutation cannot seed a different artifact materialization (206.235291ms)
✔ checkpoint store: caller ref mutation cannot redirect cached-reference revalidation (173.642ms)
✔ checkpoint store: policy snapshots and exact index entries cannot be widened or aliased by callers (264.291458ms)
✔ checkpoint store: cached originals require real exists checks and new readers cannot inherit a deleted source (136.276708ms)
✔ checkpoint store: raw source cache stays within 16 MiB and evicted sources are fetched again (473.638708ms)
✔ checkpoint store: cycles and oversized records are rejected before decoding any logical history (0.848084ms)
✔ checkpoint store: a record chain stops at 10000 records before requesting the next dependency (190.738417ms)
✔ checkpoint store: a record chain stops at 64 MiB without caching the entire traversal (35.299083ms)
✔ checkpoint store: a materialized base retains its chain byte cost for the next event (68.74875ms)
✔ checkpoint store sqlite: a legacy committed root resumes through v2 records into an authenticated public result (559.818125ms)
✔ checkpoint store file-journal: a legacy committed root resumes through v2 records into an authenticated public result (3572.874416ms)
✔ read checkpoint sqlite: a complete checkpoint survives outer-result loss and resumes without another fetch (649.508291ms)
✔ read checkpoint sqlite: projection preserves original evidence and charges only the successor's raw response (935.943625ms)
✔ read checkpoint sqlite: missing proof and altered payload are denied while ordinary failures remain valid (735.937459ms)
✔ read checkpoint sqlite: an indexed forged merged page cannot replace its accepted raw response (849.683708ms)
✔ read checkpoint sqlite: an unchanged original body cannot authorize a changed request identity (835.967125ms)
✔ read checkpoint sqlite: losing raw-response blocks result history and copied history (872.54175ms)
✔ read checkpoint sqlite: losing source-artifact blocks result history and copied history (845.521291ms)
✔ read checkpoint sqlite: severing the parent's exclusive successor claim rejects the child (845.55375ms)
✔ read checkpoint file-journal: a complete checkpoint survives outer-result loss and resumes without another fetch (3268.406208ms)
✔ read checkpoint file-journal: projection preserves original evidence and charges only the successor's raw response (4525.804208ms)
✔ read checkpoint file-journal: missing proof and altered payload are denied while ordinary failures remain valid (5010.688583ms)
✔ read checkpoint file-journal: an indexed forged merged page cannot replace its accepted raw response (3680.528875ms)
✔ read checkpoint file-journal: an unchanged original body cannot authorize a changed request identity (5201.58475ms)
✔ read checkpoint file-journal: losing raw-response blocks result history and copied history (6050.311708ms)
✔ read checkpoint file-journal: losing source-artifact blocks result history and copied history (6478.326333ms)
✔ read checkpoint file-journal: severing the parent's exclusive successor claim rejects the child (4723.982666ms)
✔ read collection context: only visible current goal and scope tips survive; complete unadopted tips remain resumable (3.7985ms)
✔ read collection context: the common packet removes denied head metadata from both execution and resume projections (3.02175ms)
✔ read collection context sqlite: five compactions and reopen retain partial resume metadata without page bodies (657.09475ms)
✔ read collection context sqlite: five compactions and reopen retain complete orphan resume metadata without page bodies (633.075458ms)
✔ read collection context file-journal: five compactions and reopen retain partial resume metadata without page bodies (2434.047625ms)
✔ read collection context file-journal: five compactions and reopen retain complete orphan resume metadata without page bodies (2803.640084ms)
✔ read collection context sqlite: lost derived frame regenerates while lost original raw response blocks context and recovery (319.5915ms)
✔ read collection context file-journal: lost derived frame regenerates while lost original raw response blocks context and recovery (1244.017875ms)
✔ read collection context sqlite: source gate rejects omitted, altered, and canonically inconsistent resume metadata (215.309708ms)
✔ read collection context file-journal: source gate rejects omitted, altered, and canonically inconsistent resume metadata (1303.011375ms)
✔ read collection context sqlite: resume metadata is mandatory input and cannot be evicted to satisfy a smaller byte budget (313.946417ms)
✔ read collection context file-journal: resume metadata is mandatory input and cannot be evicted to satisfy a smaller byte budget (1154.764583ms)
✔ read collection context sqlite: source lifecycle change during checkpoint read prevents staged frame publication (210.853708ms)
✔ read collection context file-journal: source lifecycle change during checkpoint read prevents staged frame publication (849.15275ms)
✔ read collection context sqlite: contract change during derived resume put is checked before return (312.164333ms)
✔ read collection context sqlite: original change during derived resume put is checked before return (266.384875ms)
✔ read collection context file-journal: contract change during derived resume put is checked before return (827.022625ms)
✔ read collection context file-journal: original change during derived resume put is checked before return (979.558ms)
✔ read collection context sqlite: completed adopted output retains original proof requirements after leaving the resume list (241.5585ms)
✔ read collection context file-journal: completed adopted output retains original proof requirements after leaving the resume list (1200.869958ms)
✔ read collection context sqlite: raw loss during frame staging suppresses completed adopted copies (282.813875ms)
✔ read collection context file-journal: raw loss during frame staging suppresses completed adopted copies (921.565833ms)
✔ collection I/O sqlite documents-simple: 4 pages retain semantics across reads, copying and reopening (1434.508084ms)
ℹ {"adapter":"sqlite","family":"documents-simple","pages":4,"sourceCalls":4,"resultSignature":"ca3cbf4a810188e565397de9b01c666596d3bfd519841b869c91c2e4ca1eaa0c","stages":[{"name":"collect","get":114,"exists":202,"put":14,"returnedBodyBytes":171997,"stateReads":210,"receipts":30,"commits":14,"physicalBodyBytes":485558},{"name":"checkpointRead","get":13,"exists":12,"put":0,"returnedBodyBytes":18362,"stateReads":5,"receipts":1,"commits":0,"physicalBodyBytes":35757},{"name":"callsGet","get":41,"exists":96,"put":1,"returnedBodyBytes":84792,"stateReads":45,"receipts":10,"commits":5,"physicalBodyBytes":314778},{"name":"contextPrepare","get":70,"exists":50,"put":1,"returnedBodyBytes":188989,"stateReads":37,"receipts":7,"commits":0,"physicalBodyBytes":288275},{"name":"reopenAndPrepare","get":83,"exists":62,"put":1,"returnedBodyBytes":207351,"stateReads":42,"receipts":8,"commits":0,"physicalBodyBytes":324032}]}
✔ collection I/O sqlite documents-simple: 8 pages retain semantics across reads, copying and reopening (1997.616125ms)
ℹ {"adapter":"sqlite","family":"documents-simple","pages":8,"sourceCalls":8,"resultSignature":"c223661cc27ac8f18d90094013769634188fab210c6fa1531b423635c1ef5c84","stages":[{"name":"collect","get":318,"exists":590,"put":26,"returnedBodyBytes":470387,"stateReads":354,"receipts":46,"commits":22,"physicalBodyBytes":1357149},{"name":"checkpointRead","get":25,"exists":24,"put":0,"returnedBodyBytes":35235,"stateReads":5,"receipts":1,"commits":0,"physicalBodyBytes":69502},{"name":"callsGet","get":77,"exists":180,"put":1,"returnedBodyBytes":162709,"stateReads":45,"receipts":10,"commits":5,"physicalBodyBytes":606344},{"name":"contextPrepare","get":130,"exists":98,"put":1,"returnedBodyBytes":354351,"stateReads":37,"receipts":7,"commits":0,"physicalBodyBytes":548423},{"name":"reopenAndPrepare","get":155,"exists":122,"put":1,"returnedBodyBytes":389586,"stateReads":42,"receipts":8,"commits":0,"physicalBodyBytes":617925}]}
✔ collection I/O sqlite documents-simple: 16 pages retain semantics across reads, copying and reopening (3967.436417ms)
ℹ {"adapter":"sqlite","family":"documents-simple","pages":16,"sourceCalls":16,"resultSignature":"ab9d2af3b8ec8ae6983b1b42f01fae55eaa9771ae3f0271537f2a91d7e4ef676","stages":[{"name":"collect","get":1014,"exists":1942,"put":50,"returnedBodyBytes":1473478,"stateReads":642,"receipts":78,"commits":38,"physicalBodyBytes":4319151},{"name":"checkpointRead","get":49,"exists":48,"put":0,"returnedBodyBytes":69080,"stateReads":5,"receipts":1,"commits":0,"physicalBodyBytes":137191},{"name":"callsGet","get":149,"exists":348,"put":1,"returnedBodyBytes":318994,"stateReads":45,"receipts":10,"commits":5,"physicalBodyBytes":1191167},{"name":"contextPrepare","get":250,"exists":194,"put":1,"returnedBodyBytes":686038,"stateReads":37,"receipts":7,"commits":0,"physicalBodyBytes":1070236},{"name":"reopenAndPrepare","get":299,"exists":242,"put":1,"returnedBodyBytes":755118,"stateReads":42,"receipts":8,"commits":0,"physicalBodyBytes":1207427}]}
✔ collection I/O sqlite observations-simple: 4 pages retain semantics across reads, copying and reopening (1203.449917ms)
ℹ {"adapter":"sqlite","family":"observations-simple","pages":4,"sourceCalls":4,"resultSignature":"a6a1b857443999b7a5f4b1945b1768f00b1f58af8a2d1b7fce08ea4816c57ae5","stages":[{"name":"collect","get":114,"exists":202,"put":14,"returnedBodyBytes":172551,"stateReads":210,"receipts":30,"commits":14,"physicalBodyBytes":487152},{"name":"checkpointRead","get":13,"exists":12,"put":0,"returnedBodyBytes":18412,"stateReads":5,"receipts":1,"commits":0,"physicalBodyBytes":35857},{"name":"callsGet","get":41,"exists":96,"put":1,"returnedBodyBytes":85070,"stateReads":45,"receipts":10,"commits":5,"physicalBodyBytes":315854},{"name":"contextPrepare","get":70,"exists":50,"put":1,"returnedBodyBytes":189654,"stateReads":37,"receipts":7,"commits":0,"physicalBodyBytes":289268},{"name":"reopenAndPrepare","get":83,"exists":62,"put":1,"returnedBodyBytes":208066,"stateReads":42,"receipts":8,"commits":0,"physicalBodyBytes":325125}]}
✔ collection I/O sqlite observations-simple: 8 pages retain semantics across reads, copying and reopening (2232.508625ms)
ℹ {"adapter":"sqlite","family":"observations-simple","pages":8,"sourceCalls":8,"resultSignature":"3e066d9f43cd916245766040a04be753e4d813303fafe0d6c5edfead4c0113c9","stages":[{"name":"collect","get":318,"exists":590,"put":26,"returnedBodyBytes":471661,"stateReads":354,"receipts":46,"commits":22,"physicalBodyBytes":1360871},{"name":"checkpointRead","get":25,"exists":24,"put":0,"returnedBodyBytes":35317,"stateReads":5,"receipts":1,"commits":0,"physicalBodyBytes":69666},{"name":"callsGet","get":77,"exists":180,"put":1,"returnedBodyBytes":163211,"stateReads":45,"receipts":10,"commits":5,"physicalBodyBytes":608316},{"name":"contextPrepare","get":130,"exists":98,"put":1,"returnedBodyBytes":355572,"stateReads":37,"receipts":7,"commits":0,"physicalBodyBytes":550228},{"name":"reopenAndPrepare","get":155,"exists":122,"put":1,"returnedBodyBytes":390889,"stateReads":42,"receipts":8,"commits":0,"physicalBodyBytes":619894}]}
✔ collection I/O sqlite observations-simple: 16 pages retain semantics across reads, copying and reopening (3799.389083ms)
ℹ {"adapter":"sqlite","family":"observations-simple","pages":16,"sourceCalls":16,"resultSignature":"efdaf769faccd802339a9b0a1fb7bb1c170d5d2cfcd84df6499f8eceb676f508","stages":[{"name":"collect","get":1014,"exists":1942,"put":50,"returnedBodyBytes":1476960,"stateReads":642,"receipts":78,"commits":38,"physicalBodyBytes":4329433},{"name":"checkpointRead","get":49,"exists":48,"put":0,"returnedBodyBytes":69226,"stateReads":5,"receipts":1,"commits":0,"physicalBodyBytes":137483},{"name":"callsGet","get":149,"exists":348,"put":1,"returnedBodyBytes":319944,"stateReads":45,"receipts":10,"commits":5,"physicalBodyBytes":1194931},{"name":"contextPrepare","get":250,"exists":194,"put":1,"returnedBodyBytes":688371,"stateReads":37,"receipts":7,"commits":0,"physicalBodyBytes":1073665},{"name":"reopenAndPrepare","get":299,"exists":242,"put":1,"returnedBodyBytes":757597,"stateReads":42,"receipts":8,"commits":0,"physicalBodyBytes":1211148}]}
✔ collection I/O file-journal documents-simple: 4 pages retain semantics across reads, copying and reopening (5467.869458ms)
ℹ {"adapter":"file-journal","family":"documents-simple","pages":4,"sourceCalls":4,"resultSignature":"ca3cbf4a810188e565397de9b01c666596d3bfd519841b869c91c2e4ca1eaa0c","stages":[{"name":"collect","get":114,"exists":202,"put":14,"returnedBodyBytes":171997,"stateReads":210,"receipts":30,"commits":14,"physicalBodyBytes":485558},{"name":"checkpointRead","get":13,"exists":12,"put":0,"returnedBodyBytes":18362,"stateReads":5,"receipts":1,"commits":0,"physicalBodyBytes":35757},{"name":"callsGet","get":41,"exists":96,"put":1,"returnedBodyBytes":84792,"stateReads":45,"receipts":10,"commits":5,"physicalBodyBytes":314778},{"name":"contextPrepare","get":70,"exists":50,"put":1,"returnedBodyBytes":188989,"stateReads":37,"receipts":7,"commits":0,"physicalBodyBytes":288275},{"name":"reopenAndPrepare","get":83,"exists":62,"put":1,"returnedBodyBytes":207351,"stateReads":42,"receipts":8,"commits":0,"physicalBodyBytes":324032}]}
✔ collection I/O file-journal documents-simple: 8 pages retain semantics across reads, copying and reopening (10209.379875ms)
ℹ {"adapter":"file-journal","family":"documents-simple","pages":8,"sourceCalls":8,"resultSignature":"c223661cc27ac8f18d90094013769634188fab210c6fa1531b423635c1ef5c84","stages":[{"name":"collect","get":318,"exists":590,"put":26,"returnedBodyBytes":470387,"stateReads":354,"receipts":46,"commits":22,"physicalBodyBytes":1357149},{"name":"checkpointRead","get":25,"exists":24,"put":0,"returnedBodyBytes":35235,"stateReads":5,"receipts":1,"commits":0,"physicalBodyBytes":69502},{"name":"callsGet","get":77,"exists":180,"put":1,"returnedBodyBytes":162709,"stateReads":45,"receipts":10,"commits":5,"physicalBodyBytes":606344},{"name":"contextPrepare","get":130,"exists":98,"put":1,"returnedBodyBytes":354351,"stateReads":37,"receipts":7,"commits":0,"physicalBodyBytes":548423},{"name":"reopenAndPrepare","get":155,"exists":122,"put":1,"returnedBodyBytes":389586,"stateReads":42,"receipts":8,"commits":0,"physicalBodyBytes":617925}]}
✔ collection I/O file-journal documents-simple: 16 pages retain semantics across reads, copying and reopening (16555.924458ms)
ℹ {"adapter":"file-journal","family":"documents-simple","pages":16,"sourceCalls":16,"resultSignature":"ab9d2af3b8ec8ae6983b1b42f01fae55eaa9771ae3f0271537f2a91d7e4ef676","stages":[{"name":"collect","get":1014,"exists":1942,"put":50,"returnedBodyBytes":1473478,"stateReads":642,"receipts":78,"commits":38,"physicalBodyBytes":4319151},{"name":"checkpointRead","get":49,"exists":48,"put":0,"returnedBodyBytes":69080,"stateReads":5,"receipts":1,"commits":0,"physicalBodyBytes":137191},{"name":"callsGet","get":149,"exists":348,"put":1,"returnedBodyBytes":318994,"stateReads":45,"receipts":10,"commits":5,"physicalBodyBytes":1191167},{"name":"contextPrepare","get":250,"exists":194,"put":1,"returnedBodyBytes":686038,"stateReads":37,"receipts":7,"commits":0,"physicalBodyBytes":1070236},{"name":"reopenAndPrepare","get":299,"exists":242,"put":1,"returnedBodyBytes":755118,"stateReads":42,"receipts":8,"commits":0,"physicalBodyBytes":1207427}]}
✔ collection I/O file-journal observations-simple: 4 pages retain semantics across reads, copying and reopening (6157.208583ms)
ℹ {"adapter":"file-journal","family":"observations-simple","pages":4,"sourceCalls":4,"resultSignature":"a6a1b857443999b7a5f4b1945b1768f00b1f58af8a2d1b7fce08ea4816c57ae5","stages":[{"name":"collect","get":114,"exists":202,"put":14,"returnedBodyBytes":172551,"stateReads":210,"receipts":30,"commits":14,"physicalBodyBytes":487152},{"name":"checkpointRead","get":13,"exists":12,"put":0,"returnedBodyBytes":18412,"stateReads":5,"receipts":1,"commits":0,"physicalBodyBytes":35857},{"name":"callsGet","get":41,"exists":96,"put":1,"returnedBodyBytes":85070,"stateReads":45,"receipts":10,"commits":5,"physicalBodyBytes":315854},{"name":"contextPrepare","get":70,"exists":50,"put":1,"returnedBodyBytes":189654,"stateReads":37,"receipts":7,"commits":0,"physicalBodyBytes":289268},{"name":"reopenAndPrepare","get":83,"exists":62,"put":1,"returnedBodyBytes":208066,"stateReads":42,"receipts":8,"commits":0,"physicalBodyBytes":325125}]}
✔ collection I/O file-journal observations-simple: 8 pages retain semantics across reads, copying and reopening (8955.142541ms)
ℹ {"adapter":"file-journal","family":"observations-simple","pages":8,"sourceCalls":8,"resultSignature":"3e066d9f43cd916245766040a04be753e4d813303fafe0d6c5edfead4c0113c9","stages":[{"name":"collect","get":318,"exists":590,"put":26,"returnedBodyBytes":471661,"stateReads":354,"receipts":46,"commits":22,"physicalBodyBytes":1360871},{"name":"checkpointRead","get":25,"exists":24,"put":0,"returnedBodyBytes":35317,"stateReads":5,"receipts":1,"commits":0,"physicalBodyBytes":69666},{"name":"callsGet","get":77,"exists":180,"put":1,"returnedBodyBytes":163211,"stateReads":45,"receipts":10,"commits":5,"physicalBodyBytes":608316},{"name":"contextPrepare","get":130,"exists":98,"put":1,"returnedBodyBytes":355572,"stateReads":37,"receipts":7,"commits":0,"physicalBodyBytes":550228},{"name":"reopenAndPrepare","get":155,"exists":122,"put":1,"returnedBodyBytes":390889,"stateReads":42,"receipts":8,"commits":0,"physicalBodyBytes":619894}]}
✔ collection I/O file-journal observations-simple: 16 pages retain semantics across reads, copying and reopening (7927.797791ms)
ℹ {"adapter":"file-journal","family":"observations-simple","pages":16,"sourceCalls":16,"resultSignature":"efdaf769faccd802339a9b0a1fb7bb1c170d5d2cfcd84df6499f8eceb676f508","stages":[{"name":"collect","get":1014,"exists":1942,"put":50,"returnedBodyBytes":1476960,"stateReads":642,"receipts":78,"commits":38,"physicalBodyBytes":4329433},{"name":"checkpointRead","get":49,"exists":48,"put":0,"returnedBodyBytes":69226,"stateReads":5,"receipts":1,"commits":0,"physicalBodyBytes":137483},{"name":"callsGet","get":149,"exists":348,"put":1,"returnedBodyBytes":319944,"stateReads":45,"receipts":10,"commits":5,"physicalBodyBytes":1194931},{"name":"contextPrepare","get":250,"exists":194,"put":1,"returnedBodyBytes":688371,"stateReads":37,"receipts":7,"commits":0,"physicalBodyBytes":1073665},{"name":"reopenAndPrepare","get":299,"exists":242,"put":1,"returnedBodyBytes":757597,"stateReads":42,"receipts":8,"commits":0,"physicalBodyBytes":1211148}]}
✔ read collection: bounded batch keeps original observations and input objects independent (4.730083ms)
✔ read collection: explicit retries request every unfinished key and advance only when the original page is complete (2.297125ms)
✔ read collection: extra cannot satisfy a trusted batch manifest (0.304833ms)
✔ read collection: missing cannot satisfy a trusted batch manifest (0.09725ms)
✔ read collection: wrong-digest cannot satisfy a trusted batch manifest (0.125334ms)
✔ read collection: duplicate-expected cannot satisfy a trusted batch manifest (0.09975ms)
✔ read collection: duplicate-item cannot satisfy a trusted batch manifest (0.105833ms)
✔ read collection: retry rejects successful-item instead of overwriting successful observations (0.452083ms)
✔ read collection: retry rejects missing-unfinished instead of overwriting successful observations (0.674416ms)
✔ read collection: retry rejects changed-digest instead of overwriting successful observations (0.516125ms)
✔ read collection: pending retry binds snapshot to its original source page (0.326792ms)
✔ read collection: pending retry binds cursor to its original source page (0.444459ms)
✔ read collection: pending retry binds nextCursor to its original source page (0.269083ms)
✔ read collection: pending retry binds totalItems to its original source page (0.239459ms)
✔ read collection: pending retry binds exhausted to its original source page (0.232083ms)
✔ read collection: pending retry binds requestId to its original source page (0.866292ms)
✔ read collection: an explicit retry cannot omit a key in the request or reuse the last request identity (0.272292ms)
✔ read collection: accepted request history survives replaced pending IDs and is checked on restore (0.457292ms)
✔ read collection: a nonretryable error preserves the pending observations but forbids resume (0.15775ms)
✔ read collection: retries consume the operation call limit without advancing page count (0.289ms)
✔ read collection: declared totals count unique logical items and may become known on the final page (0.222833ms)
✔ read collection: a known total stays binding when a later response omits it (0.214333ms)
✔ read collection: repeated IDs cannot create another item even with a different digest (0.119375ms)
✔ read collection: cursor loops and snapshot changes are rejected across finalized pages (0.31575ms)
✔ read collection: empty pages may progress with new cursors and a complete empty collection is valid (0.195833ms)
✔ read collection: page, item and batch bounds stop further requests without truncation (0.213583ms)
✔ read collection: response and checkpoint limits use exact UTF-8 byte lengths (0.233666ms)
✔ read collection: each raw retry is byte-bounded while the merged logical page uses the checkpoint bound (0.189625ms)
✔ read collection: restored projection corruption is rejected before producing a request (0.146625ms)
✔ read collection: restored cursor-chain corruption is rejected before producing a request (0.116792ms)
✔ read collection: restored calls corruption is rejected before producing a request (0.107792ms)
✔ read collection: restored completed-pending corruption is rejected before producing a request (0.1145ms)
✔ read collection: restored manifest corruption is rejected before producing a request (0.123625ms)
✔ read collection: strict schemas reject false completion, fabricated not-run output and invalid budgets (0.508042ms)
✔ read collection: usage overflow and dependency overflow fail without dropping earlier accounting or custody (1.728041ms)
✔ durable collections sqlite: a process crash after intent becomes an unknown call on explicit resume (780.71475ms)
✔ durable collections sqlite: a batch retries only unfinished manifest items after reopening (864.346625ms)
✔ durable collections sqlite: source failures consume the persisted call budget across explicit retries (998.405208ms)
✔ durable collections sqlite: a source that answers after cancellation cannot commit its late page (236.724833ms)
✔ durable collections sqlite: policy revocation while the source waits suppresses the response (311.570708ms)
✔ durable collections file-journal: a process crash after intent becomes an unknown call on explicit resume (3620.78225ms)
✔ durable collections file-journal: a batch retries only unfinished manifest items after reopening (3486.128084ms)
✔ durable collections file-journal: source failures consume the persisted call budget across explicit retries (8554.04975ms)
✔ durable collections file-journal: a source that answers after cancellation cannot commit its late page (1434.93325ms)
✔ durable collections file-journal: policy revocation while the source waits suppresses the response (1624.546ms)
✔ durable collections: query cannot resume a checkpoint under a changed contract (466.728917ms)
✔ durable collections: fresh cannot resume a checkpoint under a changed contract (419.51425ms)
✔ durable collections: same-task-id cannot resume a checkpoint under a changed contract (403.708833ms)
✔ durable collections: policy cannot resume a checkpoint under a changed contract (463.857ms)
✔ durable collections: goal cannot resume a checkpoint under a changed contract (496.829917ms)
✔ durable collections: generation cannot resume a checkpoint under a changed contract (417.482584ms)
✔ durable collections sqlite documents-simple: complete pages advance automatically and survive reopening (820.818375ms)
✔ durable collections sqlite documents-simple: partial stops until a new task explicitly resumes after reopening (1185.852208ms)
✔ durable collections sqlite observations-simple: complete pages advance automatically and survive reopening (785.837917ms)
✔ durable collections sqlite observations-simple: partial stops until a new task explicitly resumes after reopening (1195.889666ms)
✔ durable collections file-journal documents-simple: complete pages advance automatically and survive reopening (3573.132625ms)
✔ durable collections file-journal documents-simple: partial stops until a new task explicitly resumes after reopening (7215.143958ms)
✔ durable collections file-journal observations-simple: complete pages advance automatically and survive reopening (3692.66725ms)
✔ durable collections file-journal observations-simple: partial stops until a new task explicitly resumes after reopening (6882.808458ms)
✔ collection coverage: an individually complete fact does not prove the required full query (3.393208ms)
✔ collection coverage: complete query is an additional gate and adds no independent evidence (0.196125ms)
✔ collection coverage: query mismatch cannot satisfy the requirement (0.142709ms)
✔ collection coverage: snapshot mismatch cannot satisfy the requirement (0.11525ms)
✔ collection coverage: goal mismatch cannot satisfy the requirement (0.118292ms)
✔ collection coverage: permission mismatch cannot satisfy the requirement (0.160167ms)
✔ collection coverage: unadopted mismatch cannot satisfy the requirement (0.296292ms)
✔ collection coverage: an earlier unknown read retains its history without negating a complete later manifest (0.27325ms)
✔ collection coverage: empty enumeration does not invent a business fact (0.148542ms)
✔ collection coverage: manifest validation rejects duplicates, mismatched keys and premature EOF even without a remote total (0.368541ms)
✔ read deferral proof: a pinned marker rejects callback removal without replacing the active provider (14.082083ms)
✔ read deferral proof: callback capture and detached authority inputs prevent adapter mutation from changing validation (6.949875ms)
✔ read deferral proof: same-definition replacement during async verification invalidates the in-flight claim (4.242083ms)
✔ read page proof: marker makes callback removal an atomic rejected provider refresh (14.862625ms)
✔ read page proof: source callback is captured and receives detached original task, request and page (8.135792ms)
✔ read page proof: same-version replacement during async validation invalidates its result (3.8355ms)
✔ read page proof: legacy serialization is unchanged and a marked source cannot omit its original (5.905167ms)
✔ read page proof sqlite: explicit resume verifies individual responses and keeps the earlier successful original (1004.5585ms)
✔ read page proof sqlite: a zero-item page retains its raw ref and raw loss blocks pending adoption (413.851208ms)
✔ read page proof sqlite: missing parent original prevents any resumed source request (557.134ms)
✔ read page proof sqlite: authority after a source wait prevents input when work is paused (299.165292ms)
✔ read page proof sqlite: replacing the provider during the post-Broker checkpoint read blocks the old source (281.962208ms)
✔ read page proof sqlite: first-read originals stay in the final fence and loss after a callback is rejected (411.619709ms)
✔ read page proof file-journal: explicit resume verifies individual responses and keeps the earlier successful original (6485.821666ms)
✔ read page proof file-journal: a zero-item page retains its raw ref and raw loss blocks pending adoption (2103.173458ms)
✔ read page proof file-journal: missing parent original prevents any resumed source request (3381.593209ms)
✔ read page proof file-journal: authority after a source wait prevents input when work is paused (1716.076417ms)
✔ read page proof file-journal: replacing the provider during the post-Broker checkpoint read blocks the old source (1696.76ms)
✔ read page proof file-journal: first-read originals stay in the final fence and loss after a callback is rejected (2177.736875ms)
✔ read wait: an explicit successor stays queued before due and becomes eligible exactly at due (4.171667ms)
✔ read wait: a renamed fresh task cannot bypass the same work/query cooldown (0.238ms)
✔ read wait: an independent query runs while the first task is waiting (0.214459ms)
✔ read wait: waiting prevents replanning even when no successor has been proposed (0.191917ms)
✔ read wait: clearing the wake projection or pausing does not reset the original retry time (0.191959ms)
✔ read wait: the work deadline wakes earlier than the retry time and then blocks input (0.172375ms)
✔ read wait: cancelled work stays cancelled and a new goal does not inherit old query waits (0.332083ms)
✔ read wait: a depleted collection call allowance never creates another early call (0.155208ms)
✔ state-based packet retains counterevidence, obligations and original references without raw history or a state mutation (33.397292ms)
✔ old and forged packets cannot reverse a goal change, cancellation or budget (9.548208ms)
✔ separate SQLite/artifact instances reconstruct packets and regenerate missing or corrupt derived blobs (270.962042ms)
✔ missing original is reported by id and cannot be hidden by a valid prior packet (5.966667ms)
✔ reconstruction rechecks a goal change committed while the packet is being saved (4.818292ms)
✔ snapshot retries mixed state/event/outbox revisions and rejects broken event history (4.504958ms)
✔ untrusted packet dimensions, tool revision changes and a foreign work packet never authorize reuse (7.416083ms)
✔ resume requires the work owner and full runtime view; revoked history is never relabelled (4.551958ms)
✔ packet size limit refuses the whole projection without dropping obligations or writing a partial packet (3.844708ms)
✔ model context restores task attempts and budget but excludes model ledger and delivery bodies (6.384834ms)
✔ model context cannot relabel a revoked attempt result reference under the current policy (8.9775ms)
✔ model context refuses assessment references whose evidence metadata is no longer permitted (3.630375ms)
✔ sqlite: text originals use one verified body read and no cross-call availability cache (248.096583ms)
ℹ {"adapter":"sqlite","operation":"original","name":"original","elapsedMs":0.8617079999999646,"artifactApi":{"get":{"calls":1,"requestedBodyBytes":1733,"returnedBodyBytes":1733,"failures":0},"exists":{"calls":0,"referencedBodyBytes":0,"available":0,"unavailable":0},"put":{"calls":0,"inputBodyBytes":0,"returnedReferenceBodyBytes":0,"failures":0}},"stateApi":{"get":4,"receipt":0,"commit":0,"events":0,"recentEventMetadata":0,"deliveries":0,"workIdsForConversation":0,"conversationWorkPage":0,"runnable":0,"close":0},"physical":{"getCalls":1,"existsCalls":0,"putCalls":0,"metadataReadOperations":1,"metadataReadBytes":237,"bodyReadOperations":1,"bodyReadBytes":1733,"hashCalls":1,"hashBytes":1733,"fileWrites":0,"metadataWriteBytes":0,"bodyWriteBytes":0,"readFailures":0,"verificationFailures":0,"deniedReads":0,"writeFailures":0}}
✔ sqlite: one result materialization deduplicates repeated originals and preserves a final real verification (261.558833ms)
ℹ {"adapter":"sqlite","operation":"result","name":"result","elapsedMs":3.2554999999999836,"artifactApi":{"get":{"calls":2,"requestedBodyBytes":6315,"returnedBodyBytes":6315,"failures":0},"exists":{"calls":1,"referencedBodyBytes":1733,"available":1,"unavailable":0},"put":{"calls":0,"inputBodyBytes":0,"returnedReferenceBodyBytes":0,"failures":0}},"stateApi":{"get":10,"receipt":1,"commit":0,"events":0,"recentEventMetadata":0,"deliveries":0,"workIdsForConversation":0,"conversationWorkPage":0,"runnable":0,"close":0},"physical":{"getCalls":2,"existsCalls":1,"putCalls":0,"metadataReadOperations":3,"metadataReadBytes":717,"bodyReadOperations":3,"bodyReadBytes":8048,"hashCalls":3,"hashBytes":8048,"fileWrites":0,"metadataWriteBytes":0,"bodyWriteBytes":0,"readFailures":0,"verificationFailures":0,"deniedReads":0,"writeFailures":0}}
✔ sqlite: a two-copy chain decodes and reads each dispatch once per materialization (498.968209ms)
ℹ {"adapter":"sqlite","operation":"copy-chain","name":"copy-chain","elapsedMs":4.756084000000101,"artifactApi":{"get":{"calls":4,"requestedBodyBytes":16962,"returnedBodyBytes":16962,"failures":0},"exists":{"calls":1,"referencedBodyBytes":1733,"available":1,"unavailable":0},"put":{"calls":0,"inputBodyBytes":0,"returnedReferenceBodyBytes":0,"failures":0}},"stateApi":{"get":10,"receipt":3,"commit":0,"events":0,"recentEventMetadata":0,"deliveries":0,"workIdsForConversation":0,"conversationWorkPage":0,"runnable":0,"close":0},"physical":{"getCalls":4,"existsCalls":1,"putCalls":0,"metadataReadOperations":5,"metadataReadBytes":1203,"bodyReadOperations":5,"bodyReadBytes":18695,"hashCalls":5,"hashBytes":18695,"fileWrites":0,"metadataWriteBytes":0,"bodyWriteBytes":0,"readFailures":0,"verificationFailures":0,"deniedReads":0,"writeFailures":0}}
✔ sqlite: context uses verified copy materialization without rereading its dispatch pair (529.148333ms)
ℹ {"adapter":"sqlite","operation":"context","name":"context","elapsedMs":69.86470900000018,"artifactApi":{"get":{"calls":9,"requestedBodyBytes":70896,"returnedBodyBytes":70896,"failures":0},"exists":{"calls":6,"referencedBodyBytes":20428,"available":6,"unavailable":0},"put":{"calls":1,"inputBodyBytes":37961,"returnedReferenceBodyBytes":37961,"failures":0}},"stateApi":{"get":34,"receipt":6,"commit":0,"events":1,"recentEventMetadata":0,"deliveries":0,"workIdsForConversation":0,"conversationWorkPage":0,"runnable":0,"close":0},"physical":{"getCalls":9,"existsCalls":7,"putCalls":1,"metadataReadOperations":15,"metadataReadBytes":3616,"bodyReadOperations":15,"bodyReadBytes":91324,"hashCalls":17,"hashBytes":129436,"fileWrites":2,"metadataWriteBytes":244,"bodyWriteBytes":37961,"readFailures":1,"verificationFailures":1,"deniedReads":0,"writeFailures":0}}
✔ sqlite: adapter argument mutation and returned metadata cannot change private reference snapshots (376.264167ms)
✔ sqlite: cached original is rejected if deleted during a later state read (184.252417ms)
✔ sqlite: cached original is rejected if corrupted during a later state read (195.044959ms)
✔ sqlite: context rechecks metadata-reused originals after its staging await (334.558458ms)
✔ sqlite: context rechecks ordinary cached originals after staging without a calls.get copy (235.414334ms)
✔ sqlite: final cached-source check retains contract authority handling (185.382583ms)
✔ sqlite: final cached-source check retains policy authority handling (180.721417ms)
✔ sqlite: final cached-source check retains unrelated authority handling (232.4645ms)
✔ file-journal: text originals use one verified body read and no cross-call availability cache (1136.7635ms)
ℹ {"adapter":"file-journal","operation":"original","name":"original","elapsedMs":49.05704100000003,"artifactApi":{"get":{"calls":1,"requestedBodyBytes":1733,"returnedBodyBytes":1733,"failures":0},"exists":{"calls":0,"referencedBodyBytes":0,"available":0,"unavailable":0},"put":{"calls":0,"inputBodyBytes":0,"returnedReferenceBodyBytes":0,"failures":0}},"stateApi":{"get":4,"receipt":0,"commit":0,"events":0,"recentEventMetadata":0,"deliveries":0,"workIdsForConversation":0,"conversationWorkPage":0,"runnable":0,"close":0},"physical":{"getCalls":1,"existsCalls":0,"putCalls":0,"metadataReadOperations":1,"metadataReadBytes":237,"bodyReadOperations":1,"bodyReadBytes":1733,"hashCalls":1,"hashBytes":1733,"fileWrites":0,"metadataWriteBytes":0,"bodyWriteBytes":0,"readFailures":0,"verificationFailures":0,"deniedReads":0,"writeFailures":0}}
✔ file-journal: one result materialization deduplicates repeated originals and preserves a final real verification (1055.86325ms)
ℹ {"adapter":"file-journal","operation":"result","name":"result","elapsedMs":157.0329580000007,"artifactApi":{"get":{"calls":2,"requestedBodyBytes":6315,"returnedBodyBytes":6315,"failures":0},"exists":{"calls":1,"referencedBodyBytes":1733,"available":1,"unavailable":0},"put":{"calls":0,"inputBodyBytes":0,"returnedReferenceBodyBytes":0,"failures":0}},"stateApi":{"get":10,"receipt":1,"commit":0,"events":0,"recentEventMetadata":0,"deliveries":0,"workIdsForConversation":0,"conversationWorkPage":0,"runnable":0,"close":0},"physical":{"getCalls":2,"existsCalls":1,"putCalls":0,"metadataReadOperations":3,"metadataReadBytes":717,"bodyReadOperations":3,"bodyReadBytes":8048,"hashCalls":3,"hashBytes":8048,"fileWrites":0,"metadataWriteBytes":0,"bodyWriteBytes":0,"readFailures":0,"verificationFailures":0,"deniedReads":0,"writeFailures":0}}
✔ file-journal: a two-copy chain decodes and reads each dispatch once per materialization (2490.125041ms)
ℹ {"adapter":"file-journal","operation":"copy-chain","name":"copy-chain","elapsedMs":142.54449999999997,"artifactApi":{"get":{"calls":4,"requestedBodyBytes":16962,"returnedBodyBytes":16962,"failures":0},"exists":{"calls":1,"referencedBodyBytes":1733,"available":1,"unavailable":0},"put":{"calls":0,"inputBodyBytes":0,"returnedReferenceBodyBytes":0,"failures":0}},"stateApi":{"get":10,"receipt":3,"commit":0,"events":0,"recentEventMetadata":0,"deliveries":0,"workIdsForConversation":0,"conversationWorkPage":0,"runnable":0,"close":0},"physical":{"getCalls":4,"existsCalls":1,"putCalls":0,"metadataReadOperations":5,"metadataReadBytes":1203,"bodyReadOperations":5,"bodyReadBytes":18695,"hashCalls":5,"hashBytes":18695,"fileWrites":0,"metadataWriteBytes":0,"bodyWriteBytes":0,"readFailures":0,"verificationFailures":0,"deniedReads":0,"writeFailures":0}}
✔ file-journal: context uses verified copy materialization without rereading its dispatch pair (3199.748459ms)
ℹ {"adapter":"file-journal","operation":"context","name":"context","elapsedMs":614.4783750000006,"artifactApi":{"get":{"calls":9,"requestedBodyBytes":70896,"returnedBodyBytes":70896,"failures":0},"exists":{"calls":6,"referencedBodyBytes":20428,"available":6,"unavailable":0},"put":{"calls":1,"inputBodyBytes":37961,"returnedReferenceBodyBytes":37961,"failures":0}},"stateApi":{"get":34,"receipt":6,"commit":0,"events":1,"recentEventMetadata":0,"deliveries":0,"workIdsForConversation":0,"conversationWorkPage":0,"runnable":0,"close":0},"physical":{"getCalls":9,"existsCalls":7,"putCalls":1,"metadataReadOperations":15,"metadataReadBytes":3616,"bodyReadOperations":15,"bodyReadBytes":91324,"hashCalls":17,"hashBytes":129436,"fileWrites":2,"metadataWriteBytes":244,"bodyWriteBytes":37961,"readFailures":1,"verificationFailures":1,"deniedReads":0,"writeFailures":0}}
✔ file-journal: adapter argument mutation and returned metadata cannot change private reference snapshots (2645.618417ms)
✔ file-journal: cached original is rejected if deleted during a later state read (1046.427125ms)
✔ file-journal: cached original is rejected if corrupted during a later state read (1039.457208ms)
✔ file-journal: context rechecks metadata-reused originals after its staging await (2144.298083ms)
✔ file-journal: context rechecks ordinary cached originals after staging without a calls.get copy (873.914583ms)
✔ file-journal: final cached-source check retains contract authority handling (855.218625ms)
✔ file-journal: final cached-source check retains policy authority handling (825.356875ms)
✔ file-journal: final cached-source check retains unrelated authority handling (921.904416ms)
✔ resource progress: legacy and paged catalog cards share a stable preparation key independent of query and cursor metadata (4.250209ms)
✔ resource progress: exact schema loading earns a distinct credit and also records discovery so reverse-order searches add none (1.530209ms)
✔ resource progress: forged, mismatched or denied tool metadata and too-large responses do not earn preparation credit (0.998208ms)
✔ resource progress: guidance listing metadata does not reset progress and exact body loading subsumes the card (1.1885ms)
✔ resource progress: guidance body credit requires permitted manifest, matching indexed original and canonical selection identity (0.7165ms)
✔ resource progress: empty results, history/evidence reads and arbitrary new artifacts cannot fabricate preparation (1.478125ms)
✔ resource progress: replayed, reused and unadopted resource results cannot earn a new preparation key (0.363833ms)
✔ resource progress sqlite/documents-simple: default no-progress policy allows discovery, schemas and guidance before the real source (662.01225ms)
✔ resource progress sqlite/observations-simple: default no-progress policy allows discovery, schemas and guidance before the real source (589.920917ms)
✔ resource progress sqlite: repeated identical catalog preparation stops after the first credit and three empty steps (397.600834ms)
✔ resource progress sqlite: repeated identical guidance preparation stops after the first credit and three empty steps (499.599042ms)
✔ resource progress sqlite: empty searches with different query and task IDs stop at the default limit (320.1525ms)
✔ resource progress file-journal/documents-simple: default no-progress policy allows discovery, schemas and guidance before the real source (3320.217667ms)
✔ resource progress file-journal/observations-simple: default no-progress policy allows discovery, schemas and guidance before the real source (3477.609541ms)
✔ resource progress file-journal: repeated identical catalog preparation stops after the first credit and three empty steps (3601.119584ms)
✔ resource progress file-journal: repeated identical guidance preparation stops after the first credit and three empty steps (3315.706125ms)
✔ resource progress file-journal: empty searches with different query and task IDs stop at the default limit (2249.012708ms)
✔ catalog filters before ranking, bounds cards, separates providers and loads only an exact schema (26.603791ms)
✔ registration snapshots reject namespace/duplicates and cannot be mutated through adapters or catalog results (6.601208ms)
✔ documents-simple: discovery and selected guidance share the execution ledger without adding evidence or permissions (45.767583ms)
✔ observations-simple: discovery and selected guidance share the execution ledger without adding evidence or permissions (23.442ms)
✔ simple direct lookup does not load optional guidance or run a hypothesis review (8.724042ms)
✔ method selection follows contradiction, independence and response needs without model calls (6.275666ms)
✔ guidance metadata/limits do not read bodies and wrong version, tenant or applicability are rejected (6.171334ms)
✔ evidence readers distinguish protected/missing, superseded and retracted records; limits preserve provenance (5.949209ms)
✔ call result lookup stays historical after retraction and does not restore it to current evidence (8.272084ms)
✔ broker rejects calls without a committed dispatch or with another owner before reaching a tool (5.714667ms)
✔ in-flight output is not downgraded to a less restricted artifact when labels are revoked (7.286834ms)
✔ revocation after result storage settles without reading protected bytes or repeatedly getting stuck (6.029ms)
✔ stored guidance and invocation results can be read after SQLite/artifact/source restart without source execution (357.468208ms)
✔ guidance source rejects altered content, path escape and symlink replacement (52.670125ms)
✔ model-facing evidence and call readers use the common budget without reexecuting a source or completing a changed goal (17.943125ms)
✔ sqlite: one commit and reopen retain state, all ordered events, deliveries and historical receipts (91.832542ms)
✔ sqlite: duplicate and idempotency conflict precede revision conflict and preserve the first receipt (88.525041ms)
✔ sqlite: malformed commits leave all four collections unchanged, even on duplicate commands (62.986958ms)
✔ sqlite: caller mutations and mutable returned snapshots cannot rewrite persisted history (54.237083ms)
✔ sqlite: work, tenant, principal, channel and conversation identifiers remain separate (93.288375ms)
✔ sqlite: event cursors are exclusive and sequence numbers are local to each work (78.447ms)
✔ sqlite: runnable respects exact deadline, obligation, tool and model recovery boundaries after reopen (404.500667ms)
✔ sqlite: two separate processes race on revision with exactly one atomic winning commit (140.488875ms)
✔ sqlite: two separate processes race on same-command with exactly one atomic winning commit (137.882ms)
✔ sqlite: two separate processes race on different-digest with exactly one atomic winning commit (181.827208ms)
✔ sqlite: acknowledged commit survives SIGKILL without close and reopening replays its receipt without duplicate records (250.704709ms)
✔ file-journal: one commit and reopen retain state, all ordered events, deliveries and historical receipts (312.398917ms)
✔ file-journal: duplicate and idempotency conflict precede revision conflict and preserve the first receipt (346.852ms)
✔ file-journal: malformed commits leave all four collections unchanged, even on duplicate commands (773.120334ms)
✔ file-journal: caller mutations and mutable returned snapshots cannot rewrite persisted history (279.594875ms)
✔ file-journal: work, tenant, principal, channel and conversation identifiers remain separate (1039.182459ms)
✔ file-journal: event cursors are exclusive and sequence numbers are local to each work (240.7425ms)
✔ file-journal: runnable respects exact deadline, obligation, tool and model recovery boundaries after reopen (2822.02825ms)
✔ file-journal: two separate processes race on revision with exactly one atomic winning commit (257.841208ms)
✔ file-journal: two separate processes race on same-command with exactly one atomic winning commit (213.147083ms)
✔ file-journal: two separate processes race on different-digest with exactly one atomic winning commit (216.638167ms)
✔ file-journal: acknowledged commit survives SIGKILL without close and reopening replays its receipt without duplicate records (435.007833ms)
✔ sqlite: profile closes the opened state repository when channel initialization fails (76.965875ms)
✔ file-journal: profile closes the opened state repository when channel initialization fails (49.935125ms)
✔ sqlite/documents-simple: CLI persists backend choice across processes and prevents an accidental switch (1285.03325ms)
✔ sqlite/observations-simple: CLI persists backend choice across processes and prevents an accidental switch (1284.438417ms)
✔ file-journal/documents-simple: CLI persists backend choice across processes and prevents an accidental switch (4093.579ms)
✔ file-journal/observations-simple: CLI persists backend choice across processes and prevents an accidental switch (4303.606917ms)
✔ legacy SQLite profile acquires metadata without losing its work or accepting a backend switch (532.121375ms)
✔ two processes choosing different backends create only one accepted profile (415.003084ms)
✔ invalid or linked profile metadata is rejected without opening a new backend (33.39025ms)
✔ memory: recent metadata is bounded at the requested revision and omits payloads without changing state (12.370458ms)
✔ memory: pages progress once per matching work across Unicode IDs and isolate the complete binding scope (7.402542ms)
✔ memory: query limits, malformed cursors and empty repositories have a defined result (8.360083ms)
✔ sqlite: recent metadata is bounded at the requested revision and omits payloads without changing state (166.751ms)
✔ sqlite: pages progress once per matching work across Unicode IDs and isolate the complete binding scope (217.306667ms)
✔ sqlite: query limits, malformed cursors and empty repositories have a defined result (79.743875ms)
✔ file-journal: recent metadata is bounded at the requested revision and omits payloads without changing state (504.959125ms)
✔ file-journal: pages progress once per matching work across Unicode IDs and isolate the complete binding scope (1240.027792ms)
✔ file-journal: query limits, malformed cursors and empty repositories have a defined result (42.716667ms)
✔ journal: each page inspects only its directory budget and a foreign-only page still advances (829.984542ms)
✔ journal: cold, warm and external append distinguish body hashing from parsed and replayed records (553.899541ms)
✔ journal: a warm query rejects same-length after caching the complete history (184.645042ms)
✔ journal: a warm query rejects middle-delete after caching the complete history (183.253333ms)
✔ journal: a warm query rejects tail-delete after caching the complete history (132.771083ms)
✔ journal: a warm query rejects replacement after caching the complete history (154.16575ms)
✔ journal: a warm query rejects symlink after caching the complete history (108.841167ms)
✔ journal: a warm query rejects mode after caching the complete history (111.891292ms)
✔ journal: a warm query rejects header after caching the complete history (123.009792ms)
✔ journal: a warm read still fails when the directory durability fence fails (81.228542ms)
✔ journal: a normal pending-link cleanup during a warm read retries the entire record once (116.622041ms)
✔ journal: repeated record changes exhaust the bounded read retry and fail closed (87.231125ms)
✔ journal: cache accounting includes historical receipt snapshots and eviction releases record identities (126.914834ms)
✔ journal: a delayed older commit acknowledgement cannot lower a newer observed head with caching disabled (136.968ms)
✔ sqlite: transactional migration backfills query indexes and an already open legacy writer keeps them current (137.755542ms)
✔ sqlite: migration failure rolls back schema and leaves the legacy records unchanged (103.174084ms)
✔ sqlite: reopening an intermediate v2 store rebuilds stale indexes and replaces old triggers transactionally (133.574958ms)
✔ sqlite: a failed index write rolls back canonical state, events, receipt and binding changes together (46.374584ms)
✔ sqlite: bounded query SQL selects metadata and IDs without loading event or work bodies (46.61625ms)
✔ one atomic commit stores state, events, outbox and idempotency receipt (82.392792ms)
✔ injected failure between state and event writes rolls back every record (104.097208ms)
✔ waiting state and wake obligation survive process termination after commit (192.540083ms)
✔ two independent processes cannot commit from the same stale revision (176.984292ms)
✔ structured planner accepts one strict JSON proposal and forwards identity, options and source-boundary instructions once (2.829709ms)
✔ configuration and request snapshots cannot be rewritten by caller or transport mutation (0.675916ms)
✔ input estimation includes the exact transport request and schema without invoking the transport or claiming measured usage (0.431917ms)
✔ input estimation uses the same policy and size gates as transport requests (0.612375ms)
✔ finish reasons remain distinct and never expose provider failure content or run hidden retries (0.5295ms)
✔ invalid JSON, schema, response fields and missing proposal fail without repair calls (0.869875ms)
✔ usage omission is unknown rather than zero; only independently valid safe integer fields survive invalid envelopes (1.385583ms)
✔ provider and model identity mismatch cannot masquerade as the configured adapter (0.255167ms)
✔ missing options, denied destinations and unauthorized tool schemas never reach the transport (0.558416ms)
✔ request and response limits use UTF-8 bytes and preserve valid usage on oversized responses (0.297875ms)
✔ transport exceptions become fixed errors with unknown usage and no implicit retry (0.168375ms)
✔ pre-call cancellation has no transport effect; late cancellation preserves returned usage without accepting a proposal (0.201875ms)
✔ abort-related transport rejection is cancellation with unmeasured usage (0.148583ms)
✔ invalid configurations fail with a fixed message before transport registration (0.122208ms)
✔ structured transport rejects incomplete observation pairs and reference bodies before invocation (1.53775ms)
✔ synthetic document inputs produce independently observed app facts and separate session/call usage (4.555083ms)
✔ every lease identity dimension is checked at input and a forged grant applies no input (0.93325ms)
✔ stale observation identity and focus are rejected with zero input (1.1255ms)
✔ current target uniqueness, ref, role, name, visibility and enabled state gate the actual target (0.735875ms)
✔ an expired delayed input cannot reach a new owner and old release cannot release the new lease (0.6465ms)
✔ human handoff interrupts pending input, invalidates old views and remains owned after agent release (0.35475ms)
✔ cancellation and shared deadline are rechecked after a driver delay without injecting late input (0.3565ms)
✔ wait observes late readiness using virtual condition changes and a single remaining deadline (0.80875ms)
✔ applied-but-unknown save retains its effect and exact operation replay never saves twice (0.288166ms)
✔ concurrent identical operations join while timeout injection and hook failure apply zero input (0.317584ms)
✔ bounded partial observations never expose omitted targets for action or silently exceed bytes (0.150542ms)
✔ durable synthetic contents and input counts survive reconstruction while leases and observations do not (142.301792ms)
✔ authority is required after delay and host hook, and focus is rechecked after asynchronous authorization (0.857917ms)
✔ synthetic fill accepts the shared 8192-character limit and rejects an oversized value before input (0.480292ms)
✔ synthetic receipts: applied and explicitly not-applied records are durable before response and lookup changes no app bytes (78.682542ms)
✔ synthetic receipts: applied-unknown and negative receipts remain queryable by their original epoch after restart (97.622917ms)
✔ synthetic receipts: missing identities and changed action, target, view or focus never inherit another receipt (1.646875ms)
✔ synthetic receipts: another work cannot read an original receipt even with a valid current session grant (0.305458ms)
✔ synthetic receipts: denied or missing read authority, cancelled signals and expired grants disclose no receipt (1.062084ms)
✔ synthetic receipts: cancellation, expiry and owner replacement during read authorization are checked again (1.32425ms)
✔ synthetic receipts: a pending input lookup returns unknown without joining or executing the action (0.847833ms)
✔ synthetic receipts: legacy app contents migrate without inventing operation proofs from saved values or counts (41.458833ms)
✔ synthetic receipts: a full bounded ledger rejects new input, keeps old proofs and remains full after reopen (86.014792ms)
✔ synthetic receipts: a reopened full ledger cannot relabel an old applied command as not-applied (72.781125ms)
✔ synthetic receipts: hundreds of distinct refused operations keep diagnostics bounded and preserve the original proof (52.744209ms)
✔ synthetic receipts: pending operation memory caps authorization waits and retains the first response without duplicate input (138.09425ms)
✔ synthetic receipts: delayed concurrent operations cannot overfill a one-record ledger (56.759083ms)
✔ synthetic receipts: malformed, duplicate and oversized persisted receipt sets fail before replacing the file (99.757916ms)
✔ synthetic receipts: an older instance cannot overwrite the newer epoch or its existing receipt file (67.958167ms)
✔ synthetic receipts: mutable lookup inputs and returned receipts cannot change the pinned identity or cached proof (0.416291ms)
✔ synthetic computer storage: reopening prevents the stale owner from publishing its old app as a fresh observation (58.588708ms)
✔ synthetic computer storage: stale delayed search interrupts waiters without throwing or overwriting the reopened file (82.548875ms)
✔ synthetic computer storage: lost directory-sync acknowledgement preserves an applied receipt while blocking new inputs (69.5715ms)
✔ sqlite: broker rechecks source knowledge after a real reuse lookup misses (127.347583ms)
✔ sqlite: legacy attempt rejects a destination replacement during beforeInvoke (128.685541ms)
✔ sqlite: legacy attempt rejects a labels replacement during beforeInvoke (139.500959ms)
✔ sqlite: legacy attempt rejects a effect replacement during beforeInvoke (95.385166ms)
✔ sqlite: legacy attempt rejects a destination replacement during reuse (113.909708ms)
✔ sqlite: legacy attempt rejects a labels replacement during reuse (96.089458ms)
✔ sqlite: legacy attempt rejects a effect replacement during reuse (98.654834ms)
✔ sqlite: an unchanged legacy attempt invokes once after asynchronous guards and a reuse miss (87.892041ms)
✔ file-journal: broker rechecks source knowledge after a real reuse lookup misses (855.027167ms)
✔ file-journal: legacy attempt rejects a destination replacement during beforeInvoke (523.225334ms)
✔ file-journal: legacy attempt rejects a labels replacement during beforeInvoke (434.958042ms)
✔ file-journal: legacy attempt rejects a effect replacement during beforeInvoke (481.698875ms)
✔ file-journal: legacy attempt rejects a destination replacement during reuse (456.590125ms)
✔ file-journal: legacy attempt rejects a labels replacement during reuse (405.122167ms)
✔ file-journal: legacy attempt rejects a effect replacement during reuse (543.027166ms)
✔ file-journal: an unchanged legacy attempt invokes once after asynchronous guards and a reuse miss (581.089458ms)
✔ provider pages become visible in one publication and keep unrelated providers (14.914167ms)
✔ only a complete empty provider listing retires that provider (5.483417ms)
✔ provider partial transport failure preserves the previously published snapshot (3.865334ms)
✔ provider mixed provider revisions preserves the previously published snapshot (3.49975ms)
✔ provider cross-page duplicate preserves the previously published snapshot (3.834084ms)
✔ provider pagination cycle preserves the previously published snapshot (4.442209ms)
✔ provider wrong provider namespace preserves the previously published snapshot (2.833708ms)
✔ provider invalid namespace definition preserves the previously published snapshot (3.237458ms)
✔ provider invalid JSON schema preserves the previously published snapshot (2.9195ms)
✔ provider missing completeness cursor preserves the previously published snapshot (2.224834ms)
✔ provider undeclared partial flag preserves the previously published snapshot (3.122958ms)
✔ provider page bound preserves the previously published snapshot (2.601834ms)
✔ provider tool bound preserves the previously published snapshot (2.486375ms)
✔ provider definition byte bound preserves the previously published snapshot (2.363208ms)
✔ provider pre-cancellation makes no listing call (2.643625ms)
✔ provider abort ends an ignored-signal wait and late listing cannot publish (2.468292ms)
✔ provider abort during schema compilation still prevents publication (2.130666ms)
✔ concurrent same-provider refresh refuses an older listing after a newer publication (3.068833ms)
✔ concurrent unrelated provider refreshes both publish without reverting each other (2.244291ms)
✔ provider staging snapshots metadata and callbacks before awaiting another page (3.10275ms)
✔ catalog cursor pages reach every permitted result after 20 without duplicate or missing cards (18.176ms)
✔ catalog cursor replay returns the same cards while allowing a smaller per-page item limit (8.4835ms)
✔ catalog cursor is bound to current query (9.572625ms)
✔ catalog cursor is bound to current tenant (7.650708ms)
✔ catalog cursor is bound to current principal (6.967ms)
✔ catalog cursor is bound to current tools (7.151667ms)
✔ catalog cursor is bound to current labels (6.676541ms)
✔ catalog cursor is bound to current destinations (7.091ms)
✔ catalog cursor is bound to current writes (9.333708ms)
✔ catalog cursor rejects unpublished, stale, and restarted lookup state (11.895166ms)
✔ catalog cursor expires by injected clock and bounded index eviction requires a fresh search (8.490666ms)
✔ catalog applies permissions before rank, total page size, and hasMore (7.194625ms)
✔ catalog page budgets count Unicode and the entire response envelope (3.580292ms)
✔ catalog rejects invalid bounds and keeps punctuation-only search bounded and empty (4.195958ms)
✔ catalog reuses immutable definition digests across cursor pages and refreshes after registry replacement (10.02275ms)
✔ sqlite/documents-simple: durable reuse keeps evidence identity and charges source costs once after reopen (486.83875ms)
✔ sqlite/observations-simple: durable reuse keeps evidence identity and charges source costs once after reopen (428.963084ms)
✔ file-journal/documents-simple: durable reuse keeps evidence identity and charges source costs once after reopen (3772.139792ms)
✔ file-journal/observations-simple: durable reuse keeps evidence identity and charges source costs once after reopen (3943.089792ms)
✔ sqlite: default deny and fresh request perform actual reads, unreported adapter costs stay unknown (471.575417ms)
✔ sqlite: TTL boundary makes a new read and adoption after expiry rejects an already-stored hit (457.23025ms)
✔ sqlite: a changed principal cannot reuse a result obtained under the old policy (308.855542ms)
✔ sqlite: contract changes before dispatch fail without invoking; unrelated registry changes keep a selected contract usable (232.7045ms)
✔ sqlite: a reuse clone cannot survive source custody removal in history, copies, or context (241.830334ms)
✔ sqlite: original artifact is rechecked at the adoption commit boundary (233.205459ms)
✔ sqlite: a dispatched call without a received measurement remains unknown after reopen (107.625917ms)
✔ sqlite: unsent cancellation and legacy reservation expiry do not create unknown execution costs (102.896833ms)
✔ sqlite: emitted observation source contracts are checked even when that tool schema is not selected (260.140375ms)
✔ sqlite: registry removal while a context frame is staged prevents returning the prepared input (229.502792ms)
✔ file-journal: default deny and fresh request perform actual reads, unreported adapter costs stay unknown (2399.98725ms)
✔ file-journal: TTL boundary makes a new read and adoption after expiry rejects an already-stored hit (2904.209417ms)
✔ file-journal: a changed principal cannot reuse a result obtained under the old policy (1273.616084ms)
✔ file-journal: contract changes before dispatch fail without invoking; unrelated registry changes keep a selected contract usable (1229.265792ms)
✔ file-journal: a reuse clone cannot survive source custody removal in history, copies, or context (1990.907209ms)
✔ file-journal: original artifact is rechecked at the adoption commit boundary (1844.820125ms)
✔ file-journal: a dispatched call without a received measurement remains unknown after reopen (459.100625ms)
✔ file-journal: unsent cancellation and legacy reservation expiry do not create unknown execution costs (294.823584ms)
✔ file-journal: emitted observation source contracts are checked even when that tool schema is not selected (1127.906834ms)
✔ file-journal: registry removal while a context frame is staged prevents returning the prepared input (334.732334ms)
✔ adapter-supplied reuse metadata cannot claim an invocation was avoided (112.235167ms)
✔ a write tool cannot declare reuse and changing freshness changes the immutable task digest (0.679833ms)
✔ tool reuse: trusted immutable defaults reuse across task IDs while preserving exact original evidence, timing and nullable usage (48.57575ms)
✔ tool reuse: untrusted-default always misses (13.77625ms)
✔ tool reuse: untrusted-request always misses (9.998125ms)
✔ tool reuse: fresh always misses (8.626667ms)
✔ tool reuse: TTL begins at original start, expires at the exact boundary, and is rechecked before adoption (10.598334ms)
✔ tool reuse: retracted source evidence is never reused (11.908042ms)
✔ tool reuse: deleted source evidence is never reused (11.721125ms)
✔ tool reuse: restricted source evidence is never reused (11.410291ms)
✔ tool reuse: corrected source evidence is never reused (10.273792ms)
✔ tool reuse: superseded source evidence is never reused (10.410542ms)
✔ tool reuse: missing source evidence is never reused (8.978167ms)
✔ tool reuse: contract-stamp original attempt cannot establish a cache hit (7.61925ms)
✔ tool reuse: execution-proof original attempt cannot establish a cache hit (6.77025ms)
✔ tool reuse: reused original attempt cannot establish a cache hit (7.383042ms)
✔ tool reuse: not-invoked original attempt cannot establish a cache hit (7.345167ms)
✔ tool reuse: partial original attempt cannot establish a cache hit (7.3305ms)
✔ tool reuse: unknown original attempt cannot establish a cache hit (7.553125ms)
✔ tool reuse: unadopted original attempt cannot establish a cache hit (7.848208ms)
✔ tool reuse: future original attempt cannot establish a cache hit (7.203417ms)
✔ tool reuse: full goal context changes invalidate the old key (7.108916ms)
✔ tool reuse: full goal-revision context changes invalidate the old key (7.300125ms)
✔ tool reuse: full scope context changes invalidate the old key (6.799791ms)
✔ tool reuse: full owner context changes invalidate the old key (7.117ms)
✔ tool reuse: full labels context changes invalidate the old key (7.718417ms)
✔ tool reuse: full permission context changes invalidate the old key (7.151417ms)
✔ tool reuse: changed immutable sourceVersion or schema under the same tool version invalidates pinned contracts (11.083917ms)
✔ tool reuse: a different canonical input under the same trusted definition is a cache miss (9.6145ms)
✔ tool reuse: parent retraction invalidates an unchanged derived evidence payload (9.40375ms)
✔ tool reuse: missing or damaged original bytes and oversized results are conservative misses (16.570416ms)
✔ tool reuse: a partial canonical result is not an original complete observation (10.25425ms)
✔ tool reuse: a cursor canonical result is not an original complete observation (9.384459ms)
✔ tool reuse: a reused canonical result is not an original complete observation (9.505833ms)
✔ tool reuse: a identity canonical result is not an original complete observation (9.345708ms)
✔ tool reuse: forged payloads, evidence timing, consumer identity, source stamps and accounting reports fail validation (14.70275ms)
✔ tool reuse: current source knowledge must validate and travels with the reused result (10.344541ms)
✔ tool reuse: source authority changes while canonical receipt lookup waits prevent a stale hit (8.105542ms)
✔ tool reuse: find-remove during the final state read invalidates the registry pin (9.957667ms)
✔ tool reuse: validate-source-version during the final state read invalidates the registry pin (10.583208ms)
✔ tool reuse: validate-labels during the final state read invalidates the registry pin (9.73425ms)
✔ tool result validation: proof requirement is part of the contract and missing callbacks reject registration atomically (14.028958ms)
✔ tool result validation: assigning new fields or callback on the original adapter cannot alter a registered proof (7.618791ms)
✔ tool result validation: provider callback receives detached state and result values (4.856417ms)
✔ tool result validation: same-version replacement while awaiting a proof invalidates the pending answer (3.230042ms)
✔ tool result validation: removal or unrelated provider refresh has the correct registration scope (5.581333ms)
✔ tool result validation: legacy tools retain optional validation and rejected or malformed proofs fail closed (12.318875ms)
✔ Web HTTP → stored workflow → restart is readonly (sqlite) (1134.695ms)
✔ Web HTTP → stored workflow → restart is readonly (file-journal) (6754.333167ms)
✔ web session is one-time, per-instance, HttpOnly; reload and static reads never execute (34.967375ms)
✔ web Host, Origin, Fetch Metadata, CSRF and strict JSON reject before controller entry (13.836333ms)
✔ web exact assets, methods and cursor options do not expose files or internal errors (13.983125ms)
✔ web session expiry during body blocks mutation entry, logout blocks late view payload (25.286292ms)
✔ web bootstrap expires and authenticated request rate has a finite window (327.402833ms)
✔ web SSE emits projection changes at same revision, reconnect is readonly, denial closes (3036.34ms)
✔ web SSE session revocation, stream cap and lifetime release resources (37.375959ms)
✔ closed SSE keeps physical read slots until completion; reconnect cannot create unbounded reads (375.173292ms)
✔ web pending run permits independent cancel and disconnect does not call cancel (16.819041ms)
✔ browser view: same-revision source invalidation replaces a result without sorting opaque cursors (1.061125ms)
✔ browser view: unavailable invalidates pending details and unchanged cannot resurrect revoked content (0.243292ms)
✔ browser view: an accepted conversation refresh invalidates an older in-flight detail response (0.084625ms)
✔ browser view: work identity, level, revision and goal version cannot be mixed or reversed (0.080583ms)
✔ browser view: repeated message identities update in place while new goal versions have distinct identities (0.104666ms)
✔ browser view: snapshots clone data and invalidate other levels without mutating the previous view (0.081541ms)
✔ browser view: state and cursors remain isolated across two selected works (0.058541ms)
✔ browser view: history readers are not treated as pinned to the end of a scroll region (0.036916ms)
✔ browser reads: serialization starts the next request only after the prior read completes (0.140209ms)
✔ browser reads: unavailability discards already-queued old reads and a new selection has its own queue epoch (0.116042ms)
✔ browser reads: a failed read does not permanently block later explicit reads (0.194375ms)
✔ browser stream: unchanged events make no reads and a burst of changes has at most one follow-up read (0.11425ms)
✔ browser stream: an invalidated stream cannot start its queued follow-up refresh (0.38175ms)
✔ browser stream: delayed change notifications only read the current same-revision source state (0.113167ms)
✔ browser acceptance: a lost response keeps the same receipt identity for an explicit retry (0.094208ms)
✔ browser acceptance: the same receipt after a lost response produces one work in a receipt-based fake receiver (0.039292ms)
✔ browser status: stored completion is distinct from a currently invalidated result (0.026917ms)
✔ browser goal editing: changing only the description preserves the current fast mode over the original goal mode (0.093708ms)
✔ browser goal editing: a pending requested mode is preserved and its control revision is pinned (0.034875ms)
✔ browser goal editing: a control, goal or work change rejects submission without changing the input draft (0.101208ms)
✔ browser goal editing: an explicit refreshed basis retains user edits and adopts the latest requested mode (0.049042ms)
✔ progress runtime sqlite: renamed tasks share failure history and backoff survives workflow runs and reopening (432.09475ms)
✔ progress runtime sqlite: replanning cannot extend the first semantic request retry deadline (262.382292ms)
✔ progress runtime sqlite: successful empty results still stall and mode, compact, resume and reopening cannot erase that state (489.327375ms)
✔ progress runtime sqlite: a stored tool result settles atomically before allocation gates and verified completion still wins (230.504792ms)
✔ progress runtime sqlite: a stored model reply settles after reopening even when new allocations are blocked (256.994166ms)
✔ progress runtime sqlite: repeated invalid model proposals preserve one failure key and persist model backoff (692.348833ms)
✔ progress runtime sqlite: a new goal starts a new streak while preserving usage, processed history and failure deadlines (159.958ms)
✔ progress runtime sqlite: an unknown synthetic write remains an obligation ahead of a no-progress allocation stop (236.677875ms)
✔ progress runtime file-journal: renamed tasks share failure history and backoff survives workflow runs and reopening (3659.253083ms)
✔ progress runtime file-journal: replanning cannot extend the first semantic request retry deadline (2306.712625ms)
✔ progress runtime file-journal: successful empty results still stall and mode, compact, resume and reopening cannot erase that state (3203.935083ms)
✔ progress runtime file-journal: a stored tool result settles atomically before allocation gates and verified completion still wins (1532.589375ms)
✔ progress runtime file-journal: a stored model reply settles after reopening even when new allocations are blocked (1191.115125ms)
✔ progress runtime file-journal: repeated invalid model proposals preserve one failure key and persist model backoff (4185.740916ms)
✔ progress runtime file-journal: a new goal starts a new streak while preserving usage, processed history and failure deadlines (854.477666ms)
✔ progress runtime file-journal: an unknown synthetic write remains an obligation ahead of a no-progress allocation stop (1063.881542ms)
✔ progress: a unique committed operation contributes once and returned state has no mutable aliases (0.818ms)
✔ progress: permutations, repeated known keys and new operation IDs cannot fabricate productive steps (1.320208ms)
✔ progress: explicit goal epochs reset only the current streak and preserve deduplication and the original retry window (0.27075ms)
✔ progress: processed capacity saturates without evicting prior records or resetting on a new goal (0.134708ms)
✔ progress: knownKeys capacity saturates without evicting prior records or resetting on a new goal (0.087ms)
✔ progress: repeated failures retain their first deadline and use the current backoff without extending the retry window (0.402583ms)
✔ progress: retry gate respects the work deadline and specific repeated-failure limits (0.167375ms)
✔ progress: policies remain pinned and invalid counters, times, keys or schema fields fail closed (0.671417ms)
✔ capture: a new negative observation is productive while aliases, timestamps and duplicate originals are not (2.881417ms)
✔ capture: changed facts, coverage and an authenticated original version can each carry new information (0.407667ms)
✔ capture: derived copies do not add progress or independent completion credit (0.246083ms)
✔ capture: tenant evidence cannot earn progress (0.135916ms)
✔ capture: scope evidence cannot earn progress (0.12125ms)
✔ capture: labels evidence cannot earn progress (0.100875ms)
✔ capture: retracted evidence cannot earn progress (0.092916ms)
✔ capture: deleted evidence cannot earn progress (0.096542ms)
✔ capture: blocked-artifact evidence cannot earn progress (0.152958ms)
✔ capture: a hypothesis assessment is credited once per semantic evidence basis, not per hypothesis text or evidence ID (0.334459ms)
✔ capture: no evidence or a stale hypothesis assessment earns a fresh reasoning credit (0.200291ms)
✔ capture: only satisfied obligations contribute and identity or explanation rewrites cannot repeat the credit (0.366167ms)
✔ capture: plan, task, revision, mode, usage and replay changes cannot reset a stalled work (0.300333ms)
✔ capture: trusted explicit item progress and returned state copies follow the same deduplication contract (0.108375ms)
✔ progress sqlite: reopen and duplicate commit preserve settlement counts and the first retry deadline (97.282333ms)
✔ progress file-journal: reopen and duplicate commit preserve settlement counts and the first retry deadline (178.336542ms)
✔ sqlite: page options cannot replace the trusted actor or conversation route (249.8095ms)
✔ sqlite: diagnostics uses metadata through the current revision and never requests full event payloads (301.643333ms)
✔ sqlite: a denied-only list page stops after one candidate page and continues after a detached anchor (1421.565375ms)
✔ sqlite: list cursor handles expire, stay instance scoped, and are evicted without resolving all IDs (165.75875ms)
✔ file-journal: page options cannot replace the trusted actor or conversation route (478.482083ms)
✔ file-journal: diagnostics uses metadata through the current revision and never requests full event payloads (485.033209ms)
✔ file-journal: a denied-only list page stops after one candidate page and continues after a detached anchor (17292.331875ms)
✔ file-journal: list cursor handles expire, stay instance scoped, and are evicted without resolving all IDs (82.022709ms)
✔ sqlite: public CLI cursor survives process reconnect without executing or changing the work (2060.227084ms)
✔ sqlite: public CLI binds reconnect to the registered conversation and keeps the primary reply route (2234.505542ms)
✔ sqlite: delivered results disappear from the current CLI view after a goal change and explicit cancel (2145.51425ms)
✔ file-journal: public CLI cursor survives process reconnect without executing or changing the work (2733.237542ms)
✔ file-journal: public CLI binds reconnect to the registered conversation and keeps the primary reply route (3369.863833ms)
✔ file-journal: delivered results disappear from the current CLI view after a goal change and explicit cancel (4627.683708ms)
✔ public CLI rejects ambiguous view flags without printing a success response (570.121708ms)
✔ human work view labels prepared outputs and never turns unknown delivery into delivered or read (0.462ms)
✔ human work view keeps stored completion separate from a currently invalid result (0.086542ms)
✔ human work view strips terminal controls and gives a bounded status reason without replaying diagnostics (0.102708ms)
✔ human work view makes observing another reply route explicit and keeps unchanged output quiet (0.370958ms)
✔ sqlite: empty accepted work reads and reopens without executing, writing, or sending (81.148041ms)
✔ sqlite: ownership, exact route, current read restriction, and diagnostics are distinct checks (92.454125ms)
✔ sqlite: legacy read labels also protect retained text (53.6485ms)
✔ sqlite: cursors bind level, route, actor rights, and work without moving the primary reply (91.052709ms)
✔ sqlite: verified prepared results remain distinct from pending and unknown delivery (181.144041ms)
✔ sqlite: missing source and corrupt response withhold a same-revision result before cursor matching (92.932ms)
✔ sqlite: originals, goals, cancellation, and hypothesis review invalidate historical replies (134.769333ms)
✔ sqlite: only the current pending question is displayed and resolved questions disappear (88.113291ms)
✔ sqlite: losing a separate hypothesis basis withholds the result consistently at every view level (74.86575ms)
✔ sqlite: a derived evidence card requires every original ancestor to remain available (98.805041ms)
✔ sqlite: knowledge changes reject current and repeated reads without refreshing state (99.112209ms)
✔ sqlite: revocation during artifact reads or final state checks prevents unchanged and snapshots (151.962792ms)
✔ sqlite: a disappearing original during projection is revalidated before returning a cached cursor (76.713ms)
✔ sqlite: detail and diagnostic cards are bounded and omit raw inputs, outputs, event payloads, and controls (109.961125ms)
✔ file-journal: empty accepted work reads and reopens without executing, writing, or sending (398.184125ms)
✔ file-journal: ownership, exact route, current read restriction, and diagnostics are distinct checks (515.528042ms)
✔ file-journal: legacy read labels also protect retained text (264.3355ms)
✔ file-journal: cursors bind level, route, actor rights, and work without moving the primary reply (707.851125ms)
✔ file-journal: verified prepared results remain distinct from pending and unknown delivery (1855.317625ms)
✔ file-journal: missing source and corrupt response withhold a same-revision result before cursor matching (449.575209ms)
✔ file-journal: originals, goals, cancellation, and hypothesis review invalidate historical replies (812.286125ms)
✔ file-journal: only the current pending question is displayed and resolved questions disappear (416.891458ms)
✔ file-journal: losing a separate hypothesis basis withholds the result consistently at every view level (756.757583ms)
✔ file-journal: a derived evidence card requires every original ancestor to remain available (456.603084ms)
✔ file-journal: knowledge changes reject current and repeated reads without refreshing state (259.4285ms)
✔ file-journal: revocation during artifact reads or final state checks prevents unchanged and snapshots (616.507125ms)
✔ file-journal: a disappearing original during projection is revalidated before returning a cached cursor (431.155792ms)
✔ file-journal: detail and diagnostic cards are bounded and omit raw inputs, outputs, event payloads, and controls (539.316833ms)
✔ sqlite/documents-simple: SIGKILL at before-execution resumes from reopened stores with 1 source call(s) and one result send (1017.780084ms)
✔ sqlite/documents-simple: SIGKILL at response-before-store resumes from reopened stores with 2 source call(s) and one result send (1019.275166ms)
✔ sqlite/documents-simple: SIGKILL at response-stored resumes from reopened stores with 1 source call(s) and one result send (863.853833ms)
✔ sqlite/documents-simple: SIGKILL at receiver-committed resumes from reopened stores with 1 source call(s) and one result send (874.392125ms)
✔ sqlite/observations-simple: SIGKILL at before-execution resumes from reopened stores with 1 source call(s) and one result send (925.731792ms)
✔ sqlite/observations-simple: SIGKILL at response-before-store resumes from reopened stores with 2 source call(s) and one result send (1083.9105ms)
✔ sqlite/observations-simple: SIGKILL at response-stored resumes from reopened stores with 1 source call(s) and one result send (845.852833ms)
✔ sqlite/observations-simple: SIGKILL at receiver-committed resumes from reopened stores with 1 source call(s) and one result send (875.173458ms)
✔ sqlite: SIGKILL after a synthetic write effect but before response storage preserves unknown and never repeats the write or claims completion (811.96275ms)
✔ file-journal/documents-simple: SIGKILL at before-execution resumes from reopened stores with 1 source call(s) and one result send (4212.700958ms)
✔ file-journal/documents-simple: SIGKILL at response-before-store resumes from reopened stores with 2 source call(s) and one result send (3512.006833ms)
✔ file-journal/documents-simple: SIGKILL at response-stored resumes from reopened stores with 1 source call(s) and one result send (1374.817667ms)
✔ file-journal/documents-simple: SIGKILL at receiver-committed resumes from reopened stores with 1 source call(s) and one result send (1314.016166ms)
✔ file-journal/observations-simple: SIGKILL at before-execution resumes from reopened stores with 1 source call(s) and one result send (1111.238375ms)
✔ file-journal/observations-simple: SIGKILL at response-before-store resumes from reopened stores with 2 source call(s) and one result send (1157.133792ms)
✔ file-journal/observations-simple: SIGKILL at response-stored resumes from reopened stores with 1 source call(s) and one result send (867.655667ms)
✔ file-journal/observations-simple: SIGKILL at receiver-committed resumes from reopened stores with 1 source call(s) and one result send (864.206792ms)
✔ file-journal: SIGKILL after a synthetic write effect but before response storage preserves unknown and never repeats the write or claims completion (854.838625ms)
✔ documents-simple: restarted workflow adopts a stored model response and reaches delivered completion without another planner call (66.603875ms)
✔ observations-simple: restarted workflow adopts a stored model response and reaches delivered completion without another planner call (23.1365ms)
✔ an unknown result delivery causes bounded waiting and only one receipt lookup on the next explicit run (19.257958ms)
✔ a workflow without a planner returns a planning requirement and does not create an inferred plan (5.989083ms)
✔ workflow entry requires the full persisted execution policy rather than a narrower read-only view (5.729625ms)
✔ user cancellation between workflow steps preserves terminal state and cancels an unsent model reservation (8.838ms)
✔ scoped actors cannot enter execution even when their current limits equal the work policy (3.976875ms)
✔ final checkpoint cannot report old completion when a goal change arrives during checkpoint storage (17.190542ms)
✔ workspace: missing or denying memory validators block file operations before workspace I/O (186.788ms)
✔ workspace: stage rechecks memory custody after its asynchronous I/O (217.6435ms)
✔ workspace: read rechecks memory custody after its asynchronous I/O (219.784958ms)
✔ workspace: checkpoint rechecks memory custody after its asynchronous I/O (167.603375ms)
✔ workspace: restore rechecks memory custody after its asynchronous I/O (166.297208ms)
✔ workspace: cleanup rechecks memory custody after its asynchronous I/O (182.939375ms)
✔ workspace: sqlite checkpoint and byte-for-byte restore survive new state, artifact and workspace instances (384.81025ms)
✔ workspace: file-journal checkpoint and byte-for-byte restore survive new state, artifact and workspace instances (471.014ms)
✔ workspace: identical paths are isolated by both work and attempt and ownership is checked before file access (168.290791ms)
✔ workspace: traversal, absolute, ambiguous and platform-specific paths cannot be staged (25.212042ms)
✔ workspace: repeated identical staging is idempotent and different content cannot overwrite it (101.200583ms)
✔ workspace: caller mutations after starting stage cannot change the bytes being staged (60.002ms)
✔ workspace: two processes cannot overwrite the same staged path with different bytes (139.068666ms)
✔ workspace: artifact saved during a state change remains uncommitted and cannot replace the authoritative revision (143.533042ms)
✔ workspace: narrower actor grants never replace the stored work policy during checkpoint commit (133.60675ms)
✔ workspace: policy change during file read prevents returning previously read bytes (59.231417ms)
✔ workspace: generation change during file read prevents returning previously read bytes (100.285292ms)
✔ workspace: policy change during staging prevents a successful stale response and preserves the local file (58.640959ms)
✔ workspace: generation change during staging prevents a successful stale response and preserves the local file (84.469834ms)
✔ workspace: generation changes block even source-free checkpoints and preserve their staged files (141.73175ms)
✔ workspace: restricted is checked when restoring a checkpoint even without a generation change (141.500958ms)
✔ workspace: deleted is checked when restoring a checkpoint even without a generation change (179.985041ms)
✔ workspace: labels is checked when restoring a checkpoint even without a generation change (143.176917ms)
✔ workspace: artifact is checked when restoring a checkpoint even without a generation change (153.966875ms)
✔ workspace: lifecycle changes during artifact restore prevent files from being staged (156.10875ms)
✔ workspace: cleanup preserves files while active (140.949458ms)
✔ workspace: cleanup preserves files while unknown (151.732833ms)
✔ workspace: cleanup preserves files while obligation (149.260709ms)
✔ workspace: cleanup preserves files while uncheckpointed (111.738208ms)
✔ workspace: a file staged after cleanup inspection causes manifest conflict and remains preserved (183.021583ms)
✔ workspace: missing checkpoint content prevents cleanup of the surviving staged file (221.818375ms)
✔ workspace: a remaining lock is never stolen by staging or cleanup (157.173ms)
✔ workspace: symlink files and replaced roots are rejected instead of reading or overwriting them (66.957583ms)
✔ workspace: content corruption and configured byte or file capacity limits fail without silent truncation (145.046125ms)
ℹ tests 2236
ℹ suites 0
ℹ pass 2236
ℹ fail 0
ℹ cancelled 0
ℹ skipped 0
ℹ todo 0
ℹ duration_ms 313362.969541

> long-horizon-runtime@0.1.0 typecheck:core
> tsc -p tsconfig.core.json


> long-horizon-runtime@0.1.0 check:architecture
> node scripts/check-architecture.mjs

{"inspected":114,"failures":[]}

> long-horizon-runtime@0.1.0 fixtures
> node dist/presentation/fixtures.js

{
  "createdAt": "2026-09-06T07:32:29.217Z",
  "node": "v24.20.0",
  "evaluation": "deterministic_contract_baseline",
  "passed": true,
  "scenarios": 4,
  "checkpoints": 22,
  "elapsedMs": 9.187958000000002,
  "actualModelCalls": 0,
  "actualToolCalls": 0,
  "actualTokenUsage": null,
  "results": [
    {
      "id": "documents-complex",
      "checks": 9,
      "passed": true
    },
    {
      "id": "documents-simple",
      "checks": 3,
      "passed": true
    },
    {
      "id": "observations-complex",
      "checks": 7,
      "passed": true
    },
    {
      "id": "observations-simple",
      "checks": 3,
      "passed": true
    }
  ]
}
