
> long-horizon-runtime@0.1.0 verify
> npm test && npm run typecheck:core && npm run check:architecture && npm run fixtures


> long-horizon-runtime@0.1.0 test
> npm run build && node --test dist/tests/*.test.js


> long-horizon-runtime@0.1.0 build
> tsc -p tsconfig.json && node scripts/record-build.mjs

✔ artifact I/O: metrics snapshots are independent and reset does not modify stored artifacts (60.482959ms)
✔ artifact I/O: first put counts its missing existence probe, exact UTF-8 hashes, and two atomic file writes (35.203208ms)
✔ artifact I/O: duplicate put verifies the existing body and performs no file writes (50.008416ms)
✔ artifact I/O: put repairs a corrupt existing object after counting the failed verification (139.851958ms)
✔ artifact I/O: get and exists each perform independent metadata, body, and integrity work under concurrent reads (47.536209ms)
✔ artifact I/O: tenant and label denials count API calls without opening or hashing files (49.453916ms)
✔ artifact I/O: missing json counts failed opens without claiming unread body bytes (57.504375ms)
✔ artifact I/O: missing blob counts failed opens without claiming unread body bytes (69.931042ms)
✔ artifact I/O: invalid metadata is a verification failure after a successful metadata read (62.890417ms)
✔ artifact I/O: a metadata reference mismatch stops before body read or hashing (31.230333ms)
✔ artifact I/O: same-size tampering hashes the read body (63.345ms)
✔ artifact I/O: length mismatch preserves the existing hash short circuit (51.353334ms)
✔ artifact I/O: a body symlink remains unreadable and contributes no target bytes (72.665708ms)
✔ content, metadata and permissions survive artifact store restart (41.66625ms)
✔ same bytes under different tenant/labels never share an accessible reference (125.843084ms)
✔ corrupt bytes, missing originals, path traversal and symlink substitution are rejected (105.582667ms)
✔ artifact stored before failed state commit is reused after reopening, without dangling references (162.129ms)
✔ execution intent and unadopted result persist independently of evidence acceptance (169.860917ms)
✔ sqlite/documents: two runtimes request, accept, answer and confirm without treating discussion as goal completion (4767.577292ms)
✔ sqlite/observations: two runtimes request, accept, answer and confirm without treating discussion as goal completion (4257.1055ms)
✔ sqlite: lost offer response restores one obligation from the applied receipt without inventing a result (694.174834ms)
✔ sqlite: a missing projection is restored and generic wait or resolve cannot forge coordination (749.123ms)
✔ sqlite: requester can cancel a waiting request and cancellation is waived rather than satisfied (1530.769333ms)
✔ sqlite: decline does not create an obligation for a recipient who never accepted (884.001708ms)
✔ sqlite: expiry is actionable review and retains the original pending obligation (947.985416ms)
✔ sqlite: confirmed answer retraction invalidates the previous completion projection (3282.609167ms)
✔ sqlite: loss of an applied request receipt cannot silently discharge the response (566.721417ms)
✔ sqlite: lost acceptance response recovers the assignee obligation and leaves work executable (1642.5555ms)
✔ sqlite: an expired assignee can decline instead of falsely satisfying the answer (1387.601583ms)
✔ sqlite: coordination waits do not become questions for a human (587.977333ms)
✔ sqlite: withdrawal of current authority denies a retained coordination projection (626.120375ms)
✔ sqlite: request tool contracts reject caller-selected owner, command and action (830.918917ms)
✔ sqlite: even satisfied goal facts wait for requester confirmation (2752.757708ms)
✔ file-journal/documents: two runtimes request, accept, answer and confirm without treating discussion as goal completion (95583.992416ms)
✔ file-journal/observations: two runtimes request, accept, answer and confirm without treating discussion as goal completion (116129.584375ms)
✔ file-journal: lost offer response restores one obligation from the applied receipt without inventing a result (2586.980083ms)
✔ file-journal: a missing projection is restored and generic wait or resolve cannot forge coordination (5712.645333ms)
✔ file-journal: requester can cancel a waiting request and cancellation is waived rather than satisfied (18436.274333ms)
✔ file-journal: decline does not create an obligation for a recipient who never accepted (4917.739542ms)
✔ file-journal: expiry is actionable review and retains the original pending obligation (6331.634417ms)
✔ file-journal: confirmed answer retraction invalidates the previous completion projection (62898.824084ms)
✔ file-journal: loss of an applied request receipt cannot silently discharge the response (452.03125ms)
✔ file-journal: lost acceptance response recovers the assignee obligation and leaves work executable (2776.354583ms)
✔ file-journal: an expired assignee can decline instead of falsely satisfying the answer (1861.502792ms)
✔ file-journal: coordination waits do not become questions for a human (488.226292ms)
✔ file-journal: withdrawal of current authority denies a retained coordination projection (438.012875ms)
✔ file-journal: request tool contracts reject caller-selected owner, command and action (910.721ms)
✔ file-journal: even satisfied goal facts wait for requester confirmation (6539.692791ms)
✔ sqlite/documents: runtime board read retains custody through history, compact and reopen (1241.321709ms)
✔ sqlite/observations: runtime board read retains custody through history, compact and reopen (1140.670417ms)
✔ sqlite: mutual work references terminate and a revoked member invalidates the whole closure (773.617333ms)
✔ sqlite: private memory custody crosses a shared post without exposing the memory body (753.246458ms)
✔ sqlite: page content and consumer identity cannot be substituted in a result (434.439875ms)
✔ sqlite: memory and authenticated collection inputs share the board closure without recursive full validation (1633.137042ms)
✔ sqlite: cancellation ends a board-tool wait before an unavailable repository responds (325.085834ms)
✔ sqlite: a later goal retains original input custody until copied data is quarantined (567.721083ms)
✔ sqlite: changed post blocks retained board context and quarantines copied state (708.062625ms)
✔ sqlite: changed source blocks retained board context and quarantines copied state (504.9645ms)
✔ sqlite: changed raw blocks retained board context and quarantines copied state (579.776292ms)
✔ sqlite: changed receipt blocks retained board context and quarantines copied state (551.090959ms)
✔ sqlite: changed role blocks retained board context and quarantines copied state (576.6055ms)
✔ sqlite: changed authority blocks retained board context and quarantines copied state (632.471625ms)
✔ sqlite: changed labels blocks retained board context and quarantines copied state (662.652208ms)
✔ sqlite: changed generation blocks retained board context and quarantines copied state (579.032125ms)
✔ sqlite: changed validator blocks retained board context and quarantines copied state (784.662416ms)
✔ file-journal/documents: runtime board read retains custody through history, compact and reopen (14242.074708ms)
✔ file-journal/observations: runtime board read retains custody through history, compact and reopen (9601.79225ms)
✔ file-journal: mutual work references terminate and a revoked member invalidates the whole closure (8371.171ms)
✔ file-journal: private memory custody crosses a shared post without exposing the memory body (5627.164416ms)
✔ file-journal: page content and consumer identity cannot be substituted in a result (1872.515209ms)
✔ file-journal: memory and authenticated collection inputs share the board closure without recursive full validation (20617.031917ms)
✔ file-journal: cancellation ends a board-tool wait before an unavailable repository responds (342.196958ms)
✔ file-journal: a later goal retains original input custody until copied data is quarantined (2530.808666ms)
✔ file-journal: changed post blocks retained board context and quarantines copied state (2647.618083ms)
✔ file-journal: changed source blocks retained board context and quarantines copied state (1869.328834ms)
✔ file-journal: changed raw blocks retained board context and quarantines copied state (2089.391416ms)
✔ file-journal: changed receipt blocks retained board context and quarantines copied state (2212.413ms)
✔ file-journal: changed role blocks retained board context and quarantines copied state (1858.927209ms)
✔ file-journal: changed authority blocks retained board context and quarantines copied state (2814.927666ms)
✔ file-journal: changed labels blocks retained board context and quarantines copied state (1791.226542ms)
✔ file-journal: changed generation blocks retained board context and quarantines copied state (1165.5455ms)
✔ file-journal: changed validator blocks retained board context and quarantines copied state (1824.144042ms)
✔ sqlite: board publish and retract run through the broker and retain mechanical receipts (717.553542ms)
✔ sqlite: applied board command survives response loss and cannot be overwritten by the late result (150.246ms)
✔ sqlite: saved unknown result stays immutable after durable receipt reconciliation (289.1155ms)
✔ sqlite: a late valid result is reconciled without adopting its expired execution (269.557542ms)
✔ sqlite: an expired absent command is closed and a delayed original commit cannot publish (305.932208ms)
✔ sqlite: stale revision is reconciled as closed without changing posts (157.726416ms)
✔ sqlite: proof deletion denies context, reopens obligation and does not fabricate replacement (137.905375ms)
✔ sqlite: retained receipt requires a reader and current role authority (326.344958ms)
✔ sqlite: authority withdrawn during receipt proof I/O invalidates that same read (302.181833ms)
✔ sqlite: removing the stored receipt invalidates an intact result artifact (322.864458ms)
✔ sqlite: a forged post outcome or another attempt receipt cannot be adopted (252.55525ms)
✔ sqlite: policy revoked immediately before storage prevents publication (229.248584ms)
✔ sqlite: tool schemas exclude actor, command identity and foreign source work (89.03925ms)
✔ sqlite: a narrower session publish grant is not widened by the directory (152.48ms)
✔ sqlite: a narrower session namespace grant is not widened by the directory (160.012791ms)
✔ sqlite: a no-op closure cannot smuggle a board mutation (122.572084ms)
✔ sqlite: closure duplicate and changed digest have stable distinct outcomes (142.192458ms)
✔ sqlite: previously unread quotes are rejected and a retained current read permits publication (849.942291ms)
✔ sqlite: compact source checks reject omitted or altered effect outcomes (320.915292ms)
✔ sqlite: a SIGKILL at the storage-worker boundary retains the runtime command receipt (421.691792ms)
✔ file-journal: board publish and retract run through the broker and retain mechanical receipts (4880.338541ms)
✔ file-journal: applied board command survives response loss and cannot be overwritten by the late result (1751.252167ms)
✔ file-journal: saved unknown result stays immutable after durable receipt reconciliation (1699.304875ms)
✔ file-journal: a late valid result is reconciled without adopting its expired execution (1748.226209ms)
✔ file-journal: an expired absent command is closed and a delayed original commit cannot publish (1353.847416ms)
✔ file-journal: stale revision is reconciled as closed without changing posts (1385.823917ms)
✔ file-journal: proof deletion denies context, reopens obligation and does not fabricate replacement (1487.980333ms)
✔ file-journal: retained receipt requires a reader and current role authority (1607.948375ms)
✔ file-journal: authority withdrawn during receipt proof I/O invalidates that same read (1647.239ms)
✔ file-journal: removing the stored receipt invalidates an intact result artifact (1182.231833ms)
✔ file-journal: a forged post outcome or another attempt receipt cannot be adopted (807.430209ms)
✔ file-journal: policy revoked immediately before storage prevents publication (718.848292ms)
✔ file-journal: tool schemas exclude actor, command identity and foreign source work (365.1265ms)
✔ file-journal: a narrower session publish grant is not widened by the directory (807.562792ms)
✔ file-journal: a narrower session namespace grant is not widened by the directory (701.820459ms)
✔ file-journal: a no-op closure cannot smuggle a board mutation (157.103292ms)
✔ file-journal: closure duplicate and changed digest have stable distinct outcomes (166.890792ms)
✔ file-journal: previously unread quotes are rejected and a retained current read permits publication (6710.292042ms)
✔ file-journal: compact source checks reject omitted or altered effect outcomes (1240.701041ms)
✔ file-journal: a SIGKILL at the storage-worker boundary retains the runtime command receipt (1390.339125ms)
✔ sqlite/documents: bounded discussion pages resume after reopening with no new evidence (318.611ms)
✔ sqlite/observations: bounded discussion pages resume after reopening with no new evidence (222.563292ms)
✔ sqlite: uncited hypotheses persist as unverified and never supply independent facts or request answers (173.505291ms)
✔ sqlite: quoted coverage remains partial or unknown instead of becoming complete (112.612667ms)
✔ sqlite: UTF-8 output limits retain complete posts and require a larger page for an oversized item (139.390416ms)
✔ sqlite: pages exclude other entity details and reject stale, foreign, and unavailable cursor positions (183.212584ms)
✔ sqlite: page authority includes the consuming work and rejects invalid limits before reading (306.649584ms)
✔ sqlite: a bounded first page reuses source reads and stops before unrelated later sources (258.376708ms)
✔ sqlite: a consuming work change during a page read prevents returning the stale page (150.895583ms)
✔ sqlite: removing citations does not bypass the author's retained memory dependencies (62.927834ms)
✔ file-journal/documents: bounded discussion pages resume after reopening with no new evidence (814.368ms)
✔ file-journal/observations: bounded discussion pages resume after reopening with no new evidence (784.008125ms)
✔ file-journal: uncited hypotheses persist as unverified and never supply independent facts or request answers (776.193458ms)
✔ file-journal: quoted coverage remains partial or unknown instead of becoming complete (854.704375ms)
✔ file-journal: UTF-8 output limits retain complete posts and require a larger page for an oversized item (542.845708ms)
✔ file-journal: pages exclude other entity details and reject stale, foreign, and unavailable cursor positions (954.719875ms)
✔ file-journal: page authority includes the consuming work and rejects invalid limits before reading (545.657583ms)
✔ file-journal: a bounded first page reuses source reads and stops before unrelated later sources (1006.610209ms)
✔ file-journal: a consuming work change during a page read prevents returning the stale page (497.127875ms)
✔ file-journal: removing citations does not bypass the author's retained memory dependencies (1086.813917ms)
✔ sqlite/documents: two persistent roles share citations without publishing private memory or inflating sources (374.987667ms)
✔ sqlite/observations: two persistent roles share citations without publishing private memory or inflating sources (417.965541ms)
✔ sqlite: direct source sharing requires source ownership; quotes require a currently visible post (377.934042ms)
✔ sqlite: retract-post removes the claim and its quoted descendants from current views (325.970042ms)
✔ sqlite: restrict-source removes the claim and its quoted descendants from current views (321.387417ms)
✔ sqlite: change-goal removes the claim and its quoted descendants from current views (387.512167ms)
✔ sqlite: delete-original removes the claim and its quoted descendants from current views (448.958459ms)
✔ sqlite: expire removes the claim and its quoted descendants from current views (309.135375ms)
✔ sqlite: an entity with the same key in a different time scope stays separate (281.923709ms)
✔ sqlite: publishing a question does not assign it; acceptance, response and requester confirmation remain distinct (484.715833ms)
✔ sqlite: repeated replies and explicit cyclic waits are bounded; deadlines do not reset on reopen (482.373417ms)
✔ sqlite: exact command retry survives a lost reply; reused IDs with changed content and concurrent edits fail (460.703792ms)
✔ sqlite: authority changing during a source read cannot publish or return the delayed content (333.690375ms)
✔ sqlite: a derived claim retains ancestry without becoming another independent fact source (279.204167ms)
✔ sqlite: repeated quotes share one source read within a view and a later view revalidates it (298.32225ms)
✔ sqlite: unlabelled prose inherits the author's work labels and current exchange policy (275.812083ms)
✔ sqlite: a fulfilled dependency remains attached and its later retraction invalidates dependent confirmation (406.50575ms)
✔ sqlite: reply depth, total posts, total requests and repeated causes have separate limits (303.234ms)
✔ sqlite: an advancing clock permits ordinary writes and blocks a post expiring during the final boundary check (255.397167ms)
✔ sqlite: a paused assignee cannot have its submitted answer confirmed (356.703791ms)
✔ sqlite: an actual worker SIGKILL after durable publication preserves one post and one command receipt (325.756042ms)
✔ file-journal/documents: two persistent roles share citations without publishing private memory or inflating sources (885.52875ms)
✔ file-journal/observations: two persistent roles share citations without publishing private memory or inflating sources (784.982791ms)
✔ file-journal: direct source sharing requires source ownership; quotes require a currently visible post (367.104166ms)
✔ file-journal: retract-post removes the claim and its quoted descendants from current views (531.849458ms)
✔ file-journal: restrict-source removes the claim and its quoted descendants from current views (567.753041ms)
✔ file-journal: change-goal removes the claim and its quoted descendants from current views (583.235917ms)
✔ file-journal: delete-original removes the claim and its quoted descendants from current views (475.668ms)
✔ file-journal: expire removes the claim and its quoted descendants from current views (558.89325ms)
✔ file-journal: an entity with the same key in a different time scope stays separate (353.082875ms)
✔ file-journal: publishing a question does not assign it; acceptance, response and requester confirmation remain distinct (1111.800542ms)
✔ file-journal: repeated replies and explicit cyclic waits are bounded; deadlines do not reset on reopen (919.96975ms)
✔ file-journal: exact command retry survives a lost reply; reused IDs with changed content and concurrent edits fail (307.067ms)
✔ file-journal: authority changing during a source read cannot publish or return the delayed content (269.834542ms)
✔ file-journal: a derived claim retains ancestry without becoming another independent fact source (298.982208ms)
✔ file-journal: repeated quotes share one source read within a view and a later view revalidates it (698.082084ms)
✔ file-journal: unlabelled prose inherits the author's work labels and current exchange policy (339.711167ms)
✔ file-journal: a fulfilled dependency remains attached and its later retraction invalidates dependent confirmation (1241.430375ms)
✔ file-journal: reply depth, total posts, total requests and repeated causes have separate limits (511.492333ms)
✔ file-journal: an advancing clock permits ordinary writes and blocks a post expiring during the final boundary check (330.216084ms)
✔ file-journal: a paused assignee cannot have its submitted answer confirmed (628.806875ms)
✔ file-journal: an actual worker SIGKILL after durable publication preserves one post and one command receipt (429.108666ms)
✔ file board journal detects missing revisions and changed content instead of returning a partial history (314.861125ms)
✔ budget crash sqlite: SIGKILL after durable child-genesis resumes one grant without Tool or Planner entry (714.44125ms)
✔ budget crash sqlite: SIGKILL after durable parent-grant resumes one grant without Tool or Planner entry (538.831333ms)
✔ budget crash sqlite: SIGKILL after durable child-activation resumes one grant without Tool or Planner entry (655.994875ms)
✔ budget crash sqlite: SIGKILL after parent-draining retains consumed usage and cancels unsent tool once (1089.904667ms)
✔ budget crash sqlite: SIGKILL after child-fence retains consumed usage and cancels unsent tool once (1012.752291ms)
✔ budget crash sqlite: SIGKILL after parent-settlement retains consumed usage and cancels unsent tool once (1101.259708ms)
✔ budget crash sqlite: SIGKILL after parent-draining retains consumed usage and cancels unsent model once (1260.516334ms)
✔ budget crash sqlite: SIGKILL after child-fence retains consumed usage and cancels unsent model once (1306.047083ms)
✔ budget crash sqlite: SIGKILL after parent-settlement retains consumed usage and cancels unsent model once (1171.020042ms)
✔ budget crash file-journal: SIGKILL after durable child-genesis resumes one grant without Tool or Planner entry (1369.448333ms)
✔ budget crash file-journal: SIGKILL after durable parent-grant resumes one grant without Tool or Planner entry (1683.590208ms)
✔ budget crash file-journal: SIGKILL after durable child-activation resumes one grant without Tool or Planner entry (1295.764042ms)
✔ budget crash file-journal: SIGKILL after parent-draining retains consumed usage and cancels unsent tool once (5920.90875ms)
✔ budget crash file-journal: SIGKILL after child-fence retains consumed usage and cancels unsent tool once (5668.842292ms)
✔ budget crash file-journal: SIGKILL after parent-settlement retains consumed usage and cancels unsent tool once (4688.076167ms)
✔ budget crash file-journal: SIGKILL after parent-draining retains consumed usage and cancels unsent model once (3353.160583ms)
✔ budget crash file-journal: SIGKILL after child-fence retains consumed usage and cancels unsent model once (3373.704666ms)
✔ budget crash file-journal: SIGKILL after parent-settlement retains consumed usage and cancels unsent model once (4803.480208ms)
✔ budget runtime sqlite: child execution settles once across duplicate creation, reconciliation and reopen without copying evidence (400.112458ms)
✔ budget runtime sqlite: parent remaining calls execute while escrow prevents parent and sibling over-allocation (268.869291ms)
✔ budget runtime sqlite: concurrent sibling grants cannot oversubscribe one parent's remaining budget (62.070791ms)
✔ budget runtime sqlite: a child's last logical tool call is consumed by an actual dispatch and cannot be minted by a new task ID (109.205292ms)
✔ budget runtime sqlite: actual model dispatch and reported tokens remain charged when its plan is rejected (302.995459ms)
✔ budget runtime sqlite: a child token cap below the estimated reservation prevents durable model allocation and transport (85.207167ms)
✔ budget runtime sqlite: revoking an unsent tool reservation fences the child and returns only unused escrow (247.248417ms)
✔ budget runtime sqlite: revoking an unsent model reservation fences the child and returns only unused escrow (260.815584ms)
✔ budget runtime sqlite: revoke retains an active model's unknown usage, then late accounting settles once without adopting its plan (170.9225ms)
✔ budget runtime sqlite: unknown write effects keep the grant outstanding after revoke and restart (131.729375ms)
✔ budget runtime sqlite: reported model overage is charged to the parent without clamping and prevents further funding (351.490584ms)
✔ budget runtime sqlite: reducing limits preserves committed charges and child deadlines while blocking new grants (387.202625ms)
✔ budget runtime sqlite: pending genesis cannot execute before funding (285.793292ms)
✔ budget runtime sqlite: pending genesis cannot execute before funding and parent cancellation wins activation (58.180708ms)
✔ budget runtime sqlite: child funding rejects broader authority, altered duplicate commands and work ID reattachment (147.342ms)
✔ budget runtime sqlite: grant commit ACK loss resumes the same grant and child without another allocation (170.933333ms)
✔ budget runtime sqlite: activation commit ACK loss resumes the same grant and child without another allocation (109.767917ms)
✔ budget runtime sqlite: revocation during child activation installs a fence that the stale activation cannot overwrite (84.8545ms)
✔ budget runtime sqlite: revoke after tool dispatch and before entry prevents transport while keeping the logical dispatch charge (227.848708ms)
✔ budget runtime sqlite: revoke after model dispatch and before entry prevents transport while keeping the logical dispatch charge (265.998291ms)
✔ budget runtime sqlite: actual replan adoption spends the child's delegated replan allowance once (477.042833ms)
✔ budget runtime sqlite: nested child execution reconciles through both grants without double charging or copying originals (476.782542ms)
✔ budget runtime sqlite: an unfunded pending child cannot turn resume or a new goal into execution authority (139.737916ms)
✔ budget runtime sqlite: a parent goal change fences a child's previously reserved tool before entry (276.208958ms)
✔ budget runtime sqlite: a parent policy change fences a child's previously reserved tool before entry (222.904833ms)
✔ budget runtime sqlite: a parent deadline change fences a child's previously reserved tool before entry (221.142792ms)
✔ budget runtime sqlite: a partially reported model response retains known tokens and unknown reservation after revoke and reopen (357.07725ms)
✔ budget runtime sqlite: sibling overage received during a tool dispatch ACK delay prevents its actual entry despite stale parent accounting (532.539959ms)
✔ budget runtime sqlite: sibling overage received during a model dispatch ACK delay prevents its actual entry despite stale parent accounting (712.871708ms)
✔ budget runtime file-journal: child execution settles once across duplicate creation, reconciliation and reopen without copying evidence (3182.556375ms)
✔ budget runtime file-journal: parent remaining calls execute while escrow prevents parent and sibling over-allocation (2829.078625ms)
✔ budget runtime file-journal: concurrent sibling grants cannot oversubscribe one parent's remaining budget (827.458ms)
✔ budget runtime file-journal: a child's last logical tool call is consumed by an actual dispatch and cannot be minted by a new task ID (3329.014209ms)
✔ budget runtime file-journal: actual model dispatch and reported tokens remain charged when its plan is rejected (1924.3015ms)
✔ budget runtime file-journal: a child token cap below the estimated reservation prevents durable model allocation and transport (980.437625ms)
✔ budget runtime file-journal: revoking an unsent tool reservation fences the child and returns only unused escrow (2069.850667ms)
✔ budget runtime file-journal: revoking an unsent model reservation fences the child and returns only unused escrow (1368.753875ms)
✔ budget runtime file-journal: revoke retains an active model's unknown usage, then late accounting settles once without adopting its plan (1799.347458ms)
✔ budget runtime file-journal: unknown write effects keep the grant outstanding after revoke and restart (2028.816875ms)
✔ budget runtime file-journal: reported model overage is charged to the parent without clamping and prevents further funding (1585.174458ms)
✔ budget runtime file-journal: reducing limits preserves committed charges and child deadlines while blocking new grants (1596.0055ms)
✔ budget runtime file-journal: pending genesis cannot execute before funding (902.5085ms)
✔ budget runtime file-journal: pending genesis cannot execute before funding and parent cancellation wins activation (195.875333ms)
✔ budget runtime file-journal: child funding rejects broader authority, altered duplicate commands and work ID reattachment (185.748292ms)
✔ budget runtime file-journal: grant commit ACK loss resumes the same grant and child without another allocation (263.859084ms)
✔ budget runtime file-journal: activation commit ACK loss resumes the same grant and child without another allocation (382.497292ms)
✔ budget runtime file-journal: revocation during child activation installs a fence that the stale activation cannot overwrite (531.013125ms)
✔ budget runtime file-journal: revoke after tool dispatch and before entry prevents transport while keeping the logical dispatch charge (870.829958ms)
✔ budget runtime file-journal: revoke after model dispatch and before entry prevents transport while keeping the logical dispatch charge (1346.786083ms)
✔ budget runtime file-journal: actual replan adoption spends the child's delegated replan allowance once (3274.20825ms)
✔ budget runtime file-journal: nested child execution reconciles through both grants without double charging or copying originals (3280.90075ms)
✔ budget runtime file-journal: an unfunded pending child cannot turn resume or a new goal into execution authority (484.7905ms)
✔ budget runtime file-journal: a parent goal change fences a child's previously reserved tool before entry (2052.747709ms)
✔ budget runtime file-journal: a parent policy change fences a child's previously reserved tool before entry (1703.186709ms)
✔ budget runtime file-journal: a parent deadline change fences a child's previously reserved tool before entry (1126.570875ms)
✔ budget runtime file-journal: a partially reported model response retains known tokens and unknown reservation after revoke and reopen (1531.537167ms)
✔ budget runtime file-journal: sibling overage received during a tool dispatch ACK delay prevents its actual entry despite stale parent accounting (2068.804875ms)
✔ budget runtime file-journal: sibling overage received during a model dispatch ACK delay prevents its actual entry despite stale parent accounting (2105.042583ms)
✔ budget exposure: own usage and reservations add each dimension without charging elapsed time or unknown counts as tokens (0.719084ms)
✔ budget exposure: active and draining escrow count once even when the same child usage has already been observed (0.231542ms)
✔ budget exposure: usage above allocation and outstanding reservations remain visible in independent dimensions (0.067166ms)
✔ budget exposure: settling replaces escrow with accounted plus reserved amounts and repeated reads cannot refund twice (0.086083ms)
✔ budget exposure: unknown and partially reported model usage keeps reserved tokens even on a settled summary (3.999ms)
✔ budget exposure: a lower parent limit preserves actual costs and reports each excess without negative remaining values (4.213125ms)
✔ budget exposure: separate grants sum but duplicate IDs and duplicate child funding records are rejected (6.578917ms)
✔ budget exposure: zero-funded grants remain explicit and cannot hide a later reported expense (0.197583ms)
✔ budget exposure: max-safe totals are exact and overflow in local, grant, aggregate or combined arithmetic fails closed (1.584625ms)
✔ budget exposure: fractional, negative, nonfinite, unsafe and missing values never become zero (0.497458ms)
✔ budget exposure: grant schema keeps authority identity strict and requires a state revision for observed or settled accounting (0.452292ms)
✔ budget exposure: parent links preserve pending, active and draining as different stored phases without conferring allocation authority (1.181916ms)
✔ budget exposure: empty and absent grant lists are equivalent while malformed and over-cap lists are rejected (49.25475ms)
✔ budget exposure: projections and strict schema copies share no mutable vectors with the ledger (0.128583ms)
✔ CLI resumes across processes, keeps conversation/work identities and separates disconnect, pause and cancel (4159.483125ms)
✔ CLI human output is reception plus result, with no internal events or ANSI: documents-simple (1003.5065ms)
✔ CLI human output is reception plus result, with no internal events or ANSI: observations-simple (1014.90075ms)
✔ CLI goal changes require an explicit revision and failures have no success JSON on stdout (1242.87125ms)
✔ CLI checkpoint is a derived reference and an old resume file does not reverse a paused work (2783.305875ms)
✔ checkpoint v2: v1 retains its exact serialized shape and rejects v2 fields (5.730833ms)
✔ checkpoint v2: an initial head preserves historical refs before any fresh observation (1.927459ms)
✔ checkpoint v2: fresh observation and input intent each require their retained reservation (1.0675ms)
✔ checkpoint v2: root identity, lifetime and bounded counters cannot be reset or enlarged (0.48625ms)
✔ checkpoint v2: a child binds its own task and policy basis to the immutable claim (0.727208ms)
✔ checkpoint v2: child actions use local indexes and cannot prepend the parent prefix or skip intent accounting (0.332208ms)
✔ checkpoint v2: inherited conditions must be observed before a successor can issue an input (0.32675ms)
✔ checkpoint v2: only verification may get a fresh read deadline after the root input deadline (0.216791ms)
✔ checkpoint v2: completing a suffix requires every own input and every condition to be confirmed (0.4855ms)
✔ checkpoint v2: zero-input completion requires a fully applied parent and fresh inheritance verification (0.786792ms)
✔ checkpoint v2: strict parsing detaches the lineage and claim without silently accepting extra capabilities (0.224666ms)
✔ sqlite: source loss during the awaited knowledge check is caught by the second resolution before input (1973.932333ms)
✔ sqlite: source-head changing inside final input authorization prevents the successor input (1654.750375ms)
✔ sqlite: reconciliation-proof changing inside final input authorization prevents the successor input (2141.137375ms)
✔ sqlite: pause changing inside final input authorization prevents the successor input (1883.4675ms)
✔ sqlite: goal changing inside final input authorization prevents the successor input (1661.7405ms)
✔ sqlite: losing a parent proof after a successful child result blocks adoption, proof consumption and compaction (2945.455ms)
✔ sqlite: a child acquires a fresh epoch and rechecks conditions without replaying the old field input (2050.70025ms)
✔ file-journal: source loss during the awaited knowledge check is caught by the second resolution before input (12356.536417ms)
✔ file-journal: source-head changing inside final input authorization prevents the successor input (9246.420541ms)
✔ file-journal: reconciliation-proof changing inside final input authorization prevents the successor input (18729.862042ms)
✔ file-journal: pause changing inside final input authorization prevents the successor input (10630.765166ms)
✔ file-journal: goal changing inside final input authorization prevents the successor input (9662.560042ms)
✔ file-journal: losing a parent proof after a successful child result blocks adoption, proof consumption and compaction (30523.833333ms)
✔ file-journal: a child acquires a fresh epoch and rechecks conditions without replaying the old field input (14795.242334ms)
✔ continuation context sqlite: contract-seeded claim and latest parent originals survive five compactions and reopen (1879.326292ms)
✔ continuation context sqlite: a final v2 child preserves historical, entry and inherited observations through compact and reopen (1672.579292ms)
✔ continuation context sqlite: missing v2 entry reference invalidates an unchanged final child (1493.058833ms)
✔ continuation context sqlite: missing v2 inherited reference invalidates an unchanged final child (1369.2705ms)
✔ continuation context sqlite: v2 child rejects a forged canonical claim, unrelated initial basis and foreign observation owner (1400.369208ms)
✔ continuation context sqlite: v2 inherited observation loss during model_context staging prevents return (1291.327084ms)
✔ continuation context sqlite: v2 inherited observation loss during runtime_resume staging prevents return (1417.91625ms)
✔ continuation context sqlite: late malformed parent receive cannot rewrite a claimed source (1242.921541ms)
✔ continuation context sqlite: missing head fences an otherwise unchanged claim (1205.519875ms)
✔ continuation context sqlite: missing result fences an otherwise unchanged claim (1209.706ms)
✔ continuation context sqlite: missing observation fences an otherwise unchanged claim (1042.647834ms)
✔ continuation context sqlite: corrupt parent data and invalid bounded decode never produce a resume (1003.02025ms)
✔ continuation context sqlite: original loss during model_context storage is checked before return (941.795291ms)
✔ continuation context sqlite: original loss during runtime_resume storage is checked before return (987.920458ms)
✔ continuation context sqlite: visibility hides a claim while obligations remain and undeclared raw fields are discarded (958.882791ms)
✔ continuation context sqlite: unavailable continuation proof readers fail closed even without reconciliation records (1089.772083ms)
✔ continuation context file-journal: contract-seeded claim and latest parent originals survive five compactions and reopen (8545.207042ms)
✔ continuation context file-journal: a final v2 child preserves historical, entry and inherited observations through compact and reopen (4873.252375ms)
✔ continuation context file-journal: missing v2 entry reference invalidates an unchanged final child (4339.399791ms)
✔ continuation context file-journal: missing v2 inherited reference invalidates an unchanged final child (4805.563209ms)
✔ continuation context file-journal: v2 child rejects a forged canonical claim, unrelated initial basis and foreign observation owner (4501.485584ms)
✔ continuation context file-journal: v2 inherited observation loss during model_context staging prevents return (3182.851917ms)
✔ continuation context file-journal: v2 inherited observation loss during runtime_resume staging prevents return (3181.147125ms)
✔ continuation context file-journal: late malformed parent receive cannot rewrite a claimed source (3392.158375ms)
✔ continuation context file-journal: missing head fences an otherwise unchanged claim (3723.667458ms)
✔ continuation context file-journal: missing result fences an otherwise unchanged claim (3934.240958ms)
✔ continuation context file-journal: missing observation fences an otherwise unchanged claim (3145.95375ms)
✔ continuation context file-journal: corrupt parent data and invalid bounded decode never produce a resume (2937.687416ms)
✔ continuation context file-journal: original loss during model_context storage is checked before return (3495.093209ms)
✔ continuation context file-journal: original loss during runtime_resume storage is checked before return (3423.694167ms)
✔ continuation context file-journal: visibility hides a claim while obligations remain and undeclared raw fields are discarded (2401.052541ms)
✔ continuation context file-journal: unavailable continuation proof readers fail closed even without reconciliation records (3015.595375ms)
✔ computer continuation contract: optional fields leave legacy state, context and task digests unchanged (7.376958ms)
✔ computer continuation contract: control metadata cannot carry raw actions, offsets or two resume mechanisms (0.803625ms)
✔ computer continuation contract: counters, depth and mode cannot revive the action window or exceed inherited limits (13.773292ms)
✔ computer continuation planning: exact parent and proof participate in task identity, including historical plans (13.16625ms)
✔ computer continuation tools: proof metadata is mandatory and refresh cannot install an invalid or cacheable adapter (8.030167ms)
✔ computer continuation tools: resume is required exactly for marked tools and verify needs no write permission (4.039375ms)
✔ computer continuation transition: claim and a new reserved attempt plus budget must be committed together (0.6385ms)
✔ computer continuation transition: a claimed parent cannot be replaced, removed or assigned a second sibling (1.261709ms)
✔ computer continuation transition: source result, checkpoint and task identity stay immutable while the child progresses (0.639334ms)
✔ computer continuation transition: an unknown parent requires the exact settled proof and source basis (0.457209ms)
✔ computer continuation transition: a later generation inherits root limits and cannot reset counters, depth or the action deadline (0.611417ms)
✔ memory: continuation CAS admits one sibling, preserves its receipt on retry and rejects history edits atomically (7.924292ms)
✔ sqlite: continuation CAS admits one sibling, preserves its receipt on retry and rejects history edits atomically (120.929166ms)
✔ file-journal: continuation CAS admits one sibling, preserves its receipt on retry and rejects history edits atomically (654.920125ms)
✔ sqlite: SIGKILL after continuation reservation preserves one claim and executes only the existing child after restart (2596.874834ms)
✔ sqlite: SIGKILL after child observation reservation preserves spent lineage budget without replaying an unreceived observation (1545.233083ms)
✔ sqlite: SIGKILL after child Save reconciles its durable receipt and verifies depth two without repeating applied input (4313.214291ms)
✔ file-journal: SIGKILL after continuation reservation preserves one claim and executes only the existing child after restart (16988.919041ms)
✔ file-journal: SIGKILL after child observation reservation preserves spent lineage budget without replaying an unreceived observation (10182.968584ms)
✔ file-journal: SIGKILL after child Save reconciles its durable receipt and verifies depth two without repeating applied input (56402.086958ms)
✔ sqlite: an applied-unknown prefix is reconciled once and only the two remaining inputs run (2760.496208ms)
✔ sqlite: an unknown saved input is verified after the old action deadline without saving twice (2026.4175ms)
✔ sqlite: a known not-applied input may be retried once while its applied prefix remains immutable (1863.099917ms)
✔ sqlite: a later value supersedes the same field's earlier condition at the continuation frontier (2252.849083ms)
✔ sqlite: changed inherited conditions stop a successor without repeating or extending the applied prefix (1900.979458ms)
✔ sqlite: concurrent reservations create at most one successor and consume one work reservation (1889.879958ms)
✔ sqlite: lineage observation and input budgets stay spent across failed successors (2300.789708ms)
✔ sqlite: a new successor cannot reset the original action deadline (1049.018209ms)
✔ file-journal: an applied-unknown prefix is reconciled once and only the two remaining inputs run (35818.724666ms)
✔ file-journal: an unknown saved input is verified after the old action deadline without saving twice (17482.11825ms)
✔ file-journal: a known not-applied input may be retried once while its applied prefix remains immutable (11729.222042ms)
✔ file-journal: a later value supersedes the same field's earlier condition at the continuation frontier (17474.276375ms)
✔ file-journal: changed inherited conditions stop a successor without repeating or extending the applied prefix (24438.50075ms)
✔ file-journal: concurrent reservations create at most one successor and consume one work reservation (19064.794709ms)
✔ file-journal: lineage observation and input budgets stay spent across failed successors (22871.397125ms)
✔ file-journal: a new successor cannot reset the original action deadline (3059.59125ms)
✔ sqlite: structurally valid continue and verify plans fail before acceptance or cost (111.982792ms)
✔ sqlite: a stored continuation plan cannot create a new attempt or budget reservation (113.334333ms)
✔ sqlite: a stored continuation reservation cannot dispatch or enter through execute (147.704375ms)
✔ sqlite: even an existing dispatch receipt cannot invoke a continuation adapter or its reuse hook (112.052333ms)
✔ file-journal: structurally valid continue and verify plans fail before acceptance or cost (332.126125ms)
✔ file-journal: a stored continuation plan cannot create a new attempt or budget reservation (719.181ms)
✔ file-journal: a stored continuation reservation cannot dispatch or enter through execute (638.647917ms)
✔ file-journal: even an existing dispatch receipt cannot invoke a continuation adapter or its reuse hook (326.982083ms)
✔ sqlite: continuation prepare pins only the unperformed suffix and preserves canonical state and driver input (867.437ms)
✔ sqlite: continuation prepare refuses legacy checkpoint counters without upgrading or resetting the original deadline (873.418125ms)
✔ sqlite: continuation preparation rechecks canonical state after original checkpoint I/O (843.5585ms)
✔ sqlite: continuation resolve authenticates the canonical reservation receipt and never inspects the child's checkpoint (965.284792ms)
✔ sqlite: invalid claim graph is rejected before recursive original reads and raw proof checks never call knowledge (963.810792ms)
✔ sqlite: missing originals install a durable blocking obligation, cancel reservations, and recover without rewriting claims (1110.14275ms)
✔ file-journal: continuation prepare pins only the unperformed suffix and preserves canonical state and driver input (3407.723916ms)
✔ file-journal: continuation prepare refuses legacy checkpoint counters without upgrading or resetting the original deadline (2649.848917ms)
✔ file-journal: continuation preparation rechecks canonical state after original checkpoint I/O (3081.969083ms)
✔ file-journal: continuation resolve authenticates the canonical reservation receipt and never inspects the child's checkpoint (3856.889958ms)
✔ file-journal: invalid claim graph is rejected before recursive original reads and raw proof checks never call knowledge (4346.001667ms)
✔ file-journal: missing originals install a durable blocking obligation, cancel reservations, and recover without rewriting claims (3712.123958ms)
✔ computer input assurance: omission keeps the old tool shape without silently adding a default to its digest (5.207291ms)
✔ computer input assurance: renderer semantics are pinned for all four tools and cannot be changed through the original driver (1.307208ms)
✔ computer input assurance: unknown profiles and proof-free declarations are rejected before any adapter call (14.609583ms)
✔ computer input assurance: a profile declaration grants neither tool permission nor arbitrary browser commands (9.196875ms)
✔ sqlite: replacing input assurance after dispatch invalidates the pinned attempt before driver entry (215.212209ms)
✔ file-journal: replacing input assurance after dispatch invalidates the pinned attempt before driver entry (1052.484125ms)
✔ computer operation contract: identity binds the requested input without copying the observed screen or mutable lease (3.310875ms)
✔ computer operation contract: every routing and action component distinguishes an otherwise reused operation id (0.332042ms)
✔ computer operation contract: strict identity retains the bounded typed-action boundary (0.561ms)
✔ computer operation contract: receipts record a decision and never treat an unknown response as a negative effect (0.6355ms)
✔ computer operation contract: lookup cannot claim found without a receipt or turn an absent proof into not_applied (0.623ms)
✔ SIGKILL after durable Save permits exact original receipt lookup in a new epoch without replaying input (167.950084ms)
✔ SIGKILL before Save leaves an absent receipt unknown rather than inventing a not-applied receipt (152.440625ms)
✔ sqlite: lost receive ACK preserves the committed reconciliation response and settles without another lookup (1277.612708ms)
✔ sqlite: pause during an actual driver lookup fences its late receipt while retaining the read charge and effect obligation (1018.29125ms)
✔ sqlite: goal during an actual driver lookup fences its late receipt while retaining the read charge and effect obligation (1057.60125ms)
✔ file-journal: lost receive ACK preserves the committed reconciliation response and settles without another lookup (5212.241042ms)
✔ file-journal: pause during an actual driver lookup fences its late receipt while retaining the read charge and effect obligation (3736.801083ms)
✔ file-journal: goal during an actual driver lookup fences its late receipt while retaining the read charge and effect obligation (4159.999917ms)
✔ reconciliation context sqlite: reserved metadata and original refs survive compaction and repository reopen (1258.082292ms)
✔ reconciliation context sqlite: settled metadata and original refs survive compaction and repository reopen (1798.33425ms)
✔ reconciliation context sqlite: missing proof rejects source reuse, compaction and restore (1293.218584ms)
✔ reconciliation context sqlite: corrupt proof rejects source reuse, compaction and restore (1171.745125ms)
✔ reconciliation context sqlite: proof loss during model_context staging is rejected before return (1087.14825ms)
✔ reconciliation context sqlite: proof loss during runtime_resume staging is rejected before return (1146.780459ms)
✔ reconciliation context sqlite: lifecycle and read permission changes hide the index and prevent resume without dropping the pending obligation (1231.041ms)
✔ reconciliation context sqlite: a runtime without an effect proof reader rejects settled metadata (1179.057875ms)
✔ reconciliation context file-journal: reserved metadata and original refs survive compaction and repository reopen (4368.864875ms)
✔ reconciliation context file-journal: settled metadata and original refs survive compaction and repository reopen (12215.819583ms)
✔ reconciliation context file-journal: missing proof rejects source reuse, compaction and restore (5746.99475ms)
✔ reconciliation context file-journal: corrupt proof rejects source reuse, compaction and restore (5814.035416ms)
✔ reconciliation context file-journal: proof loss during model_context staging is rejected before return (4459.781875ms)
✔ reconciliation context file-journal: proof loss during runtime_resume staging is rejected before return (4013.200667ms)
✔ reconciliation context file-journal: lifecycle and read permission changes hide the index and prevent resume without dropping the pending obligation (4337.769416ms)
✔ reconciliation context file-journal: a runtime without an effect proof reader rejects settled metadata (5194.728667ms)
✔ computer reconciliation contract: optional index preserves legacy states and contexts without adding empty metadata (5.880167ms)
✔ computer reconciliation contract: metadata remains strict and bounded without accepting raw action or duplicate ids (16.573416ms)
✔ computer reconciliation contract: received and settled require different proof stages and a timed response (0.323708ms)
✔ computer reconciliation contract: lookup outcome does not erase an earlier applied prefix or invent a known absence (0.134792ms)
✔ computer reconciliation transition: intent identity and the first response, proof, and timestamps cannot be replaced (1.827917ms)
✔ computer reconciliation transition: new records cannot skip dispatch and existing records cannot disappear or restart (0.511208ms)
✔ computer reconciliation transition: known claims remain historical even when the proof is invalidated (0.514625ms)
✔ computer reconciliation transition: original task identity, result, and checkpoint remain fixed across late updates (1.073792ms)
✔ memory: reconciliation CAS retains original results, rejects rollback atomically, and preserves historical receipts (12.337917ms)
✔ sqlite: reconciliation CAS retains original results, rejects rollback atomically, and preserves historical receipts (151.764625ms)
✔ file-journal: reconciliation CAS retains original results, rejects rollback atomically, and preserves historical receipts (644.283584ms)
✔ sqlite: receipt identity and driver mismatches cannot close an effect and retain the measured read (1895.122583ms)
✔ sqlite: a lease acquisition that ignores abort cannot hold cancellation or enter lookup later (768.118667ms)
✔ sqlite: a reconciled expired input keeps its intent head and null result when the original runner returns late (666.929958ms)
✔ sqlite: revoking a parent grant refunds an unused query and prevents a fresh lookup allowance (863.848583ms)
✔ file-journal: receipt identity and driver mismatches cannot close an effect and retain the measured read (7007.960791ms)
✔ file-journal: a lease acquisition that ignores abort cannot hold cancellation or enter lookup later (3507.096625ms)
✔ file-journal: a reconciled expired input keeps its intent head and null result when the original runner returns late (3735.574583ms)
✔ file-journal: revoking a parent grant refunds an unused query and prevents a fresh lookup allowance (4003.19225ms)
✔ reconciliation outbox sqlite: current proof permits one result send and delivery obligation settlement (1324.112459ms)
✔ reconciliation outbox sqlite: narrowed tool authority preserves proof validation while channel restrictions still apply (2401.432042ms)
✔ reconciliation outbox sqlite: proof loss at the same revision prevents any result transport (1098.9655ms)
✔ reconciliation outbox sqlite: proof loss defers lookup of an already sent uncertain result (1106.16025ms)
✔ reconciliation outbox sqlite: proof loss after the send claim is checked before entering the sink (1232.0035ms)
✔ reconciliation outbox sqlite: proof loss in the pre-lookup artifact await prevents receipt lookup (1173.601917ms)
✔ reconciliation outbox sqlite: proof loss during send keeps the delivery unadopted without resending (1198.260917ms)
✔ reconciliation outbox sqlite: proof loss during receipt lookup cannot close the delivery obligation (1310.385542ms)
✔ reconciliation outbox sqlite: the commit guard rechecks proof after awaited artifact validation (1111.400541ms)
✔ reconciliation outbox file-journal: current proof permits one result send and delivery obligation settlement (6306.811167ms)
✔ reconciliation outbox file-journal: narrowed tool authority preserves proof validation while channel restrictions still apply (12455.021375ms)
✔ reconciliation outbox file-journal: proof loss at the same revision prevents any result transport (4649.120292ms)
✔ reconciliation outbox file-journal: proof loss defers lookup of an already sent uncertain result (6352.609041ms)
✔ reconciliation outbox file-journal: proof loss after the send claim is checked before entering the sink (6677.928833ms)
✔ reconciliation outbox file-journal: proof loss in the pre-lookup artifact await prevents receipt lookup (8369.87375ms)
✔ reconciliation outbox file-journal: proof loss during send keeps the delivery unadopted without resending (9655.901083ms)
✔ reconciliation outbox file-journal: proof loss during receipt lookup cannot close the delivery obligation (8592.076833ms)
✔ reconciliation outbox file-journal: the commit guard rechecks proof after awaited artifact validation (7832.101292ms)
✔ sqlite: first verified effect settlement clears the no-progress gate and permits a read-only verification without creating evidence itself (4501.209208ms)
✔ sqlite: duplicate settle and replay of the same reconciliation command add no progress, lookup or budget use (2004.743084ms)
✔ sqlite: re-proving the same source operation after proof-read invalidation cannot earn a second progress credit (2364.777792ms)
✔ file-journal: first verified effect settlement clears the no-progress gate and permits a read-only verification without creating evidence itself (67126.83675ms)
✔ file-journal: duplicate settle and replay of the same reconciliation command add no progress, lookup or budget use (20937.046541ms)
✔ file-journal: re-proving the same source operation after proof-read invalidation cannot earn a second progress credit (24447.917ms)
✔ sqlite: reserve command receipt is required to authenticate an otherwise intact reconciliation proof (1079.070791ms)
✔ sqlite: dispatch command receipt is required to authenticate an otherwise intact reconciliation proof (956.822ms)
✔ sqlite: receive command receipt is required to authenticate an otherwise intact reconciliation proof (994.894416ms)
✔ sqlite: settle command receipt is required to authenticate an otherwise intact reconciliation proof (1074.970875ms)
✔ sqlite: concurrent identical reserve, execute, and settle calls retain one intent, one lookup charge, and one proof (963.8685ms)
✔ file-journal: reserve command receipt is required to authenticate an otherwise intact reconciliation proof (3949.088583ms)
✔ file-journal: dispatch command receipt is required to authenticate an otherwise intact reconciliation proof (4620.058458ms)
✔ file-journal: receive command receipt is required to authenticate an otherwise intact reconciliation proof (4219.562666ms)
✔ file-journal: settle command receipt is required to authenticate an otherwise intact reconciliation proof (4339.847125ms)
✔ file-journal: concurrent identical reserve, execute, and settle calls retain one intent, one lookup charge, and one proof (4308.232166ms)
✔ sqlite: SIGKILL after reconciliation reservation preserves its owner and refunds only on expiry before an explicit new command (1325.870709ms)
✔ sqlite: SIGKILL during dispatched lookup retains unknown usage and never reissues that command across expiry (1272.488625ms)
✔ sqlite: SIGKILL after received reconciliation settles the stored timely response after lease expiry with no new lookup or input (1116.052583ms)
✔ sqlite: SIGKILL after settlement reopens a current separate proof and duplicate commands remain read-only (1256.976959ms)
✔ file-journal: SIGKILL after reconciliation reservation preserves its owner and refunds only on expiry before an explicit new command (4565.93025ms)
✔ file-journal: SIGKILL during dispatched lookup retains unknown usage and never reissues that command across expiry (6117.759042ms)
✔ file-journal: SIGKILL after received reconciliation settles the stored timely response after lease expiry with no new lookup or input (6357.836208ms)
✔ file-journal: SIGKILL after settlement reopens a current separate proof and duplicate commands remain read-only (6716.585667ms)
✔ sqlite: screen result depends on the live reconciliation proof even when the state revision and previous cursor are unchanged (1392.147791ms)
✔ sqlite: proof loss during diagnostics projection withholds an already prepared result before returning a cursor (1213.571875ms)
✔ sqlite: a reader without the effect verifier cannot treat stored settled metadata as current proof (1296.10775ms)
✔ file-journal: screen result depends on the live reconciliation proof even when the state revision and previous cursor are unchanged (8852.01725ms)
✔ file-journal: proof loss during diagnostics projection withholds an already prepared result before returning a cursor (7665.012083ms)
✔ file-journal: a reader without the effect verifier cannot treat stored settled metadata as current proof (9070.870792ms)
✔ sqlite: explicit reconciliation records a read response and separate effect proof without adopting or changing the original input (1121.320792ms)
✔ sqlite: recorded not-applied receipts resolve only the unknown step and preserve a prior applied prefix (1770.471041ms)
✔ sqlite: a missing driver receipt remains unresolved and repeating the same request neither repeats input nor lookup (715.389333ms)
✔ sqlite: duplicate command and execution charge one lookup while changed payload conflicts (987.3485ms)
✔ sqlite: exhausted lookup budget refuses reservation without a driver call or a stored intent (647.471416ms)
✔ sqlite: receipt lookup requires current read authority but does not require permission to issue another input (966.280125ms)
✔ sqlite: an expired unused reconciliation reservation is released and the same request never dispatches later (922.949084ms)
✔ sqlite: loss of a settled proof reopens the effect obligation while preserving the old receipt, claim, and original head (1099.812584ms)
✔ file-journal: explicit reconciliation records a read response and separate effect proof without adopting or changing the original input (5163.213209ms)
✔ file-journal: recorded not-applied receipts resolve only the unknown step and preserve a prior applied prefix (12048.65775ms)
✔ file-journal: a missing driver receipt remains unresolved and repeating the same request neither repeats input nor lookup (4284.232541ms)
✔ file-journal: duplicate command and execution charge one lookup while changed payload conflicts (5865.80475ms)
✔ file-journal: exhausted lookup budget refuses reservation without a driver call or a stored intent (3371.193166ms)
✔ file-journal: receipt lookup requires current read authority but does not require permission to issue another input (5770.672708ms)
✔ file-journal: an expired unused reconciliation reservation is released and the same request never dispatches later (4684.856583ms)
✔ file-journal: loss of a settled proof reopens the effect obligation while preserving the old receipt, claim, and original head (6927.919292ms)
✔ computer context sqlite: five compactions and restart preserve running input metadata (688.382708ms)
✔ computer context sqlite: five compactions and restart preserve unknown input metadata (567.716875ms)
✔ computer context file-journal: five compactions and restart preserve running input metadata (2395.828291ms)
✔ computer context file-journal: five compactions and restart preserve unknown input metadata (2273.814458ms)
✔ computer context sqlite: deleted head blocks compaction, source fence and restore (260.153625ms)
✔ computer context sqlite: modified head blocks compaction, source fence and restore (249.135292ms)
✔ computer context file-journal: deleted head blocks compaction, source fence and restore (858.619667ms)
✔ computer context file-journal: modified head blocks compaction, source fence and restore (711.812ms)
✔ computer context sqlite: mandatory input metadata cannot be evicted, altered or reassigned to a later goal (236.151084ms)
✔ computer context file-journal: mandatory input metadata cannot be evicted, altered or reassigned to a later goal (501.908667ms)
✔ computer context sqlite: head loss during model_context staging is checked before return (205.643542ms)
✔ computer context sqlite: head loss during runtime_resume staging is checked before return (194.029291ms)
✔ computer context file-journal: head loss during model_context staging is checked before return (337.953917ms)
✔ computer context file-journal: head loss during runtime_resume staging is checked before return (294.156542ms)
✔ computer context sqlite: current knowledge, source lifecycle and read permissions still fence metadata (157.884875ms)
✔ computer context file-journal: current knowledge, source lifecycle and read permissions still fence metadata (337.036834ms)
✔ computer contracts: tool inputs cannot select a driver address, add hidden actions or exceed a short batch (18.364583ms)
✔ computer contracts: malformed observations cannot acquire trustworthy refs or silently omit their usage (2.735625ms)
✔ computer contracts: a name match is insufficient when another hidden target shares that name (0.245709ms)
✔ computer contracts: a truncated view cannot prove a unique target or element condition (0.206667ms)
✔ computer contracts: byte limits count UTF-8 bytes and successful validation detaches the source (0.260833ms)
✔ computer contracts: observations cannot move backwards or switch sessions behind the same task (0.251625ms)
✔ computer contracts: conditions require explicit own values and never use prototype facts or coercion (0.080083ms)
✔ computer contracts: intent, application and observation verification cannot be collapsed into complete (6.882208ms)
✔ sqlite: a failed observation artifact write retains the driver's measured call (174.332ms)
✔ sqlite: intent persistence failure proves no driver entry and keeps the failed step diagnostic (546.776708ms)
✔ sqlite: cancellation before driver entry settles no-input and proof revoked=false fences adoption (485.128625ms)
✔ sqlite: cancellation before driver entry settles no-input and proof revoked=true fences adoption (643.886584ms)
✔ sqlite: a failure cannot downgrade the committed unknown effect or measured usage prefix (902.79475ms)
✔ sqlite: removing the proof provider at the receive commit fence cannot accept a no-effect result (725.69325ms)
✔ sqlite: provider removal between no-effect validation and adoption cannot skip the captured proof fence (675.235042ms)
✔ sqlite: completion must match the checkpoint and only explicitly confirmed facts become evidence (1123.534541ms)
✔ sqlite: losing the checkpoint original between receive and adopt prevents completion (1075.022959ms)
✔ sqlite: losing the observation original between receive and adopt prevents completion (1004.485958ms)
✔ sqlite: diagnostic reads recheck retained knowledge before and after original IO (951.827833ms)
✔ file-journal: a failed observation artifact write retains the driver's measured call (805.699792ms)
✔ file-journal: intent persistence failure proves no driver entry and keeps the failed step diagnostic (2570.66075ms)
✔ file-journal: cancellation before driver entry settles no-input and proof revoked=false fences adoption (3514.277583ms)
✔ file-journal: cancellation before driver entry settles no-input and proof revoked=true fences adoption (2113.113875ms)
✔ file-journal: a failure cannot downgrade the committed unknown effect or measured usage prefix (2800.803709ms)
✔ file-journal: removing the proof provider at the receive commit fence cannot accept a no-effect result (2132.878ms)
✔ file-journal: provider removal between no-effect validation and adoption cannot skip the captured proof fence (2757.851084ms)
✔ file-journal: completion must match the checkpoint and only explicitly confirmed facts become evidence (3500.89625ms)
✔ file-journal: losing the checkpoint original between receive and adopt prevents completion (3570.271334ms)
✔ file-journal: losing the observation original between receive and adopt prevents completion (4051.763709ms)
✔ file-journal: diagnostic reads recheck retained knowledge before and after original IO (4405.220542ms)
✔ sqlite: SIGKILL after Save leaves committed intent unknown across recovery, goal change and cancellation without replay (940.062333ms)
✔ sqlite: SIGKILL after received result permits one adoption and rejects an old-epoch observation for a new input (1264.874917ms)
✔ file-journal: SIGKILL after Save leaves committed intent unknown across recovery, goal change and cancellation without replay (5322.724833ms)
✔ file-journal: SIGKILL after received result permits one adoption and rejects an old-epoch observation for a new input (5869.834208ms)
✔ sqlite: registered computer tools observe, apply, prove and adopt a completed synthetic note (1076.100167ms)
✔ sqlite: rerendered or restarted observations stop before the first input (1035.509208ms)
✔ sqlite: a copied observation from another work remains foreign even when its artifact bytes are present (505.87525ms)
✔ sqlite: ambiguous and partial observations cannot select a target for the batch (1269.135583ms)
✔ sqlite: step two not-applied preserves the confirmed first input without claiming batch completion (956.672375ms)
✔ sqlite: applied-unknown save creates a reconciliation block and neither execute replay nor replanning adds an input (901.214125ms)
✔ sqlite: goal, policy and cancellation changes across an awaited response prevent the next input (1816.8405ms)
✔ sqlite: late readiness is observed through bounded waits before subsequent note inputs (1333.880834ms)
✔ sqlite: another runtime revoking writes during the driver's own input delay prevents every input (566.288875ms)
✔ sqlite: false or too-late conditions consume one deadline and cannot reset time or continue to Save (1428.552ms)
✔ sqlite: stored successful result can be read and adopted after reopening without replaying app input (1105.545833ms)
✔ sqlite: strict action contracts reject injected script fields while document text has no command authority (994.587666ms)
✔ file-journal: registered computer tools observe, apply, prove and adopt a completed synthetic note (3307.636291ms)
✔ file-journal: rerendered or restarted observations stop before the first input (3420.690833ms)
✔ file-journal: a copied observation from another work remains foreign even when its artifact bytes are present (1372.995708ms)
✔ file-journal: ambiguous and partial observations cannot select a target for the batch (5093.170167ms)
✔ file-journal: step two not-applied preserves the confirmed first input without claiming batch completion (3290.423791ms)
✔ file-journal: applied-unknown save creates a reconciliation block and neither execute replay nor replanning adds an input (4155.590583ms)
✔ file-journal: goal, policy and cancellation changes across an awaited response prevent the next input (9388.947666ms)
✔ file-journal: late readiness is observed through bounded waits before subsequent note inputs (5263.858292ms)
✔ file-journal: another runtime revoking writes during the driver's own input delay prevents every input (3004.04525ms)
✔ file-journal: false or too-late conditions consume one deadline and cannot reset time or continue to Save (7937.399375ms)
✔ file-journal: stored successful result can be read and adopted after reopening without replaying app input (4235.250292ms)
✔ file-journal: strict action contracts reject injected script fields while document text has no command authority (4471.972958ms)
✔ context compiler sqlite/documents-complex: five published working sets retain counterevidence and rediscover an early original (1656.026125ms)
✔ context compiler sqlite/observations-complex: five published working sets retain counterevidence and rediscover an early original (1627.959291ms)
✔ context compiler file-journal/documents-complex: five published working sets retain counterevidence and rediscover an early original (7484.506209ms)
✔ context compiler file-journal/observations-complex: five published working sets retain counterevidence and rediscover an early original (9194.293541ms)
✔ context compiler sqlite: five compactions preserve canonical unknown effect and timed response obligations (540.454291ms)
✔ context compiler file-journal: five compactions preserve canonical unknown effect and timed response obligations (2642.804917ms)
✔ context compiler sqlite: selected schemas reduce the actual structured transport request and preserve precise byte accounting (180.856167ms)
ℹ {"backend":"sqlite","baselinePacketBytes":4700,"baselineToolBytes":516593,"packetBytes":2471,"toolBytes":33733,"envelopeBytes":36282,"requestBytes":41589,"selectedToolCount":13,"catalogTotal":81}
✔ context compiler file-journal: selected schemas reduce the actual structured transport request and preserve precise byte accounting (352.967584ms)
ℹ {"backend":"file-journal","baselinePacketBytes":4700,"baselineToolBytes":516593,"packetBytes":2471,"toolBytes":33733,"envelopeBytes":36282,"requestBytes":41589,"selectedToolCount":13,"catalogTotal":81}
✔ context compiler sqlite: an oversized mandatory goal fails before candidate storage or transport (116.528125ms)
✔ context compiler file-journal: an oversized mandatory goal fails before candidate storage or transport (159.109083ms)
✔ context copy: a canonical two-level invocation copy cannot restore guidance body after its catalog version is replaced (63.494042ms)
✔ context copy: two nested call results stop exposing a tool body when original tool permission is revoked (23.932375ms)
✔ context dispatch sqlite: persisted reservation does not send removed registration (308.334916ms)
✔ context dispatch sqlite: persisted reservation does not send replacement version (268.639792ms)
✔ context dispatch sqlite: persisted reservation does not send changed input schema under the same ID and version (311.363875ms)
✔ context dispatch sqlite: persisted reservation does not send changed allowed labels under the same ID and version (268.974792ms)
✔ context dispatch sqlite: persisted reservation does not send changed allowed destination under the same ID and version (311.486458ms)
✔ context dispatch file-journal: persisted reservation does not send removed registration (758.403666ms)
✔ context dispatch file-journal: persisted reservation does not send replacement version (681.127458ms)
✔ context dispatch file-journal: persisted reservation does not send changed input schema under the same ID and version (546.239708ms)
✔ context dispatch file-journal: persisted reservation does not send changed allowed labels under the same ID and version (473.849625ms)
✔ context dispatch file-journal: persisted reservation does not send changed allowed destination under the same ID and version (514.897375ms)
✔ context dispatch sqlite: persisted guidance required-rules change is checked before transport (395.501125ms)
✔ context dispatch sqlite: persisted guidance version change is checked before transport (349.313959ms)
✔ context dispatch file-journal: persisted guidance required-rules change is checked before transport (992.05275ms)
✔ context dispatch file-journal: persisted guidance version change is checked before transport (1057.816667ms)
✔ context dispatch sqlite: unchanged tool and trusted guidance contracts resume the stored request once (396.624042ms)
✔ context dispatch file-journal: unchanged tool and trusted guidance contracts resume the stored request once (1200.240167ms)
✔ context guidance: trusted required rules, exact version and hash survive published body eviction (52.692666ms)
✔ context guidance: a manifest without required rules keeps the full original and fails a smaller input budget (19.627875ms)
✔ context guidance: result-provided rules cannot replace an absent trusted manifest rule set (9.695667ms)
✔ context guidance: current label revocation prevents a previously published original from reappearing (12.8335ms)
✔ context guidance: a missing original cannot be recovered from its copied tool result or prior frame (13.00725ms)
✔ context guidance: replacing the catalog version does not expose the superseded loaded body (14.383958ms)
✔ context guidance: replacing trusted bytes under the same version rejects the old manifest and body (8.394125ms)
✔ context guidance: a stored result with a mismatched attemptId is rejected (12.259792ms)
✔ context guidance: a stored result with a mismatched resultId is rejected (8.357375ms)
✔ context guidance: the actual dispatch receipt must match the adopted attempt task digest (8.464125ms)
✔ sqlite/model_call_reserved: publishing requires the derived blob, later loss permits commits and regeneration while original loss blocks both (217.315625ms)
✔ sqlite/context_compacted: publishing requires the derived blob, later loss permits commits and regeneration while original loss blocks both (233.776875ms)
✔ sqlite: publishing detects a context head reference conflict before committing (165.733291ms)
✔ sqlite: a blocked context candidate cannot be newly published even when its bytes remain (120.895792ms)
✔ sqlite/retract: lifecycle retires the context head and access removal also blocks its retained artifact (156.127875ms)
✔ sqlite/correct: lifecycle retires the context head and access removal also blocks its retained artifact (156.852708ms)
✔ sqlite/restrict: lifecycle retires the context head and access removal also blocks its retained artifact (172.216625ms)
✔ sqlite/delete: lifecycle retires the context head and access removal also blocks its retained artifact (170.60525ms)
✔ sqlite/dependency_changed: lifecycle retires the context head and access removal also blocks its retained artifact (173.055083ms)
✔ file-journal/model_call_reserved: publishing requires the derived blob, later loss permits commits and regeneration while original loss blocks both (388.817167ms)
✔ file-journal/context_compacted: publishing requires the derived blob, later loss permits commits and regeneration while original loss blocks both (426.149167ms)
✔ file-journal: publishing detects a context head reference conflict before committing (131.853334ms)
✔ file-journal: a blocked context candidate cannot be newly published even when its bytes remain (138.040542ms)
✔ file-journal/retract: lifecycle retires the context head and access removal also blocks its retained artifact (260.908458ms)
✔ file-journal/correct: lifecycle retires the context head and access removal also blocks its retained artifact (251.044917ms)
✔ file-journal/restrict: lifecycle retires the context head and access removal also blocks its retained artifact (240.653375ms)
✔ file-journal/delete: lifecycle retires the context head and access removal also blocks its retained artifact (231.028792ms)
✔ file-journal/dependency_changed: lifecycle retires the context head and access removal also blocks its retained artifact (216.227833ms)
✔ sqlite: source deletion during the context head exists check prevents reservation and head publication (443.67775ms)
✔ sqlite: source deletion inside repository commit retires the published head and cancels the model reservation before returning (400.799375ms)
✔ sqlite: losing the prior frame does not turn an old catalog request into a conflict with the current task version (432.29175ms)
✔ file-journal: source deletion during the context head exists check prevents reservation and head publication (4904.171916ms)
✔ file-journal: source deletion inside repository commit retires the published head and cancels the model reservation before returning (5699.214292ms)
✔ file-journal: losing the prior frame does not turn an old catalog request into a conflict with the current task version (2319.563833ms)
✔ required full and reference information survives optional content pressure (1.981167ms)
✔ a full value cheaper than its required reference satisfies the minimum without overflow (0.162875ms)
✔ a required reference cap rejects contradictory bounds and never substitutes a cheaper full payload (0.618375ms)
✔ optional reference caps consume only reference bytes and remain omitted when that representation does not fit (0.6965ms)
✔ a reference cap overrides full residency and new use without counting references as full reloads (1.30875ms)
✔ high and low watermarks retain compact mode until the lower boundary is crossed (0.32825ms)
✔ mere inclusion is not actual use and an idle full value does not automatically reload (0.728542ms)
✔ a new actual use marker refreshes usage and reloads the same digest once (0.273708ms)
✔ minimum residency delays idle eviction for two cycles while the hard budget still wins (0.199083ms)
✔ five changing working sets preserve old counterevidence, pending and unknown references (0.620625ms)
✔ removed authority and changed digests cannot be revived by resident or use history (0.380291ms)
✔ decisions are stable by minimum, priority, real use, recency, residence and key (0.163292ms)
✔ recently evicted content waits through cooldown unless actual use or a minimum requires it (0.095625ms)
✔ memo storage is bounded and prioritizes selected residents without changing decisions (0.634375ms)
✔ inputs and previous memo stay immutable and byte sums match selected representations (0.119375ms)
✔ duplicate keys, malformed items, invalid budgets and inconsistent memo are rejected (0.64775ms)
✔ context store stages an immutable frame without publishing it and reads the installed basis N from revision N+1 (73.265041ms)
✔ context store sqlite: derived frame and installed head survive separate reopened instances (120.242208ms)
✔ context store file-journal: derived frame and installed head survive separate reopened instances (220.982541ms)
✔ context store regenerates a missing derived frame without editing the authoritative head (59.963542ms)
✔ context store regenerates a corrupt derived frame without editing the authoritative head (50.712333ms)
✔ context store regenerates a invalid-json derived frame without editing the authoritative head (102.410167ms)
✔ context store regenerates a invalid-schema derived frame without editing the authoritative head (113.10525ms)
✔ context store excludes a foreign-work previous head or frame (87.732417ms)
✔ context store excludes a foreign-tenant previous head or frame (63.829458ms)
✔ context store excludes a cycle previous head or frame (58.818708ms)
✔ context store excludes a basis previous head or frame (59.089541ms)
✔ context store excludes a unpublished previous head or frame (68.778625ms)
✔ context store excludes a policy previous head or frame (51.993042ms)
✔ context store excludes a goal previous head or frame (43.367458ms)
✔ context store excludes a generation previous head or frame (64.680417ms)
✔ context store excludes a blocked previous head or frame (53.022541ms)
✔ context store excludes a underlabelled previous head or frame (93.813083ms)
✔ context store checks stale frame basis and forbidden packet policy before writing any candidate (6.924292ms)
✔ context store previous rejects goal changes during artifact I/O (61.134833ms)
✔ context store previous rejects policy changes during artifact I/O (59.955083ms)
✔ context store previous rejects generation changes during artifact I/O (45.13625ms)
✔ context store previous rejects source changes during artifact I/O (58.432917ms)
✔ context store put rejects goal changes during artifact I/O (56.461458ms)
✔ context store put rejects policy changes during artifact I/O (47.560708ms)
✔ context store put rejects generation changes during artifact I/O (50.093416ms)
✔ context store put rejects source changes during artifact I/O (64.582292ms)
✔ context store readback rejects goal changes during artifact I/O (54.919125ms)
✔ context store readback rejects policy changes during artifact I/O (45.006083ms)
✔ context store readback rejects generation changes during artifact I/O (57.0985ms)
✔ context store readback rejects source changes during artifact I/O (66.336041ms)
✔ context store never turns state or source failure during a missing-frame read into successful regeneration (41.812792ms)
✔ context store refuses unavailable knowledge even when there is no previous head (2.911292ms)
✔ context store leaves the previous head intact when candidate storage fails (48.85225ms)
✔ context store rejects a relabelled put receipt or altered readback bytes and never publishes a head (50.072167ms)
✔ context store applies byte limits before writing or loading a derived frame (45.733833ms)
✔ canonical state has explicit nulls, bounded revisions and no provider/SQL objects (2.513791ms)
✔ goal validation cannot silently drop unknown authorization fields or empty completion rules (0.119459ms)
✔ partial result is distinct from complete result and API errors are not evidence of absence (0.53575ms)
✔ plan and context explicitly bind state and goal revisions (0.551625ms)
✔ invalid provider content is not included in validation error text (0.109834ms)
✔ a late counterexample prevents a previously delivered answer from being displayed as the current result (505.633958ms)
✔ a public snapshot retries a goal change during artifact verification (533.280542ms)
✔ conversation view keeps message selection and public status on the same revision (560.915792ms)
✔ cancelled work displays its status rather than its historical delivered result (549.598291ms)
✔ request acceptance is atomic, duplicate input is stable and each conversation can bind several works (18.047875ms)
✔ failed acceptance commit creates neither a work nor a reception acknowledgment (64.06025ms)
✔ analysis, response preparation, delivery and completion are distinct; retransmission never collects evidence again (22.90125ms)
✔ analysis-only completion does not pretend that its result was prepared or delivered (8.050833ms)
✔ pending questions are grouped once and resolving a question cannot waive required result delivery (5.915542ms)
✔ independent dispatchers claim once and receipt reconciliation after restart does not send again (56.5465ms)
✔ ambiguous delivery with no idempotency stays unknown, including repeated and timed-out lookup (11.04275ms)
✔ idempotent absent receipt permits only a bounded later retry and permanent failure stays visible (4.182709ms)
✔ goal before delivery prevents an obsolete or unauthorized result from being sent (6.776625ms)
✔ cancel before delivery prevents an obsolete or unauthorized result from being sent (6.6705ms)
✔ labels before delivery prevents an obsolete or unauthorized result from being sent (6.4945ms)
✔ destination before delivery prevents an obsolete or unauthorized result from being sent (5.261459ms)
✔ pause preserves pending delivery and resume can complete it without another source call (7.150375ms)
✔ late confirmed delivery is historical and cannot satisfy a revised goal (6.753791ms)
✔ an uncertain old-goal delivery retains its uncertainty when superseded by a new goal (6.274125ms)
✔ SIGKILL between channel commit and outbox settlement recovers from two reopened databases without another send (210.252042ms)
✔ a never-dispatched response can be prepared after permission restoration, and large questions retain their full artifact (16.652875ms)
✔ sqlite/documents-simple: delete blocks derived copies and pending result; restart preserves tombstone and cancellation works after bytes are absent (470.68525ms)
✔ sqlite/observations-simple: delete blocks derived copies and pending result; restart preserves tombstone and cancellation works after bytes are absent (441.739625ms)
✔ file-journal/documents-simple: delete blocks derived copies and pending result; restart preserves tombstone and cancellation works after bytes are absent (2028.581833ms)
✔ file-journal/observations-simple: delete blocks derived copies and pending result; restart preserves tombstone and cancellation works after bytes are absent (2091.909625ms)
✔ sqlite: lifecycle ownership, concurrent generation and command identity are enforced (243.217667ms)
✔ sqlite: a question prepared before access removal is superseded without sending its text (341.529ms)
✔ sqlite: data removal preserves an already dispatched write as an unresolved effect (299.688666ms)
✔ sqlite: tool reply is revalidated after lifecycle change during artifact storage (301.825875ms)
✔ sqlite: model reply is revalidated after lifecycle change during artifact storage (419.14025ms)
✔ sqlite: validity retraction allows labelled historical inspection and correction uses a new immutable evidence ID (275.910416ms)
✔ sqlite: a stored core.calls.get copy cannot expose deleted source content (349.813792ms)
✔ sqlite: evidence read rechecks a lifecycle change during artifact I/O (296.058708ms)
✔ sqlite: original read rechecks a lifecycle change during artifact I/O (277.94225ms)
✔ sqlite: result read rechecks a lifecycle change during artifact I/O (256.41175ms)
✔ sqlite: old dispatched tool reply after deletion is stored only as a sanitized failure (260.361166ms)
✔ sqlite: late model reply after deletion retains measured usage without retaining forbidden proposal text (432.1465ms)
✔ file-journal: lifecycle ownership, concurrent generation and command identity are enforced (1005.861583ms)
✔ file-journal: a question prepared before access removal is superseded without sending its text (1094.816375ms)
✔ file-journal: data removal preserves an already dispatched write as an unresolved effect (1150.051333ms)
✔ file-journal: tool reply is revalidated after lifecycle change during artifact storage (1145.878459ms)
✔ file-journal: model reply is revalidated after lifecycle change during artifact storage (951.075708ms)
✔ file-journal: validity retraction allows labelled historical inspection and correction uses a new immutable evidence ID (728.78975ms)
✔ file-journal: a stored core.calls.get copy cannot expose deleted source content (1490.114083ms)
✔ file-journal: evidence read rechecks a lifecycle change during artifact I/O (837.239792ms)
✔ file-journal: original read rechecks a lifecycle change during artifact I/O (599.837542ms)
✔ file-journal: result read rechecks a lifecycle change during artifact I/O (1061.512166ms)
✔ file-journal: old dispatched tool reply after deletion is stored only as a sanitized failure (1136.98325ms)
✔ file-journal: late model reply after deletion retains measured usage without retaining forbidden proposal text (1376.169709ms)
✔ sqlite: restricted work reaches neither external estimator nor model even without an evidence body (91.060875ms)
✔ sqlite: authorized internal model retains the floor through a forced compact and stored request (84.884875ms)
✔ sqlite: disclosure revoked during source assembly stops the estimator before it receives prose (75.619042ms)
✔ sqlite: revoked model disclosure cancels a stored request before adapter entry (75.104167ms)
✔ sqlite: disclosure revoked during stored model input read stops the final transport (84.904583ms)
✔ sqlite: tool access labels cannot authorize restricted task inputs to an external tool (67.873334ms)
✔ sqlite: read permission narrowing does not relabel old task prose as public (98.013958ms)
✔ sqlite: authorized internal tool receives one invocation after current disclosure check (87.907542ms)
✔ sqlite: changed disclosure during asynchronous tool preflight stops adapter entry (94.688375ms)
✔ sqlite: denied channel cannot receive even a queued acknowledgement from restricted work (93.973125ms)
✔ sqlite: disclosure revocation preserves unknown delivery and prevents full-body lookup (110.934875ms)
✔ sqlite: still-authorized unknown delivery uses lookup without resending (135.059041ms)
✔ sqlite: policy changed during artifact check stops an unknown question lookup (196.100625ms)
✔ sqlite: child budget cannot omit or expand parent disclosure policy (82.772625ms)
✔ sqlite: child read-scope narrowing inherits the parent prose floor and blocks model export (81.12325ms)
✔ sqlite: legacy parent cannot classify copied work prose by creating a boundary-enabled child (72.773333ms)
✔ sqlite: floor and active policy cannot be removed by a direct state commit (76.9275ms)
✔ sqlite: classifying a preexisting legacy work requires explicit migration (69.183458ms)
✔ file-journal: restricted work reaches neither external estimator nor model even without an evidence body (213.913667ms)
✔ file-journal: authorized internal model retains the floor through a forced compact and stored request (525.931167ms)
✔ file-journal: disclosure revoked during source assembly stops the estimator before it receives prose (144.61825ms)
✔ file-journal: revoked model disclosure cancels a stored request before adapter entry (492.156375ms)
✔ file-journal: disclosure revoked during stored model input read stops the final transport (894.613125ms)
✔ file-journal: tool access labels cannot authorize restricted task inputs to an external tool (627.449666ms)
✔ file-journal: read permission narrowing does not relabel old task prose as public (661.810417ms)
✔ file-journal: authorized internal tool receives one invocation after current disclosure check (638.68875ms)
✔ file-journal: changed disclosure during asynchronous tool preflight stops adapter entry (705.9545ms)
✔ file-journal: denied channel cannot receive even a queued acknowledgement from restricted work (480.854708ms)
✔ file-journal: disclosure revocation preserves unknown delivery and prevents full-body lookup (646.789166ms)
✔ file-journal: still-authorized unknown delivery uses lookup without resending (412.283625ms)
✔ file-journal: policy changed during artifact check stops an unknown question lookup (708.313958ms)
✔ file-journal: child budget cannot omit or expand parent disclosure policy (217.794875ms)
✔ file-journal: child read-scope narrowing inherits the parent prose floor and blocks model export (624.577791ms)
✔ file-journal: legacy parent cannot classify copied work prose by creating a boundary-enabled child (171.225167ms)
✔ file-journal: floor and active policy cannot be removed by a direct state commit (183.013666ms)
✔ file-journal: classifying a preexisting legacy work requires explicit migration (157.676042ms)
✔ memory state adapter applies the same floor transition guard as persistent adapters (0.65725ms)
✔ direct structured adapter denies estimation and transport using the retained context floor (1.12675ms)
✔ disclosure comparison: twelve A/B/C transport cases use two fixture families and reopened persistent stores (9649.194792ms)
✔ disclosure comparison: independent scoring rejects injected outbound originals even with rewritten measurement claims (167.422875ms)
✔ disclosure comparison: empty release, missing raw checks and advisory authority cannot become passing zero-leak samples (1231.567041ms)
✔ disclosure comparison: same-lineage and renamed copies retain root dependency while missing roots cannot independently complete (1.378292ms)
✔ disclosure comparison: tool and A2A data cannot add policy authority to a strict model proposal or mutate stored work (1.392916ms)
✔ destination rules combine read authority, destination, surface and labels (1.013166ms)
✔ duplicate destinations and rules with arbitrary output keys or ambiguous mappings are rejected (1.936875ms)
✔ child policies cannot remove destination restrictions or increase release budgets (0.094042ms)
✔ sqlite: release keeps only finite mapped facts and preserves immutable internal source proof (152.661542ms)
✔ sqlite: retry and reopen reuse the recorded release without resetting its budget (150.912708ms)
✔ sqlite: lineage aliases count repeated copies as the same source (166.960625ms)
✔ sqlite: release does not accept data-supplied policy, an unknown field value, or missing evidence (149.672375ms)
✔ sqlite: restrict invalidates a stored release and preserves prior disclosure usage (194.131167ms)
✔ sqlite: retract invalidates a stored release and preserves prior disclosure usage (150.073166ms)
✔ sqlite: supersede invalidates a stored release and preserves prior disclosure usage (137.596875ms)
✔ sqlite: delete invalidates a stored release and preserves prior disclosure usage (152.112833ms)
✔ sqlite: policy invalidates a stored release and preserves prior disclosure usage (136.968416ms)
✔ sqlite: goal invalidates a stored release and preserves prior disclosure usage (164.052292ms)
✔ sqlite: current read restrictions and wrong actor prevent release and later read (173.583042ms)
✔ sqlite: policy revocation during original read prevents publication (111.062625ms)
✔ sqlite: raw source gates cover every export surface without reclassifying the source (109.276458ms)
✔ sqlite: accumulated bytes and request identity remain binding (131.569875ms)
✔ sqlite: concurrent release publication does not overspend a one-release budget (165.102667ms)
✔ sqlite: release proof and cumulative history cannot be deleted or rewritten (135.587958ms)
✔ file-journal: release keeps only finite mapped facts and preserves immutable internal source proof (315.200167ms)
✔ file-journal: retry and reopen reuse the recorded release without resetting its budget (549.561458ms)
✔ file-journal: lineage aliases count repeated copies as the same source (263.181916ms)
✔ file-journal: release does not accept data-supplied policy, an unknown field value, or missing evidence (257.100917ms)
✔ file-journal: restrict invalidates a stored release and preserves prior disclosure usage (385.848542ms)
✔ file-journal: retract invalidates a stored release and preserves prior disclosure usage (548.024708ms)
✔ file-journal: supersede invalidates a stored release and preserves prior disclosure usage (564.036541ms)
✔ file-journal: delete invalidates a stored release and preserves prior disclosure usage (601.789375ms)
✔ file-journal: policy invalidates a stored release and preserves prior disclosure usage (566.156917ms)
✔ file-journal: goal invalidates a stored release and preserves prior disclosure usage (326.903416ms)
✔ file-journal: current read restrictions and wrong actor prevent release and later read (373.718916ms)
✔ file-journal: policy revocation during original read prevents publication (207.894291ms)
✔ file-journal: raw source gates cover every export surface without reclassifying the source (568.980834ms)
✔ file-journal: accumulated bytes and request identity remain binding (461.817584ms)
✔ file-journal: concurrent release publication does not overspend a one-release budget (269.331042ms)
✔ file-journal: release proof and cumulative history cannot be deleted or rewritten (230.084334ms)
✔ sqlite: a generic artifact reference cannot bypass its connected evidence restriction (129.48675ms)
✔ sqlite: changed or unavailable memory dependencies stop release and raw views (93.102833ms)
✔ sqlite: a new lineage on derived evidence does not create a new independent root (135.990292ms)
✔ sqlite: a lost commit response cannot erase a disclosure or give its budget back (119.995875ms)
✔ sqlite: an unclassified new work cannot opt in with an empty label floor (121.796292ms)
✔ file-journal: a generic artifact reference cannot bypass its connected evidence restriction (163.164292ms)
✔ file-journal: changed or unavailable memory dependencies stop release and raw views (404.870458ms)
✔ file-journal: a new lineage on derived evidence does not create a new independent root (466.8495ms)
✔ file-journal: a lost commit response cannot erase a disclosure or give its budget back (371.800334ms)
✔ file-journal: an unclassified new work cannot opt in with an empty label floor (156.210083ms)
✔ sqlite: every released transport entry rechecks source authority and receiver binding (148.747375ms)
✔ sqlite: revocation during released source validation prevents receiver entry (142.3905ms)
✔ sqlite: a receiver exception is an unknown outcome with retained release usage and no source-bearing error (144.183958ms)
✔ file-journal: every released transport entry rechecks source authority and receiver binding (791.390875ms)
✔ file-journal: revocation during released source validation prevents receiver entry (618.214292ms)
✔ file-journal: a receiver exception is an unknown outcome with retained release usage and no source-bearing error (464.393416ms)
✔ sqlite: initial model disclosure denial returns a durable blocked workflow and checkpoint (171.272916ms)
✔ sqlite: revoked reserved model is accounted as unused and resumes with one fresh call after reopen (437.841084ms)
✔ sqlite: disclosure changes inside dispatch preflight settle a known-unused reservation instead of escaping (186.75ms)
✔ sqlite: required result channel denial persists blocked state and can resume delivery from checkpoint (222.699375ms)
✔ sqlite: completed analysis keeps its terminal state while unavailable channel yields an undelivered response (158.185917ms)
✔ sqlite: an unsuccessful resume under unchanged channel policy blocks again without becoming runnable (160.665166ms)
✔ sqlite: simultaneous cancel and disclosure revocation preserve user control and unused accounting (202.347292ms)
✔ sqlite: simultaneous pause and disclosure revocation preserve user control and unused accounting (128.7785ms)
✔ file-journal: initial model disclosure denial returns a durable blocked workflow and checkpoint (1517.866833ms)
✔ file-journal: revoked reserved model is accounted as unused and resumes with one fresh call after reopen (4946.118292ms)
✔ file-journal: disclosure changes inside dispatch preflight settle a known-unused reservation instead of escaping (1942.7055ms)
✔ file-journal: required result channel denial persists blocked state and can resume delivery from checkpoint (2585.736959ms)
✔ file-journal: completed analysis keeps its terminal state while unavailable channel yields an undelivered response (2079.994542ms)
✔ file-journal: an unsuccessful resume under unchanged channel policy blocks again without becoming runnable (1160.007625ms)
✔ file-journal: simultaneous cancel and disclosure revocation preserve user control and unused accounting (1345.588666ms)
✔ file-journal: simultaneous pause and disclosure revocation preserve user control and unused accounting (1613.177125ms)
✔ inject all local ports without a database or channel SDK: documents-simple (6.194417ms)
✔ inject all local ports without a database or channel SDK: observations-simple (0.633167ms)
✔ scripted planner honors cancellation and cannot mutate caller state (0.281167ms)
✔ fake sink exposes delivery uncertainty and deduplicates only matching content (0.115792ms)
✔ sqlite: injected invalid retained proof blocks every pending ack, question and failure before transport (244.307083ms)
✔ sqlite: retained failed proof blocks receipt lookup and settlement for uncertain ack, question and failure (183.637042ms)
✔ sqlite: settled-to-failed transition during send cannot adopt an already returned channel receipt (412.085083ms)
✔ sqlite: failed-only retained proof is checked again at the final delivery commit after an artifact await (419.963625ms)
✔ file-journal: injected invalid retained proof blocks every pending ack, question and failure before transport (1258.926792ms)
✔ file-journal: retained failed proof blocks receipt lookup and settlement for uncertain ack, question and failure (485.661792ms)
✔ file-journal: settled-to-failed transition during send cannot adopt an already returned channel receipt (1859.966667ms)
✔ file-journal: failed-only retained proof is checked again at the final delivery commit after an artifact await (2351.848375ms)
✔ effect proofs: a legacy work uses neither the optional checker nor any refresh mutation (18.690084ms)
✔ effect proofs: settled claims require a checker and checker failures stay unavailable (9.158708ms)
✔ effect proofs: missing checker reopens the original obligation and cancels ordinary reservations once without rewriting proof history (6.482041ms)
✔ effect proofs: expired reserved lookup releases only an undispatched reservation and preserves measured uncertainty (6.030667ms)
✔ effect proofs: expired running lookup releases only an undispatched reservation and preserves measured uncertainty (3.693083ms)
✔ effect proofs: lifecycle deletion reopens a settled effect and quarantines all linked references without changing received facts or timestamps (6.85075ms)
✔ effect proofs: a committed tool dispatch with missing proof authority cannot silently bypass the broker (8.765833ms)
✔ effect proofs: a committed tool dispatch with invalid proof authority cannot silently bypass the broker (5.290125ms)
✔ effect proofs: a committed tool dispatch with valid proof authority cannot silently bypass the broker (4.772667ms)
✔ effect proofs: a reuse await that loses proof validity is checked before implementation entry (6.242292ms)
✔ effect proofs: invalid proof prevents new model reservation before compiling input (3.6535ms)
✔ effect proofs: losing proof during model input read prevents actual planner entry and still settles the dispatched call (9.719125ms)
✔ effect proofs: loss during adoption artifact checks rejects a stored model proposal while preserving usage (6.305334ms)
✔ effect proofs: a valid checker permits one model invocation and adoption with the historical proof unchanged (5.750667ms)
✔ effect proofs: proof loss during result body storage prevents response publication (5.111667ms)
✔ effect proofs: a same-revision snapshot suppresses an existing result when its proof becomes unavailable during the read (5.077667ms)
✔ sqlite: work resource bodies and metadata use canonical effect proof with a narrowed caller and fail without a checker (589.092291ms)
✔ sqlite: proof invalidation during original or stored result I/O cannot return the already read body (507.625208ms)
✔ sqlite: disclosure release, saved payload, raw read and receiver entry all retain current source effect proof (493.780916ms)
✔ sqlite: private, derived and cached shared memory cannot outlive the original work effect proof (579.768334ms)
✔ sqlite: source proof authentication does not recursively validate memory copied into that same work (1277.127292ms)
✔ sqlite: a failed historical effect proof stays required after refresh and reopen until the same source is explicitly proved again (1781.828959ms)
✔ file-journal: work resource bodies and metadata use canonical effect proof with a narrowed caller and fail without a checker (1543.079667ms)
✔ file-journal: proof invalidation during original or stored result I/O cannot return the already read body (1313.664916ms)
✔ file-journal: disclosure release, saved payload, raw read and receiver entry all retain current source effect proof (1360.050041ms)
✔ file-journal: private, derived and cached shared memory cannot outlive the original work effect proof (2048.902625ms)
✔ file-journal: source proof authentication does not recursively validate memory copied into that same work (9415.595417ms)
✔ file-journal: a failed historical effect proof stays required after refresh and reopen until the same source is explicitly proved again (12945.7025ms)
✔ evaluation build: none checks source and executed output together (81.84475ms)
✔ evaluation build: source checks source and executed output together (104.5535ms)
✔ evaluation build: compiled checks source and executed output together (117.10275ms)
✔ evaluation build: missing checks source and executed output together (112.803583ms)
✔ evaluation build: runtime checks source and executed output together (103.708542ms)
✔ evaluation build: orphan checks source and executed output together (90.6865ms)
✔ evaluation build: a source change during case selection cannot relabel older compiled execution (166.232ms)
✔ sqlite: readonly evaluation replay authenticates full receipt history, old originals and the current resume packet after reopen (264.021375ms)
✔ sqlite: version, pins and independently recomputed score are required without writes (206.707792ms)
✔ sqlite: receipt omission, duplicates, absent receipts and changed stored states fail closed (254.985333ms)
✔ sqlite: altered oracle and expected outcome cannot be blessed by recomputing sample and score hashes (223.011625ms)
✔ sqlite: rehashing an altered or dropped intermediate completion cannot bypass receipt-state binding (209.862833ms)
✔ sqlite: repeated readonly observations and explicit status-only measurement preserve historical receipt validation (239.8745ms)
✔ sqlite: omitted historical artifacts and conflicting refs are detected independently of the supplied list (228.842625ms)
✔ sqlite: deleted original is unavailable even with intact state, score and resume blob (239.95975ms)
✔ sqlite: corrupt original is unavailable even with intact state, score and resume blob (216.931834ms)
✔ sqlite: historical_deleted original is unavailable even with intact state, score and resume blob (177.849ms)
✔ sqlite: wrong owner and the current actor's narrower label policy cannot replay source bytes (188.212375ms)
✔ sqlite: a currently indexed original cannot override a durable lifecycle tombstone (200.8045ms)
✔ sqlite: foreign, body-altered and lost resume packets fail without regeneration (323.029125ms)
✔ sqlite: canonical changes during original I/O prevent a successful replay result (190.532333ms)
✔ sqlite: a receipt changed after initial validation is caught at the final read boundary (187.357209ms)
✔ sqlite: caller mutation cannot replace the in-flight sample and current actor revocation is detected (208.835458ms)
✔ file-journal: readonly evaluation replay authenticates full receipt history, old originals and the current resume packet after reopen (723.802708ms)
✔ file-journal: version, pins and independently recomputed score are required without writes (533.29175ms)
✔ file-journal: receipt omission, duplicates, absent receipts and changed stored states fail closed (732.661958ms)
✔ file-journal: altered oracle and expected outcome cannot be blessed by recomputing sample and score hashes (429.791625ms)
✔ file-journal: rehashing an altered or dropped intermediate completion cannot bypass receipt-state binding (636.194416ms)
✔ file-journal: repeated readonly observations and explicit status-only measurement preserve historical receipt validation (667.061583ms)
✔ file-journal: omitted historical artifacts and conflicting refs are detected independently of the supplied list (957.881541ms)
✔ file-journal: deleted original is unavailable even with intact state, score and resume blob (623.625209ms)
✔ file-journal: corrupt original is unavailable even with intact state, score and resume blob (696.926ms)
✔ file-journal: historical_deleted original is unavailable even with intact state, score and resume blob (594.254791ms)
✔ file-journal: wrong owner and the current actor's narrower label policy cannot replay source bytes (703.367ms)
✔ file-journal: a currently indexed original cannot override a durable lifecycle tombstone (769.657375ms)
✔ file-journal: foreign, body-altered and lost resume packets fail without regeneration (1168.693875ms)
✔ file-journal: canonical changes during original I/O prevent a successful replay result (621.52425ms)
✔ file-journal: a receipt changed after initial validation is caught at the final read boundary (677.632625ms)
✔ file-journal: caller mutation cannot replace the in-flight sample and current actor revocation is detected (895.011292ms)
✔ forgotten evidence is rediscovered by ID, source, locator or facts without returning fact bodies (25.918042ms)
✔ hidden, retracted, superseded and parent-retracted evidence never contributes cards or hasMore (11.547125ms)
✔ Korean NFC and NFD clues and English case variants find the same current evidence (6.845875ms)
✔ the evidence discovery tool preserves bounded current-card and partial-call semantics (6.678416ms)
✔ locator truncation preserves the exact evidence ID and reports partial coverage without inventing more matches (5.746625ms)
✔ different owners, tenants and narrower caller labels cannot inspect evidence discovery cards (5.400292ms)
✔ retained knowledge failure at validation 1 blocks cards before return (6.59125ms)
✔ retained knowledge failure at validation 2 blocks cards before return (5.192833ms)
✔ a work retaining knowledge cannot discover derived evidence without its current validator (5.993375ms)
✔ a goal change while the final source-state read waits prevents returning earlier-scope cards (4.927958ms)
✔ caller permission narrowing during the knowledge gate is detected even without a work revision change (5.200291ms)
✔ strict discovery arguments reject extra authority, excessive query length and invalid limits (4.628833ms)
✔ instructions in source facts remain data and discovery changes no facts, goal, plan or authority (4.88525ms)
✔ pre-aborted discovery uses the common read wrapper without reading the work (4.903083ms)
✔ current and historical views enforce own access, tenant, scope and artifact labels while omitted access stays available (1.691333ms)
✔ two generations of derived evidence lose current validity when an ancestor is retracted or superseded, while history stays readable (0.267625ms)
✔ ancestor restriction, deletion, missing reference or revoked labels blocks current and historical descendants (0.953292ms)
✔ a correction remains a monotonic supersession after retraction, restriction, deletion or permission loss (0.217917ms)
✔ supersession uses the full valid version chain and is independent of record ordering (0.089042ms)
✔ foreign tenant, scope, source, lineage and invalid time cannot suppress a valid original (0.113416ms)
✔ a replacement does not depend on a superseded body being current or present in a selected view (0.046625ms)
✔ cyclic, missing and ambiguous derived references fail closed without removing independent evidence (0.050958ms)
✔ deep derived chains are evaluated without recursive call-stack growth and do not become independent sources (8.017125ms)
✔ record intake accepts parents and descendants in either order and preserves caller objects (3.702958ms)
✔ record intake requires inherited labels on both derivation and replacement edges (0.618709ms)
✔ record intake requires artifact labels to cover the evidence and rejects artifacts outside policy (0.440458ms)
✔ new records inherit transitive dependency labels even if a legacy intermediate record was under-labelled (0.199583ms)
✔ shared ancestry across multiple parents is not mistaken for a cycle (0.131ms)
✔ derived intake refuses historical or inaccessible ancestors and checks validity after the whole incoming batch (0.621333ms)
✔ replacement intake permits an accessible retracted target but never an inaccessible historical target (0.175375ms)
✔ record intake rejects missing references and invalid tenant, scope, source, lineage or time on replacements (0.276166ms)
✔ record intake rejects self, indirect and mixed cycles before accepting partial lineage (0.120125ms)
✔ omitted and explicit available access are idempotently equivalent but content or access changes cannot overwrite an ID (0.551292ms)
✔ tool-result validation preserves effect, error and artifact guards while using the shared record intake (0.231917ms)
✔ evaluation: fixture truth distinguishes acknowledgement, first original, delivered useful answer and verified completion (4.195458ms)
✔ evaluation: a runtime completed flag cannot replace the fixed expected facts (0.5235ms)
✔ evaluation: absent expected facts do not count as verified evidence or a useful answer (0.240042ms)
✔ evaluation: early delivered answers remain false completion even if the final state later becomes correct (0.320542ms)
✔ evaluation: a correct result before a declared late-evidence release fails the fixed timeline oracle (0.242833ms)
✔ evaluation: wrong source identity cannot satisfy an original named by the fixture oracle (0.186125ms)
✔ evaluation: wrong lineage identity cannot satisfy an original named by the fixture oracle (0.1695ms)
✔ evaluation: wrong observation time cannot satisfy an original named by the fixture oracle (0.185417ms)
✔ evaluation: wrong tenant cannot satisfy an original named by the fixture oracle (0.25325ms)
✔ evaluation: wrong scope cannot satisfy an original named by the fixture oracle (0.201125ms)
✔ evaluation: restricted label cannot satisfy an original named by the fixture oracle (0.234ms)
✔ evaluation: restricted access cannot satisfy an original named by the fixture oracle (0.157875ms)
✔ evaluation: retracted source cannot satisfy an original named by the fixture oracle (0.152125ms)
✔ evaluation: copied source cannot satisfy an original named by the fixture oracle (0.156708ms)
✔ evaluation: partial coverage cannot satisfy an original named by the fixture oracle (0.13ms)
✔ evaluation: two required records from one lineage cannot satisfy a two-source criterion even with matching facts (0.17775ms)
✔ evaluation: duplicate source IDs, current forbidden evidence and unresolved counterevidence fail independently (0.428417ms)
✔ evaluation: a pinned replacement must remain readable, accepted, original and complete without resurrecting its withdrawn predecessor (1.139625ms)
✔ evaluation: hypothesis status and current original support are checked against the pinned final hypothesis (0.307458ms)
✔ evaluation: answer delivery requires authorized routing and explicit required evidence references (0.8535ms)
✔ evaluation: waiting with an unknown delivery reports no useful answer latency and preserves its delivery obligation (0.180542ms)
✔ evaluation: run errors and mismatched final control remain failures even for an expected blocked case (0.203542ms)
✔ evaluation: completed states with pending obligations or an undelivered required response are false completion (0.270417ms)
✔ evaluation: status-only observation of an existing completed work is not a new completion or answer (0.70125ms)
✔ evaluation: cumulative costs cannot disappear and unknown model usage cannot become fabricated zero after resume (0.321041ms)
✔ evaluation: a real late usage report may resolve unknown reservations while preserving known and additional charges (0.243792ms)
✔ evaluation: a gate failure before dispatch costs zero, while a dispatched call denied before invocation remains charged (0.472041ms)
✔ evaluation: observations and source queries can repeat without duplicating intervention or context accounting (0.245542ms)
✔ evaluation: context cost comes from unique persisted model calls and remains distinct from reported token usage (0.47075ms)
✔ evaluation summary: contract success, all-case completion and eligible completion use different explicit denominators (5.239167ms)
✔ evaluation summary: nearest-rank p50/p95 include answer samples only and report the sample count (0.90425ms)
✔ evaluation summary: supplied scores join by case ID and cannot silently replace missing or duplicate cases (0.558959ms)
✔ sqlite: two local callers join one real execution and preserve owner, lease, deadline and one budget charge (231.206917ms)
✔ sqlite: cancelling the initiating caller and another joined caller detaches only their waits (146.346292ms)
✔ sqlite: an already aborted caller cannot create an execution (109.186417ms)
✔ sqlite: another facade observes durable running and settled states without claiming local promise ownership (156.644583ms)
✔ sqlite: a different owner and an expired reservation remain explicit waits without lease renewal or automatic recovery (116.454208ms)
✔ sqlite: reopening a dispatched write never replays it and explicit recovery retains the unknown effect obligation (174.0765ms)
✔ sqlite: reopening after a stored result reports received without executing or adopting it again (173.878042ms)
✔ sqlite: state changes during receipt lookup are reread before the facade decides to execute (117.77125ms)
✔ sqlite: a reporting read error after successful execution is shared as an error and retry only observes the durable result (165.8285ms)
✔ file-journal: two local callers join one real execution and preserve owner, lease, deadline and one budget charge (882.711459ms)
✔ file-journal: cancelling the initiating caller and another joined caller detaches only their waits (739.368375ms)
✔ file-journal: an already aborted caller cannot create an execution (377.04725ms)
✔ file-journal: another facade observes durable running and settled states without claiming local promise ownership (653.84175ms)
✔ file-journal: a different owner and an expired reservation remain explicit waits without lease renewal or automatic recovery (548.80625ms)
✔ file-journal: reopening a dispatched write never replays it and explicit recovery retains the unknown effect obligation (670.883041ms)
✔ file-journal: reopening after a stored result reports received without executing or adopting it again (545.899917ms)
✔ file-journal: state changes during receipt lookup are reread before the facade decides to execute (370.923167ms)
✔ file-journal: a reporting read error after successful execution is shared as an error and retry only observes the durable result (584.035625ms)
✔ execution mode CLI sqlite: fast reception survives process exit and repeated status is read-only (1189.737709ms)
✔ execution mode CLI sqlite: mode command is durable and idempotent while stale revisions do not change state (1480.77025ms)
✔ execution mode CLI sqlite: a pending mode change is visible after exit and preserves the reserved attempt (1419.898833ms)
✔ execution mode CLI sqlite: enum, both revisions and an explicit nonblank reason are required (1231.153791ms)
✔ execution mode CLI sqlite: irrelevant mode options are rejected before opening a profile (614.37825ms)
✔ execution mode CLI sqlite documents-simple: changing mode preserves the goal, original source and completed work (1572.632042ms)
✔ execution mode CLI sqlite observations-simple: changing mode preserves the goal, original source and completed work (1575.351541ms)
✔ execution mode CLI file-journal: fast reception survives process exit and repeated status is read-only (2470.95225ms)
✔ execution mode CLI file-journal: mode command is durable and idempotent while stale revisions do not change state (2192.022542ms)
✔ execution mode CLI file-journal: a pending mode change is visible after exit and preserves the reserved attempt (3257.994292ms)
✔ execution mode CLI file-journal: enum, both revisions and an explicit nonblank reason are required (1771.265667ms)
✔ execution mode CLI file-journal: irrelevant mode options are rejected before opening a profile (640.633208ms)
✔ execution mode CLI file-journal documents-simple: changing mode preserves the goal, original source and completed work (3125.930416ms)
✔ execution mode CLI file-journal observations-simple: changing mode preserves the goal, original source and completed work (4070.006042ms)
✔ sqlite/documents-simple/auto: one necessary plan and observation complete with no extra investigation (467.719875ms)
✔ sqlite/documents-simple/fast: one necessary plan and observation complete with no extra investigation (418.329917ms)
✔ sqlite/documents-simple/deep: one necessary plan and observation complete with no extra investigation (420.995667ms)
✔ sqlite/observations-simple/auto: one necessary plan and observation complete with no extra investigation (420.294708ms)
✔ sqlite/observations-simple/fast: one necessary plan and observation complete with no extra investigation (456.491708ms)
✔ sqlite/observations-simple/deep: one necessary plan and observation complete with no extra investigation (412.091375ms)
✔ sqlite/documents-complex/auto: complex scope is either validated for investigation or rejected without false completion (530.112208ms)
✔ sqlite/documents-complex/fast: complex scope is either validated for investigation or rejected without false completion (216.797666ms)
✔ sqlite/documents-complex/deep: complex scope is either validated for investigation or rejected without false completion (585.672708ms)
✔ sqlite/observations-complex/auto: complex scope is either validated for investigation or rejected without false completion (519.251416ms)
✔ sqlite/observations-complex/fast: complex scope is either validated for investigation or rejected without false completion (251.731583ms)
✔ sqlite/observations-complex/deep: complex scope is either validated for investigation or rejected without false completion (467.845583ms)
✔ sqlite: mode commands enforce owner and both revisions, remain idempotent, and preserve goal and costs (88.894291ms)
✔ sqlite: lowering to fast after two paid reads cannot reset usage or oversubscribe the next reservation (206.922875ms)
✔ sqlite: explicit model cap and fast cap include reservations and do not reopen paid capacity (524.878042ms)
✔ sqlite: a running model keeps its pending mode request and late reply accounting until the next safe boundary (437.315792ms)
✔ sqlite: a pending mode survives reserved model restart without invalidating its stored input (426.768917ms)
✔ sqlite: cancel overrides a pending mode without discarding late measured model costs (263.503083ms)
✔ sqlite: deep to fast retains original goal, completed tasks, checkpoint and result reuse after reopen (325.277625ms)
✔ sqlite: fast keeps mandatory review of existing hypotheses and cannot replace it with premature completion (358.96875ms)
✔ sqlite: legacy model reservations keep their version-one basis when a pending mode first materializes control (362.41825ms)
✔ sqlite: a newer mode wins a pending-mode boundary CAS race (151.458625ms)
✔ sqlite: a newer cancel wins a pending-mode boundary CAS race (153.078875ms)
✔ sqlite: cancellation during model backoff publication returns current control without failing the workflow (260.8555ms)
✔ sqlite: auto mode change and reopen preserve a partial collection's original goal and explicit resume chain (1075.139291ms)
✔ file-journal/documents-simple/auto: one necessary plan and observation complete with no extra investigation (3381.994167ms)
✔ file-journal/documents-simple/fast: one necessary plan and observation complete with no extra investigation (2587.434541ms)
✔ file-journal/documents-simple/deep: one necessary plan and observation complete with no extra investigation (3666.9635ms)
✔ file-journal/observations-simple/auto: one necessary plan and observation complete with no extra investigation (4600.815834ms)
✔ file-journal/observations-simple/fast: one necessary plan and observation complete with no extra investigation (4598.2035ms)
✔ file-journal/observations-simple/deep: one necessary plan and observation complete with no extra investigation (4676.053167ms)
✔ file-journal/documents-complex/auto: complex scope is either validated for investigation or rejected without false completion (5927.787041ms)
✔ file-journal/documents-complex/fast: complex scope is either validated for investigation or rejected without false completion (1038.997959ms)
✔ file-journal/documents-complex/deep: complex scope is either validated for investigation or rejected without false completion (4914.219875ms)
✔ file-journal/observations-complex/auto: complex scope is either validated for investigation or rejected without false completion (2248.712834ms)
✔ file-journal/observations-complex/fast: complex scope is either validated for investigation or rejected without false completion (537.29ms)
✔ file-journal/observations-complex/deep: complex scope is either validated for investigation or rejected without false completion (2258.682333ms)
✔ file-journal: mode commands enforce owner and both revisions, remain idempotent, and preserve goal and costs (276.047041ms)
✔ file-journal: lowering to fast after two paid reads cannot reset usage or oversubscribe the next reservation (821.888875ms)
✔ file-journal: explicit model cap and fast cap include reservations and do not reopen paid capacity (1561.095209ms)
✔ file-journal: a running model keeps its pending mode request and late reply accounting until the next safe boundary (1851.304083ms)
✔ file-journal: a pending mode survives reserved model restart without invalidating its stored input (2027.492125ms)
✔ file-journal: cancel overrides a pending mode without discarding late measured model costs (655.101292ms)
✔ file-journal: deep to fast retains original goal, completed tasks, checkpoint and result reuse after reopen (2175.87025ms)
✔ file-journal: fast keeps mandatory review of existing hypotheses and cannot replace it with premature completion (2975.763208ms)
✔ file-journal: legacy model reservations keep their version-one basis when a pending mode first materializes control (1295.681208ms)
✔ file-journal: a newer mode wins a pending-mode boundary CAS race (976.270167ms)
✔ file-journal: a newer cancel wins a pending-mode boundary CAS race (663.94675ms)
✔ file-journal: cancellation during model backoff publication returns current control without failing the workflow (743.159708ms)
✔ file-journal: auto mode change and reopen preserve a partial collection's original goal and explicit resume chain (4481.838125ms)
✔ local versioned defaults select direct auto/fast and investigate deep without allocating work (1.909208ms)
✔ new controls snapshot caller policy and never expose the default policy for mutation (0.0585ms)
✔ legacy goals supply initial mode while a saved control overrides it without mutating state (2.406458ms)
✔ effective fast limits are absolute work caps and retain token/time limits (0.190834ms)
✔ auto starts direct while retaining the user work limits before evidence or strategy expansion (0.304667ms)
✔ explicit work caps beat mode policy and mode changes cannot grant a fresh allowance (0.290583ms)
✔ investigate strategies retain explicit work limits and pending mode requests have no effect yet (0.141667ms)
✔ fast allows completed history plus one pending task and counts only current adopted successes (1.603791ms)
✔ fast rejects an oversized pending graph or hypotheses without mutating or silently escalating (0.215167ms)
✔ fast preserves and reviews existing hypotheses while rejecting new optional hypotheses (0.173625ms)
✔ policy-specific scope limits are used instead of hard coded local defaults (0.12825ms)
✔ auto expands only validated plan scope and preserves investigate strategy on smaller subsequent plans (0.157458ms)
✔ deep permits a simple or empty plan without manufacturing tasks or hypotheses (0.077625ms)
✔ automatic expansion requires available relevant new evidence and an unmet criterion (0.199041ms)
✔ irrelevant, inaccessible, retracted and another-scope facts cannot justify expansion (0.270833ms)
✔ current counterevidence justifies investigation even if it has already been assessed (0.079042ms)
✔ current hypotheses allow review but sufficiently assessed completed goals do not expand (0.106ms)
✔ permission failure, empty responses and exhausted budgets are not independent escalation evidence (0.066125ms)
✔ pending obligations, active calls, terminal states and explicit modes suppress automatic expansion (0.205208ms)
✔ delivery waiting does not manufacture completion or suppress investigation of unmet criteria (0.055334ms)
✔ a reserved, running or received model prevents expansion until its existing call is settled (0.154458ms)
✔ policy contracts reject unknown fields, unsafe counts and blank versions while allowing explicit zero caps (0.539ms)
✔ control contracts enforce current mode strategy and preserve distinct pending requests (0.306875ms)
✔ documents-simple: validated plan executes to verified completion without additional planner calls (26.492042ms)
✔ observations-simple: validated plan executes to verified completion without additional planner calls (10.761208ms)
✔ invalid plans fail before budget or execution: stale, cyclic, missing deps, schema, effects, permission and IDs (4.907958ms)
✔ plan commands deduplicate after later state changes; task IDs cannot hide changed inputs (4.88925ms)
✔ discarded unexecuted task ID still cannot acquire a different contract (3.720375ms)
✔ scripted planner proposal enters the real validator and executor only when control requests a plan (6.359042ms)
✔ dependencies execute in order; partial observations require another source, not false completion (8.476917ms)
✔ empty queue is replan; wake conditions, tool budget, deadline and cancellation produce distinct controls (5.355708ms)
✔ only authorized current-goal commands mutate state; duplicate cancellation is stable (3.353167ms)
✔ competing executors cannot both reserve or replay dispatch (5.314834ms)
✔ late tool result after cancel is recorded without adopting or reversing the command (4.578125ms)
✔ late tool result after goal is recorded without adopting or reversing the command (5.490125ms)
✔ expired dispatched read has bounded retry or explicit unknown effect (5.084542ms)
✔ expired dispatched write has bounded retry or explicit unknown effect (6.038ms)
✔ invalid result identity, labels, references and output cannot become accepted evidence (29.537125ms)
✔ stored received result resumes in reopened SQLite and artifact stores without invoking tool again (167.565041ms)
✔ tool JSON schema validation compiles once, rejects unsupported schema and preserves inputs (3.300333ms)
✔ successful dependency chain follows DAG order even when task array is reversed (6.949459ms)
✔ pause before dispatch releases reservation; resume and repeated old pause do not cancel new execution (4.824459ms)
✔ tool failures retry only within attempt budget and repeated empty replans exhaust their own budget (8.39625ms)
✔ unconfirmed write is unknown and cannot satisfy the goal or be retried by a renamed task (5.191542ms)
✔ lease timeout yields even for a tool that ignores cancellation; late result cannot finish the goal (24.831ms)
✔ permission revocation after reservation is rechecked before dispatch and durably blocks execution (3.505458ms)
✔ memory: waiting execution wakes only for expired lease or received result (10.450584ms)
✔ sqlite: waiting execution wakes only for expired lease or received result (119.208166ms)
✔ baseline documents-complex (2.907333ms)
✔ baseline documents-simple (0.26725ms)
✔ baseline observations-complex (0.510042ms)
✔ baseline observations-simple (0.16ms)
✔ both domains use the same schema and include simple/complex baselines (0.342667ms)
✔ fixture oracle rejects missing references and duplicated evidence IDs (0.639875ms)
✔ repetition and permutation cannot create independent sources (0.134292ms)
✔ completed facts do not discharge an unrelated pending obligation (0.059875ms)
✔ sqlite: goal change rejects a mode changed by another channel without modifying goal, control or receipts (260.136792ms)
✔ sqlite: goal control is rechecked after a commit CAS conflict and cannot overwrite the winning mode (254.541542ms)
✔ sqlite: unrelated commit contention retries the same goal request while incrementing control exactly once (259.879125ms)
✔ sqlite: successful goal replay remains idempotent after a later mode change and restart (308.142708ms)
✔ sqlite: goal mutation requires a positive safe control revision and strict fields before any receipt or state change (241.811708ms)
✔ sqlite: a legacy goal without stored execution control still requires its explicit initial revision (286.599625ms)
✔ sqlite: CLI goal changes require both explicit revisions, reject stale control and replay the saved receipt (1304.317666ms)
✔ sqlite: Web strict goal input carries control revision through HTTP and rejects a newer channel mode (313.810334ms)
✔ file-journal: goal change rejects a mode changed by another channel without modifying goal, control or receipts (874.039209ms)
✔ file-journal: goal control is rechecked after a commit CAS conflict and cannot overwrite the winning mode (792.117583ms)
✔ file-journal: unrelated commit contention retries the same goal request while incrementing control exactly once (926.337959ms)
✔ file-journal: successful goal replay remains idempotent after a later mode change and restart (1166.492959ms)
✔ file-journal: goal mutation requires a positive safe control revision and strict fields before any receipt or state change (696.339458ms)
✔ file-journal: a legacy goal without stored execution control still requires its explicit initial revision (770.295958ms)
✔ file-journal: CLI goal changes require both explicit revisions, reject stale control and replay the saved receipt (1974.815625ms)
✔ file-journal: Web strict goal input carries control revision through HTTP and rejects a newer channel mode (1011.517875ms)
✔ Web goal schema accepts only an explicit positive safe numeric control revision (0.32675ms)
✔ sqlite: valid original guidance remains readable through two historical copies and records actual file probe bytes (455.620083ms)
✔ sqlite: body-edited without refresh invalidates original guidance history and two stored copies (377.070166ms)
✔ sqlite: body-deleted without refresh invalidates original guidance history and two stored copies (433.674208ms)
✔ sqlite: catalog-rules-changed without refresh invalidates original guidance history and two stored copies (440.250416ms)
✔ file-journal: valid original guidance remains readable through two historical copies and records actual file probe bytes (2883.567333ms)
✔ file-journal: body-edited without refresh invalidates original guidance history and two stored copies (2176.4275ms)
✔ file-journal: body-deleted without refresh invalidates original guidance history and two stored copies (2170.945667ms)
✔ file-journal: catalog-rules-changed without refresh invalidates original guidance history and two stored copies (2894.166667ms)
✔ guidance refresh stages every provider page and only then replaces the complete snapshot (10.702583ms)
✔ guidance failure listing leaves the previous snapshot usable (0.784083ms)
✔ guidance mixed listing leaves the previous snapshot usable (0.466416ms)
✔ guidance duplicate listing leaves the previous snapshot usable (0.462041ms)
✔ guidance cycle listing leaves the previous snapshot usable (0.362708ms)
✔ guidance page-bound listing leaves the previous snapshot usable (0.264ms)
✔ guidance entry-bound listing leaves the previous snapshot usable (0.263792ms)
✔ guidance byte-bound listing leaves the previous snapshot usable (0.474125ms)
✔ guidance abort and late completion cannot replace a published listing (0.511166ms)
✔ guidance concurrent refresh rejects an earlier listing and a complete empty snapshot retires entries (0.611125ms)
✔ legacy list/load remains compatible and missing source validation disables body reuse (1.565083ms)
✔ guidance pages reach beyond 20 and preserve item and whole UTF-8 page bounds (6.3795ms)
✔ guidance cursor binds kind, owner, permission and snapshot and hides unauthorized counts (1.708625ms)
✔ hot guidance reuses only body/artifact while rules, selection reason and method are current (0.652958ms)
✔ guidance body cache cannot bypass current tenant, label or work-kind restrictions (0.433ms)
✔ guidance cache obeys entry/byte bounds, evicts unused bodies and isolates artifact stores (0.572459ms)
✔ a body larger than the cache byte budget is read and decoded on every load (0.389417ms)
✔ a pending hot load cannot exceed cache bounds when another body evicts its old entry (0.374959ms)
✔ a cold legacy-source load rechecks its manifest after artifact persistence (0.474333ms)
✔ source changes during an artifact check are caught by the final probe (0.381083ms)
✔ manifest refresh during final validation rejects a hot result from the previous rules (0.357792ms)
✔ load cancellation cannot publish a cache entry after an ignored-signal provider returns (0.267583ms)
✔ file guidance reports actual cold/hot original I/O separately from put/decode reuse (22.146083ms)
ℹ {"coldOriginalReads":2,"hotOriginalReads":1,"coldOriginalBytes":48,"hotOriginalBytes":24,"source":{"catalogReads":7,"catalogBytes":2702,"bodyReads":3,"bodyBytes":72,"readCalls":1,"validateCalls":2},"catalog":{"sourceReadCalls":1,"sourceReadBytes":24,"sourceValidateCalls":2,"artifactPutCalls":1,"artifactCheckCalls":1,"bodyDecodes":1,"cacheHits":1,"cacheMisses":1,"cachedBodies":1,"cachedBytes":24},"artifactPuts":1,"artifactChecks":1}
✔ file guidance cache never bypasses a deleted original source (26.848417ms)
✔ file guidance cache never bypasses a modified original source (48.827583ms)
✔ file guidance cache never bypasses a manifest original source (36.988583ms)
✔ file guidance refresh observes a new catalog, preserves same-body cache and rejects invalid replacements (39.970958ms)
✔ guidance resources documents-simple: cold and hot runtime loads retain provenance and report original I/O separately (42.156542ms)
ℹ {"family":"documents-simple","coldOriginalBytes":58,"hotOriginalBytes":29,"coldMetrics":{"sourceReadCalls":1,"sourceReadBytes":29,"sourceValidateCalls":1,"artifactPutCalls":1,"artifactCheckCalls":0,"bodyDecodes":1,"cacheHits":0,"cacheMisses":1,"cachedBodies":1,"cachedBytes":29},"hotMetrics":{"sourceReadCalls":1,"sourceReadBytes":29,"sourceValidateCalls":2,"artifactPutCalls":1,"artifactCheckCalls":1,"bodyDecodes":1,"cacheHits":1,"cacheMisses":1,"cachedBodies":1,"cachedBytes":29}}
✔ guidance resources documents-simple: policy revocation during a hot validation suppresses the cached body (10.4605ms)
✔ guidance resources documents-simple: a goal change while the source read waits cannot return the previous selection (7.2225ms)
✔ guidance resources documents-simple: a refreshed version cannot be replaced by an in-flight older load (7.253042ms)
✔ guidance resources documents-simple: cancellation reaches a pending source and returns no late body (6.658166ms)
✔ guidance resources observations-simple: cold and hot runtime loads retain provenance and report original I/O separately (12.165833ms)
ℹ {"family":"observations-simple","coldOriginalBytes":58,"hotOriginalBytes":29,"coldMetrics":{"sourceReadCalls":1,"sourceReadBytes":29,"sourceValidateCalls":1,"artifactPutCalls":1,"artifactCheckCalls":0,"bodyDecodes":1,"cacheHits":0,"cacheMisses":1,"cachedBodies":1,"cachedBytes":29},"hotMetrics":{"sourceReadCalls":1,"sourceReadBytes":29,"sourceValidateCalls":2,"artifactPutCalls":1,"artifactCheckCalls":1,"bodyDecodes":1,"cacheHits":1,"cacheMisses":1,"cachedBodies":1,"cachedBytes":29}}
✔ guidance resources observations-simple: policy revocation during a hot validation suppresses the cached body (5.752666ms)
✔ guidance resources observations-simple: a goal change while the source read waits cannot return the previous selection (6.029958ms)
✔ guidance resources observations-simple: a refreshed version cannot be replaced by an in-flight older load (4.430542ms)
✔ guidance resources observations-simple: cancellation reaches a pending source and returns no late body (5.117ms)
✔ guidance resources: paginated cards respect the complete output byte budget and never read guidance bodies (11.34475ms)
✔ guidance resources: cursors cannot cross kind, caller labels, owner or a refreshed listing (5.428958ms)
✔ guidance resources: legacy discovery keeps its original shape and current method in both work families (10.20075ms)
✔ guidance resources: optional paging fields are strict and pre-aborted discovery performs no original reads (5.973208ms)
✔ legacy current validation reads original bytes and a fresh listing and accounts for each cost (4.799709ms)
✔ legacy cold load compares a fresh manifest without duplicating the original read (0.723125ms)
✔ a cancelled current probe makes no original read and a failed fresh listing is not accepted (0.471916ms)
✔ sqlite: context compilation refuses delete in an original guidance source (307.552417ms)
✔ sqlite: context compilation refuses modify in an original guidance source (329.150833ms)
✔ sqlite: context compilation refuses rules in an original guidance source (278.988125ms)
✔ sqlite: restarted stored model input cannot send a deleted original guide (406.983625ms)
✔ sqlite: restarted stored model input cannot send a modifyd original guide (370.963292ms)
✔ sqlite: policy during original-source validation stops transport and settles zero usage (352.53975ms)
✔ sqlite: goal during original-source validation stops transport and settles zero usage (374.977458ms)
✔ sqlite: cancel during original-source validation stops transport and settles zero usage (390.097666ms)
✔ sqlite: manifest refresh after the source probe is caught after final state lookup (330.444917ms)
✔ sqlite: an ignored-signal original probe is stopped by the remaining model lease (499.180708ms)
✔ sqlite: stored guidance loss during source probe blocks transport and prevents settlement until repair (349.19575ms)
✔ sqlite: unchanged original guidance sends the exact stored request once after restart (340.914375ms)
✔ file-journal: context compilation refuses delete in an original guidance source (739.830708ms)
✔ file-journal: context compilation refuses modify in an original guidance source (809.032417ms)
✔ file-journal: context compilation refuses rules in an original guidance source (568.751375ms)
✔ file-journal: restarted stored model input cannot send a deleted original guide (1399.120917ms)
✔ file-journal: restarted stored model input cannot send a modifyd original guide (1748.149417ms)
✔ file-journal: policy during original-source validation stops transport and settles zero usage (1805.969834ms)
✔ file-journal: goal during original-source validation stops transport and settles zero usage (2096.91675ms)
✔ file-journal: cancel during original-source validation stops transport and settles zero usage (2240.035958ms)
✔ file-journal: manifest refresh after the source probe is caught after final state lookup (2079.772125ms)
✔ file-journal: an ignored-signal original probe is stopped by the remaining model lease (2253.111917ms)
✔ file-journal: stored guidance loss during source probe blocks transport and prevents settlement until repair (2235.707875ms)
✔ file-journal: unchanged original guidance sends the exact stored request once after restart (2195.063625ms)
✔ a diamond validates every edge, inspects a shared source once and guards every captured node (1.246334ms)
✔ a reference cycle is finite while an invalid member still rejects the whole closure (0.278834ms)
✔ a pin encountered after visiting a node is still checked (0.132625ms)
✔ conflicting pending pins fail before dispatch, including across duplicate roots (0.084375ms)
✔ captured source or authority changes during another read invalidate the result (0.246416ms)
✔ application invariants can reject a semantic cycle before guard I/O without changing generic cycle handling (0.088042ms)
✔ expiry of an earlier node during a later guard is checked again before return (0.128208ms)
✔ already expired nodes cannot be inputs (0.075292ms)
✔ node, edge and byte budgets stop excessive reads before dispatching the next node (0.172375ms)
✔ a long chain uses an iterative queue and visits every source exactly once (3.830167ms)
✔ pre-aborted validation never invokes a reader (0.127541ms)
✔ cancellation ends a blocked validation and contains a late reader rejection (3.749375ms)
✔ the elapsed deadline bounds a reader that ignores cancellation (21.428ms)
✔ logical clock deadline changes and backwards clock readings cannot extend validation (0.284ms)
✔ reader exceptions, unknown providers and malformed replies return fixed errors without source data (0.18075ms)
✔ registration captures the callback and rejects duplicate providers and invalid limits (0.21175ms)
✔ overlapping validations keep separate snapshots, queues and cancellation (0.146666ms)
✔ provider and key jointly identify a node (0.080958ms)
✔ web adapter: rejected current authority sends no browser input (2.488ms)
✔ web adapter: cancellation while authority is awaited sends no input (0.154042ms)
✔ web adapter: loss after dispatch is unknown and duplicate operation never sends again (0.237625ms)
✔ web adapter: same operation id with changed action is unknown without another transport (0.392041ms)
✔ web adapter: concurrent duplicate joins the original operation (0.182375ms)
✔ web adapter: malformed or wrong operation response is uncertain (0.605042ms)
✔ web adapter: observation from another document cannot become a current view (0.327583ms)
✔ web adapter: observation bounds apply after the remote response (0.137333ms)
✔ web adapter: missing receipt remains unknown and lookup does not send act (0.384875ms)
✔ web adapter: lookup rejects another work and altered receipt identity (0.480083ms)
✔ web adapter: navigation outside the registered loopback document is rejected before evaluation (0.152708ms)
✔ web transport: abort stops waiting but does not claim to retract a sent renderer command (2.083792ms)
✔ web adapter: caller mutations during authorization cannot change the pinned DOM command (0.221875ms)
✔ web adapter: read authorization cannot change the receipt identity or work being looked up (0.110792ms)
✔ invocation copies: two real canonical copies expose the still-authorized original without executing it again (43.606333ms)
✔ invocation copies: retaining only calls.get permission does not restore a revoked source tool (17.386333ms)
✔ invocation copies: current guidance version replacement blocks the copied earlier guide (22.867417ms)
✔ invocation copies: same-version manifest replacement and new guidance labels also block nested bodies (12.563834ms)
✔ invocation copies: catalog target permission is rechecked through both copies (12.840792ms)
✔ invocation copies: catalog target version is rechecked through both copies (17.881917ms)
✔ invocation copies: catalog target definition is rechecked through both copies (16.913542ms)
✔ invocation copies: a missing canonical source receipt is rejected (11.055417ms)
✔ invocation copies: a foreign-owner canonical source receipt is rejected (11.345042ms)
✔ invocation copies: a foreign-tenant canonical source receipt is rejected (10.262458ms)
✔ invocation copies: a foreign-work canonical source receipt is rejected (10.564792ms)
✔ invocation copies: a input-digest canonical source receipt is rejected (10.982208ms)
✔ invocation copies: missing source artifacts invalidate copied bodies even when copy artifacts remain readable (11.079416ms)
✔ invocation copies: a modified copied body must still equal its canonical source result (13.011333ms)
✔ invocation copies: source knowledge is validated and propagated even if an older copy omitted its dependency metadata (12.061583ms)
✔ invocation copies: permission changes during a source receipt read prevent returning the already-read copy (10.815542ms)
✔ invocation copies: a canonical input cycle is rejected before following the same receipt twice (12.339ms)
✔ invocation copies: the 64-node source boundary accepts 63 copies and rejects one further copy (734.987292ms)
✔ sqlite: two invocation copies recheck remove registry change after source artifact read (357.532875ms)
✔ sqlite: two invocation copies recheck labels registry change after source artifact read (324.626125ms)
✔ sqlite: two invocation copies recheck description registry change after source artifact read (332.218833ms)
✔ sqlite: two invocation copies recheck unrelated registry change after source artifact read (356.0175ms)
✔ sqlite: an executed third calls.get stores no private body when source is removed during its read (434.357916ms)
✔ sqlite: catalog target pin is rechecked after final asynchronous state validation (340.617542ms)
✔ sqlite: a same-version guidance manifest change cannot survive copied body verification (410.498083ms)
✔ file-journal: two invocation copies recheck remove registry change after source artifact read (2647.942166ms)
✔ file-journal: two invocation copies recheck labels registry change after source artifact read (3280.718042ms)
✔ file-journal: two invocation copies recheck description registry change after source artifact read (3277.037083ms)
✔ file-journal: two invocation copies recheck unrelated registry change after source artifact read (3305.723042ms)
✔ file-journal: an executed third calls.get stores no private body when source is removed during its read (3997.980833ms)
✔ file-journal: catalog target pin is rechecked after final asynchronous state validation (2743.962291ms)
✔ file-journal: a same-version guidance manifest change cannot survive copied body verification (2883.247ms)
✔ file journal: exception at candidate_synced preserves the publication boundary and retry identity (180.292584ms)
✔ file journal: actual SIGKILL at candidate_synced reopens a whole commit or no commit (257.705875ms)
✔ file journal: exception at published preserves the publication boundary and retry identity (196.378833ms)
✔ file journal: actual SIGKILL at published reopens a whole commit or no commit (239.597875ms)
✔ file journal: exception at directory_synced preserves the publication boundary and retry identity (185.310458ms)
✔ file journal: actual SIGKILL at directory_synced reopens a whole commit or no commit (235.267959ms)
✔ file journal: a reader and duplicate retry observe a whole published record while its writer is pending (179.096292ms)
✔ file journal: directory sync failure prevents reads and duplicate acknowledgements without rolling back publication (114.040333ms)
✔ file journal: listing retries the first record when publication follows its initial ENOENT (149.739209ms)
✔ file journal: checksum corruption blocks reads and subsequent commits without overwriting the damaged record (97.835417ms)
✔ file journal: an intact record checksum does not hide a broken previous-hash link (87.187208ms)
✔ file journal: deleting a middle revision rejects the incomplete prefix (83.96625ms)
✔ file journal: changing store identity is rejected by an open instance and by replay after reopening (82.098083ms)
✔ file journal: a missing format header does not initialize a populated store as empty (62.822334ms)
✔ file journal: existing root, work and record symlinks are rejected without following their contents (251.77475ms)
✔ file journal: group or other permissions on the root and records are rejected (138.024041ms)
✔ file journal: an observed root or work directory replacement cannot reset the open repository (123.878917ms)
✔ file journal: record size limits reject both publication and oversized persisted input (78.226083ms)
✔ file journal: closed instances reject every repository operation while reopening retains data (91.772666ms)
✔ file journal: revision zero is invalid layout and cannot be silently ignored (81.33725ms)
✔ sqlite: a memory-only service rejects an unsupported retained input in a nested source work (192.414459ms)
✔ sqlite: a memory tool cancels a blocked custody read before the source responds (129.329459ms)
✔ sqlite: custody-free reads keep their original I/O path and a W to M to W custody cycle remains finite (153.34ms)
✔ sqlite: external K revise blocks direct, derived and cached M before W is refreshed (166.081833ms)
✔ sqlite: external K retract blocks direct, derived and cached M before W is refreshed (169.952875ms)
✔ sqlite: external K expire blocks direct, derived and cached M before W is refreshed (158.605458ms)
✔ sqlite: external K generation blocks direct, derived and cached M before W is refreshed (155.263792ms)
✔ sqlite: a shared reader uses current M authority without impersonating its owner's private K actor (150.94975ms)
✔ sqlite: custody does not reconstruct an unconfirmed reviewer-only permission (176.839ms)
✔ sqlite: custody entry and byte limits fail closed before reading unbounded knowledge records (1186.14375ms)
✔ sqlite: a derivedFrom cycle remains invalid even when its work custody graph is finite (163.414791ms)
✔ sqlite: external memory changed during closure collection cannot survive the stable snapshot (145.271541ms)
✔ file-journal: a memory-only service rejects an unsupported retained input in a nested source work (1253.173833ms)
✔ file-journal: a memory tool cancels a blocked custody read before the source responds (972.787375ms)
✔ file-journal: custody-free reads keep their original I/O path and a W to M to W custody cycle remains finite (756.402167ms)
✔ file-journal: external K revise blocks direct, derived and cached M before W is refreshed (1880.405792ms)
✔ file-journal: external K retract blocks direct, derived and cached M before W is refreshed (1807.864459ms)
✔ file-journal: external K expire blocks direct, derived and cached M before W is refreshed (1880.110375ms)
✔ file-journal: external K generation blocks direct, derived and cached M before W is refreshed (2034.318958ms)
✔ file-journal: a shared reader uses current M authority without impersonating its owner's private K actor (1456.829708ms)
✔ file-journal: custody does not reconstruct an unconfirmed reviewer-only permission (543.585083ms)
✔ file-journal: custody entry and byte limits fail closed before reading unbounded knowledge records (610.978333ms)
✔ file-journal: a derivedFrom cycle remains invalid even when its work custody graph is finite (568.943167ms)
✔ file-journal: external memory changed during closure collection cannot survive the stable snapshot (759.509959ms)
✔ sqlite: same-work recall survives dispatch, receipt and unrelated revision bookkeeping (368.705917ms)
✔ sqlite: cross-work memory copy keeps custody across a goal change and blocks a prepared result after source deletion (754.0585ms)
✔ sqlite: source deletion after a cross-goal copied memory cancels a reserved effect before invocation (569.87175ms)
✔ sqlite: stored model input contains recalled bodies while hiding internal custody metadata (532.092542ms)
✔ sqlite: reopening without a knowledge validator blocks retained originals and reserved effects (531.948875ms)
✔ sqlite: deleting another work's source while adopt commit waits quarantines the copied evidence before return (516.44175ms)
✔ file-journal: same-work recall survives dispatch, receipt and unrelated revision bookkeeping (4459.214166ms)
✔ file-journal: cross-work memory copy keeps custody across a goal change and blocks a prepared result after source deletion (12409.027ms)
✔ file-journal: source deletion after a cross-goal copied memory cancels a reserved effect before invocation (5713.692833ms)
✔ file-journal: stored model input contains recalled bodies while hiding internal custody metadata (5374.299542ms)
✔ file-journal: reopening without a knowledge validator blocks retained originals and reserved effects (3329.458792ms)
✔ file-journal: deleting another work's source while adopt commit waits quarantines the copied evidence before return (3282.211917ms)
✔ memory tools expose read cards, internal dependencies and schema-valid results (sqlite) (195.18475ms)
✔ memory tool authority intersects destination, caller and fresh trusted identity (sqlite) (190.858ms)
✔ memory reads constrain IDs and searches to the current goal scope (sqlite) (206.415708ms)
✔ memory tools expose read cards, internal dependencies and schema-valid results (file-journal) (2027.46175ms)
✔ memory tool authority intersects destination, caller and fresh trusted identity (file-journal) (628.866291ms)
✔ memory reads constrain IDs and searches to the current goal scope (file-journal) (849.542833ms)
✔ memory tools report bounded references without bodies, including multibyte oversized references (187.065292ms)
✔ memory search distinguishes result truncation and index errors from complete absence (160.02325ms)
✔ memory tools discard a copied card when trusted-owner changes during a repository wait (148.663042ms)
✔ memory tools discard a copied card when work-owner changes during a repository wait (195.412792ms)
✔ memory tools discard a copied card when caller-labels changes during a repository wait (187.909292ms)
✔ memory tools discard a copied card when work-labels changes during a repository wait (181.483958ms)
✔ memory tools discard a copied card when goal changes during a repository wait (154.88325ms)
✔ memory tools discard a copied card when generation changes during a repository wait (146.039125ms)
✔ memory tools discard a copied card when cancel changes during a repository wait (125.012625ms)
✔ each fresh trusted actor lookup must match the work owner, including the final return check (125.941625ms)
✔ dependency validation uses current source, record and caller permissions without a stale service cache (177.951917ms)
✔ memory adapters do not mutate the caller policy and normalize invalid input and pre-abort (185.997ms)
✔ knowledge exact lookup precedes index, Korean/English and conditional search use current sources (sqlite) (138.336834ms)
✔ knowledge exact lookup precedes index, Korean/English and conditional search use current sources (file-journal) (533.418125ms)
✔ private memory needs explicit submission and another reviewer of the exact content revision (163.654209ms)
✔ source retracted prevents direct, cached lexical and dependency reuse (121.383ms)
✔ source restricted prevents direct, cached lexical and dependency reuse (143.7195ms)
✔ source deleted prevents direct, cached lexical and dependency reuse (160.950167ms)
✔ source corrected prevents direct, cached lexical and dependency reuse (149.893209ms)
✔ source policy prevents direct, cached lexical and dependency reuse (202.615041ms)
✔ source generation prevents direct, cached lexical and dependency reuse (199.298333ms)
✔ ancestor changes and derived memories retain source identity without inflating independent provenance (178.911541ms)
✔ review CAS prevents a reviewed draft from being silently replaced or shared after editing (161.720375ms)
✔ source or actor changes while source reads wait cannot return stale memory content (114.8505ms)
✔ a delayed candidate cache fill rechecks namespace authority before returning cards or counts (138.526334ms)
✔ index errors remain distinct from absence and rebuild never resurrects deleted or expired content (197.362666ms)
✔ SQLite reopen retains memory, review, cursor and receipts; competing writers use revision CAS (110.984375ms)
✔ source and knowledge stores close and reopen with reviewed memory and index intact (147.75475ms)
✔ bounded results report truncation only after current visibility filtering (191.360042ms)
✔ deletion while a repeated source check waits is noticed before returning the memory card (180.613333ms)
✔ source deletion after the second source snapshot cannot return its old card (133.153875ms)
✔ batch dependency fences notice an earlier card source changing while a later card is checked (168.833166ms)
✔ retracted memory can subsequently be deleted while preserving the revision and idempotency rules (203.21925ms)
✔ a pruned limited search stays partial when an unread matching candidate remains (196.901583ms)
✔ unrelated work revisions preserve semantic dependencies while changed source content does not (189.625959ms)
✔ dependency contracts reject forged fields, unsafe revisions, malformed hashes and duplicate references (143.39225ms)
✔ continuously changing coherent-read revisions stop after a bounded number of fences (186.539083ms)
✔ local evaluation: 192 pinned cases retain two families, two stores, three modes and sixteen variants without duplicate IDs (13.707083ms)
✔ local evaluation sqlite/document_comparison: simple actual workflow and read-only replay preserve one model, one tool and one delivered answer (760.094875ms)
✔ local evaluation sqlite/observation_review: simple actual workflow and read-only replay preserve one model, one tool and one delivered answer (765.430959ms)
✔ local evaluation sqlite: complex original amendments change the hypothesis and require later model assessments (1578.494584ms)
✔ local evaluation sqlite: fast limits reject a complex plan without claiming goal completion or invoking its tool (971.103375ms)
✔ local evaluation sqlite: stored_model_resume actually crosses reopen with a received response and does not invoke it again (817.84125ms)
✔ local evaluation sqlite: stored_tool_resume actually crosses reopen with a received response and does not invoke it again (843.890459ms)
✔ local evaluation sqlite: forced compact is persisted before reopen and subsequent model calls assess later originals (1515.086458ms)
✔ local evaluation sqlite: next-day reply preserves a real wait interval with no model or tool entries (956.51625ms)
✔ local evaluation sqlite: status-only keeps its recorded state unchanged with no execution or transport (168.036041ms)
✔ local evaluation sqlite: source_missing reaches the intended failure boundary and stays incomplete (825.176959ms)
✔ local evaluation sqlite: partial_result reaches the intended failure boundary and stays incomplete (1376.29225ms)
✔ local evaluation sqlite: tool_errors reaches the intended failure boundary and stays incomplete (801.1365ms)
✔ local evaluation sqlite: model_errors reaches the intended failure boundary and stays incomplete (921.098084ms)
✔ local evaluation sqlite: permission_revoked reaches the intended failure boundary and stays incomplete (744.851666ms)
✔ local evaluation sqlite: cancellation occurs after model entry and preserves its reported usage without a tool or answer (494.100042ms)
✔ local evaluation sqlite: requested mode change is first pending during the entered call and later applied (648.046958ms)
✔ local evaluation sqlite: unknown result delivery produces lookup rather than a duplicate send or false completion (687.735459ms)
✔ local evaluation sqlite/document_comparison: late counterevidence is actually observed before final judgment (1631.98925ms)
✔ local evaluation sqlite/observation_review: late counterevidence is actually observed before final judgment (1768.062584ms)
✔ local evaluation file-journal/document_comparison: simple actual workflow and read-only replay preserve one model, one tool and one delivered answer (4007.756833ms)
✔ local evaluation file-journal/observation_review: simple actual workflow and read-only replay preserve one model, one tool and one delivered answer (3119.219833ms)
✔ local evaluation file-journal: complex original amendments change the hypothesis and require later model assessments (10174.249709ms)
✔ local evaluation file-journal: fast limits reject a complex plan without claiming goal completion or invoking its tool (7282.359417ms)
✔ local evaluation file-journal: stored_model_resume actually crosses reopen with a received response and does not invoke it again (4178.57925ms)
✔ local evaluation file-journal: stored_tool_resume actually crosses reopen with a received response and does not invoke it again (7121.421459ms)
✔ local evaluation file-journal: forced compact is persisted before reopen and subsequent model calls assess later originals (11229.970416ms)
✔ local evaluation file-journal: next-day reply preserves a real wait interval with no model or tool entries (6216.990584ms)
✔ local evaluation file-journal: status-only keeps its recorded state unchanged with no execution or transport (843.9335ms)
✔ local evaluation file-journal: source_missing reaches the intended failure boundary and stays incomplete (6893.709542ms)
✔ local evaluation file-journal: partial_result reaches the intended failure boundary and stays incomplete (9641.976625ms)
✔ local evaluation file-journal: tool_errors reaches the intended failure boundary and stays incomplete (8204.017375ms)
✔ local evaluation file-journal: model_errors reaches the intended failure boundary and stays incomplete (7659.138917ms)
✔ local evaluation file-journal: permission_revoked reaches the intended failure boundary and stays incomplete (4283.739542ms)
✔ local evaluation file-journal: cancellation occurs after model entry and preserves its reported usage without a tool or answer (2484.957709ms)
✔ local evaluation file-journal: requested mode change is first pending during the entered call and later applied (4909.521167ms)
✔ local evaluation file-journal: unknown result delivery produces lookup rather than a duplicate send or false completion (5500.910667ms)
✔ local evaluation file-journal/document_comparison: late counterevidence is actually observed before final judgment (3974.830625ms)
✔ local evaluation file-journal/observation_review: late counterevidence is actually observed before final judgment (3958.226708ms)
✔ sqlite: local memory tools and workspace checkpoints remain usable after profile reopen (921.911791ms)
✔ sqlite: workspace initialization failure closes state, channel and knowledge stores (201.866542ms)
✔ file-journal: local memory tools and workspace checkpoints remain usable after profile reopen (6568.828625ms)
✔ file-journal: workspace initialization failure closes state, channel and knowledge stores (217.324917ms)
✔ composition without optional memory or workspace keeps the prior tool configuration usable (253.657792ms)
✔ profile close still closes databases after a workspace close failure (239.637708ms)
✔ sqlite: accepted work, request replay, and queries stay separate from fixture execution (571.932125ms)
✔ sqlite: document question is atomic, actionable, and does not interpret reply text (682.553375ms)
✔ sqlite: current ownership, route, and disclosure gates apply to reads and mutations (246.142375ms)
✔ sqlite: web attachment observes an existing CLI primary without re-sending or changing it (602.786542ms)
✔ sqlite: goal and mode commands preserve optimistic revisions and durable idempotency (565.133333ms)
✔ sqlite: pause does not wait behind an active run and a replay cannot start another run (655.292459ms)
✔ sqlite: cancel does not wait behind an active run and a replay cannot start another run (331.463375ms)
✔ sqlite: an unfinished durable run is not repeated by the same request after restart (682.998834ms)
✔ sqlite: a goal changed while the old run intent is acknowledged never receives that run's plan (526.952583ms)
✔ sqlite: workflow entry rejects a stale pinned goal before recovery or execution (289.87975ms)
✔ sqlite: paged lists recheck every returned card and omit a card revoked while another is read (1068.522375ms)
✔ sqlite: at most four distinct works execute concurrently and draining admits no new mutations (1102.97675ms)
✔ file-journal: accepted work, request replay, and queries stay separate from fixture execution (4054.745084ms)
✔ file-journal: document question is atomic, actionable, and does not interpret reply text (5046.738458ms)
✔ file-journal: current ownership, route, and disclosure gates apply to reads and mutations (617.18275ms)
✔ file-journal: web attachment observes an existing CLI primary without re-sending or changing it (2212.888667ms)
✔ file-journal: goal and mode commands preserve optimistic revisions and durable idempotency (2106.146458ms)
✔ file-journal: pause does not wait behind an active run and a replay cannot start another run (2104.814833ms)
✔ file-journal: cancel does not wait behind an active run and a replay cannot start another run (984.060333ms)
✔ file-journal: an unfinished durable run is not repeated by the same request after restart (1903.048667ms)
✔ file-journal: a goal changed while the old run intent is acknowledged never receives that run's plan (2096.733958ms)
✔ file-journal: workflow entry rejects a stale pinned goal before recovery or execution (414.052625ms)
✔ file-journal: paged lists recheck every returned card and omit a card revoked while another is read (11207.937917ms)
✔ file-journal: at most four distinct works execute concurrently and draining admits no new mutations (9038.631958ms)
✔ sqlite: MCP collection SIGKILL at intent resumes with a new owner and preserves the committed budget and items (1732.178ms)
✔ sqlite: MCP collection SIGKILL at partial resumes with a new owner and preserves the committed budget and items (1370.753792ms)
✔ sqlite: MCP collection SIGKILL at page resumes with a new owner and preserves the committed budget and items (1449.028125ms)
✔ file-journal: MCP collection SIGKILL at intent resumes with a new owner and preserves the committed budget and items (9629.847625ms)
✔ file-journal: MCP collection SIGKILL at partial resumes with a new owner and preserves the committed budget and items (5783.805709ms)
✔ file-journal: MCP collection SIGKILL at page resumes with a new owner and preserves the committed budget and items (7001.681792ms)
✔ sqlite: MCP collection documents preserves individual raw pages and verifies offline (650.228083ms)
✔ sqlite: MCP collection documents resumes only partial items with original success unchanged (1260.523375ms)
✔ sqlite: MCP collection observations preserves individual raw pages and verifies offline (945.15875ms)
✔ sqlite: MCP collection observations resumes only partial items with original success unchanged (1543.034583ms)
✔ sqlite: MCP empty page is preserved and losing its original rejects the result (1171.104084ms)
✔ sqlite: MCP collection rejects snapshot-change after keeping its first page (751.842167ms)
✔ sqlite: MCP collection rejects cursor-loop after keeping its first page (717.544833ms)
✔ sqlite: MCP error does not become EOF or automatic retry (700.147917ms)
✔ sqlite: MCP rate-limit does not become EOF or automatic retry (672.465792ms)
✔ sqlite: MCP accepted raw response substitution blocks parent resume before sending (561.991709ms)
✔ sqlite: MCP changed query cannot reuse a partial parent (601.93ms)
✔ sqlite: MCP authority change before-send prevents page acceptance (277.156708ms)
✔ sqlite: MCP authority change after-reply prevents page acceptance (295.147ms)
✔ file-journal: MCP collection documents preserves individual raw pages and verifies offline (2013.977792ms)
✔ file-journal: MCP collection documents resumes only partial items with original success unchanged (5492.193959ms)
✔ file-journal: MCP collection observations preserves individual raw pages and verifies offline (3676.803417ms)
✔ file-journal: MCP collection observations resumes only partial items with original success unchanged (11035.163666ms)
✔ file-journal: MCP empty page is preserved and losing its original rejects the result (5293.843708ms)
✔ file-journal: MCP collection rejects snapshot-change after keeping its first page (5641.582875ms)
✔ file-journal: MCP collection rejects cursor-loop after keeping its first page (5183.924125ms)
✔ file-journal: MCP error does not become EOF or automatic retry (4162.766625ms)
✔ file-journal: MCP rate-limit does not become EOF or automatic retry (3842.060875ms)
✔ file-journal: MCP accepted raw response substitution blocks parent resume before sending (2642.704666ms)
✔ file-journal: MCP changed query cannot reuse a partial parent (3559.010167ms)
✔ file-journal: MCP authority change before-send prevents page acceptance (1004.396917ms)
✔ file-journal: MCP authority change after-reply prevents page acceptance (1454.642542ms)
✔ sqlite: full documents coverage gates partial facts and survives exact-manifest resume and restoration (1622.660792ms)
✔ sqlite: full observations coverage gates partial facts and survives exact-manifest resume and restoration (1867.632792ms)
✔ file-journal: full documents coverage gates partial facts and survives exact-manifest resume and restoration (8609.931125ms)
✔ file-journal: full observations coverage gates partial facts and survives exact-manifest resume and restoration (9670.413583ms)
✔ MCP coverage: successful EOF without an approved manifest cannot discharge the full-query condition (813.359416ms)
✔ MCP coverage: missing-raw invalidates completion, public result and delivery (755.168167ms)
✔ MCP coverage: wrong-summary invalidates completion, public result and delivery (642.524292ms)
✔ sqlite: SIGKILL at raw-receipt-complete settles the original response offline before explicit continuation (1056.663458ms)
✔ sqlite: SIGKILL at raw-receipt-nonfinal settles the original response offline before explicit continuation (1445.753042ms)
✔ sqlite: SIGKILL at raw-receipt-deferral settles the original response offline before explicit continuation (1497.737333ms)
✔ file-journal: SIGKILL at raw-receipt-complete settles the original response offline before explicit continuation (3889.740583ms)
✔ file-journal: SIGKILL at raw-receipt-nonfinal settles the original response offline before explicit continuation (6134.979ms)
✔ file-journal: SIGKILL at raw-receipt-deferral settles the original response offline before explicit continuation (9039.0245ms)
✔ stored MCP response: missing-response cannot be silently treated as absent or retransmitted (609.775875ms)
✔ stored MCP response: changed-policy cannot be silently treated as absent or retransmitted (589.945ms)
✔ stored MCP response: callback-replaced cannot be silently treated as absent or retransmitted (588.236583ms)
✔ stored MCP response: concurrent restorers commit one original-head settlement without additional budget (3017.993625ms)
✔ stored MCP response: next workflow step repairs a crash after expiration was committed (702.84075ms)
✔ sqlite: MCP family 0 stores an original, adopts facts and revalidates offline (357.759667ms)
✔ sqlite: MCP family 1 stores an original, adopts facts and revalidates offline (344.581ms)
✔ sqlite: MCP partial records do not satisfy complete coverage (322.118542ms)
✔ sqlite: MCP error retains no result evidence (294.635875ms)
✔ sqlite: MCP invalid retains no result evidence (390.492666ms)
✔ sqlite: MCP changed projected facts and different attempt proof are rejected (338.829708ms)
✔ sqlite: MCP raw body corruption prevents adoption after restart (310.850333ms)
✔ sqlite: MCP received result survives reopen and does not recall a stopped server (311.876417ms)
✔ sqlite: MCP request intent prevents a hidden second call for the same attempt (213.476792ms)
✔ sqlite: MCP repeated reads keep one independent source lineage (477.425083ms)
✔ sqlite: MCP pause during adapter wait blocks the wire call (188.472583ms)
✔ sqlite: MCP expand-labels during adapter wait blocks the wire call (191.285916ms)
✔ sqlite: MCP cancel after a real reply prevents raw publication and adoption (202.894125ms)
✔ sqlite: MCP restrict-labels after a real reply prevents raw publication and adoption (204.018958ms)
✔ file-journal: MCP family 0 stores an original, adopts facts and revalidates offline (1179.719834ms)
✔ file-journal: MCP family 1 stores an original, adopts facts and revalidates offline (1375.222291ms)
✔ file-journal: MCP partial records do not satisfy complete coverage (1074.113625ms)
✔ file-journal: MCP error retains no result evidence (964.767292ms)
✔ file-journal: MCP invalid retains no result evidence (1089.335417ms)
✔ file-journal: MCP changed projected facts and different attempt proof are rejected (1050.477583ms)
✔ file-journal: MCP raw body corruption prevents adoption after restart (780.126375ms)
✔ file-journal: MCP received result survives reopen and does not recall a stopped server (848.697708ms)
✔ file-journal: MCP request intent prevents a hidden second call for the same attempt (501.3015ms)
✔ file-journal: MCP repeated reads keep one independent source lineage (2884.764ms)
✔ file-journal: MCP pause during adapter wait blocks the wire call (1084.230167ms)
✔ file-journal: MCP expand-labels during adapter wait blocks the wire call (968.673ms)
✔ file-journal: MCP cancel after a real reply prevents raw publication and adoption (869.304083ms)
✔ file-journal: MCP restrict-labels after a real reply prevents raw publication and adoption (1008.457583ms)
✔ sqlite: MCP whole wait survives SIGKILL and reopens without resetting its due time or consuming an early successor (1976.243541ms)
✔ sqlite: MCP item wait survives SIGKILL and reopens without resetting its due time or consuming an early successor (1950.129917ms)
✔ file-journal: MCP whole wait survives SIGKILL and reopens without resetting its due time or consuming an early successor (17943.275917ms)
✔ file-journal: MCP item wait survives SIGKILL and reopens without resetting its due time or consuming an early successor (16153.343958ms)
✔ sqlite: MCP wait documents normal records retain lineage and bind the stored-response recovery contract (627.1185ms)
✔ sqlite: MCP whole wait documents binds fixed origin and protects its original error proof (590.162833ms)
✔ sqlite: MCP item wait documents retries the unfinished item with original success unchanged (1262.406ms)
✔ sqlite: MCP wait observations normal records retain lineage and bind the stored-response recovery contract (837.46175ms)
✔ sqlite: MCP whole wait observations binds fixed origin and protects its original error proof (548.999375ms)
✔ sqlite: MCP item wait observations retries the unfinished item with original success unchanged (1480.244166ms)
✔ file-journal: MCP wait documents normal records retain lineage and bind the stored-response recovery contract (2446.059667ms)
✔ file-journal: MCP whole wait documents binds fixed origin and protects its original error proof (2172.85325ms)
✔ file-journal: MCP item wait documents retries the unfinished item with original success unchanged (9722.037958ms)
✔ file-journal: MCP wait observations normal records retain lineage and bind the stored-response recovery contract (4894.919167ms)
✔ file-journal: MCP whole wait observations binds fixed origin and protects its original error proof (2784.559166ms)
✔ file-journal: MCP item wait observations retries the unfinished item with original success unchanged (10561.288875ms)
✔ MCP wait rejects zero without inventing a retry barrier (472.666917ms)
✔ MCP wait rejects negative without inventing a retry barrier (465.696459ms)
✔ MCP wait rejects fraction without inventing a retry barrier (437.111667ms)
✔ MCP wait rejects string without inventing a retry barrier (467.240959ms)
✔ MCP wait rejects null without inventing a retry barrier (504.708542ms)
✔ MCP wait rejects over-limit without inventing a retry barrier (494.995666ms)
✔ MCP wait rejects unsafe without inventing a retry barrier (520.538208ms)
✔ MCP wait rejects missing without inventing a retry barrier (539.770791ms)
✔ MCP wait rejects wrong-request without inventing a retry barrier (533.450875ms)
✔ MCP wait rejects wrong-cursor without inventing a retry barrier (542.287375ms)
✔ MCP wait rejects false-error without inventing a retry barrier (540.468292ms)
✔ MCP wait rejects success-hint without inventing a retry barrier (465.47825ms)
✔ MCP wait rejects forbidden-hint without inventing a retry barrier (533.473208ms)
✔ MCP wait rejects a second conflicting metadata hint after preserving one actual response (465.905375ms)
✔ MCP wait enforces the approved host delay cap even when the remote schema permits the value (501.0595ms)
✔ MCP wait original checkpoint rejects completed-phase before a fresh same-query reservation (547.534666ms)
✔ MCP wait original checkpoint rejects fake-successor before a fresh same-query reservation (2685.476291ms)
✔ MCP wait original checkpoint rejects missing-item-clock-and-query before a fresh same-query reservation (2225.043458ms)
✔ MCP client: invalid host process configuration is rejected without starting a child (2.757167ms)
✔ MCP client: real pinned stdio discovery and repeated reads each make one fresh call (116.233916ms)
✔ MCP client: staged paginated listing is bounded and only the approved subset can be called (92.963042ms)
✔ MCP client: partial, mismatched and cycling listings never publish a callable session (436.967375ms)
✔ MCP client: list change during discovery rejects the mixed view; explicit discovery can recover (111.764834ms)
✔ MCP client: caller mutation and rejected authorization cannot change the registered request (100.93275ms)
✔ MCP client: cancellation while authorization is pending sends zero calls (87.113708ms)
✔ MCP client: active-call admission rejects overflow without invoking its authority callback (98.231375ms)
✔ MCP client: actual serialized request and oversized response are bounded (103.485791ms)
✔ MCP client: post-dispatch list change invalidates the result and never repeats the call (106.213834ms)
✔ MCP client: lost delayed response preserves sent uncertainty and releases the owned process (105.729667ms)
✔ MCP client: uncertain exit preserves a sent call and explicit concurrent close rechecks once (100.963625ms)
✔ MCP client: crashed peer requires explicit new discovery and old session is never revived (193.999209ms)
✔ MCP client: ambient default environment is blanked; only explicit host variables are forwarded (29.985042ms)
✔ cancel during input artifact read prevents transport invocation and releases the known unused token reservation (28.668459ms)
✔ goal during input artifact read prevents transport invocation and releases the known unused token reservation (8.99775ms)
✔ destination during input artifact read prevents transport invocation and releases the known unused token reservation (7.991208ms)
✔ labels during input artifact read prevents transport invocation and releases the known unused token reservation (6.110333ms)
✔ cancelling an active model sends its signal, yields promptly and settles late usage once without adopting the old plan (8.516708ms)
✔ input byte limit rejects before a durable reservation or transport call (3.997125ms)
✔ token budget rejects before a durable reservation or transport call (5.958334ms)
✔ model call budget rejects before a durable reservation or transport call (2.958584ms)
✔ model context capacity and destination policy reject input without invoking the planner (6.570792ms)
✔ concurrent reservations have one winner and duplicate execution performs one dispatch and one transport call (8.775292ms)
✔ a replacement owner waits for a reserved lease, then releases it and creates a fresh intent without repeating a transport call (11.18ms)
✔ a recovered running lease retains uncertain cost and accepts only late accounting, never its expired plan (5.675ms)
✔ a reply without usage keeps its reservation and prevents a further model call after rejection (5.278833ms)
✔ verified facts remain visible while hypothesis review prevents response readiness and preparation (30.001042ms)
✔ reserved, running and stored model replies cannot produce a result; accepted review resumes preparation (33.674667ms)
✔ pending model work suppresses question preparation while preserving existing obligation blockers (13.332625ms)
✔ an already prepared result is withheld during review and can be prepared again after accepted model assessment (16.109292ms)
✔ documents-simple: one model plan executes to completion with usage and no extra hypothesis call (40.436333ms)
✔ observations-simple: one model plan executes to completion with usage and no extra hypothesis call (11.91425ms)
✔ late counterevidence revises the hypothesis and only the changed graph consumes a replan (49.340875ms)
✔ strict structured transport adapter feeds the same validator and execution loop without a provider SDK (9.631333ms)
✔ invalid or truncated responses cannot replace an executable plan or fabricate zero usage (6.747917ms)
✔ rejected model plans still charge exactly one call and preserve their raw response for an authorized read (6.211167ms)
✔ bookkeeping changes do not stale a response but goal and evidence changes do (10.523125ms)
✔ received model result resumes after SQLite and artifact reopen with no additional model call (414.839917ms)
✔ a new scope archives the old hypothesis in prior events and permits a fresh plan (12.845959ms)
✔ unsupported hypotheses and erased counterevidence are rejected without changing the current assessment (8.42325ms)
✔ validator feedback reaches the next model proposal and invalid plans never dispatch their tools (13.025667ms)
✔ permission revocation during reply storage preserves usage but never downgrades the model body (5.239459ms)
✔ sqlite/documents-simple: same model/tool/evidence/conversation workflow resumes on persistent state without a new model call for the stored reply (722.977667ms)
✔ sqlite/documents-complex: same model/tool/evidence/conversation workflow resumes on persistent state without a new model call for the stored reply (1596.511458ms)
✔ sqlite/observations-simple: same model/tool/evidence/conversation workflow resumes on persistent state without a new model call for the stored reply (790.948125ms)
✔ sqlite/observations-complex: same model/tool/evidence/conversation workflow resumes on persistent state without a new model call for the stored reply (1370.805792ms)
✔ file-journal/documents-simple: same model/tool/evidence/conversation workflow resumes on persistent state without a new model call for the stored reply (5460.183416ms)
✔ file-journal/documents-complex: same model/tool/evidence/conversation workflow resumes on persistent state without a new model call for the stored reply (9570.68325ms)
✔ file-journal/observations-simple: same model/tool/evidence/conversation workflow resumes on persistent state without a new model call for the stored reply (3440.617167ms)
✔ file-journal/observations-complex: same model/tool/evidence/conversation workflow resumes on persistent state without a new model call for the stored reply (7312.739042ms)
✔ checkpoint record: empty paged root round-trips metadata once without raw reads (5.745584ms)
✔ checkpoint record: empty batch root round-trips metadata once without raw reads (0.987417ms)
✔ checkpoint record: multiple normal pages store references rather than repeating large bodies (10.493208ms)
✔ checkpoint record: partial batch resumes only unfinished items and preserves original successes (7.377208ms)
✔ checkpoint record: rejected source calls survive explicit resume and consume the operation call limit (1.306917ms)
✔ checkpoint record: a crashed intent becomes one unknown call and is never silently replayed (2.424917ms)
✔ checkpoint record: complete orphan resume performs no new page read or call (0.827167ms)
✔ read waits contract: only retryable unfinished items can advertise a bounded absolute barrier (0.711334ms)
✔ read waits record: deferral consumes a call but preserves the collection and requires its original response (1.966708ms)
✔ read waits record: parent claim and historical dispatch cannot move before the recorded barrier (4.403875ms)
✔ read waits record: item barriers use the maximum and a whole-call deferral cannot erase retained successes (2.425667ms)
✔ checkpoint record: explicit stop changes only stop metadata and appends its exact base reference (0.663333ms)
✔ checkpoint record: unchanged fields and inherited dependencies cannot be dropped from an intent (2.314583ms)
✔ checkpoint record: start rejects retained history, source artifacts, and non-root identity (0.290208ms)
✔ checkpoint record: intent, settlement, and resume reject invalid request identity or time transitions (0.962917ms)
✔ checkpoint record: wrong logical digest, wrong base, extra keys, and failed source reads are rejected (1.224083ms)
✔ checkpoint record: accepted encode defers new raw body, source-ref, and dependency authentication to decode (3.7185ms)
✔ checkpoint record: conflicting artifact metadata and dropped inherited references are never encoded (0.553709ms)
✔ checkpoint record: logical checkpoint and referenced response byte limits are enforced before source I/O (0.452292ms)
✔ checkpoint record: record schema rejects more than 16 MiB of otherwise bounded root metadata (57.387958ms)
✔ checkpoint store: real v2 start/intent/settle records load the logical v1 result and preserve original bytes (206.438875ms)
✔ checkpoint store: a legacy snapshot can anchor a v2 orphan resume without reissuing any raw page request (298.619583ms)
✔ checkpoint store: missing base is detected through the actual file adapter (175.519ms)
✔ checkpoint store: tampered base is detected through the actual file adapter (234.007625ms)
✔ checkpoint store: missing raw is detected through the actual file adapter (201.378875ms)
✔ checkpoint store: tampered raw is detected through the actual file adapter (186.420292ms)
✔ checkpoint store: a base reference with tenant cannot use an otherwise readable head (285.18325ms)
✔ checkpoint store: a base reference with labels cannot use an otherwise readable head (321.242375ms)
✔ checkpoint store: a base reference with missing-index cannot use an otherwise readable head (188.600292ms)
✔ checkpoint store: a valid artifact hash cannot authenticate a forged logical digest (234.425541ms)
✔ checkpoint store: returned byte/page/checkpoint mutations cannot poison a reader cache (178.086542ms)
✔ checkpoint store: shared materialization rechecks every original and a new file instance decodes cold (208.253667ms)
✔ checkpoint store: shared materialization cannot hide a revoked or unindexed original (201.629459ms)
✔ checkpoint store: shared materialization evicts at 64-heads (3038.084625ms)
✔ checkpoint store: shared materialization evicts at 16-MiB-logical-bytes (471.558875ms)
✔ checkpoint store: eviction during a shared materialization await preserves the logical byte budget (549.255958ms)
✔ checkpoint store: an in-flight head mutation cannot seed a different artifact materialization (174.78525ms)
✔ checkpoint store: caller ref mutation cannot redirect cached-reference revalidation (204.782ms)
✔ checkpoint store: policy snapshots and exact index entries cannot be widened or aliased by callers (238.009625ms)
✔ checkpoint store: cached originals require real exists checks and new readers cannot inherit a deleted source (202.22825ms)
✔ checkpoint store: raw source cache stays within 16 MiB and evicted sources are fetched again (564.778208ms)
✔ checkpoint store: cycles and oversized records are rejected before decoding any logical history (0.763ms)
✔ checkpoint store: a record chain stops at 10000 records before requesting the next dependency (193.108708ms)
✔ checkpoint store: a record chain stops at 64 MiB without caching the entire traversal (36.481583ms)
✔ checkpoint store: a materialized base retains its chain byte cost for the next event (69.275ms)
✔ checkpoint store sqlite: a legacy committed root resumes through v2 records into an authenticated public result (518.296959ms)
✔ checkpoint store file-journal: a legacy committed root resumes through v2 records into an authenticated public result (3442.844833ms)
✔ read checkpoint sqlite: a complete checkpoint survives outer-result loss and resumes without another fetch (715.251833ms)
✔ read checkpoint sqlite: projection preserves original evidence and charges only the successor's raw response (923.043416ms)
✔ read checkpoint sqlite: missing proof and altered payload are denied while ordinary failures remain valid (830.184625ms)
✔ read checkpoint sqlite: an indexed forged merged page cannot replace its accepted raw response (1023.734ms)
✔ read checkpoint sqlite: an unchanged original body cannot authorize a changed request identity (980.036166ms)
✔ read checkpoint sqlite: losing raw-response blocks result history and copied history (966.7745ms)
✔ read checkpoint sqlite: losing source-artifact blocks result history and copied history (1010.811208ms)
✔ read checkpoint sqlite: severing the parent's exclusive successor claim rejects the child (860.567042ms)
✔ read checkpoint file-journal: a complete checkpoint survives outer-result loss and resumes without another fetch (3316.714125ms)
✔ read checkpoint file-journal: projection preserves original evidence and charges only the successor's raw response (4116.272375ms)
✔ read checkpoint file-journal: missing proof and altered payload are denied while ordinary failures remain valid (3933.373791ms)
✔ read checkpoint file-journal: an indexed forged merged page cannot replace its accepted raw response (3944.846541ms)
✔ read checkpoint file-journal: an unchanged original body cannot authorize a changed request identity (5175.410375ms)
✔ read checkpoint file-journal: losing raw-response blocks result history and copied history (5223.769291ms)
✔ read checkpoint file-journal: losing source-artifact blocks result history and copied history (4534.129667ms)
✔ read checkpoint file-journal: severing the parent's exclusive successor claim rejects the child (5045.426792ms)
✔ read collection context: only visible current goal and scope tips survive; complete unadopted tips remain resumable (4.385417ms)
✔ read collection context: the common packet removes denied head metadata from both execution and resume projections (3.224959ms)
✔ read collection context sqlite: five compactions and reopen retain partial resume metadata without page bodies (664.87075ms)
✔ read collection context sqlite: five compactions and reopen retain complete orphan resume metadata without page bodies (683.468958ms)
✔ read collection context file-journal: five compactions and reopen retain partial resume metadata without page bodies (3420.136625ms)
✔ read collection context file-journal: five compactions and reopen retain complete orphan resume metadata without page bodies (2765.728542ms)
✔ read collection context sqlite: lost derived frame regenerates while lost original raw response blocks context and recovery (282.725959ms)
✔ read collection context file-journal: lost derived frame regenerates while lost original raw response blocks context and recovery (1451.797167ms)
✔ read collection context sqlite: source gate rejects omitted, altered, and canonically inconsistent resume metadata (228.356042ms)
✔ read collection context file-journal: source gate rejects omitted, altered, and canonically inconsistent resume metadata (867.891167ms)
✔ read collection context sqlite: resume metadata is mandatory input and cannot be evicted to satisfy a smaller byte budget (201.801708ms)
✔ read collection context file-journal: resume metadata is mandatory input and cannot be evicted to satisfy a smaller byte budget (668.105458ms)
✔ read collection context sqlite: source lifecycle change during checkpoint read prevents staged frame publication (166.936458ms)
✔ read collection context file-journal: source lifecycle change during checkpoint read prevents staged frame publication (490.891625ms)
✔ read collection context sqlite: contract change during derived resume put is checked before return (258.106375ms)
✔ read collection context sqlite: original change during derived resume put is checked before return (286.633292ms)
✔ read collection context file-journal: contract change during derived resume put is checked before return (636.016167ms)
✔ read collection context file-journal: original change during derived resume put is checked before return (857.142584ms)
✔ read collection context sqlite: completed adopted output retains original proof requirements after leaving the resume list (307.641625ms)
✔ read collection context file-journal: completed adopted output retains original proof requirements after leaving the resume list (1338.322666ms)
✔ read collection context sqlite: raw loss during frame staging suppresses completed adopted copies (293.736792ms)
✔ read collection context file-journal: raw loss during frame staging suppresses completed adopted copies (1259.735709ms)
✔ collection I/O sqlite documents-simple: 4 pages retain semantics across reads, copying and reopening (1213.196583ms)
ℹ {"adapter":"sqlite","family":"documents-simple","pages":4,"sourceCalls":4,"resultSignature":"ca3cbf4a810188e565397de9b01c666596d3bfd519841b869c91c2e4ca1eaa0c","stages":[{"name":"collect","get":114,"exists":202,"put":14,"returnedBodyBytes":171997,"stateReads":210,"receipts":30,"commits":14,"physicalBodyBytes":485558},{"name":"checkpointRead","get":13,"exists":12,"put":0,"returnedBodyBytes":18362,"stateReads":5,"receipts":1,"commits":0,"physicalBodyBytes":35757},{"name":"callsGet","get":41,"exists":96,"put":1,"returnedBodyBytes":84792,"stateReads":45,"receipts":10,"commits":5,"physicalBodyBytes":314778},{"name":"contextPrepare","get":70,"exists":50,"put":1,"returnedBodyBytes":188989,"stateReads":37,"receipts":7,"commits":0,"physicalBodyBytes":288275},{"name":"reopenAndPrepare","get":83,"exists":62,"put":1,"returnedBodyBytes":207351,"stateReads":42,"receipts":8,"commits":0,"physicalBodyBytes":324032}]}
✔ collection I/O sqlite documents-simple: 8 pages retain semantics across reads, copying and reopening (1926.548833ms)
ℹ {"adapter":"sqlite","family":"documents-simple","pages":8,"sourceCalls":8,"resultSignature":"c223661cc27ac8f18d90094013769634188fab210c6fa1531b423635c1ef5c84","stages":[{"name":"collect","get":318,"exists":590,"put":26,"returnedBodyBytes":470387,"stateReads":354,"receipts":46,"commits":22,"physicalBodyBytes":1357149},{"name":"checkpointRead","get":25,"exists":24,"put":0,"returnedBodyBytes":35235,"stateReads":5,"receipts":1,"commits":0,"physicalBodyBytes":69502},{"name":"callsGet","get":77,"exists":180,"put":1,"returnedBodyBytes":162709,"stateReads":45,"receipts":10,"commits":5,"physicalBodyBytes":606344},{"name":"contextPrepare","get":130,"exists":98,"put":1,"returnedBodyBytes":354351,"stateReads":37,"receipts":7,"commits":0,"physicalBodyBytes":548423},{"name":"reopenAndPrepare","get":155,"exists":122,"put":1,"returnedBodyBytes":389586,"stateReads":42,"receipts":8,"commits":0,"physicalBodyBytes":617925}]}
✔ collection I/O sqlite documents-simple: 16 pages retain semantics across reads, copying and reopening (3658.943958ms)
ℹ {"adapter":"sqlite","family":"documents-simple","pages":16,"sourceCalls":16,"resultSignature":"ab9d2af3b8ec8ae6983b1b42f01fae55eaa9771ae3f0271537f2a91d7e4ef676","stages":[{"name":"collect","get":1014,"exists":1942,"put":50,"returnedBodyBytes":1473478,"stateReads":642,"receipts":78,"commits":38,"physicalBodyBytes":4319151},{"name":"checkpointRead","get":49,"exists":48,"put":0,"returnedBodyBytes":69080,"stateReads":5,"receipts":1,"commits":0,"physicalBodyBytes":137191},{"name":"callsGet","get":149,"exists":348,"put":1,"returnedBodyBytes":318994,"stateReads":45,"receipts":10,"commits":5,"physicalBodyBytes":1191167},{"name":"contextPrepare","get":250,"exists":194,"put":1,"returnedBodyBytes":686038,"stateReads":37,"receipts":7,"commits":0,"physicalBodyBytes":1070236},{"name":"reopenAndPrepare","get":299,"exists":242,"put":1,"returnedBodyBytes":755118,"stateReads":42,"receipts":8,"commits":0,"physicalBodyBytes":1207427}]}
✔ collection I/O sqlite observations-simple: 4 pages retain semantics across reads, copying and reopening (1071.225417ms)
ℹ {"adapter":"sqlite","family":"observations-simple","pages":4,"sourceCalls":4,"resultSignature":"a6a1b857443999b7a5f4b1945b1768f00b1f58af8a2d1b7fce08ea4816c57ae5","stages":[{"name":"collect","get":114,"exists":202,"put":14,"returnedBodyBytes":172551,"stateReads":210,"receipts":30,"commits":14,"physicalBodyBytes":487152},{"name":"checkpointRead","get":13,"exists":12,"put":0,"returnedBodyBytes":18412,"stateReads":5,"receipts":1,"commits":0,"physicalBodyBytes":35857},{"name":"callsGet","get":41,"exists":96,"put":1,"returnedBodyBytes":85070,"stateReads":45,"receipts":10,"commits":5,"physicalBodyBytes":315854},{"name":"contextPrepare","get":70,"exists":50,"put":1,"returnedBodyBytes":189654,"stateReads":37,"receipts":7,"commits":0,"physicalBodyBytes":289268},{"name":"reopenAndPrepare","get":83,"exists":62,"put":1,"returnedBodyBytes":208066,"stateReads":42,"receipts":8,"commits":0,"physicalBodyBytes":325125}]}
✔ collection I/O sqlite observations-simple: 8 pages retain semantics across reads, copying and reopening (1790.9475ms)
ℹ {"adapter":"sqlite","family":"observations-simple","pages":8,"sourceCalls":8,"resultSignature":"3e066d9f43cd916245766040a04be753e4d813303fafe0d6c5edfead4c0113c9","stages":[{"name":"collect","get":318,"exists":590,"put":26,"returnedBodyBytes":471661,"stateReads":354,"receipts":46,"commits":22,"physicalBodyBytes":1360871},{"name":"checkpointRead","get":25,"exists":24,"put":0,"returnedBodyBytes":35317,"stateReads":5,"receipts":1,"commits":0,"physicalBodyBytes":69666},{"name":"callsGet","get":77,"exists":180,"put":1,"returnedBodyBytes":163211,"stateReads":45,"receipts":10,"commits":5,"physicalBodyBytes":608316},{"name":"contextPrepare","get":130,"exists":98,"put":1,"returnedBodyBytes":355572,"stateReads":37,"receipts":7,"commits":0,"physicalBodyBytes":550228},{"name":"reopenAndPrepare","get":155,"exists":122,"put":1,"returnedBodyBytes":390889,"stateReads":42,"receipts":8,"commits":0,"physicalBodyBytes":619894}]}
✔ collection I/O sqlite observations-simple: 16 pages retain semantics across reads, copying and reopening (3656.925416ms)
ℹ {"adapter":"sqlite","family":"observations-simple","pages":16,"sourceCalls":16,"resultSignature":"efdaf769faccd802339a9b0a1fb7bb1c170d5d2cfcd84df6499f8eceb676f508","stages":[{"name":"collect","get":1014,"exists":1942,"put":50,"returnedBodyBytes":1476960,"stateReads":642,"receipts":78,"commits":38,"physicalBodyBytes":4329433},{"name":"checkpointRead","get":49,"exists":48,"put":0,"returnedBodyBytes":69226,"stateReads":5,"receipts":1,"commits":0,"physicalBodyBytes":137483},{"name":"callsGet","get":149,"exists":348,"put":1,"returnedBodyBytes":319944,"stateReads":45,"receipts":10,"commits":5,"physicalBodyBytes":1194931},{"name":"contextPrepare","get":250,"exists":194,"put":1,"returnedBodyBytes":688371,"stateReads":37,"receipts":7,"commits":0,"physicalBodyBytes":1073665},{"name":"reopenAndPrepare","get":299,"exists":242,"put":1,"returnedBodyBytes":757597,"stateReads":42,"receipts":8,"commits":0,"physicalBodyBytes":1211148}]}
✔ collection I/O file-journal documents-simple: 4 pages retain semantics across reads, copying and reopening (6253.741458ms)
ℹ {"adapter":"file-journal","family":"documents-simple","pages":4,"sourceCalls":4,"resultSignature":"ca3cbf4a810188e565397de9b01c666596d3bfd519841b869c91c2e4ca1eaa0c","stages":[{"name":"collect","get":114,"exists":202,"put":14,"returnedBodyBytes":171997,"stateReads":210,"receipts":30,"commits":14,"physicalBodyBytes":485558},{"name":"checkpointRead","get":13,"exists":12,"put":0,"returnedBodyBytes":18362,"stateReads":5,"receipts":1,"commits":0,"physicalBodyBytes":35757},{"name":"callsGet","get":41,"exists":96,"put":1,"returnedBodyBytes":84792,"stateReads":45,"receipts":10,"commits":5,"physicalBodyBytes":314778},{"name":"contextPrepare","get":70,"exists":50,"put":1,"returnedBodyBytes":188989,"stateReads":37,"receipts":7,"commits":0,"physicalBodyBytes":288275},{"name":"reopenAndPrepare","get":83,"exists":62,"put":1,"returnedBodyBytes":207351,"stateReads":42,"receipts":8,"commits":0,"physicalBodyBytes":324032}]}
✔ collection I/O file-journal documents-simple: 8 pages retain semantics across reads, copying and reopening (7631.007042ms)
ℹ {"adapter":"file-journal","family":"documents-simple","pages":8,"sourceCalls":8,"resultSignature":"c223661cc27ac8f18d90094013769634188fab210c6fa1531b423635c1ef5c84","stages":[{"name":"collect","get":318,"exists":590,"put":26,"returnedBodyBytes":470387,"stateReads":354,"receipts":46,"commits":22,"physicalBodyBytes":1357149},{"name":"checkpointRead","get":25,"exists":24,"put":0,"returnedBodyBytes":35235,"stateReads":5,"receipts":1,"commits":0,"physicalBodyBytes":69502},{"name":"callsGet","get":77,"exists":180,"put":1,"returnedBodyBytes":162709,"stateReads":45,"receipts":10,"commits":5,"physicalBodyBytes":606344},{"name":"contextPrepare","get":130,"exists":98,"put":1,"returnedBodyBytes":354351,"stateReads":37,"receipts":7,"commits":0,"physicalBodyBytes":548423},{"name":"reopenAndPrepare","get":155,"exists":122,"put":1,"returnedBodyBytes":389586,"stateReads":42,"receipts":8,"commits":0,"physicalBodyBytes":617925}]}
✔ collection I/O file-journal documents-simple: 16 pages retain semantics across reads, copying and reopening (15618.024541ms)
ℹ {"adapter":"file-journal","family":"documents-simple","pages":16,"sourceCalls":16,"resultSignature":"ab9d2af3b8ec8ae6983b1b42f01fae55eaa9771ae3f0271537f2a91d7e4ef676","stages":[{"name":"collect","get":1014,"exists":1942,"put":50,"returnedBodyBytes":1473478,"stateReads":642,"receipts":78,"commits":38,"physicalBodyBytes":4319151},{"name":"checkpointRead","get":49,"exists":48,"put":0,"returnedBodyBytes":69080,"stateReads":5,"receipts":1,"commits":0,"physicalBodyBytes":137191},{"name":"callsGet","get":149,"exists":348,"put":1,"returnedBodyBytes":318994,"stateReads":45,"receipts":10,"commits":5,"physicalBodyBytes":1191167},{"name":"contextPrepare","get":250,"exists":194,"put":1,"returnedBodyBytes":686038,"stateReads":37,"receipts":7,"commits":0,"physicalBodyBytes":1070236},{"name":"reopenAndPrepare","get":299,"exists":242,"put":1,"returnedBodyBytes":755118,"stateReads":42,"receipts":8,"commits":0,"physicalBodyBytes":1207427}]}
✔ collection I/O file-journal observations-simple: 4 pages retain semantics across reads, copying and reopening (5664.31575ms)
ℹ {"adapter":"file-journal","family":"observations-simple","pages":4,"sourceCalls":4,"resultSignature":"a6a1b857443999b7a5f4b1945b1768f00b1f58af8a2d1b7fce08ea4816c57ae5","stages":[{"name":"collect","get":114,"exists":202,"put":14,"returnedBodyBytes":172551,"stateReads":210,"receipts":30,"commits":14,"physicalBodyBytes":487152},{"name":"checkpointRead","get":13,"exists":12,"put":0,"returnedBodyBytes":18412,"stateReads":5,"receipts":1,"commits":0,"physicalBodyBytes":35857},{"name":"callsGet","get":41,"exists":96,"put":1,"returnedBodyBytes":85070,"stateReads":45,"receipts":10,"commits":5,"physicalBodyBytes":315854},{"name":"contextPrepare","get":70,"exists":50,"put":1,"returnedBodyBytes":189654,"stateReads":37,"receipts":7,"commits":0,"physicalBodyBytes":289268},{"name":"reopenAndPrepare","get":83,"exists":62,"put":1,"returnedBodyBytes":208066,"stateReads":42,"receipts":8,"commits":0,"physicalBodyBytes":325125}]}
✔ collection I/O file-journal observations-simple: 8 pages retain semantics across reads, copying and reopening (7832.258083ms)
ℹ {"adapter":"file-journal","family":"observations-simple","pages":8,"sourceCalls":8,"resultSignature":"3e066d9f43cd916245766040a04be753e4d813303fafe0d6c5edfead4c0113c9","stages":[{"name":"collect","get":318,"exists":590,"put":26,"returnedBodyBytes":471661,"stateReads":354,"receipts":46,"commits":22,"physicalBodyBytes":1360871},{"name":"checkpointRead","get":25,"exists":24,"put":0,"returnedBodyBytes":35317,"stateReads":5,"receipts":1,"commits":0,"physicalBodyBytes":69666},{"name":"callsGet","get":77,"exists":180,"put":1,"returnedBodyBytes":163211,"stateReads":45,"receipts":10,"commits":5,"physicalBodyBytes":608316},{"name":"contextPrepare","get":130,"exists":98,"put":1,"returnedBodyBytes":355572,"stateReads":37,"receipts":7,"commits":0,"physicalBodyBytes":550228},{"name":"reopenAndPrepare","get":155,"exists":122,"put":1,"returnedBodyBytes":390889,"stateReads":42,"receipts":8,"commits":0,"physicalBodyBytes":619894}]}
✔ collection I/O file-journal observations-simple: 16 pages retain semantics across reads, copying and reopening (10092.9255ms)
ℹ {"adapter":"file-journal","family":"observations-simple","pages":16,"sourceCalls":16,"resultSignature":"efdaf769faccd802339a9b0a1fb7bb1c170d5d2cfcd84df6499f8eceb676f508","stages":[{"name":"collect","get":1014,"exists":1942,"put":50,"returnedBodyBytes":1476960,"stateReads":642,"receipts":78,"commits":38,"physicalBodyBytes":4329433},{"name":"checkpointRead","get":49,"exists":48,"put":0,"returnedBodyBytes":69226,"stateReads":5,"receipts":1,"commits":0,"physicalBodyBytes":137483},{"name":"callsGet","get":149,"exists":348,"put":1,"returnedBodyBytes":319944,"stateReads":45,"receipts":10,"commits":5,"physicalBodyBytes":1194931},{"name":"contextPrepare","get":250,"exists":194,"put":1,"returnedBodyBytes":688371,"stateReads":37,"receipts":7,"commits":0,"physicalBodyBytes":1073665},{"name":"reopenAndPrepare","get":299,"exists":242,"put":1,"returnedBodyBytes":757597,"stateReads":42,"receipts":8,"commits":0,"physicalBodyBytes":1211148}]}
✔ read collection: bounded batch keeps original observations and input objects independent (4.488084ms)
✔ read collection: explicit retries request every unfinished key and advance only when the original page is complete (2.085125ms)
✔ read collection: extra cannot satisfy a trusted batch manifest (0.303666ms)
✔ read collection: missing cannot satisfy a trusted batch manifest (0.106334ms)
✔ read collection: wrong-digest cannot satisfy a trusted batch manifest (0.125625ms)
✔ read collection: duplicate-expected cannot satisfy a trusted batch manifest (0.104ms)
✔ read collection: duplicate-item cannot satisfy a trusted batch manifest (0.11ms)
✔ read collection: retry rejects successful-item instead of overwriting successful observations (0.686416ms)
✔ read collection: retry rejects missing-unfinished instead of overwriting successful observations (0.366541ms)
✔ read collection: retry rejects changed-digest instead of overwriting successful observations (0.389667ms)
✔ read collection: pending retry binds snapshot to its original source page (0.434292ms)
✔ read collection: pending retry binds cursor to its original source page (0.288583ms)
✔ read collection: pending retry binds nextCursor to its original source page (0.377333ms)
✔ read collection: pending retry binds totalItems to its original source page (0.257416ms)
✔ read collection: pending retry binds exhausted to its original source page (0.297125ms)
✔ read collection: pending retry binds requestId to its original source page (0.67625ms)
✔ read collection: an explicit retry cannot omit a key in the request or reuse the last request identity (0.251583ms)
✔ read collection: accepted request history survives replaced pending IDs and is checked on restore (0.436958ms)
✔ read collection: a nonretryable error preserves the pending observations but forbids resume (0.129334ms)
✔ read collection: retries consume the operation call limit without advancing page count (0.250084ms)
✔ read collection: declared totals count unique logical items and may become known on the final page (0.210042ms)
✔ read collection: a known total stays binding when a later response omits it (0.21025ms)
✔ read collection: repeated IDs cannot create another item even with a different digest (0.124209ms)
✔ read collection: cursor loops and snapshot changes are rejected across finalized pages (0.371625ms)
✔ read collection: empty pages may progress with new cursors and a complete empty collection is valid (0.144167ms)
✔ read collection: page, item and batch bounds stop further requests without truncation (0.228875ms)
✔ read collection: response and checkpoint limits use exact UTF-8 byte lengths (0.23725ms)
✔ read collection: each raw retry is byte-bounded while the merged logical page uses the checkpoint bound (0.197292ms)
✔ read collection: restored projection corruption is rejected before producing a request (0.143583ms)
✔ read collection: restored cursor-chain corruption is rejected before producing a request (0.116125ms)
✔ read collection: restored calls corruption is rejected before producing a request (0.104042ms)
✔ read collection: restored completed-pending corruption is rejected before producing a request (0.113292ms)
✔ read collection: restored manifest corruption is rejected before producing a request (0.121958ms)
✔ read collection: strict schemas reject false completion, fabricated not-run output and invalid budgets (0.489625ms)
✔ read collection: usage overflow and dependency overflow fail without dropping earlier accounting or custody (1.554292ms)
✔ durable collections sqlite: a process crash after intent becomes an unknown call on explicit resume (670.278833ms)
✔ durable collections sqlite: a batch retries only unfinished manifest items after reopening (625.718833ms)
✔ durable collections sqlite: source failures consume the persisted call budget across explicit retries (817.865125ms)
✔ durable collections sqlite: a source that answers after cancellation cannot commit its late page (249.061ms)
✔ durable collections sqlite: policy revocation while the source waits suppresses the response (231.093083ms)
✔ durable collections file-journal: a process crash after intent becomes an unknown call on explicit resume (3639.111041ms)
✔ durable collections file-journal: a batch retries only unfinished manifest items after reopening (5226.721291ms)
✔ durable collections file-journal: source failures consume the persisted call budget across explicit retries (5725.095125ms)
✔ durable collections file-journal: a source that answers after cancellation cannot commit its late page (1614.398542ms)
✔ durable collections file-journal: policy revocation while the source waits suppresses the response (1184.305375ms)
✔ durable collections: query cannot resume a checkpoint under a changed contract (528.109291ms)
✔ durable collections: fresh cannot resume a checkpoint under a changed contract (399.738ms)
✔ durable collections: same-task-id cannot resume a checkpoint under a changed contract (386.077375ms)
✔ durable collections: policy cannot resume a checkpoint under a changed contract (533.742208ms)
✔ durable collections: goal cannot resume a checkpoint under a changed contract (522.123167ms)
✔ durable collections: generation cannot resume a checkpoint under a changed contract (417.974959ms)
✔ durable collections sqlite documents-simple: complete pages advance automatically and survive reopening (729.019542ms)
✔ durable collections sqlite documents-simple: partial stops until a new task explicitly resumes after reopening (1278.775ms)
✔ durable collections sqlite observations-simple: complete pages advance automatically and survive reopening (635.83025ms)
✔ durable collections sqlite observations-simple: partial stops until a new task explicitly resumes after reopening (1075.892541ms)
✔ durable collections file-journal documents-simple: complete pages advance automatically and survive reopening (2923.900833ms)
✔ durable collections file-journal documents-simple: partial stops until a new task explicitly resumes after reopening (6475.008583ms)
✔ durable collections file-journal observations-simple: complete pages advance automatically and survive reopening (2907.8405ms)
✔ durable collections file-journal observations-simple: partial stops until a new task explicitly resumes after reopening (5708.66ms)
✔ collection coverage: an individually complete fact does not prove the required full query (3.445792ms)
✔ collection coverage: complete query is an additional gate and adds no independent evidence (0.201416ms)
✔ collection coverage: query mismatch cannot satisfy the requirement (0.143125ms)
✔ collection coverage: snapshot mismatch cannot satisfy the requirement (0.116542ms)
✔ collection coverage: goal mismatch cannot satisfy the requirement (0.128208ms)
✔ collection coverage: permission mismatch cannot satisfy the requirement (0.111125ms)
✔ collection coverage: unadopted mismatch cannot satisfy the requirement (0.109625ms)
✔ collection coverage: an earlier unknown read retains its history without negating a complete later manifest (0.114708ms)
✔ collection coverage: empty enumeration does not invent a business fact (0.142625ms)
✔ collection coverage: manifest validation rejects duplicates, mismatched keys and premature EOF even without a remote total (0.357792ms)
✔ read deferral proof: a pinned marker rejects callback removal without replacing the active provider (14.593291ms)
✔ read deferral proof: callback capture and detached authority inputs prevent adapter mutation from changing validation (7.018375ms)
✔ read deferral proof: same-definition replacement during async verification invalidates the in-flight claim (4.240417ms)
✔ read page proof: marker makes callback removal an atomic rejected provider refresh (16.590375ms)
✔ read page proof: source callback is captured and receives detached original task, request and page (7.126959ms)
✔ read page proof: same-version replacement during async validation invalidates its result (3.814917ms)
✔ read page proof: legacy serialization is unchanged and a marked source cannot omit its original (6.413291ms)
✔ read page proof sqlite: explicit resume verifies individual responses and keeps the earlier successful original (954.055875ms)
✔ read page proof sqlite: a zero-item page retains its raw ref and raw loss blocks pending adoption (396.999667ms)
✔ read page proof sqlite: missing parent original prevents any resumed source request (479.163708ms)
✔ read page proof sqlite: authority after a source wait prevents input when work is paused (264.592125ms)
✔ read page proof sqlite: replacing the provider during the post-Broker checkpoint read blocks the old source (273.986667ms)
✔ read page proof sqlite: first-read originals stay in the final fence and loss after a callback is rejected (473.838375ms)
✔ read page proof file-journal: explicit resume verifies individual responses and keeps the earlier successful original (6105.486458ms)
✔ read page proof file-journal: a zero-item page retains its raw ref and raw loss blocks pending adoption (1504.414209ms)
✔ read page proof file-journal: missing parent original prevents any resumed source request (1861.33225ms)
✔ read page proof file-journal: authority after a source wait prevents input when work is paused (1105.931291ms)
✔ read page proof file-journal: replacing the provider during the post-Broker checkpoint read blocks the old source (1712.417417ms)
✔ read page proof file-journal: first-read originals stay in the final fence and loss after a callback is rejected (2077.425292ms)
✔ read wait: an explicit successor stays queued before due and becomes eligible exactly at due (4.228166ms)
✔ read wait: a renamed fresh task cannot bypass the same work/query cooldown (0.236875ms)
✔ read wait: an independent query runs while the first task is waiting (0.2105ms)
✔ read wait: waiting prevents replanning even when no successor has been proposed (0.198958ms)
✔ read wait: clearing the wake projection or pausing does not reset the original retry time (0.177375ms)
✔ read wait: the work deadline wakes earlier than the retry time and then blocks input (0.166125ms)
✔ read wait: cancelled work stays cancelled and a new goal does not inherit old query waits (0.163292ms)
✔ read wait: a depleted collection call allowance never creates another early call (0.131625ms)
✔ state-based packet retains counterevidence, obligations and original references without raw history or a state mutation (32.780916ms)
✔ old and forged packets cannot reverse a goal change, cancellation or budget (9.202125ms)
✔ separate SQLite/artifact instances reconstruct packets and regenerate missing or corrupt derived blobs (248.404542ms)
✔ missing original is reported by id and cannot be hidden by a valid prior packet (5.105083ms)
✔ reconstruction rechecks a goal change committed while the packet is being saved (4.628833ms)
✔ snapshot retries mixed state/event/outbox revisions and rejects broken event history (5.426125ms)
✔ untrusted packet dimensions, tool revision changes and a foreign work packet never authorize reuse (7.454375ms)
✔ resume requires the work owner and full runtime view; revoked history is never relabelled (3.888125ms)
✔ packet size limit refuses the whole projection without dropping obligations or writing a partial packet (3.892375ms)
✔ model context restores task attempts and budget but excludes model ledger and delivery bodies (6.17725ms)
✔ model context cannot relabel a revoked attempt result reference under the current policy (9.353625ms)
✔ model context refuses assessment references whose evidence metadata is no longer permitted (3.444041ms)
✔ sqlite: text originals use one verified body read and no cross-call availability cache (239.045875ms)
ℹ {"adapter":"sqlite","operation":"original","name":"original","elapsedMs":0.7537499999999682,"artifactApi":{"get":{"calls":1,"requestedBodyBytes":1733,"returnedBodyBytes":1733,"failures":0},"exists":{"calls":0,"referencedBodyBytes":0,"available":0,"unavailable":0},"put":{"calls":0,"inputBodyBytes":0,"returnedReferenceBodyBytes":0,"failures":0}},"stateApi":{"get":4,"receipt":0,"commit":0,"events":0,"recentEventMetadata":0,"deliveries":0,"workIdsForConversation":0,"conversationWorkPage":0,"runnable":0,"close":0},"physical":{"getCalls":1,"existsCalls":0,"putCalls":0,"metadataReadOperations":1,"metadataReadBytes":237,"bodyReadOperations":1,"bodyReadBytes":1733,"hashCalls":1,"hashBytes":1733,"fileWrites":0,"metadataWriteBytes":0,"bodyWriteBytes":0,"readFailures":0,"verificationFailures":0,"deniedReads":0,"writeFailures":0}}
✔ sqlite: one result materialization deduplicates repeated originals and preserves a final real verification (224.244625ms)
ℹ {"adapter":"sqlite","operation":"result","name":"result","elapsedMs":2.7661670000000527,"artifactApi":{"get":{"calls":2,"requestedBodyBytes":6315,"returnedBodyBytes":6315,"failures":0},"exists":{"calls":1,"referencedBodyBytes":1733,"available":1,"unavailable":0},"put":{"calls":0,"inputBodyBytes":0,"returnedReferenceBodyBytes":0,"failures":0}},"stateApi":{"get":10,"receipt":1,"commit":0,"events":0,"recentEventMetadata":0,"deliveries":0,"workIdsForConversation":0,"conversationWorkPage":0,"runnable":0,"close":0},"physical":{"getCalls":2,"existsCalls":1,"putCalls":0,"metadataReadOperations":3,"metadataReadBytes":717,"bodyReadOperations":3,"bodyReadBytes":8048,"hashCalls":3,"hashBytes":8048,"fileWrites":0,"metadataWriteBytes":0,"bodyWriteBytes":0,"readFailures":0,"verificationFailures":0,"deniedReads":0,"writeFailures":0}}
✔ sqlite: a two-copy chain decodes and reads each dispatch once per materialization (421.914834ms)
ℹ {"adapter":"sqlite","operation":"copy-chain","name":"copy-chain","elapsedMs":3.19662500000004,"artifactApi":{"get":{"calls":4,"requestedBodyBytes":16962,"returnedBodyBytes":16962,"failures":0},"exists":{"calls":1,"referencedBodyBytes":1733,"available":1,"unavailable":0},"put":{"calls":0,"inputBodyBytes":0,"returnedReferenceBodyBytes":0,"failures":0}},"stateApi":{"get":10,"receipt":3,"commit":0,"events":0,"recentEventMetadata":0,"deliveries":0,"workIdsForConversation":0,"conversationWorkPage":0,"runnable":0,"close":0},"physical":{"getCalls":4,"existsCalls":1,"putCalls":0,"metadataReadOperations":5,"metadataReadBytes":1203,"bodyReadOperations":5,"bodyReadBytes":18695,"hashCalls":5,"hashBytes":18695,"fileWrites":0,"metadataWriteBytes":0,"bodyWriteBytes":0,"readFailures":0,"verificationFailures":0,"deniedReads":0,"writeFailures":0}}
✔ sqlite: context uses verified copy materialization without rereading its dispatch pair (485.182125ms)
ℹ {"adapter":"sqlite","operation":"context","name":"context","elapsedMs":51.65237499999989,"artifactApi":{"get":{"calls":9,"requestedBodyBytes":70896,"returnedBodyBytes":70896,"failures":0},"exists":{"calls":6,"referencedBodyBytes":20428,"available":6,"unavailable":0},"put":{"calls":1,"inputBodyBytes":37961,"returnedReferenceBodyBytes":37961,"failures":0}},"stateApi":{"get":34,"receipt":6,"commit":0,"events":1,"recentEventMetadata":0,"deliveries":0,"workIdsForConversation":0,"conversationWorkPage":0,"runnable":0,"close":0},"physical":{"getCalls":9,"existsCalls":7,"putCalls":1,"metadataReadOperations":15,"metadataReadBytes":3616,"bodyReadOperations":15,"bodyReadBytes":91324,"hashCalls":17,"hashBytes":129436,"fileWrites":2,"metadataWriteBytes":244,"bodyWriteBytes":37961,"readFailures":1,"verificationFailures":1,"deniedReads":0,"writeFailures":0}}
✔ sqlite: adapter argument mutation and returned metadata cannot change private reference snapshots (365.895375ms)
✔ sqlite: cached original is rejected if deleted during a later state read (227.707958ms)
✔ sqlite: cached original is rejected if corrupted during a later state read (245.004833ms)
✔ sqlite: context rechecks metadata-reused originals after its staging await (366.17625ms)
✔ sqlite: context rechecks ordinary cached originals after staging without a calls.get copy (291.292917ms)
✔ sqlite: final cached-source check retains contract authority handling (235.493042ms)
✔ sqlite: final cached-source check retains policy authority handling (198.91375ms)
✔ sqlite: final cached-source check retains unrelated authority handling (262.91775ms)
✔ file-journal: text originals use one verified body read and no cross-call availability cache (876.902ms)
ℹ {"adapter":"file-journal","operation":"original","name":"original","elapsedMs":46.9409999999998,"artifactApi":{"get":{"calls":1,"requestedBodyBytes":1733,"returnedBodyBytes":1733,"failures":0},"exists":{"calls":0,"referencedBodyBytes":0,"available":0,"unavailable":0},"put":{"calls":0,"inputBodyBytes":0,"returnedReferenceBodyBytes":0,"failures":0}},"stateApi":{"get":4,"receipt":0,"commit":0,"events":0,"recentEventMetadata":0,"deliveries":0,"workIdsForConversation":0,"conversationWorkPage":0,"runnable":0,"close":0},"physical":{"getCalls":1,"existsCalls":0,"putCalls":0,"metadataReadOperations":1,"metadataReadBytes":237,"bodyReadOperations":1,"bodyReadBytes":1733,"hashCalls":1,"hashBytes":1733,"fileWrites":0,"metadataWriteBytes":0,"bodyWriteBytes":0,"readFailures":0,"verificationFailures":0,"deniedReads":0,"writeFailures":0}}
✔ file-journal: one result materialization deduplicates repeated originals and preserves a final real verification (896.49175ms)
ℹ {"adapter":"file-journal","operation":"result","name":"result","elapsedMs":69.52162500000031,"artifactApi":{"get":{"calls":2,"requestedBodyBytes":6315,"returnedBodyBytes":6315,"failures":0},"exists":{"calls":1,"referencedBodyBytes":1733,"available":1,"unavailable":0},"put":{"calls":0,"inputBodyBytes":0,"returnedReferenceBodyBytes":0,"failures":0}},"stateApi":{"get":10,"receipt":1,"commit":0,"events":0,"recentEventMetadata":0,"deliveries":0,"workIdsForConversation":0,"conversationWorkPage":0,"runnable":0,"close":0},"physical":{"getCalls":2,"existsCalls":1,"putCalls":0,"metadataReadOperations":3,"metadataReadBytes":717,"bodyReadOperations":3,"bodyReadBytes":8048,"hashCalls":3,"hashBytes":8048,"fileWrites":0,"metadataWriteBytes":0,"bodyWriteBytes":0,"readFailures":0,"verificationFailures":0,"deniedReads":0,"writeFailures":0}}
✔ file-journal: a two-copy chain decodes and reads each dispatch once per materialization (2140.147333ms)
ℹ {"adapter":"file-journal","operation":"copy-chain","name":"copy-chain","elapsedMs":100.94212500000049,"artifactApi":{"get":{"calls":4,"requestedBodyBytes":16962,"returnedBodyBytes":16962,"failures":0},"exists":{"calls":1,"referencedBodyBytes":1733,"available":1,"unavailable":0},"put":{"calls":0,"inputBodyBytes":0,"returnedReferenceBodyBytes":0,"failures":0}},"stateApi":{"get":10,"receipt":3,"commit":0,"events":0,"recentEventMetadata":0,"deliveries":0,"workIdsForConversation":0,"conversationWorkPage":0,"runnable":0,"close":0},"physical":{"getCalls":4,"existsCalls":1,"putCalls":0,"metadataReadOperations":5,"metadataReadBytes":1203,"bodyReadOperations":5,"bodyReadBytes":18695,"hashCalls":5,"hashBytes":18695,"fileWrites":0,"metadataWriteBytes":0,"bodyWriteBytes":0,"readFailures":0,"verificationFailures":0,"deniedReads":0,"writeFailures":0}}
✔ file-journal: context uses verified copy materialization without rereading its dispatch pair (2184.226459ms)
ℹ {"adapter":"file-journal","operation":"context","name":"context","elapsedMs":339.3216250000005,"artifactApi":{"get":{"calls":9,"requestedBodyBytes":70896,"returnedBodyBytes":70896,"failures":0},"exists":{"calls":6,"referencedBodyBytes":20428,"available":6,"unavailable":0},"put":{"calls":1,"inputBodyBytes":37961,"returnedReferenceBodyBytes":37961,"failures":0}},"stateApi":{"get":34,"receipt":6,"commit":0,"events":1,"recentEventMetadata":0,"deliveries":0,"workIdsForConversation":0,"conversationWorkPage":0,"runnable":0,"close":0},"physical":{"getCalls":9,"existsCalls":7,"putCalls":1,"metadataReadOperations":15,"metadataReadBytes":3616,"bodyReadOperations":15,"bodyReadBytes":91324,"hashCalls":17,"hashBytes":129436,"fileWrites":2,"metadataWriteBytes":244,"bodyWriteBytes":37961,"readFailures":1,"verificationFailures":1,"deniedReads":0,"writeFailures":0}}
✔ file-journal: adapter argument mutation and returned metadata cannot change private reference snapshots (1288.077ms)
✔ file-journal: cached original is rejected if deleted during a later state read (713.742792ms)
✔ file-journal: cached original is rejected if corrupted during a later state read (1008.161334ms)
✔ file-journal: context rechecks metadata-reused originals after its staging await (1845.63325ms)
✔ file-journal: context rechecks ordinary cached originals after staging without a calls.get copy (1150.116333ms)
✔ file-journal: final cached-source check retains contract authority handling (1114.99025ms)
✔ file-journal: final cached-source check retains policy authority handling (1126.950458ms)
✔ file-journal: final cached-source check retains unrelated authority handling (985.831125ms)
✔ resource progress: legacy and paged catalog cards share a stable preparation key independent of query and cursor metadata (4.699541ms)
✔ resource progress: exact schema loading earns a distinct credit and also records discovery so reverse-order searches add none (1.304ms)
✔ resource progress: forged, mismatched or denied tool metadata and too-large responses do not earn preparation credit (0.715208ms)
✔ resource progress: guidance listing metadata does not reset progress and exact body loading subsumes the card (1.2045ms)
✔ resource progress: guidance body credit requires permitted manifest, matching indexed original and canonical selection identity (2.470041ms)
✔ resource progress: empty results, history/evidence reads and arbitrary new artifacts cannot fabricate preparation (0.189208ms)
✔ resource progress: replayed, reused and unadopted resource results cannot earn a new preparation key (0.289458ms)
✔ resource progress sqlite/documents-simple: default no-progress policy allows discovery, schemas and guidance before the real source (633.91675ms)
✔ resource progress sqlite/observations-simple: default no-progress policy allows discovery, schemas and guidance before the real source (611.255333ms)
✔ resource progress sqlite: repeated identical catalog preparation stops after the first credit and three empty steps (472.143666ms)
✔ resource progress sqlite: repeated identical guidance preparation stops after the first credit and three empty steps (533.941208ms)
✔ resource progress sqlite: empty searches with different query and task IDs stop at the default limit (387.754958ms)
✔ resource progress file-journal/documents-simple: default no-progress policy allows discovery, schemas and guidance before the real source (3116.103958ms)
✔ resource progress file-journal/observations-simple: default no-progress policy allows discovery, schemas and guidance before the real source (2501.948625ms)
✔ resource progress file-journal: repeated identical catalog preparation stops after the first credit and three empty steps (1693.072958ms)
✔ resource progress file-journal: repeated identical guidance preparation stops after the first credit and three empty steps (3193.276542ms)
✔ resource progress file-journal: empty searches with different query and task IDs stop at the default limit (2356.242583ms)
✔ catalog filters before ranking, bounds cards, separates providers and loads only an exact schema (25.215042ms)
✔ registration snapshots reject namespace/duplicates and cannot be mutated through adapters or catalog results (5.476958ms)
✔ documents-simple: discovery and selected guidance share the execution ledger without adding evidence or permissions (43.917125ms)
✔ observations-simple: discovery and selected guidance share the execution ledger without adding evidence or permissions (26.572584ms)
✔ simple direct lookup does not load optional guidance or run a hypothesis review (9.499791ms)
✔ method selection follows contradiction, independence and response needs without model calls (6.267083ms)
✔ guidance metadata/limits do not read bodies and wrong version, tenant or applicability are rejected (6.494375ms)
✔ evidence readers distinguish protected/missing, superseded and retracted records; limits preserve provenance (5.946375ms)
✔ call result lookup stays historical after retraction and does not restore it to current evidence (9.603791ms)
✔ broker rejects calls without a committed dispatch or with another owner before reaching a tool (6.119375ms)
✔ in-flight output is not downgraded to a less restricted artifact when labels are revoked (7.118ms)
✔ revocation after result storage settles without reading protected bytes or repeatedly getting stuck (6.719458ms)
✔ stored guidance and invocation results can be read after SQLite/artifact/source restart without source execution (356.777541ms)
✔ guidance source rejects altered content, path escape and symlink replacement (77.986958ms)
✔ model-facing evidence and call readers use the common budget without reexecuting a source or completing a changed goal (19.755167ms)
✔ sqlite: one commit and reopen retain state, all ordered events, deliveries and historical receipts (79.637833ms)
✔ sqlite: duplicate and idempotency conflict precede revision conflict and preserve the first receipt (65.624084ms)
✔ sqlite: malformed commits leave all four collections unchanged, even on duplicate commands (95.824709ms)
✔ sqlite: caller mutations and mutable returned snapshots cannot rewrite persisted history (71.985875ms)
✔ sqlite: work, tenant, principal, channel and conversation identifiers remain separate (120.141584ms)
✔ sqlite: event cursors are exclusive and sequence numbers are local to each work (104.700791ms)
✔ sqlite: runnable respects exact deadline, obligation, tool and model recovery boundaries after reopen (434.327708ms)
✔ sqlite: two separate processes race on revision with exactly one atomic winning commit (160.715584ms)
✔ sqlite: two separate processes race on same-command with exactly one atomic winning commit (124.638375ms)
✔ sqlite: two separate processes race on different-digest with exactly one atomic winning commit (165.744417ms)
✔ sqlite: acknowledged commit survives SIGKILL without close and reopening replays its receipt without duplicate records (241.238ms)
✔ file-journal: one commit and reopen retain state, all ordered events, deliveries and historical receipts (184.0905ms)
✔ file-journal: duplicate and idempotency conflict precede revision conflict and preserve the first receipt (297.750167ms)
✔ file-journal: malformed commits leave all four collections unchanged, even on duplicate commands (361.09275ms)
✔ file-journal: caller mutations and mutable returned snapshots cannot rewrite persisted history (311.874917ms)
✔ file-journal: work, tenant, principal, channel and conversation identifiers remain separate (1046.980917ms)
✔ file-journal: event cursors are exclusive and sequence numbers are local to each work (253.888584ms)
✔ file-journal: runnable respects exact deadline, obligation, tool and model recovery boundaries after reopen (3277.525084ms)
✔ file-journal: two separate processes race on revision with exactly one atomic winning commit (287.157042ms)
✔ file-journal: two separate processes race on same-command with exactly one atomic winning commit (246.820709ms)
✔ file-journal: two separate processes race on different-digest with exactly one atomic winning commit (245.148292ms)
✔ file-journal: acknowledged commit survives SIGKILL without close and reopening replays its receipt without duplicate records (574.118375ms)
✔ sqlite: profile closes the opened state repository when channel initialization fails (91.045125ms)
✔ file-journal: profile closes the opened state repository when channel initialization fails (92.906041ms)
✔ sqlite/documents-simple: CLI persists backend choice across processes and prevents an accidental switch (1398.003625ms)
✔ sqlite/observations-simple: CLI persists backend choice across processes and prevents an accidental switch (1375.786042ms)
✔ file-journal/documents-simple: CLI persists backend choice across processes and prevents an accidental switch (4369.443208ms)
✔ file-journal/observations-simple: CLI persists backend choice across processes and prevents an accidental switch (3176.413667ms)
✔ legacy SQLite profile acquires metadata without losing its work or accepting a backend switch (440.594375ms)
✔ two processes choosing different backends create only one accepted profile (370.215542ms)
✔ invalid or linked profile metadata is rejected without opening a new backend (36.667167ms)
✔ memory: recent metadata is bounded at the requested revision and omits payloads without changing state (9.392041ms)
✔ memory: pages progress once per matching work across Unicode IDs and isolate the complete binding scope (7.931ms)
✔ memory: query limits, malformed cursors and empty repositories have a defined result (8.207917ms)
✔ sqlite: recent metadata is bounded at the requested revision and omits payloads without changing state (205.87725ms)
✔ sqlite: pages progress once per matching work across Unicode IDs and isolate the complete binding scope (204.91025ms)
✔ sqlite: query limits, malformed cursors and empty repositories have a defined result (63.767791ms)
✔ file-journal: recent metadata is bounded at the requested revision and omits payloads without changing state (742.459291ms)
✔ file-journal: pages progress once per matching work across Unicode IDs and isolate the complete binding scope (1372.122459ms)
✔ file-journal: query limits, malformed cursors and empty repositories have a defined result (136.343833ms)
✔ journal: each page inspects only its directory budget and a foreign-only page still advances (809.858375ms)
✔ journal: cold, warm and external append distinguish body hashing from parsed and replayed records (454.538959ms)
✔ journal: a warm query rejects same-length after caching the complete history (164.041583ms)
✔ journal: a warm query rejects middle-delete after caching the complete history (170.905458ms)
✔ journal: a warm query rejects tail-delete after caching the complete history (137.765042ms)
✔ journal: a warm query rejects replacement after caching the complete history (171.013167ms)
✔ journal: a warm query rejects symlink after caching the complete history (121.928084ms)
✔ journal: a warm query rejects mode after caching the complete history (109.832792ms)
✔ journal: a warm query rejects header after caching the complete history (158.794209ms)
✔ journal: a warm read still fails when the directory durability fence fails (112.17875ms)
✔ journal: a normal pending-link cleanup during a warm read retries the entire record once (108.537958ms)
✔ journal: repeated record changes exhaust the bounded read retry and fail closed (104.460667ms)
✔ journal: cache accounting includes historical receipt snapshots and eviction releases record identities (201.146541ms)
✔ journal: a delayed older commit acknowledgement cannot lower a newer observed head with caching disabled (152.02325ms)
✔ sqlite: transactional migration backfills query indexes and an already open legacy writer keeps them current (133.753584ms)
✔ sqlite: migration failure rolls back schema and leaves the legacy records unchanged (105.9865ms)
✔ sqlite: reopening an intermediate v2 store rebuilds stale indexes and replaces old triggers transactionally (84.587375ms)
✔ sqlite: a failed index write rolls back canonical state, events, receipt and binding changes together (41.38075ms)
✔ sqlite: bounded query SQL selects metadata and IDs without loading event or work bodies (52.903417ms)
✔ one atomic commit stores state, events, outbox and idempotency receipt (57.95475ms)
✔ injected failure between state and event writes rolls back every record (90.92025ms)
✔ waiting state and wake obligation survive process termination after commit (223.94ms)
✔ two independent processes cannot commit from the same stale revision (182.125917ms)
✔ structured planner accepts one strict JSON proposal and forwards identity, options and source-boundary instructions once (2.672375ms)
✔ configuration and request snapshots cannot be rewritten by caller or transport mutation (0.766875ms)
✔ input estimation includes the exact transport request and schema without invoking the transport or claiming measured usage (0.411708ms)
✔ input estimation uses the same policy and size gates as transport requests (0.564125ms)
✔ finish reasons remain distinct and never expose provider failure content or run hidden retries (0.528458ms)
✔ invalid JSON, schema, response fields and missing proposal fail without repair calls (0.888375ms)
✔ usage omission is unknown rather than zero; only independently valid safe integer fields survive invalid envelopes (1.394292ms)
✔ provider and model identity mismatch cannot masquerade as the configured adapter (0.248167ms)
✔ missing options, denied destinations and unauthorized tool schemas never reach the transport (0.429875ms)
✔ request and response limits use UTF-8 bytes and preserve valid usage on oversized responses (0.294209ms)
✔ transport exceptions become fixed errors with unknown usage and no implicit retry (0.175083ms)
✔ pre-call cancellation has no transport effect; late cancellation preserves returned usage without accepting a proposal (0.192541ms)
✔ abort-related transport rejection is cancellation with unmeasured usage (0.116125ms)
✔ invalid configurations fail with a fixed message before transport registration (0.1115ms)
✔ structured transport rejects incomplete observation pairs and reference bodies before invocation (1.515125ms)
✔ synthetic document inputs produce independently observed app facts and separate session/call usage (5.065667ms)
✔ every lease identity dimension is checked at input and a forged grant applies no input (1.113417ms)
✔ stale observation identity and focus are rejected with zero input (1.000084ms)
✔ current target uniqueness, ref, role, name, visibility and enabled state gate the actual target (0.907792ms)
✔ an expired delayed input cannot reach a new owner and old release cannot release the new lease (0.58025ms)
✔ human handoff interrupts pending input, invalidates old views and remains owned after agent release (0.437958ms)
✔ cancellation and shared deadline are rechecked after a driver delay without injecting late input (0.428333ms)
✔ wait observes late readiness using virtual condition changes and a single remaining deadline (0.820834ms)
✔ applied-but-unknown save retains its effect and exact operation replay never saves twice (0.424917ms)
✔ concurrent identical operations join while timeout injection and hook failure apply zero input (0.361709ms)
✔ bounded partial observations never expose omitted targets for action or silently exceed bytes (0.172875ms)
✔ durable synthetic contents and input counts survive reconstruction while leases and observations do not (143.616542ms)
✔ authority is required after delay and host hook, and focus is rechecked after asynchronous authorization (0.773166ms)
✔ synthetic fill accepts the shared 8192-character limit and rejects an oversized value before input (0.462166ms)
✔ synthetic receipts: applied and explicitly not-applied records are durable before response and lookup changes no app bytes (98.519834ms)
✔ synthetic receipts: applied-unknown and negative receipts remain queryable by their original epoch after restart (94.210125ms)
✔ synthetic receipts: missing identities and changed action, target, view or focus never inherit another receipt (1.149292ms)
✔ synthetic receipts: another work cannot read an original receipt even with a valid current session grant (0.3055ms)
✔ synthetic receipts: denied or missing read authority, cancelled signals and expired grants disclose no receipt (0.686542ms)
✔ synthetic receipts: cancellation, expiry and owner replacement during read authorization are checked again (0.514792ms)
✔ synthetic receipts: a pending input lookup returns unknown without joining or executing the action (0.380459ms)
✔ synthetic receipts: legacy app contents migrate without inventing operation proofs from saved values or counts (154.18775ms)
✔ synthetic receipts: a full bounded ledger rejects new input, keeps old proofs and remains full after reopen (110.764875ms)
✔ synthetic receipts: a reopened full ledger cannot relabel an old applied command as not-applied (67.815ms)
✔ synthetic receipts: hundreds of distinct refused operations keep diagnostics bounded and preserve the original proof (51.83375ms)
✔ synthetic receipts: pending operation memory caps authorization waits and retains the first response without duplicate input (128.276458ms)
✔ synthetic receipts: delayed concurrent operations cannot overfill a one-record ledger (45.342167ms)
✔ synthetic receipts: malformed, duplicate and oversized persisted receipt sets fail before replacing the file (86.308334ms)
✔ synthetic receipts: an older instance cannot overwrite the newer epoch or its existing receipt file (51.903958ms)
✔ synthetic receipts: mutable lookup inputs and returned receipts cannot change the pinned identity or cached proof (0.365459ms)
✔ synthetic computer storage: reopening prevents the stale owner from publishing its old app as a fresh observation (166.184958ms)
✔ synthetic computer storage: stale delayed search interrupts waiters without throwing or overwriting the reopened file (116.662584ms)
✔ synthetic computer storage: lost directory-sync acknowledgement preserves an applied receipt while blocking new inputs (59.628583ms)
✔ sqlite: broker rechecks source knowledge after a real reuse lookup misses (132.409333ms)
✔ sqlite: legacy attempt rejects a destination replacement during beforeInvoke (91.016875ms)
✔ sqlite: legacy attempt rejects a labels replacement during beforeInvoke (105.111459ms)
✔ sqlite: legacy attempt rejects a effect replacement during beforeInvoke (86.34525ms)
✔ sqlite: legacy attempt rejects a destination replacement during reuse (86.8175ms)
✔ sqlite: legacy attempt rejects a labels replacement during reuse (121.339583ms)
✔ sqlite: legacy attempt rejects a effect replacement during reuse (90.168917ms)
✔ sqlite: an unchanged legacy attempt invokes once after asynchronous guards and a reuse miss (91.791417ms)
✔ file-journal: broker rechecks source knowledge after a real reuse lookup misses (689.982292ms)
✔ file-journal: legacy attempt rejects a destination replacement during beforeInvoke (518.85775ms)
✔ file-journal: legacy attempt rejects a labels replacement during beforeInvoke (602.201375ms)
✔ file-journal: legacy attempt rejects a effect replacement during beforeInvoke (568.826291ms)
✔ file-journal: legacy attempt rejects a destination replacement during reuse (310.0605ms)
✔ file-journal: legacy attempt rejects a labels replacement during reuse (287.964459ms)
✔ file-journal: legacy attempt rejects a effect replacement during reuse (294.8855ms)
✔ file-journal: an unchanged legacy attempt invokes once after asynchronous guards and a reuse miss (288.69075ms)
✔ provider pages become visible in one publication and keep unrelated providers (17.501083ms)
✔ only a complete empty provider listing retires that provider (5.997542ms)
✔ provider partial transport failure preserves the previously published snapshot (4.366833ms)
✔ provider mixed provider revisions preserves the previously published snapshot (3.833084ms)
✔ provider cross-page duplicate preserves the previously published snapshot (3.549833ms)
✔ provider pagination cycle preserves the previously published snapshot (7.144375ms)
✔ provider wrong provider namespace preserves the previously published snapshot (4.52475ms)
✔ provider invalid namespace definition preserves the previously published snapshot (4.376375ms)
✔ provider invalid JSON schema preserves the previously published snapshot (4.016ms)
✔ provider missing completeness cursor preserves the previously published snapshot (3.535209ms)
✔ provider undeclared partial flag preserves the previously published snapshot (3.3635ms)
✔ provider page bound preserves the previously published snapshot (2.667584ms)
✔ provider tool bound preserves the previously published snapshot (2.964458ms)
✔ provider definition byte bound preserves the previously published snapshot (2.778375ms)
✔ provider pre-cancellation makes no listing call (3.051541ms)
✔ provider abort ends an ignored-signal wait and late listing cannot publish (2.163792ms)
✔ provider abort during schema compilation still prevents publication (2.788875ms)
✔ concurrent same-provider refresh refuses an older listing after a newer publication (2.708ms)
✔ concurrent unrelated provider refreshes both publish without reverting each other (2.312833ms)
✔ provider staging snapshots metadata and callbacks before awaiting another page (2.765625ms)
✔ catalog cursor pages reach every permitted result after 20 without duplicate or missing cards (15.019833ms)
✔ catalog cursor replay returns the same cards while allowing a smaller per-page item limit (8.617541ms)
✔ catalog cursor is bound to current query (8.894542ms)
✔ catalog cursor is bound to current tenant (7.442583ms)
✔ catalog cursor is bound to current principal (7.577625ms)
✔ catalog cursor is bound to current tools (5.94675ms)
✔ catalog cursor is bound to current labels (6.431375ms)
✔ catalog cursor is bound to current destinations (6.311125ms)
✔ catalog cursor is bound to current writes (5.701375ms)
✔ catalog cursor rejects unpublished, stale, and restarted lookup state (11.188166ms)
✔ catalog cursor expires by injected clock and bounded index eviction requires a fresh search (7.77ms)
✔ catalog applies permissions before rank, total page size, and hasMore (6.091ms)
✔ catalog page budgets count Unicode and the entire response envelope (3.913541ms)
✔ catalog rejects invalid bounds and keeps punctuation-only search bounded and empty (4.3795ms)
✔ catalog reuses immutable definition digests across cursor pages and refreshes after registry replacement (9.372583ms)
✔ sqlite/documents-simple: durable reuse keeps evidence identity and charges source costs once after reopen (458.823667ms)
✔ sqlite/observations-simple: durable reuse keeps evidence identity and charges source costs once after reopen (400.773458ms)
✔ file-journal/documents-simple: durable reuse keeps evidence identity and charges source costs once after reopen (2972.22275ms)
✔ file-journal/observations-simple: durable reuse keeps evidence identity and charges source costs once after reopen (3300.600833ms)
✔ sqlite: default deny and fresh request perform actual reads, unreported adapter costs stay unknown (368.766708ms)
✔ sqlite: TTL boundary makes a new read and adoption after expiry rejects an already-stored hit (413.724458ms)
✔ sqlite: a changed principal cannot reuse a result obtained under the old policy (209.212666ms)
✔ sqlite: contract changes before dispatch fail without invoking; unrelated registry changes keep a selected contract usable (287.618917ms)
✔ sqlite: a reuse clone cannot survive source custody removal in history, copies, or context (269.544ms)
✔ sqlite: original artifact is rechecked at the adoption commit boundary (252.6305ms)
✔ sqlite: a dispatched call without a received measurement remains unknown after reopen (101.711958ms)
✔ sqlite: unsent cancellation and legacy reservation expiry do not create unknown execution costs (73.409042ms)
✔ sqlite: emitted observation source contracts are checked even when that tool schema is not selected (264.883208ms)
✔ sqlite: registry removal while a context frame is staged prevents returning the prepared input (154.852375ms)
✔ file-journal: default deny and fresh request perform actual reads, unreported adapter costs stay unknown (2009.203417ms)
✔ file-journal: TTL boundary makes a new read and adoption after expiry rejects an already-stored hit (2279.639041ms)
✔ file-journal: a changed principal cannot reuse a result obtained under the old policy (1011.887334ms)
✔ file-journal: contract changes before dispatch fail without invoking; unrelated registry changes keep a selected contract usable (835.667625ms)
✔ file-journal: a reuse clone cannot survive source custody removal in history, copies, or context (1901.190125ms)
✔ file-journal: original artifact is rechecked at the adoption commit boundary (1429.883583ms)
✔ file-journal: a dispatched call without a received measurement remains unknown after reopen (252.919834ms)
✔ file-journal: unsent cancellation and legacy reservation expiry do not create unknown execution costs (484.342709ms)
✔ file-journal: emitted observation source contracts are checked even when that tool schema is not selected (2608.523ms)
✔ file-journal: registry removal while a context frame is staged prevents returning the prepared input (1021.234583ms)
✔ adapter-supplied reuse metadata cannot claim an invocation was avoided (151.881166ms)
✔ a write tool cannot declare reuse and changing freshness changes the immutable task digest (0.670792ms)
✔ tool reuse: trusted immutable defaults reuse across task IDs while preserving exact original evidence, timing and nullable usage (46.493833ms)
✔ tool reuse: untrusted-default always misses (11.767ms)
✔ tool reuse: untrusted-request always misses (9.222625ms)
✔ tool reuse: fresh always misses (8.726125ms)
✔ tool reuse: TTL begins at original start, expires at the exact boundary, and is rechecked before adoption (11.573916ms)
✔ tool reuse: retracted source evidence is never reused (13.661958ms)
✔ tool reuse: deleted source evidence is never reused (10.499709ms)
✔ tool reuse: restricted source evidence is never reused (10.237ms)
✔ tool reuse: corrected source evidence is never reused (10.126125ms)
✔ tool reuse: superseded source evidence is never reused (10.37175ms)
✔ tool reuse: missing source evidence is never reused (10.24525ms)
✔ tool reuse: contract-stamp original attempt cannot establish a cache hit (7.808542ms)
✔ tool reuse: execution-proof original attempt cannot establish a cache hit (8.5595ms)
✔ tool reuse: reused original attempt cannot establish a cache hit (8.186042ms)
✔ tool reuse: not-invoked original attempt cannot establish a cache hit (7.814917ms)
✔ tool reuse: partial original attempt cannot establish a cache hit (7.292584ms)
✔ tool reuse: unknown original attempt cannot establish a cache hit (7.600041ms)
✔ tool reuse: unadopted original attempt cannot establish a cache hit (8.291625ms)
✔ tool reuse: future original attempt cannot establish a cache hit (7.080209ms)
✔ tool reuse: full goal context changes invalidate the old key (8.214792ms)
✔ tool reuse: full goal-revision context changes invalidate the old key (6.943541ms)
✔ tool reuse: full scope context changes invalidate the old key (7.766166ms)
✔ tool reuse: full owner context changes invalidate the old key (7.249375ms)
✔ tool reuse: full labels context changes invalidate the old key (6.97225ms)
✔ tool reuse: full permission context changes invalidate the old key (8.353917ms)
✔ tool reuse: changed immutable sourceVersion or schema under the same tool version invalidates pinned contracts (11.200167ms)
✔ tool reuse: a different canonical input under the same trusted definition is a cache miss (7.085292ms)
✔ tool reuse: parent retraction invalidates an unchanged derived evidence payload (11.966583ms)
✔ tool reuse: missing or damaged original bytes and oversized results are conservative misses (17.393ms)
✔ tool reuse: a partial canonical result is not an original complete observation (9.613042ms)
✔ tool reuse: a cursor canonical result is not an original complete observation (9.254291ms)
✔ tool reuse: a reused canonical result is not an original complete observation (9.9035ms)
✔ tool reuse: a identity canonical result is not an original complete observation (8.926042ms)
✔ tool reuse: forged payloads, evidence timing, consumer identity, source stamps and accounting reports fail validation (15.806666ms)
✔ tool reuse: current source knowledge must validate and travels with the reused result (9.952625ms)
✔ tool reuse: source authority changes while canonical receipt lookup waits prevent a stale hit (7.315208ms)
✔ tool reuse: find-remove during the final state read invalidates the registry pin (9.773208ms)
✔ tool reuse: validate-source-version during the final state read invalidates the registry pin (9.392458ms)
✔ tool reuse: validate-labels during the final state read invalidates the registry pin (9.429667ms)
✔ tool result validation: proof requirement is part of the contract and missing callbacks reject registration atomically (13.044584ms)
✔ tool result validation: assigning new fields or callback on the original adapter cannot alter a registered proof (6.9465ms)
✔ tool result validation: provider callback receives detached state and result values (4.071ms)
✔ tool result validation: same-version replacement while awaiting a proof invalidates the pending answer (3.098125ms)
✔ tool result validation: removal or unrelated provider refresh has the correct registration scope (4.802459ms)
✔ tool result validation: legacy tools retain optional validation and rejected or malformed proofs fail closed (12.134917ms)
✔ Web HTTP → stored workflow → restart is readonly (sqlite) (955.721958ms)
✔ Web HTTP → stored workflow → restart is readonly (file-journal) (5327.185917ms)
✔ web session is one-time, per-instance, HttpOnly; reload and static reads never execute (36.7425ms)
✔ web Host, Origin, Fetch Metadata, CSRF and strict JSON reject before controller entry (16.826625ms)
✔ web exact assets, methods and cursor options do not expose files or internal errors (15.442583ms)
✔ web session expiry during body blocks mutation entry, logout blocks late view payload (31.081958ms)
✔ web bootstrap expires and authenticated request rate has a finite window (333.805ms)
✔ web SSE emits projection changes at same revision, reconnect is readonly, denial closes (3035.238166ms)
✔ web SSE session revocation, stream cap and lifetime release resources (37.554875ms)
✔ closed SSE keeps physical read slots until completion; reconnect cannot create unbounded reads (374.726541ms)
✔ web pending run permits independent cancel and disconnect does not call cancel (15.001125ms)
✔ browser view: same-revision source invalidation replaces a result without sorting opaque cursors (0.65575ms)
✔ browser view: unavailable invalidates pending details and unchanged cannot resurrect revoked content (0.092917ms)
✔ browser view: an accepted conversation refresh invalidates an older in-flight detail response (0.069833ms)
✔ browser view: work identity, level, revision and goal version cannot be mixed or reversed (0.076875ms)
✔ browser view: repeated message identities update in place while new goal versions have distinct identities (0.104542ms)
✔ browser view: snapshots clone data and invalidate other levels without mutating the previous view (0.0775ms)
✔ browser view: state and cursors remain isolated across two selected works (0.057083ms)
✔ browser view: history readers are not treated as pinned to the end of a scroll region (0.0375ms)
✔ browser reads: serialization starts the next request only after the prior read completes (0.129ms)
✔ browser reads: unavailability discards already-queued old reads and a new selection has its own queue epoch (0.113209ms)
✔ browser reads: a failed read does not permanently block later explicit reads (0.285125ms)
✔ browser stream: unchanged events make no reads and a burst of changes has at most one follow-up read (0.21325ms)
✔ browser stream: an invalidated stream cannot start its queued follow-up refresh (0.476958ms)
✔ browser stream: delayed change notifications only read the current same-revision source state (0.131084ms)
✔ browser acceptance: a lost response keeps the same receipt identity for an explicit retry (0.082625ms)
✔ browser acceptance: the same receipt after a lost response produces one work in a receipt-based fake receiver (0.042042ms)
✔ browser status: stored completion is distinct from a currently invalidated result (0.027917ms)
✔ browser goal editing: changing only the description preserves the current fast mode over the original goal mode (0.098666ms)
✔ browser goal editing: a pending requested mode is preserved and its control revision is pinned (0.034625ms)
✔ browser goal editing: a control, goal or work change rejects submission without changing the input draft (0.109041ms)
✔ browser goal editing: an explicit refreshed basis retains user edits and adopts the latest requested mode (0.050166ms)
✔ progress runtime sqlite: renamed tasks share failure history and backoff survives workflow runs and reopening (365.112375ms)
✔ progress runtime sqlite: replanning cannot extend the first semantic request retry deadline (315.964625ms)
✔ progress runtime sqlite: successful empty results still stall and mode, compact, resume and reopening cannot erase that state (437.692458ms)
✔ progress runtime sqlite: a stored tool result settles atomically before allocation gates and verified completion still wins (207.982708ms)
✔ progress runtime sqlite: a stored model reply settles after reopening even when new allocations are blocked (200.796333ms)
✔ progress runtime sqlite: repeated invalid model proposals preserve one failure key and persist model backoff (529.475417ms)
✔ progress runtime sqlite: a new goal starts a new streak while preserving usage, processed history and failure deadlines (116.814167ms)
✔ progress runtime sqlite: an unknown synthetic write remains an obligation ahead of a no-progress allocation stop (209.58525ms)
✔ progress runtime file-journal: renamed tasks share failure history and backoff survives workflow runs and reopening (3600.985042ms)
✔ progress runtime file-journal: replanning cannot extend the first semantic request retry deadline (1599.069417ms)
✔ progress runtime file-journal: successful empty results still stall and mode, compact, resume and reopening cannot erase that state (2592.923916ms)
✔ progress runtime file-journal: a stored tool result settles atomically before allocation gates and verified completion still wins (1152.052333ms)
✔ progress runtime file-journal: a stored model reply settles after reopening even when new allocations are blocked (1049.754125ms)
✔ progress runtime file-journal: repeated invalid model proposals preserve one failure key and persist model backoff (3596.041ms)
✔ progress runtime file-journal: a new goal starts a new streak while preserving usage, processed history and failure deadlines (992.857875ms)
✔ progress runtime file-journal: an unknown synthetic write remains an obligation ahead of a no-progress allocation stop (1448.162834ms)
✔ progress: a unique committed operation contributes once and returned state has no mutable aliases (0.779083ms)
✔ progress: permutations, repeated known keys and new operation IDs cannot fabricate productive steps (1.372875ms)
✔ progress: explicit goal epochs reset only the current streak and preserve deduplication and the original retry window (0.29525ms)
✔ progress: processed capacity saturates without evicting prior records or resetting on a new goal (0.147375ms)
✔ progress: knownKeys capacity saturates without evicting prior records or resetting on a new goal (0.089625ms)
✔ progress: repeated failures retain their first deadline and use the current backoff without extending the retry window (0.424792ms)
✔ progress: retry gate respects the work deadline and specific repeated-failure limits (0.161208ms)
✔ progress: policies remain pinned and invalid counters, times, keys or schema fields fail closed (0.517209ms)
✔ capture: a new negative observation is productive while aliases, timestamps and duplicate originals are not (2.787083ms)
✔ capture: changed facts, coverage and an authenticated original version can each carry new information (0.404625ms)
✔ capture: derived copies do not add progress or independent completion credit (0.247833ms)
✔ capture: tenant evidence cannot earn progress (0.13325ms)
✔ capture: scope evidence cannot earn progress (0.111292ms)
✔ capture: labels evidence cannot earn progress (0.097084ms)
✔ capture: retracted evidence cannot earn progress (0.095625ms)
✔ capture: deleted evidence cannot earn progress (0.093875ms)
✔ capture: blocked-artifact evidence cannot earn progress (0.166625ms)
✔ capture: a hypothesis assessment is credited once per semantic evidence basis, not per hypothesis text or evidence ID (0.335917ms)
✔ capture: no evidence or a stale hypothesis assessment earns a fresh reasoning credit (0.140542ms)
✔ capture: only satisfied obligations contribute and identity or explanation rewrites cannot repeat the credit (0.131542ms)
✔ capture: plan, task, revision, mode, usage and replay changes cannot reset a stalled work (0.135417ms)
✔ capture: trusted explicit item progress and returned state copies follow the same deduplication contract (0.09075ms)
✔ progress sqlite: reopen and duplicate commit preserve settlement counts and the first retry deadline (71.914542ms)
✔ progress file-journal: reopen and duplicate commit preserve settlement counts and the first retry deadline (177.408083ms)
✔ sqlite: page options cannot replace the trusted actor or conversation route (223.882292ms)
✔ sqlite: diagnostics uses metadata through the current revision and never requests full event payloads (247.461583ms)
✔ sqlite: a denied-only list page stops after one candidate page and continues after a detached anchor (1393.641833ms)
✔ sqlite: list cursor handles expire, stay instance scoped, and are evicted without resolving all IDs (185.161208ms)
✔ file-journal: page options cannot replace the trusted actor or conversation route (635.521792ms)
✔ file-journal: diagnostics uses metadata through the current revision and never requests full event payloads (604.356416ms)
✔ file-journal: a denied-only list page stops after one candidate page and continues after a detached anchor (15429.338875ms)
✔ file-journal: list cursor handles expire, stay instance scoped, and are evicted without resolving all IDs (127.666792ms)
✔ sqlite: public CLI cursor survives process reconnect without executing or changing the work (2021.819084ms)
✔ sqlite: public CLI binds reconnect to the registered conversation and keeps the primary reply route (2170.459333ms)
✔ sqlite: delivered results disappear from the current CLI view after a goal change and explicit cancel (1868.65025ms)
✔ file-journal: public CLI cursor survives process reconnect without executing or changing the work (2547.503666ms)
✔ file-journal: public CLI binds reconnect to the registered conversation and keeps the primary reply route (3240.082209ms)
✔ file-journal: delivered results disappear from the current CLI view after a goal change and explicit cancel (5019.63225ms)
✔ public CLI rejects ambiguous view flags without printing a success response (540.221709ms)
✔ human work view labels prepared outputs and never turns unknown delivery into delivered or read (0.454833ms)
✔ human work view keeps stored completion separate from a currently invalid result (0.059917ms)
✔ human work view strips terminal controls and gives a bounded status reason without replaying diagnostics (0.079959ms)
✔ human work view makes observing another reply route explicit and keeps unchanged output quiet (0.346875ms)
✔ sqlite: empty accepted work reads and reopens without executing, writing, or sending (105.417083ms)
✔ sqlite: ownership, exact route, current read restriction, and diagnostics are distinct checks (85.925208ms)
✔ sqlite: legacy read labels also protect retained text (49.82075ms)
✔ sqlite: cursors bind level, route, actor rights, and work without moving the primary reply (82.184875ms)
✔ sqlite: verified prepared results remain distinct from pending and unknown delivery (168.662209ms)
✔ sqlite: missing source and corrupt response withhold a same-revision result before cursor matching (66.89975ms)
✔ sqlite: originals, goals, cancellation, and hypothesis review invalidate historical replies (136.418166ms)
✔ sqlite: only the current pending question is displayed and resolved questions disappear (78.608209ms)
✔ sqlite: losing a separate hypothesis basis withholds the result consistently at every view level (106.856375ms)
✔ sqlite: a derived evidence card requires every original ancestor to remain available (94.14025ms)
✔ sqlite: knowledge changes reject current and repeated reads without refreshing state (96.896791ms)
✔ sqlite: revocation during artifact reads or final state checks prevents unchanged and snapshots (102.65025ms)
✔ sqlite: a disappearing original during projection is revalidated before returning a cached cursor (80.74325ms)
✔ sqlite: detail and diagnostic cards are bounded and omit raw inputs, outputs, event payloads, and controls (113.228125ms)
✔ file-journal: empty accepted work reads and reopens without executing, writing, or sending (376.243417ms)
✔ file-journal: ownership, exact route, current read restriction, and diagnostics are distinct checks (430.6275ms)
✔ file-journal: legacy read labels also protect retained text (171.925542ms)
✔ file-journal: cursors bind level, route, actor rights, and work without moving the primary reply (521.712834ms)
✔ file-journal: verified prepared results remain distinct from pending and unknown delivery (1433.442083ms)
✔ file-journal: missing source and corrupt response withhold a same-revision result before cursor matching (305.622417ms)
✔ file-journal: originals, goals, cancellation, and hypothesis review invalidate historical replies (450.024709ms)
✔ file-journal: only the current pending question is displayed and resolved questions disappear (319.906292ms)
✔ file-journal: losing a separate hypothesis basis withholds the result consistently at every view level (661.236084ms)
✔ file-journal: a derived evidence card requires every original ancestor to remain available (426.860625ms)
✔ file-journal: knowledge changes reject current and repeated reads without refreshing state (253.700875ms)
✔ file-journal: revocation during artifact reads or final state checks prevents unchanged and snapshots (404.088417ms)
✔ file-journal: a disappearing original during projection is revalidated before returning a cached cursor (273.86175ms)
✔ file-journal: detail and diagnostic cards are bounded and omit raw inputs, outputs, event payloads, and controls (264.97225ms)
✔ sqlite/documents-simple: SIGKILL at before-execution resumes from reopened stores with 1 source call(s) and one result send (891.024958ms)
✔ sqlite/documents-simple: SIGKILL at response-before-store resumes from reopened stores with 2 source call(s) and one result send (968.304541ms)
✔ sqlite/documents-simple: SIGKILL at response-stored resumes from reopened stores with 1 source call(s) and one result send (844.9195ms)
✔ sqlite/documents-simple: SIGKILL at receiver-committed resumes from reopened stores with 1 source call(s) and one result send (850.070375ms)
✔ sqlite/observations-simple: SIGKILL at before-execution resumes from reopened stores with 1 source call(s) and one result send (915.489042ms)
✔ sqlite/observations-simple: SIGKILL at response-before-store resumes from reopened stores with 2 source call(s) and one result send (1153.345ms)
✔ sqlite/observations-simple: SIGKILL at response-stored resumes from reopened stores with 1 source call(s) and one result send (967.86975ms)
✔ sqlite/observations-simple: SIGKILL at receiver-committed resumes from reopened stores with 1 source call(s) and one result send (1052.782042ms)
✔ sqlite: SIGKILL after a synthetic write effect but before response storage preserves unknown and never repeats the write or claims completion (800.814583ms)
✔ file-journal/documents-simple: SIGKILL at before-execution resumes from reopened stores with 1 source call(s) and one result send (2386.469375ms)
✔ file-journal/documents-simple: SIGKILL at response-before-store resumes from reopened stores with 2 source call(s) and one result send (1462.387792ms)
✔ file-journal/documents-simple: SIGKILL at response-stored resumes from reopened stores with 1 source call(s) and one result send (1229.482625ms)
✔ file-journal/documents-simple: SIGKILL at receiver-committed resumes from reopened stores with 1 source call(s) and one result send (854.750875ms)
✔ file-journal/observations-simple: SIGKILL at before-execution resumes from reopened stores with 1 source call(s) and one result send (1288.029167ms)
✔ file-journal/observations-simple: SIGKILL at response-before-store resumes from reopened stores with 2 source call(s) and one result send (1133.351041ms)
✔ file-journal/observations-simple: SIGKILL at response-stored resumes from reopened stores with 1 source call(s) and one result send (926.932417ms)
✔ file-journal/observations-simple: SIGKILL at receiver-committed resumes from reopened stores with 1 source call(s) and one result send (793.792375ms)
✔ file-journal: SIGKILL after a synthetic write effect but before response storage preserves unknown and never repeats the write or claims completion (732.417375ms)
✔ documents-simple: restarted workflow adopts a stored model response and reaches delivered completion without another planner call (60.615417ms)
✔ observations-simple: restarted workflow adopts a stored model response and reaches delivered completion without another planner call (20.666625ms)
✔ an unknown result delivery causes bounded waiting and only one receipt lookup on the next explicit run (17.549583ms)
✔ a workflow without a planner returns a planning requirement and does not create an inferred plan (6.750625ms)
✔ workflow entry requires the full persisted execution policy rather than a narrower read-only view (5.035459ms)
✔ user cancellation between workflow steps preserves terminal state and cancels an unsent model reservation (7.631459ms)
✔ scoped actors cannot enter execution even when their current limits equal the work policy (6.212541ms)
✔ final checkpoint cannot report old completion when a goal change arrives during checkpoint storage (16.639375ms)
✔ workspace: missing or denying memory validators block file operations before workspace I/O (172.180208ms)
✔ workspace: stage rechecks memory custody after its asynchronous I/O (225.343709ms)
✔ workspace: read rechecks memory custody after its asynchronous I/O (187.9435ms)
✔ workspace: checkpoint rechecks memory custody after its asynchronous I/O (210.129291ms)
✔ workspace: restore rechecks memory custody after its asynchronous I/O (203.115458ms)
✔ workspace: cleanup rechecks memory custody after its asynchronous I/O (197.860833ms)
✔ workspace: sqlite checkpoint and byte-for-byte restore survive new state, artifact and workspace instances (428.7065ms)
✔ workspace: file-journal checkpoint and byte-for-byte restore survive new state, artifact and workspace instances (831.019542ms)
✔ workspace: identical paths are isolated by both work and attempt and ownership is checked before file access (172.011125ms)
✔ workspace: traversal, absolute, ambiguous and platform-specific paths cannot be staged (38.508375ms)
✔ workspace: repeated identical staging is idempotent and different content cannot overwrite it (145.303959ms)
✔ workspace: caller mutations after starting stage cannot change the bytes being staged (115.482625ms)
✔ workspace: two processes cannot overwrite the same staged path with different bytes (201.384542ms)
✔ workspace: artifact saved during a state change remains uncommitted and cannot replace the authoritative revision (149.895209ms)
✔ workspace: narrower actor grants never replace the stored work policy during checkpoint commit (125.128667ms)
✔ workspace: policy change during file read prevents returning previously read bytes (110.318458ms)
✔ workspace: generation change during file read prevents returning previously read bytes (62.123042ms)
✔ workspace: policy change during staging prevents a successful stale response and preserves the local file (92.461083ms)
✔ workspace: generation change during staging prevents a successful stale response and preserves the local file (79.385959ms)
✔ workspace: generation changes block even source-free checkpoints and preserve their staged files (167.542584ms)
✔ workspace: restricted is checked when restoring a checkpoint even without a generation change (197.920375ms)
✔ workspace: deleted is checked when restoring a checkpoint even without a generation change (247.777042ms)
✔ workspace: labels is checked when restoring a checkpoint even without a generation change (183.676167ms)
✔ workspace: artifact is checked when restoring a checkpoint even without a generation change (154.546083ms)
✔ workspace: lifecycle changes during artifact restore prevent files from being staged (206.649708ms)
✔ workspace: cleanup preserves files while active (108.862334ms)
✔ workspace: cleanup preserves files while unknown (114.22075ms)
✔ workspace: cleanup preserves files while obligation (134.7115ms)
✔ workspace: cleanup preserves files while uncheckpointed (76.970584ms)
✔ workspace: a file staged after cleanup inspection causes manifest conflict and remains preserved (144.013166ms)
✔ workspace: missing checkpoint content prevents cleanup of the surviving staged file (100.896959ms)
✔ workspace: a remaining lock is never stolen by staging or cleanup (112.207333ms)
✔ workspace: symlink files and replaced roots are rejected instead of reading or overwriting them (63.914583ms)
✔ workspace: content corruption and configured byte or file capacity limits fail without silent truncation (121.889625ms)
ℹ tests 2306
ℹ suites 0
ℹ pass 2306
ℹ fail 0
ℹ cancelled 0
ℹ skipped 0
ℹ todo 0
ℹ duration_ms 351758.285167

> long-horizon-runtime@0.1.0 typecheck:core
> tsc -p tsconfig.core.json


> long-horizon-runtime@0.1.0 check:architecture
> node scripts/check-architecture.mjs

{"inspected":116,"failures":[]}

> long-horizon-runtime@0.1.0 fixtures
> node dist/presentation/fixtures.js

{
  "createdAt": "2026-09-06T08:53:21.676Z",
  "node": "v24.20.0",
  "evaluation": "deterministic_contract_baseline",
  "passed": true,
  "scenarios": 4,
  "checkpoints": 22,
  "elapsedMs": 10.451749999999997,
  "actualModelCalls": 0,
  "actualToolCalls": 0,
  "actualTokenUsage": null,
  "results": [
    {
      "id": "documents-complex",
      "checks": 9,
      "passed": true
    },
    {
      "id": "documents-simple",
      "checks": 3,
      "passed": true
    },
    {
      "id": "observations-complex",
      "checks": 7,
      "passed": true
    },
    {
      "id": "observations-simple",
      "checks": 3,
      "passed": true
    }
  ]
}
